report_id,fund_id,fund_code,announcement_title,announcement_date,report_period_end,source,source_record_id,available_time,availability_policy,evidence_kind,quality_status
FUND_REPORT_c88cac6ed38abf8c3426,PUBLIC_FUND_000001,000001,华夏成长：2012年第三季度报告,2012-10-26,,Eastmoney fund report index via AkShare fund_announcement_report_em,AN201210260005552019,2012-10-26T23:59:59+08:00,available_after_announcement_date_end,official_announcement_index,third_party_index_date_unverified_pdf
FUND_REPORT_1914583e99588da143ce,PUBLIC_FUND_000001,000001,华夏成长：2012年第四季度报告,2013-01-21,,Eastmoney fund report index via AkShare fund_announcement_report_em,AN201301210005703693,2013-01-21T23:59:59+08:00,available_after_announcement_date_end,official_announcement_index,third_party_index_date_unverified_pdf
FUND_REPORT_7eac09c44d09300bf63c,PUBLIC_FUND_000001,000001,华夏成长：2012年年度报告摘要,2013-03-28,2012-12-31,Eastmoney fund report index via AkShare fund_announcement_report_em,AN201303280005813886,2013-03-28T23:59:59+08:00,available_after_announcement_date_end,official_announcement_index,third_party_index_date_unverified_pdf
FUND_REPORT_9557069b5ce26c0531d5,PUBLIC_FUND_000001,000001,华夏成长：2012年年度报告,2013-03-28,2012-12-31,Eastmoney fund report index via AkShare fund_announcement_report_em,AN201303280005813864,2013-03-28T23:59:59+08:00,available_after_announcement_date_end,official_announcement_index,third_party_index_date_unverified_pdf
FUND_REPORT_95f04d78e3283a6ef12c,PUBLIC_FUND_000001,000001,华夏成长:2013年第一季度报告,2013-04-19,,Eastmoney fund report index via AkShare fund_announcement_report_em,AN201304190003188886,2013-04-19T23:59:59+08:00,available_after_announcement_date_end,official_announcement_index,third_party_index_date_unverified_pdf
FUND_REPORT_f9f3d4bc21ec2b8fc74b,PUBLIC_FUND_000001,000001,华夏成长:2013年第二季度报告,2013-07-19,,Eastmoney fund report index via AkShare fund_announcement_report_em,AN201307190003619190,2013-07-19T23:59:59+08:00,available_after_announcement_date_end,official_announcement_index,third_party_index_date_unverified_pdf
FUND_REPORT_63eca036d7aca38dec75,PUBLIC_FUND_000001,000001,华夏成长:2013年半年度报告摘要,2013-08-26,2013-12-31,Eastmoney fund report index via AkShare fund_announcement_report_em,AN201308260004263735,2013-08-26T23:59:59+08:00,available_after_announcement_date_end,official_announcement_index,third_party_index_date_unverified_pdf
FUND_REPORT_f344ff1cf155f3ae32fa,PUBLIC_FUND_000001,000001,华夏成长:2013年半年度报告,2013-08-26,2013-12-31,Eastmoney fund report index via AkShare fund_announcement_report_em,AN201308260004263745,2013-08-26T23:59:59+08:00,available_after_announcement_date_end,official_announcement_index,third_party_index_date_unverified_pdf
FUND_REPORT_a80f2ad921c25255d237,PUBLIC_FUND_000001,000001,华夏成长证券投资基金2013年第3季度报告,2013-10-24,2013-09-30,Eastmoney fund report index via AkShare fund_announcement_report_em,AN201310230004542268,2013-10-24T23:59:59+08:00,available_after_announcement_date_end,official_announcement_index,third_party_index_date_unverified_pdf
FUND_REPORT_910adeddc0fb57779c1c,PUBLIC_FUND_000001,000001,华夏成长证券投资基金2013年第4季度报告,2014-01-20,2013-12-31,Eastmoney fund report index via AkShare fund_announcement_report_em,AN201401200005007642,2014-01-20T23:59:59+08:00,available_after_announcement_date_end,official_announcement_index,third_party_index_date_unverified_pdf
FUND_REPORT_de9790a6e0beb7d544e7,PUBLIC_FUND_000001,000001,华夏成长证券投资基金2013年年度报告,2014-03-26,2013-12-31,Eastmoney fund report index via AkShare fund_announcement_report_em,AN201403260005316834,2014-03-26T23:59:59+08:00,available_after_announcement_date_end,official_announcement_index,third_party_index_date_unverified_pdf
FUND_REPORT_94598ed98aa4294ca095,PUBLIC_FUND_000001,000001,华夏成长证券投资基金2013年年度报告摘要,2014-03-26,2013-12-31,Eastmoney fund report index via AkShare fund_announcement_report_em,AN201403250005314721,2014-03-26T23:59:59+08:00,available_after_announcement_date_end,official_announcement_index,third_party_index_date_unverified_pdf
FUND_REPORT_cdde7cb8e60772a23f98,PUBLIC_FUND_000001,000001,华夏成长证券投资基金2014年第1季度报告,2014-04-22,2014-03-31,Eastmoney fund report index via AkShare fund_announcement_report_em,AN201404210005470754,2014-04-22T23:59:59+08:00,available_after_announcement_date_end,official_announcement_index,third_party_index_date_unverified_pdf
FUND_REPORT_43d5a526d2cb0d1e79cd,PUBLIC_FUND_000001,000001,华夏成长证券投资基金2014年第2季度报告,2014-07-19,2014-06-30,Eastmoney fund report index via AkShare fund_announcement_report_em,AN201407180006387331,2014-07-19T23:59:59+08:00,available_after_announcement_date_end,official_announcement_index,third_party_index_date_unverified_pdf
FUND_REPORT_8b74ddd8af341ed1bc50,PUBLIC_FUND_000001,000001,华夏成长证券投资基金2014年半年度报告摘要,2014-08-25,2014-12-31,Eastmoney fund report index via AkShare fund_announcement_report_em,AN201408250006763687,2014-08-25T23:59:59+08:00,available_after_announcement_date_end,official_announcement_index,third_party_index_date_unverified_pdf
FUND_REPORT_a599d74c0faadf93e32f,PUBLIC_FUND_000001,000001,华夏成长证券投资基金2014年半年度报告,2014-08-25,2014-12-31,Eastmoney fund report index via AkShare fund_announcement_report_em,AN201408250006763490,2014-08-25T23:59:59+08:00,available_after_announcement_date_end,official_announcement_index,third_party_index_date_unverified_pdf
FUND_REPORT_c64e25d6dc5d2e81e155,PUBLIC_FUND_000001,000001,华夏成长证券投资基金2014年第3季度报告,2014-10-24,2014-09-30,Eastmoney fund report index via AkShare fund_announcement_report_em,AN201410230007403240,2014-10-24T23:59:59+08:00,available_after_announcement_date_end,official_announcement_index,third_party_index_date_unverified_pdf
FUND_REPORT_fe89d06621c3ae88efa5,PUBLIC_FUND_000001,000001,华夏成长证券投资基金2014年第4季度报告,2015-01-22,2014-12-31,Eastmoney fund report index via AkShare fund_announcement_report_em,AN201501210008184739,2015-01-22T23:59:59+08:00,available_after_announcement_date_end,official_announcement_index,third_party_index_date_unverified_pdf
FUND_REPORT_04701adbf441b85fa19c,PUBLIC_FUND_000001,000001,华夏成长证券投资基金2014年年度报告摘要,2015-03-31,2014-12-31,Eastmoney fund report index via AkShare fund_announcement_report_em,AN201503300009002748,2015-03-31T23:59:59+08:00,available_after_announcement_date_end,official_announcement_index,third_party_index_date_unverified_pdf
FUND_REPORT_01eb11285539601c8591,PUBLIC_FUND_000001,000001,华夏成长证券投资基金2014年年度报告,2015-03-31,2014-12-31,Eastmoney fund report index via AkShare fund_announcement_report_em,AN201503310009014136,2015-03-31T23:59:59+08:00,available_after_announcement_date_end,official_announcement_index,third_party_index_date_unverified_pdf
FUND_REPORT_84a16c85e7fd671c7b45,PUBLIC_FUND_000001,000001,华夏成长证券投资基金2015年第1季度报告,2015-04-21,2015-03-31,Eastmoney fund report index via AkShare fund_announcement_report_em,AN201504200009275463,2015-04-21T23:59:59+08:00,available_after_announcement_date_end,official_announcement_index,third_party_index_date_unverified_pdf
FUND_REPORT_67eac182d202503faa35,PUBLIC_FUND_000001,000001,华夏成长证券投资基金2015年第2季度报告,2015-07-18,2015-06-30,Eastmoney fund report index via AkShare fund_announcement_report_em,AN201507170010240166,2015-07-18T23:59:59+08:00,available_after_announcement_date_end,official_announcement_index,third_party_index_date_unverified_pdf
FUND_REPORT_6c168f1e938276fafdce,PUBLIC_FUND_000001,000001,华夏成长证券投资基金2015年半年度报告摘要,2015-08-29,2015-12-31,Eastmoney fund report index via AkShare fund_announcement_report_em,AN201508280010657167,2015-08-29T23:59:59+08:00,available_after_announcement_date_end,official_announcement_index,third_party_index_date_unverified_pdf
FUND_REPORT_4830512162b0d0c9fb11,PUBLIC_FUND_000001,000001,华夏成长证券投资基金2015年半年度报告,2015-08-29,2015-12-31,Eastmoney fund report index via AkShare fund_announcement_report_em,AN201508290010663337,2015-08-29T23:59:59+08:00,available_after_announcement_date_end,official_announcement_index,third_party_index_date_unverified_pdf
FUND_REPORT_a6091f039ebdae61da69,PUBLIC_FUND_000001,000001,华夏成长证券投资基金2015年第3季度报告,2015-10-27,2015-09-30,Eastmoney fund report index via AkShare fund_announcement_report_em,AN201510260011185150,2015-10-27T23:59:59+08:00,available_after_announcement_date_end,official_announcement_index,third_party_index_date_unverified_pdf
FUND_REPORT_16f846a54de0e1901a57,PUBLIC_FUND_000001,000001,华夏成长证券投资基金2015年第4季度报告,2016-01-20,2015-12-31,Eastmoney fund report index via AkShare fund_announcement_report_em,AN201601210013208812,2016-01-20T23:59:59+08:00,available_after_announcement_date_end,official_announcement_index,third_party_index_date_unverified_pdf
FUND_REPORT_7aebc34b50c54d357f74,PUBLIC_FUND_000001,000001,华夏成长证券投资基金2015年年度报告,2016-03-29,2015-12-31,Eastmoney fund report index via AkShare fund_announcement_report_em,AN201603290014113511,2016-03-29T23:59:59+08:00,available_after_announcement_date_end,official_announcement_index,third_party_index_date_unverified_pdf
FUND_REPORT_4bcb3706be699705eb79,PUBLIC_FUND_000001,000001,华夏成长证券投资基金2015年年度报告摘要,2016-03-29,2015-12-31,Eastmoney fund report index via AkShare fund_announcement_report_em,AN201603280014105194,2016-03-29T23:59:59+08:00,available_after_announcement_date_end,official_announcement_index,third_party_index_date_unverified_pdf
FUND_REPORT_50662c3a579af41f6a9d,PUBLIC_FUND_000001,000001,华夏成长证券投资基金2016年第1季度报告,2016-04-20,2016-03-31,Eastmoney fund report index via AkShare fund_announcement_report_em,AN201604190014425861,2016-04-20T23:59:59+08:00,available_after_announcement_date_end,official_announcement_index,third_party_index_date_unverified_pdf
FUND_REPORT_c0e892470c30a5772c64,PUBLIC_FUND_000001,000001,华夏成长证券投资基金2016年第2季度报告,2016-07-21,2016-06-30,Eastmoney fund report index via AkShare fund_announcement_report_em,AN201607200016666246,2016-07-21T23:59:59+08:00,available_after_announcement_date_end,official_announcement_index,third_party_index_date_unverified_pdf
FUND_REPORT_97e0449fb39a08ee59f3,PUBLIC_FUND_000001,000001,华夏成长证券投资基金2016年半年度报告摘要,2016-08-27,2016-12-31,Eastmoney fund report index via AkShare fund_announcement_report_em,AN201608260017352162,2016-08-27T23:59:59+08:00,available_after_announcement_date_end,official_announcement_index,third_party_index_date_unverified_pdf
FUND_REPORT_049021b361e848e12fa1,PUBLIC_FUND_000001,000001,华夏成长证券投资基金2016年半年度报告,2016-08-27,2016-12-31,Eastmoney fund report index via AkShare fund_announcement_report_em,AN201608270017358472,2016-08-27T23:59:59+08:00,available_after_announcement_date_end,official_announcement_index,third_party_index_date_unverified_pdf
FUND_REPORT_1d44d18ae825c376ef9a,PUBLIC_FUND_000001,000001,华夏成长证券投资基金2016年第3季度报告,2016-10-25,2016-09-30,Eastmoney fund report index via AkShare fund_announcement_report_em,AN201610250023680457,2016-10-25T23:59:59+08:00,available_after_announcement_date_end,official_announcement_index,third_party_index_date_unverified_pdf
FUND_REPORT_c6d018aef467f5210ff5,PUBLIC_FUND_000001,000001,华夏成长证券投资基金2016年第4季度报告,2017-01-19,2016-12-31,Eastmoney fund report index via AkShare fund_announcement_report_em,AN201701190278269597,2017-01-19T23:59:59+08:00,available_after_announcement_date_end,official_announcement_index,third_party_index_date_unverified_pdf
FUND_REPORT_663584baeb8d143fd977,PUBLIC_FUND_000001,000001,华夏成长证券投资基金2016年年度报告摘要,2017-03-29,2016-12-31,Eastmoney fund report index via AkShare fund_announcement_report_em,AN201703280445337770,2017-03-29T23:59:59+08:00,available_after_announcement_date_end,official_announcement_index,third_party_index_date_unverified_pdf
FUND_REPORT_2c12fe15fb81ca26bd1c,PUBLIC_FUND_000001,000001,华夏成长证券投资基金2016年年度报告,2017-03-29,2016-12-31,Eastmoney fund report index via AkShare fund_announcement_report_em,AN201703290447693024,2017-03-29T23:59:59+08:00,available_after_announcement_date_end,official_announcement_index,third_party_index_date_unverified_pdf
FUND_REPORT_c5250926a203d16fccc3,PUBLIC_FUND_000001,000001,华夏成长证券投资基金2017年第1季度报告,2017-04-24,2017-03-31,Eastmoney fund report index via AkShare fund_announcement_report_em,AN201704210521920211,2017-04-24T23:59:59+08:00,available_after_announcement_date_end,official_announcement_index,third_party_index_date_unverified_pdf
FUND_REPORT_1595d232a954fe3205f0,PUBLIC_FUND_000001,000001,华夏成长证券投资基金2017年第2季度报告,2017-07-20,2017-06-30,Eastmoney fund report index via AkShare fund_announcement_report_em,AN201707190729846078,2017-07-20T23:59:59+08:00,available_after_announcement_date_end,official_announcement_index,third_party_index_date_unverified_pdf
FUND_REPORT_97c17625c5bb3f488783,PUBLIC_FUND_000001,000001,华夏成长证券投资基金2017年半年度报告,2017-08-26,2017-12-31,Eastmoney fund report index via AkShare fund_announcement_report_em,AN201708260830025023,2017-08-26T23:59:59+08:00,available_after_announcement_date_end,official_announcement_index,third_party_index_date_unverified_pdf
FUND_REPORT_d60b8917b8f8306d7ef0,PUBLIC_FUND_000001,000001,华夏成长证券投资基金2017年半年度报告(摘要),2017-08-26,2017-12-31,Eastmoney fund report index via AkShare fund_announcement_report_em,AN201708250828084162,2017-08-26T23:59:59+08:00,available_after_announcement_date_end,official_announcement_index,third_party_index_date_unverified_pdf
FUND_REPORT_9702611d7d7b7091b843,PUBLIC_FUND_000001,000001,华夏成长证券投资基金2017年第3季度报告,2017-10-25,2017-09-30,Eastmoney fund report index via AkShare fund_announcement_report_em,AN201710240974814510,2017-10-25T23:59:59+08:00,available_after_announcement_date_end,official_announcement_index,third_party_index_date_unverified_pdf
FUND_REPORT_a65c4e00c1b1b7ea3875,PUBLIC_FUND_000001,000001,华夏成长证券投资基金2017年第4季度报告,2018-01-22,2017-12-31,Eastmoney fund report index via AkShare fund_announcement_report_em,AN201801191079704906,2018-01-22T23:59:59+08:00,available_after_announcement_date_end,official_announcement_index,third_party_index_date_unverified_pdf
FUND_REPORT_06b53cf31b7d5df0037e,PUBLIC_FUND_000001,000001,华夏成长证券投资基金2017年年度报告摘要,2018-03-28,2017-12-31,Eastmoney fund report index via AkShare fund_announcement_report_em,AN201803271111807738,2018-03-28T23:59:59+08:00,available_after_announcement_date_end,official_announcement_index,third_party_index_date_unverified_pdf
FUND_REPORT_bcf6277ae3999fb0f16d,PUBLIC_FUND_000001,000001,华夏成长证券投资基金2017年年度报告,2018-03-28,2017-12-31,Eastmoney fund report index via AkShare fund_announcement_report_em,AN201803281112569544,2018-03-28T23:59:59+08:00,available_after_announcement_date_end,official_announcement_index,third_party_index_date_unverified_pdf
FUND_REPORT_4ee785ac756957374b17,PUBLIC_FUND_000001,000001,华夏成长证券投资基金2018年第1季度报告,2018-04-21,2018-03-31,Eastmoney fund report index via AkShare fund_announcement_report_em,AN201804201127329422,2018-04-21T23:59:59+08:00,available_after_announcement_date_end,official_announcement_index,third_party_index_date_unverified_pdf
FUND_REPORT_1f8e1ea77bcab08d173b,PUBLIC_FUND_000001,000001,华夏成长证券投资基金2018年第2季度报告,2018-07-18,2018-06-30,Eastmoney fund report index via AkShare fund_announcement_report_em,AN201807171167494152,2018-07-18T23:59:59+08:00,available_after_announcement_date_end,official_announcement_index,third_party_index_date_unverified_pdf
FUND_REPORT_79cb113f0a38d8b1bba1,PUBLIC_FUND_000001,000001,华夏成长证券投资基金2018年半年度报告摘要,2018-08-25,2018-12-31,Eastmoney fund report index via AkShare fund_announcement_report_em,AN201808241182761283,2018-08-25T23:59:59+08:00,available_after_announcement_date_end,official_announcement_index,third_party_index_date_unverified_pdf
FUND_REPORT_8cfb7cec9150d5d46b74,PUBLIC_FUND_000001,000001,华夏成长证券投资基金2018年半年度报告,2018-08-25,2018-12-31,Eastmoney fund report index via AkShare fund_announcement_report_em,AN201808251182992604,2018-08-25T23:59:59+08:00,available_after_announcement_date_end,official_announcement_index,third_party_index_date_unverified_pdf
FUND_REPORT_5be9538b738e1c52e282,PUBLIC_FUND_000001,000001,华夏成长证券投资基金2018年第3季度报告,2018-10-26,2018-09-30,Eastmoney fund report index via AkShare fund_announcement_report_em,AN201810251221818801,2018-10-26T23:59:59+08:00,available_after_announcement_date_end,official_announcement_index,third_party_index_date_unverified_pdf
FUND_REPORT_452f8c8938c0a93da719,PUBLIC_FUND_000001,000001,华夏成长证券投资基金2018年第4季度报告,2019-01-21,2018-12-31,Eastmoney fund report index via AkShare fund_announcement_report_em,AN201901181287002456,2019-01-21T23:59:59+08:00,available_after_announcement_date_end,official_announcement_index,third_party_index_date_unverified_pdf
FUND_REPORT_a311ccfb962c9c884cb3,PUBLIC_FUND_000001,000001,华夏成长证券投资基金2018年年度报告,2019-03-26,2018-12-31,Eastmoney fund report index via AkShare fund_announcement_report_em,AN201903261309653379,2019-03-26T23:59:59+08:00,available_after_announcement_date_end,official_announcement_index,third_party_index_date_unverified_pdf
FUND_REPORT_65cdc830595ecb49ca45,PUBLIC_FUND_000001,000001,华夏成长证券投资基金2018年年度报告摘要,2019-03-26,2018-12-31,Eastmoney fund report index via AkShare fund_announcement_report_em,AN201903261309653417,2019-03-26T23:59:59+08:00,available_after_announcement_date_end,official_announcement_index,third_party_index_date_unverified_pdf
FUND_REPORT_a766494887695a565176,PUBLIC_FUND_000001,000001,华夏成长证券投资基金2019年第1季度报告,2019-04-20,2019-03-31,Eastmoney fund report index via AkShare fund_announcement_report_em,AN201904201321009722,2019-04-20T23:59:59+08:00,available_after_announcement_date_end,official_announcement_index,third_party_index_date_unverified_pdf
FUND_REPORT_80c8027c6dae69dbe0a4,PUBLIC_FUND_000001,000001,华夏成长证券投资基金2019年第2季度报告,2019-07-17,2019-06-30,Eastmoney fund report index via AkShare fund_announcement_report_em,AN201907171339132491,2019-07-17T23:59:59+08:00,available_after_announcement_date_end,official_announcement_index,third_party_index_date_unverified_pdf
FUND_REPORT_8a56333d35083eca4be8,PUBLIC_FUND_000001,000001,华夏成长证券投资基金2019年半年度报告,2019-08-29,2019-12-31,Eastmoney fund report index via AkShare fund_announcement_report_em,AN201908291345289710,2019-08-29T23:59:59+08:00,available_after_announcement_date_end,official_announcement_index,third_party_index_date_unverified_pdf
FUND_REPORT_d2a5497609e843fd4f11,PUBLIC_FUND_000001,000001,华夏成长证券投资基金2019年半年度报告摘要,2019-08-29,2019-12-31,Eastmoney fund report index via AkShare fund_announcement_report_em,AN201908291345289711,2019-08-29T23:59:59+08:00,available_after_announcement_date_end,official_announcement_index,third_party_index_date_unverified_pdf
FUND_REPORT_04e33c49d5c9dcf963d6,PUBLIC_FUND_000001,000001,华夏成长证券投资基金2019年第3季度报告,2019-10-22,2019-09-30,Eastmoney fund report index via AkShare fund_announcement_report_em,AN201910221369402031,2019-10-22T23:59:59+08:00,available_after_announcement_date_end,official_announcement_index,third_party_index_date_unverified_pdf
FUND_REPORT_101bbb9f4a63ae527bc5,PUBLIC_FUND_000001,000001,华夏成长证券投资基金2019年第4季度报告,2020-01-21,2019-12-31,Eastmoney fund report index via AkShare fund_announcement_report_em,AN202001211374412553,2020-01-21T23:59:59+08:00,available_after_announcement_date_end,official_announcement_index,third_party_index_date_unverified_pdf
FUND_REPORT_51dd869be7db01c7ae98,PUBLIC_FUND_000001,000001,华夏成长证券投资基金2019年年度报告,2020-04-09,2019-12-31,Eastmoney fund report index via AkShare fund_announcement_report_em,AN202004091377791355,2020-04-09T23:59:59+08:00,available_after_announcement_date_end,official_announcement_index,third_party_index_date_unverified_pdf
FUND_REPORT_8c4f033eaeadefb37cda,PUBLIC_FUND_000001,000001,华夏成长证券投资基金2019年年度报告摘要,2020-04-09,2019-12-31,Eastmoney fund report index via AkShare fund_announcement_report_em,AN202004091377791704,2020-04-09T23:59:59+08:00,available_after_announcement_date_end,official_announcement_index,third_party_index_date_unverified_pdf
FUND_REPORT_8499f36c5842e4cca240,PUBLIC_FUND_000001,000001,华夏成长证券投资基金2020年第1季度报告,2020-04-22,2020-03-31,Eastmoney fund report index via AkShare fund_announcement_report_em,AN202004221378380944,2020-04-22T23:59:59+08:00,available_after_announcement_date_end,official_announcement_index,third_party_index_date_unverified_pdf
FUND_REPORT_ab484cd229310ae2a8b0,PUBLIC_FUND_000001,000001,华夏成长证券投资基金2020年第2季度报告,2020-07-20,2020-06-30,Eastmoney fund report index via AkShare fund_announcement_report_em,AN202007201392859471,2020-07-20T23:59:59+08:00,available_after_announcement_date_end,official_announcement_index,third_party_index_date_unverified_pdf
FUND_REPORT_9138ee1d65bb885b48cc,PUBLIC_FUND_000001,000001,华夏成长证券投资基金2020年中期报告,2020-08-29,2020-06-30,Eastmoney fund report index via AkShare fund_announcement_report_em,AN202008291403958825,2020-08-29T23:59:59+08:00,available_after_announcement_date_end,official_announcement_index,third_party_index_date_unverified_pdf
FUND_REPORT_5079acff6775adc7bb58,PUBLIC_FUND_000001,000001,华夏成长证券投资基金2020年中期报告摘要,2020-08-29,2020-06-30,Eastmoney fund report index via AkShare fund_announcement_report_em,AN202008291403960018,2020-08-29T23:59:59+08:00,available_after_announcement_date_end,official_announcement_index,third_party_index_date_unverified_pdf
FUND_REPORT_ab212898f90bb4a853aa,PUBLIC_FUND_000001,000001,华夏成长证券投资基金2020年第3季度报告,2020-10-27,2020-09-30,Eastmoney fund report index via AkShare fund_announcement_report_em,AN202010271423920561,2020-10-27T23:59:59+08:00,available_after_announcement_date_end,official_announcement_index,third_party_index_date_unverified_pdf
FUND_REPORT_aac8eee5db81643b85da,PUBLIC_FUND_000001,000001,华夏成长证券投资基金2020年第4季度报告,2021-01-21,2020-12-31,Eastmoney fund report index via AkShare fund_announcement_report_em,AN202101211452770012,2021-01-21T23:59:59+08:00,available_after_announcement_date_end,official_announcement_index,third_party_index_date_unverified_pdf
FUND_REPORT_9951dfd7be388402dfc3,PUBLIC_FUND_000001,000001,华夏成长证券投资基金2020年年度报告,2021-03-30,2020-12-31,Eastmoney fund report index via AkShare fund_announcement_report_em,AN202103301478327622,2021-03-30T23:59:59+08:00,available_after_announcement_date_end,official_announcement_index,third_party_index_date_unverified_pdf
FUND_REPORT_f691190625a5488661e0,PUBLIC_FUND_000001,000001,华夏成长证券投资基金2020年年度报告摘要,2021-03-30,2020-12-31,Eastmoney fund report index via AkShare fund_announcement_report_em,AN202103301478330686,2021-03-30T23:59:59+08:00,available_after_announcement_date_end,official_announcement_index,third_party_index_date_unverified_pdf
FUND_REPORT_bcfd4eab53e64df9c7f9,PUBLIC_FUND_000001,000001,华夏成长证券投资基金2021年第1季度报告,2021-04-21,2021-03-31,Eastmoney fund report index via AkShare fund_announcement_report_em,AN202104211486804591,2021-04-21T23:59:59+08:00,available_after_announcement_date_end,official_announcement_index,third_party_index_date_unverified_pdf
FUND_REPORT_65d604e87dc5ca02a62c,PUBLIC_FUND_000001,000001,华夏成长证券投资基金2021年第2季度报告,2021-07-20,2021-06-30,Eastmoney fund report index via AkShare fund_announcement_report_em,AN202107201504975905,2021-07-20T23:59:59+08:00,available_after_announcement_date_end,official_announcement_index,third_party_index_date_unverified_pdf
FUND_REPORT_c1b5fad6015126dda003,PUBLIC_FUND_000001,000001,华夏成长证券投资基金2021年中期报告,2021-08-30,2021-06-30,Eastmoney fund report index via AkShare fund_announcement_report_em,AN202108301513318696,2021-08-30T23:59:59+08:00,available_after_announcement_date_end,official_announcement_index,third_party_index_date_unverified_pdf
FUND_REPORT_f98ca2b709db1825f13f,PUBLIC_FUND_000001,000001,华夏成长证券投资基金2021年第三季度报告,2021-10-26,,Eastmoney fund report index via AkShare fund_announcement_report_em,AN202110261525052972,2021-10-26T23:59:59+08:00,available_after_announcement_date_end,official_announcement_index,third_party_index_date_unverified_pdf
FUND_REPORT_d5bff8e6f080dab06136,PUBLIC_FUND_000001,000001,华夏成长证券投资基金2021年第四季度报告,2022-01-21,,Eastmoney fund report index via AkShare fund_announcement_report_em,AN202201211541679773,2022-01-21T23:59:59+08:00,available_after_announcement_date_end,official_announcement_index,third_party_index_date_unverified_pdf
FUND_REPORT_32fd4eef4487b04a6177,PUBLIC_FUND_000001,000001,华夏成长证券投资基金2021年年度报告,2022-03-30,2021-12-31,Eastmoney fund report index via AkShare fund_announcement_report_em,AN202203301555988912,2022-03-30T23:59:59+08:00,available_after_announcement_date_end,official_announcement_index,third_party_index_date_unverified_pdf
FUND_REPORT_af6b0403b0203e4a0aab,PUBLIC_FUND_000001,000001,华夏成长证券投资基金2022年第一季度报告,2022-04-21,,Eastmoney fund report index via AkShare fund_announcement_report_em,AN202204211560592945,2022-04-21T23:59:59+08:00,available_after_announcement_date_end,official_announcement_index,third_party_index_date_unverified_pdf
FUND_REPORT_f8a7ff3f96d279d97ae1,PUBLIC_FUND_000001,000001,华夏成长证券投资基金2022年第二季度报告,2022-07-20,,Eastmoney fund report index via AkShare fund_announcement_report_em,AN202207201576363951,2022-07-20T23:59:59+08:00,available_after_announcement_date_end,official_announcement_index,third_party_index_date_unverified_pdf
FUND_REPORT_4a548dc846412e5d41d2,PUBLIC_FUND_000001,000001,华夏成长证券投资基金2022年中期报告,2022-08-30,2022-06-30,Eastmoney fund report index via AkShare fund_announcement_report_em,AN202208301577821377,2022-08-30T23:59:59+08:00,available_after_announcement_date_end,official_announcement_index,third_party_index_date_unverified_pdf
FUND_REPORT_cdb1d7b2a61b0f3aee6c,PUBLIC_FUND_000001,000001,华夏成长证券投资基金2022年第三季度报告,2022-10-25,,Eastmoney fund report index via AkShare fund_announcement_report_em,AN202210251579430561,2022-10-25T23:59:59+08:00,available_after_announcement_date_end,official_announcement_index,third_party_index_date_unverified_pdf
FUND_REPORT_d13c109420d191e95814,PUBLIC_FUND_000001,000001,华夏成长证券投资基金2022年第四季度报告,2023-01-20,,Eastmoney fund report index via AkShare fund_announcement_report_em,AN202301201582215819,2023-01-20T23:59:59+08:00,available_after_announcement_date_end,official_announcement_index,third_party_index_date_unverified_pdf
FUND_REPORT_8b9af7868aba63ab22d4,PUBLIC_FUND_000001,000001,华夏成长证券投资基金2022年年度报告,2023-03-30,2022-12-31,Eastmoney fund report index via AkShare fund_announcement_report_em,AN202303301584683918,2023-03-30T23:59:59+08:00,available_after_announcement_date_end,official_announcement_index,third_party_index_date_unverified_pdf
FUND_REPORT_65f8196d28a16a225950,PUBLIC_FUND_000001,000001,华夏成长证券投资基金2023年第一季度报告,2023-04-21,,Eastmoney fund report index via AkShare fund_announcement_report_em,AN202304211585667826,2023-04-21T23:59:59+08:00,available_after_announcement_date_end,official_announcement_index,third_party_index_date_unverified_pdf
FUND_REPORT_0bbbe7e38a9056d38221,PUBLIC_FUND_000001,000001,华夏成长证券投资基金2023年第2季度报告,2023-07-20,2023-06-30,Eastmoney fund report index via AkShare fund_announcement_report_em,AN202307201592480407,2023-07-20T23:59:59+08:00,available_after_announcement_date_end,official_announcement_index,third_party_index_date_unverified_pdf
FUND_REPORT_1b08ef906e035b707e8b,PUBLIC_FUND_000001,000001,华夏成长证券投资基金2023年中期报告,2023-08-30,2023-06-30,Eastmoney fund report index via AkShare fund_announcement_report_em,AN202308301596809497,2023-08-30T23:59:59+08:00,available_after_announcement_date_end,official_announcement_index,third_party_index_date_unverified_pdf
FUND_REPORT_2d2c2e7a1d164dac0c86,PUBLIC_FUND_000001,000001,华夏成长证券投资基金2023年第3季度报告,2023-10-24,2023-09-30,Eastmoney fund report index via AkShare fund_announcement_report_em,AN202310241602898113,2023-10-24T23:59:59+08:00,available_after_announcement_date_end,official_announcement_index,third_party_index_date_unverified_pdf
FUND_REPORT_d13470455634a98d692d,PUBLIC_FUND_000001,000001,华夏成长证券投资基金2023年第4季度报告,2024-01-19,2023-12-31,Eastmoney fund report index via AkShare fund_announcement_report_em,AN202401191617713999,2024-01-19T23:59:59+08:00,available_after_announcement_date_end,official_announcement_index,third_party_index_date_unverified_pdf
FUND_REPORT_bf9037b1e8ba9381083e,PUBLIC_FUND_000001,000001,华夏成长证券投资基金2023年年度报告,2024-03-28,2023-12-31,Eastmoney fund report index via AkShare fund_announcement_report_em,AN202403281628423122,2024-03-28T23:59:59+08:00,available_after_announcement_date_end,official_announcement_index,third_party_index_date_unverified_pdf
FUND_REPORT_90b9675942b9c7297206,PUBLIC_FUND_000001,000001,华夏成长证券投资基金2024年第1季度报告,2024-04-19,2024-03-31,Eastmoney fund report index via AkShare fund_announcement_report_em,AN202404191630638654,2024-04-19T23:59:59+08:00,available_after_announcement_date_end,official_announcement_index,third_party_index_date_unverified_pdf
FUND_REPORT_02a86c23e29ba707b59f,PUBLIC_FUND_000001,000001,华夏成长证券投资基金2024年第2季度报告,2024-07-18,2024-06-30,Eastmoney fund report index via AkShare fund_announcement_report_em,AN202407181638033269,2024-07-18T23:59:59+08:00,available_after_announcement_date_end,official_announcement_index,third_party_index_date_unverified_pdf
FUND_REPORT_929bd8056e95727a33b8,PUBLIC_FUND_000001,000001,华夏成长证券投资基金2024年中期报告,2024-08-30,2024-06-30,Eastmoney fund report index via AkShare fund_announcement_report_em,AN202408301639595404,2024-08-30T23:59:59+08:00,available_after_announcement_date_end,official_announcement_index,third_party_index_date_unverified_pdf
FUND_REPORT_1dec06b99cea5562db76,PUBLIC_FUND_000001,000001,华夏成长证券投资基金2024年第3季度报告,2024-10-25,2024-09-30,Eastmoney fund report index via AkShare fund_announcement_report_em,AN202410251640488649,2024-10-25T23:59:59+08:00,available_after_announcement_date_end,official_announcement_index,third_party_index_date_unverified_pdf
FUND_REPORT_cae0dee57af026225216,PUBLIC_FUND_000001,000001,华夏成长证券投资基金2024年第4季度报告,2025-01-22,2024-12-31,Eastmoney fund report index via AkShare fund_announcement_report_em,AN202501221642432601,2025-01-22T23:59:59+08:00,available_after_announcement_date_end,official_announcement_index,third_party_index_date_unverified_pdf
FUND_REPORT_eb67df117f72c188d7b5,PUBLIC_FUND_000001,000001,华夏成长证券投资基金2024年年度报告,2025-03-31,2024-12-31,Eastmoney fund report index via AkShare fund_announcement_report_em,AN202503311649448425,2025-03-31T23:59:59+08:00,available_after_announcement_date_end,official_announcement_index,third_party_index_date_unverified_pdf
FUND_REPORT_56f5bea831219494d465,PUBLIC_FUND_000001,000001,华夏成长证券投资基金2025年第1季度报告,2025-04-22,2025-03-31,Eastmoney fund report index via AkShare fund_announcement_report_em,AN202504221660344553,2025-04-22T23:59:59+08:00,available_after_announcement_date_end,official_announcement_index,third_party_index_date_unverified_pdf
FUND_REPORT_5b3bacd937768e340b0b,PUBLIC_FUND_000001,000001,华夏成长证券投资基金2025年第2季度报告,2025-07-21,2025-06-30,Eastmoney fund report index via AkShare fund_announcement_report_em,AN202507211712819893,2025-07-21T23:59:59+08:00,available_after_announcement_date_end,official_announcement_index,third_party_index_date_unverified_pdf
FUND_REPORT_24a79d0a3c22a723c2ce,PUBLIC_FUND_000001,000001,华夏成长证券投资基金2025年中期报告,2025-08-30,2025-06-30,Eastmoney fund report index via AkShare fund_announcement_report_em,AN202508301736777385,2025-08-30T23:59:59+08:00,available_after_announcement_date_end,official_announcement_index,third_party_index_date_unverified_pdf
FUND_REPORT_be4db7b7c598be92a361,PUBLIC_FUND_000001,000001,华夏成长证券投资基金2025年第3季度报告,2025-10-28,2025-09-30,Eastmoney fund report index via AkShare fund_announcement_report_em,AN202510281770468487,2025-10-28T23:59:59+08:00,available_after_announcement_date_end,official_announcement_index,third_party_index_date_unverified_pdf
FUND_REPORT_2780861e519e28fd9dfc,PUBLIC_FUND_000001,000001,华夏成长证券投资基金2025年第4季度报告,2026-01-22,2025-12-31,Eastmoney fund report index via AkShare fund_announcement_report_em,AN202601221818244663,2026-01-22T23:59:59+08:00,available_after_announcement_date_end,official_announcement_index,third_party_index_date_unverified_pdf
FUND_REPORT_0172e98d395d40a2d5ac,PUBLIC_FUND_000001,000001,华夏成长证券投资基金2025年年度报告,2026-03-31,2025-12-31,Eastmoney fund report index via AkShare fund_announcement_report_em,AN202603311820896522,2026-03-31T23:59:59+08:00,available_after_announcement_date_end,official_announcement_index,third_party_index_date_unverified_pdf
FUND_REPORT_9e2f959bb963cd671770,PUBLIC_FUND_000001,000001,华夏成长证券投资基金2026年第1季度报告,2026-04-22,2026-03-31,Eastmoney fund report index via AkShare fund_announcement_report_em,AN202604221821426972,2026-04-22T23:59:59+08:00,available_after_announcement_date_end,official_announcement_index,third_party_index_date_unverified_pdf
FUND_REPORT_ff4f335393da330ce2a4,PUBLIC_FUND_000001,000001,华夏成长证券投资基金2026年第2季度报告,2026-07-21,2026-06-30,Eastmoney fund report index via AkShare fund_announcement_report_em,AN202607211827191531,2026-07-21T23:59:59+08:00,available_after_announcement_date_end,official_announcement_index,third_party_index_date_unverified_pdf
FUND_REPORT_d6cf1a8f3dbab45cc459,PUBLIC_FUND_110022,110022,易基消费:2013年第二季度报告,2013-07-17,,Eastmoney fund report index via AkShare fund_announcement_report_em,AN201307170003595935,2013-07-17T23:59:59+08:00,available_after_announcement_date_end,official_announcement_index,third_party_index_date_unverified_pdf
FUND_REPORT_74f7f2c522e880b62046,PUBLIC_FUND_110022,110022,易方达消费行业股票型证券投资基金2013年半年度报告(摘要),2013-08-28,2013-12-31,Eastmoney fund report index via AkShare fund_announcement_report_em,AN201308270004273987,2013-08-28T23:59:59+08:00,available_after_announcement_date_end,official_announcement_index,third_party_index_date_unverified_pdf
FUND_REPORT_3da3f16373611c65dc12,PUBLIC_FUND_110022,110022,易方达消费行业股票型证券投资基金2013年半年度报告,2013-08-28,2013-12-31,Eastmoney fund report index via AkShare fund_announcement_report_em,AN201308280004276450,2013-08-28T23:59:59+08:00,available_after_announcement_date_end,official_announcement_index,third_party_index_date_unverified_pdf
FUND_REPORT_6cb3044fba1809ce72e6,PUBLIC_FUND_110022,110022,易方达消费行业股票型证券投资基金2013年第3季度报告,2013-10-25,2013-09-30,Eastmoney fund report index via AkShare fund_announcement_report_em,AN201310240004553441,2013-10-25T23:59:59+08:00,available_after_announcement_date_end,official_announcement_index,third_party_index_date_unverified_pdf
FUND_REPORT_5de524bae27087e83d24,PUBLIC_FUND_110022,110022,易方达基金管理有限公司旗下基金(除部分QDII基金)资产净值公告,2014-01-02,,Eastmoney fund report index via AkShare fund_announcement_report_em,AN201401030004866823,2014-01-02T23:59:59+08:00,available_after_announcement_date_end,official_announcement_index,third_party_index_date_unverified_pdf
FUND_REPORT_b1cae97b98821373dfda,PUBLIC_FUND_110022,110022,易方达消费行业股票型证券投资基金2013年第4季度报告,2014-01-21,2013-12-31,Eastmoney fund report index via AkShare fund_announcement_report_em,AN201401200005012090,2014-01-21T23:59:59+08:00,available_after_announcement_date_end,official_announcement_index,third_party_index_date_unverified_pdf
FUND_REPORT_7e0815b96ceceadeee55,PUBLIC_FUND_110022,110022,易方达消费行业股票型证券投资基金2013年年度报告(摘要),2014-03-28,2013-12-31,Eastmoney fund report index via AkShare fund_announcement_report_em,AN201403280005334121,2014-03-28T23:59:59+08:00,available_after_announcement_date_end,official_announcement_index,third_party_index_date_unverified_pdf
FUND_REPORT_c84d5ea74866e3ff47d6,PUBLIC_FUND_110022,110022,易方达消费行业股票型证券投资基金2013年年度报告,2014-03-28,2013-12-31,Eastmoney fund report index via AkShare fund_announcement_report_em,AN201403280005335430,2014-03-28T23:59:59+08:00,available_after_announcement_date_end,official_announcement_index,third_party_index_date_unverified_pdf
FUND_REPORT_983ecc3ee2f2487858b7,PUBLIC_FUND_110022,110022,易方达消费行业股票型证券投资基金2014年第1季度报告,2014-04-19,2014-03-31,Eastmoney fund report index via AkShare fund_announcement_report_em,AN201404180005462098,2014-04-19T23:59:59+08:00,available_after_announcement_date_end,official_announcement_index,third_party_index_date_unverified_pdf
FUND_REPORT_f0ac302e4a94218060af,PUBLIC_FUND_110022,110022,易方达消费行业股票型证券投资基金2014年第2季度报告,2014-07-21,2014-06-30,Eastmoney fund report index via AkShare fund_announcement_report_em,AN201407190006391431,2014-07-21T23:59:59+08:00,available_after_announcement_date_end,official_announcement_index,third_party_index_date_unverified_pdf
FUND_REPORT_7f12dc49edfedb0a5312,PUBLIC_FUND_110022,110022,易方达消费行业股票型证券投资基金2014年半年度报告,2014-08-27,2014-12-31,Eastmoney fund report index via AkShare fund_announcement_report_em,AN201408270006794269,2014-08-27T23:59:59+08:00,available_after_announcement_date_end,official_announcement_index,third_party_index_date_unverified_pdf
FUND_REPORT_ff0954cb513f59d1c8d1,PUBLIC_FUND_110022,110022,易方达消费行业股票型证券投资基金2014年半年度报告(摘要),2014-08-27,2014-12-31,Eastmoney fund report index via AkShare fund_announcement_report_em,AN201408260006787867,2014-08-27T23:59:59+08:00,available_after_announcement_date_end,official_announcement_index,third_party_index_date_unverified_pdf
FUND_REPORT_619e85fe9bead8a013d3,PUBLIC_FUND_110022,110022,易方达消费行业股票型证券投资基金2014年第3季度报告,2014-10-25,2014-09-30,Eastmoney fund report index via AkShare fund_announcement_report_em,AN201410240007419498,2014-10-25T23:59:59+08:00,available_after_announcement_date_end,official_announcement_index,third_party_index_date_unverified_pdf
FUND_REPORT_bf1668662b0c2c68b017,PUBLIC_FUND_110022,110022,易方达消费行业股票型证券投资基金2014年第4季度报告,2015-01-20,2014-12-31,Eastmoney fund report index via AkShare fund_announcement_report_em,AN201501190008165680,2015-01-20T23:59:59+08:00,available_after_announcement_date_end,official_announcement_index,third_party_index_date_unverified_pdf
FUND_REPORT_d2b0750bffe6cf25ad95,PUBLIC_FUND_110022,110022,易方达消费行业股票型证券投资基金2014年年度报告,2015-03-27,2014-12-31,Eastmoney fund report index via AkShare fund_announcement_report_em,AN201503270008942781,2015-03-27T23:59:59+08:00,available_after_announcement_date_end,official_announcement_index,third_party_index_date_unverified_pdf
FUND_REPORT_89249d33ee089febf6f2,PUBLIC_FUND_110022,110022,易方达消费行业股票型证券投资基金2014年年度报告(摘要),2015-03-27,2014-12-31,Eastmoney fund report index via AkShare fund_announcement_report_em,AN201503260008929012,2015-03-27T23:59:59+08:00,available_after_announcement_date_end,official_announcement_index,third_party_index_date_unverified_pdf
FUND_REPORT_ff589842308cb780dab7,PUBLIC_FUND_110022,110022,易方达消费行业股票型证券投资基金2015年第1季度报告,2015-04-22,2015-03-31,Eastmoney fund report index via AkShare fund_announcement_report_em,AN201504210009298194,2015-04-22T23:59:59+08:00,available_after_announcement_date_end,official_announcement_index,third_party_index_date_unverified_pdf
FUND_REPORT_fbca4158d894c7e08c15,PUBLIC_FUND_110022,110022,易方达消费行业股票型证券投资基金2015年第2季度报告,2015-07-20,2015-06-30,Eastmoney fund report index via AkShare fund_announcement_report_em,AN201508030010377618,2015-07-20T23:59:59+08:00,available_after_announcement_date_end,official_announcement_index,third_party_index_date_unverified_pdf
FUND_REPORT_cb1ffb6c7d88219848ca,PUBLIC_FUND_110022,110022,易方达消费行业股票型证券投资基金2015年半年度报告(摘要),2015-08-26,2015-12-31,Eastmoney fund report index via AkShare fund_announcement_report_em,AN201508250010611138,2015-08-26T23:59:59+08:00,available_after_announcement_date_end,official_announcement_index,third_party_index_date_unverified_pdf
FUND_REPORT_da7eced0e0cccc0619ce,PUBLIC_FUND_110022,110022,易方达消费行业股票型证券投资基金2015年半年度报告,2015-08-26,2015-12-31,Eastmoney fund report index via AkShare fund_announcement_report_em,AN201508260010616692,2015-08-26T23:59:59+08:00,available_after_announcement_date_end,official_announcement_index,third_party_index_date_unverified_pdf
FUND_REPORT_e6b6e1a1deeb9ccbcee8,PUBLIC_FUND_110022,110022,易方达消费行业股票型证券投资基金2015年第3季度报告,2015-10-24,2015-09-30,Eastmoney fund report index via AkShare fund_announcement_report_em,AN201510230011166879,2015-10-24T23:59:59+08:00,available_after_announcement_date_end,official_announcement_index,third_party_index_date_unverified_pdf
FUND_REPORT_fe64268fd33f5ee80510,PUBLIC_FUND_110022,110022,易方达消费行业股票型证券投资基金2015年第4季度报告,2016-01-22,2015-12-31,Eastmoney fund report index via AkShare fund_announcement_report_em,AN201601210013224829,2016-01-22T23:59:59+08:00,available_after_announcement_date_end,official_announcement_index,third_party_index_date_unverified_pdf
FUND_REPORT_ba3036fb997d952a3869,PUBLIC_FUND_110022,110022,易方达消费行业股票型证券投资基金2015年年度报告(摘要),2016-03-25,2015-12-31,Eastmoney fund report index via AkShare fund_announcement_report_em,AN201603240014070542,2016-03-25T23:59:59+08:00,available_after_announcement_date_end,official_announcement_index,third_party_index_date_unverified_pdf
FUND_REPORT_68c993772161fe256215,PUBLIC_FUND_110022,110022,易方达消费行业股票型证券投资基金2015年年度报告,2016-03-25,2015-12-31,Eastmoney fund report index via AkShare fund_announcement_report_em,AN201603250014077994,2016-03-25T23:59:59+08:00,available_after_announcement_date_end,official_announcement_index,third_party_index_date_unverified_pdf
FUND_REPORT_a970a3df84464a5247d0,PUBLIC_FUND_110022,110022,易方达消费行业股票型证券投资基金2016年第1季度报告,2016-04-21,2016-03-31,Eastmoney fund report index via AkShare fund_announcement_report_em,AN201604200014453960,2016-04-21T23:59:59+08:00,available_after_announcement_date_end,official_announcement_index,third_party_index_date_unverified_pdf
FUND_REPORT_5a24c79221050a4a90d2,PUBLIC_FUND_110022,110022,易方达基金管理有限公司部分旗下基金资产净值公告,2016-07-11,,Eastmoney fund report index via AkShare fund_announcement_report_em,AN201607110016495639,2016-07-11T23:59:59+08:00,available_after_announcement_date_end,official_announcement_index,third_party_index_date_unverified_pdf
FUND_REPORT_606f77a1457c034daab4,PUBLIC_FUND_110022,110022,易方达消费行业股票型证券投资基金2016年第2季度报告,2016-07-19,2016-06-30,Eastmoney fund report index via AkShare fund_announcement_report_em,AN201607180016622691,2016-07-19T23:59:59+08:00,available_after_announcement_date_end,official_announcement_index,third_party_index_date_unverified_pdf
FUND_REPORT_557bc2f34fb3bdde7877,PUBLIC_FUND_110022,110022,易方达消费行业股票型证券投资基金2016年半年度报告,2016-08-24,2016-12-31,Eastmoney fund report index via AkShare fund_announcement_report_em,AN201608240017275771,2016-08-24T23:59:59+08:00,available_after_announcement_date_end,official_announcement_index,third_party_index_date_unverified_pdf
FUND_REPORT_b7207d31b97d9b4865df,PUBLIC_FUND_110022,110022,易方达基金管理有限公司部分旗下基金资产净值公告,2016-10-10,,Eastmoney fund report index via AkShare fund_announcement_report_em,AN201610100021783284,2016-10-10T23:59:59+08:00,available_after_announcement_date_end,official_announcement_index,third_party_index_date_unverified_pdf
FUND_REPORT_901e22c4aa80658d8d72,PUBLIC_FUND_110022,110022,易方达消费行业股票型证券投资基金2016年第3季度报告,2016-10-26,2016-09-30,Eastmoney fund report index via AkShare fund_announcement_report_em,AN201610250025022919,2016-10-26T23:59:59+08:00,available_after_announcement_date_end,official_announcement_index,third_party_index_date_unverified_pdf
FUND_REPORT_8e76f4013d0f98cd56e7,PUBLIC_FUND_110022,110022,易方达消费行业股票型证券投资基金2016年第4季度报告,2017-01-20,2016-12-31,Eastmoney fund report index via AkShare fund_announcement_report_em,AN201701190279862307,2017-01-20T23:59:59+08:00,available_after_announcement_date_end,official_announcement_index,third_party_index_date_unverified_pdf
FUND_REPORT_3b97c9488a9b47b9ce5f,PUBLIC_FUND_110022,110022,易方达基金管理有限公司部分旗下基金资产净值公告,2017-03-13,,Eastmoney fund report index via AkShare fund_announcement_report_em,AN201703130404709451,2017-03-13T23:59:59+08:00,available_after_announcement_date_end,official_announcement_index,third_party_index_date_unverified_pdf
FUND_REPORT_b557c548bee7bfc5cc33,PUBLIC_FUND_110022,110022,易方达消费行业股票型证券投资基金2016年年度报告摘要,2017-03-31,2016-12-31,Eastmoney fund report index via AkShare fund_announcement_report_em,AN201703300453314472,2017-03-31T23:59:59+08:00,available_after_announcement_date_end,official_announcement_index,third_party_index_date_unverified_pdf
FUND_REPORT_02e82d13633f363c7eb7,PUBLIC_FUND_110022,110022,易方达消费行业股票型证券投资基金2016年年度报告,2017-03-31,2016-12-31,Eastmoney fund report index via AkShare fund_announcement_report_em,AN201703310456591001,2017-03-31T23:59:59+08:00,available_after_announcement_date_end,official_announcement_index,third_party_index_date_unverified_pdf
FUND_REPORT_338bc45840122144a5c0,PUBLIC_FUND_110022,110022,易方达消费行业股票型证券投资基金2017年第一季度报告,2017-04-21,,Eastmoney fund report index via AkShare fund_announcement_report_em,AN201704200517959717,2017-04-21T23:59:59+08:00,available_after_announcement_date_end,official_announcement_index,third_party_index_date_unverified_pdf
FUND_REPORT_8cdb583658c1c05b6e92,PUBLIC_FUND_110022,110022,易方达基金管理有限公司部分旗下基金资产净值的公告,2017-07-15,,Eastmoney fund report index via AkShare fund_announcement_report_em,AN201707150721438299,2017-07-15T23:59:59+08:00,available_after_announcement_date_end,official_announcement_index,third_party_index_date_unverified_pdf
FUND_REPORT_fd4b7760bddb982b04c6,PUBLIC_FUND_110022,110022,易方达消费行业股票型证券投资基金2017年第2季度报告,2017-07-21,2017-06-30,Eastmoney fund report index via AkShare fund_announcement_report_em,AN201707200732618858,2017-07-21T23:59:59+08:00,available_after_announcement_date_end,official_announcement_index,third_party_index_date_unverified_pdf
FUND_REPORT_a38d45f2d760428f12f8,PUBLIC_FUND_110022,110022,易方达基金管理有限公司部分旗下基金资产净值公告,2017-07-24,,Eastmoney fund report index via AkShare fund_announcement_report_em,AN201707240741184183,2017-07-24T23:59:59+08:00,available_after_announcement_date_end,official_announcement_index,third_party_index_date_unverified_pdf
FUND_REPORT_72ae1c6abc6960c786b3,PUBLIC_FUND_110022,110022,易方达消费行业股票型证券投资基金2017年半年度报告,2017-08-29,2017-12-31,Eastmoney fund report index via AkShare fund_announcement_report_em,AN201708290835952638,2017-08-29T23:59:59+08:00,available_after_announcement_date_end,official_announcement_index,third_party_index_date_unverified_pdf
FUND_REPORT_5eeade139e58ecbfbbc9,PUBLIC_FUND_110022,110022,易方达消费行业股票型证券投资基金2017年半年度报告(摘要),2017-08-29,2017-12-31,Eastmoney fund report index via AkShare fund_announcement_report_em,AN201708280834479056,2017-08-29T23:59:59+08:00,available_after_announcement_date_end,official_announcement_index,third_party_index_date_unverified_pdf
FUND_REPORT_0ccdb688f5ece20658bd,PUBLIC_FUND_110022,110022,易方达消费行业股票型证券投资基金2017年第3季度报告,2017-10-26,2017-09-30,Eastmoney fund report index via AkShare fund_announcement_report_em,AN201710250977518302,2017-10-26T23:59:59+08:00,available_after_announcement_date_end,official_announcement_index,third_party_index_date_unverified_pdf
FUND_REPORT_da853551b631757ab135,PUBLIC_FUND_110022,110022,易方达消费行业股票型证券投资基金2017年第4季度报告,2018-01-19,2017-12-31,Eastmoney fund report index via AkShare fund_announcement_report_em,AN201801181079164344,2018-01-19T23:59:59+08:00,available_after_announcement_date_end,official_announcement_index,third_party_index_date_unverified_pdf
FUND_REPORT_92c3bc9942e97a1cbbac,PUBLIC_FUND_110022,110022,易方达消费行业股票型证券投资基金2017年年度报告摘要,2018-03-30,2017-12-31,Eastmoney fund report index via AkShare fund_announcement_report_em,AN201803291114449544,2018-03-30T23:59:59+08:00,available_after_announcement_date_end,official_announcement_index,third_party_index_date_unverified_pdf
FUND_REPORT_b9ff2fa6c0d9305f372f,PUBLIC_FUND_110022,110022,易方达消费行业股票型证券投资基金2017年年度报告,2018-03-30,2017-12-31,Eastmoney fund report index via AkShare fund_announcement_report_em,AN201803301115273860,2018-03-30T23:59:59+08:00,available_after_announcement_date_end,official_announcement_index,third_party_index_date_unverified_pdf
FUND_REPORT_9147c80f992981a7c1f4,PUBLIC_FUND_110022,110022,易方达消费行业股票型证券投资基金2018年第1季度报告,2018-04-23,2018-03-31,Eastmoney fund report index via AkShare fund_announcement_report_em,AN201804201127389825,2018-04-23T23:59:59+08:00,available_after_announcement_date_end,official_announcement_index,third_party_index_date_unverified_pdf
FUND_REPORT_efb390f19b81432bdd70,PUBLIC_FUND_110022,110022,易方达消费行业股票型证券投资基金2018年第2季度报告,2018-07-19,2018-06-30,Eastmoney fund report index via AkShare fund_announcement_report_em,AN201807181167797638,2018-07-19T23:59:59+08:00,available_after_announcement_date_end,official_announcement_index,third_party_index_date_unverified_pdf
FUND_REPORT_559d86b4510bc8af4349,PUBLIC_FUND_110022,110022,易方达消费行业股票型证券投资基金2018年半年度报告摘要,2018-08-28,2018-12-31,Eastmoney fund report index via AkShare fund_announcement_report_em,AN201808271183337393,2018-08-28T23:59:59+08:00,available_after_announcement_date_end,official_announcement_index,third_party_index_date_unverified_pdf
FUND_REPORT_8d04336e5b9489203933,PUBLIC_FUND_110022,110022,易方达消费行业股票型证券投资基金2018年半年度报告,2018-08-28,2018-12-31,Eastmoney fund report index via AkShare fund_announcement_report_em,AN201808281183799125,2018-08-28T23:59:59+08:00,available_after_announcement_date_end,official_announcement_index,third_party_index_date_unverified_pdf
FUND_REPORT_976533caacdc12bdee19,PUBLIC_FUND_110022,110022,易方达消费行业股票型证券投资基金2018年第3季度报告,2018-10-24,2018-09-30,Eastmoney fund report index via AkShare fund_announcement_report_em,AN201810231219461620,2018-10-24T23:59:59+08:00,available_after_announcement_date_end,official_announcement_index,third_party_index_date_unverified_pdf
FUND_REPORT_a35674917db5aa9718d4,PUBLIC_FUND_110022,110022,易方达消费行业股票型证券投资基金2018年第4季度报告,2019-01-22,2018-12-31,Eastmoney fund report index via AkShare fund_announcement_report_em,AN201901221287494000,2019-01-22T23:59:59+08:00,available_after_announcement_date_end,official_announcement_index,third_party_index_date_unverified_pdf
FUND_REPORT_0a0d10dcc292e850560c,PUBLIC_FUND_110022,110022,易方达消费行业股票型证券投资基金2018年年度报告摘要,2019-03-28,2018-12-31,Eastmoney fund report index via AkShare fund_announcement_report_em,AN201903281310786334,2019-03-28T23:59:59+08:00,available_after_announcement_date_end,official_announcement_index,third_party_index_date_unverified_pdf
FUND_REPORT_a4463d003ac243d30443,PUBLIC_FUND_110022,110022,易方达消费行业股票型证券投资基金2018年年度报告,2019-03-28,2018-12-31,Eastmoney fund report index via AkShare fund_announcement_report_em,AN201903281310786850,2019-03-28T23:59:59+08:00,available_after_announcement_date_end,official_announcement_index,third_party_index_date_unverified_pdf
FUND_REPORT_5ea6d47f50dbf73e29d5,PUBLIC_FUND_110022,110022,易方达消费行业股票型证券投资基金2019年第1季度报告,2019-04-18,2019-03-31,Eastmoney fund report index via AkShare fund_announcement_report_em,AN201904171320099579,2019-04-18T23:59:59+08:00,available_after_announcement_date_end,official_announcement_index,third_party_index_date_unverified_pdf
FUND_REPORT_97403b9a7b6f153d9622,PUBLIC_FUND_110022,110022,易方达消费行业股票型证券投资基金2019年第2季度报告,2019-07-19,2019-06-30,Eastmoney fund report index via AkShare fund_announcement_report_em,AN201907181339590812,2019-07-19T23:59:59+08:00,available_after_announcement_date_end,official_announcement_index,third_party_index_date_unverified_pdf
FUND_REPORT_82aa56bb757b5f39e892,PUBLIC_FUND_110022,110022,易方达消费行业股票型证券投资基金2019年半年度报告摘要,2019-08-24,2019-12-31,Eastmoney fund report index via AkShare fund_announcement_report_em,AN201908231344981594,2019-08-24T23:59:59+08:00,available_after_announcement_date_end,official_announcement_index,third_party_index_date_unverified_pdf
FUND_REPORT_cc1610214e4e9693ff21,PUBLIC_FUND_110022,110022,易方达消费行业股票型证券投资基金2019年半年度报告,2019-08-24,2019-12-31,Eastmoney fund report index via AkShare fund_announcement_report_em,AN201908231344984663,2019-08-24T23:59:59+08:00,available_after_announcement_date_end,official_announcement_index,third_party_index_date_unverified_pdf
FUND_REPORT_469b66bd08e9e3bf114f,PUBLIC_FUND_110022,110022,易方达消费行业股票型证券投资基金2019年第3季度报告,2019-10-24,2019-09-30,Eastmoney fund report index via AkShare fund_announcement_report_em,AN201910241369610924,2019-10-24T23:59:59+08:00,available_after_announcement_date_end,official_announcement_index,third_party_index_date_unverified_pdf
FUND_REPORT_f72f867ecc333b4f0f45,PUBLIC_FUND_110022,110022,易方达消费行业股票型证券投资基金2019年第4季度报告,2020-01-18,2019-12-31,Eastmoney fund report index via AkShare fund_announcement_report_em,AN202001181374320735,2020-01-18T23:59:59+08:00,available_after_announcement_date_end,official_announcement_index,third_party_index_date_unverified_pdf
FUND_REPORT_b1161c086634a2720712,PUBLIC_FUND_110022,110022,易方达消费行业股票型证券投资基金2019年年度报告,2020-03-31,2019-12-31,Eastmoney fund report index via AkShare fund_announcement_report_em,AN202003311377267255,2020-03-31T23:59:59+08:00,available_after_announcement_date_end,official_announcement_index,third_party_index_date_unverified_pdf
FUND_REPORT_113b1ff4eaeb98d7574f,PUBLIC_FUND_110022,110022,易方达消费行业股票型证券投资基金2019年年度报告摘要,2020-03-31,2019-12-31,Eastmoney fund report index via AkShare fund_announcement_report_em,AN202003311377267306,2020-03-31T23:59:59+08:00,available_after_announcement_date_end,official_announcement_index,third_party_index_date_unverified_pdf
FUND_REPORT_937177641d85937a7e0b,PUBLIC_FUND_110022,110022,易方达消费行业股票型证券投资基金2020年第1季度报告,2020-04-21,2020-03-31,Eastmoney fund report index via AkShare fund_announcement_report_em,AN202004211378302682,2020-04-21T23:59:59+08:00,available_after_announcement_date_end,official_announcement_index,third_party_index_date_unverified_pdf
FUND_REPORT_1bac4ed49f3c6d150b54,PUBLIC_FUND_110022,110022,易方达消费行业股票型证券投资基金2020年第2季度报告,2020-07-21,2020-06-30,Eastmoney fund report index via AkShare fund_announcement_report_em,AN202007211393053642,2020-07-21T23:59:59+08:00,available_after_announcement_date_end,official_announcement_index,third_party_index_date_unverified_pdf
FUND_REPORT_2d212842e489f402962a,PUBLIC_FUND_110022,110022,易方达消费行业股票型证券投资基金2020年中期报告,2020-08-28,2020-06-30,Eastmoney fund report index via AkShare fund_announcement_report_em,AN202008281402869572,2020-08-28T23:59:59+08:00,available_after_announcement_date_end,official_announcement_index,third_party_index_date_unverified_pdf
FUND_REPORT_85f1bdff679a3dc4cd73,PUBLIC_FUND_110022,110022,易方达消费行业股票型证券投资基金2020年中期报告摘要,2020-08-28,2020-06-30,Eastmoney fund report index via AkShare fund_announcement_report_em,AN202008281402888043,2020-08-28T23:59:59+08:00,available_after_announcement_date_end,official_announcement_index,third_party_index_date_unverified_pdf
FUND_REPORT_8b4665e398b35c92ef97,PUBLIC_FUND_110022,110022,易方达消费行业股票型证券投资基金2020年第3季度报告,2020-10-28,2020-09-30,Eastmoney fund report index via AkShare fund_announcement_report_em,AN202010281424188695,2020-10-28T23:59:59+08:00,available_after_announcement_date_end,official_announcement_index,third_party_index_date_unverified_pdf
FUND_REPORT_2b01b9876f57eeda6a54,PUBLIC_FUND_110022,110022,易方达消费行业股票型证券投资基金2020年第4季度报告,2021-01-21,2020-12-31,Eastmoney fund report index via AkShare fund_announcement_report_em,AN202101211452739151,2021-01-21T23:59:59+08:00,available_after_announcement_date_end,official_announcement_index,third_party_index_date_unverified_pdf
FUND_REPORT_4861fd942a29c7ad5a2f,PUBLIC_FUND_110022,110022,易方达消费行业股票型证券投资基金2020年年度报告,2021-03-30,2020-12-31,Eastmoney fund report index via AkShare fund_announcement_report_em,AN202103301478326761,2021-03-30T23:59:59+08:00,available_after_announcement_date_end,official_announcement_index,third_party_index_date_unverified_pdf
FUND_REPORT_e1b49ba97d3ea81cd8c3,PUBLIC_FUND_110022,110022,易方达消费行业股票型证券投资基金2020年年度报告摘要,2021-03-30,2020-12-31,Eastmoney fund report index via AkShare fund_announcement_report_em,AN202103301478330137,2021-03-30T23:59:59+08:00,available_after_announcement_date_end,official_announcement_index,third_party_index_date_unverified_pdf
FUND_REPORT_114f9b33ac820d77f353,PUBLIC_FUND_110022,110022,易方达消费行业股票型证券投资基金2021年第1季度报告,2021-04-19,2021-03-31,Eastmoney fund report index via AkShare fund_announcement_report_em,AN202104191486300382,2021-04-19T23:59:59+08:00,available_after_announcement_date_end,official_announcement_index,third_party_index_date_unverified_pdf
FUND_REPORT_97d09a4a8d7ef9dc90c1,PUBLIC_FUND_110022,110022,易方达消费行业股票型证券投资基金2021年第2季度报告,2021-07-20,2021-06-30,Eastmoney fund report index via AkShare fund_announcement_report_em,AN202107201504925805,2021-07-20T23:59:59+08:00,available_after_announcement_date_end,official_announcement_index,third_party_index_date_unverified_pdf
FUND_REPORT_6316d75f91ed7a92e740,PUBLIC_FUND_110022,110022,易方达消费行业股票型证券投资基金2021年中期报告,2021-08-28,2021-06-30,Eastmoney fund report index via AkShare fund_announcement_report_em,AN202108281512825407,2021-08-28T23:59:59+08:00,available_after_announcement_date_end,official_announcement_index,third_party_index_date_unverified_pdf
FUND_REPORT_141348ee02abb3df1f72,PUBLIC_FUND_110022,110022,易方达消费行业股票型证券投资基金2021年第三季度报告,2021-10-27,,Eastmoney fund report index via AkShare fund_announcement_report_em,AN202110271525198760,2021-10-27T23:59:59+08:00,available_after_announcement_date_end,official_announcement_index,third_party_index_date_unverified_pdf
FUND_REPORT_059837681edd280a1aa8,PUBLIC_FUND_110022,110022,易方达消费行业股票型证券投资基金2021年第四季度报告,2022-01-21,,Eastmoney fund report index via AkShare fund_announcement_report_em,AN202201211541603271,2022-01-21T23:59:59+08:00,available_after_announcement_date_end,official_announcement_index,third_party_index_date_unverified_pdf
FUND_REPORT_8cfb84691df03b9fdaa5,PUBLIC_FUND_110022,110022,易方达消费行业股票型证券投资基金2021年年度报告,2022-03-30,2021-12-31,Eastmoney fund report index via AkShare fund_announcement_report_em,AN202203301555875476,2022-03-30T23:59:59+08:00,available_after_announcement_date_end,official_announcement_index,third_party_index_date_unverified_pdf
FUND_REPORT_75ce94f68e7fe1c66142,PUBLIC_FUND_110022,110022,易方达消费行业股票型证券投资基金2022年第一季度报告,2022-04-22,,Eastmoney fund report index via AkShare fund_announcement_report_em,AN202204221560738626,2022-04-22T23:59:59+08:00,available_after_announcement_date_end,official_announcement_index,third_party_index_date_unverified_pdf
FUND_REPORT_0309d40d648f914119f2,PUBLIC_FUND_110022,110022,易方达消费行业股票型证券投资基金2022年第二季度报告,2022-07-20,,Eastmoney fund report index via AkShare fund_announcement_report_em,AN202207201576355372,2022-07-20T23:59:59+08:00,available_after_announcement_date_end,official_announcement_index,third_party_index_date_unverified_pdf
FUND_REPORT_d6d9f16bad24282d7c7d,PUBLIC_FUND_110022,110022,易方达消费行业股票型证券投资基金2022年中期报告,2022-08-30,2022-06-30,Eastmoney fund report index via AkShare fund_announcement_report_em,AN202208301577811085,2022-08-30T23:59:59+08:00,available_after_announcement_date_end,official_announcement_index,third_party_index_date_unverified_pdf
FUND_REPORT_cc95dd5efd8292e5037f,PUBLIC_FUND_110022,110022,易方达消费行业股票型证券投资基金2022年第三季度报告,2022-10-26,,Eastmoney fund report index via AkShare fund_announcement_report_em,AN202210261579465484,2022-10-26T23:59:59+08:00,available_after_announcement_date_end,official_announcement_index,third_party_index_date_unverified_pdf
FUND_REPORT_58ce0bda89a3970425d3,PUBLIC_FUND_110022,110022,易方达消费行业股票型证券投资基金2022年第四季度报告,2023-01-20,,Eastmoney fund report index via AkShare fund_announcement_report_em,AN202301201582206624,2023-01-20T23:59:59+08:00,available_after_announcement_date_end,official_announcement_index,third_party_index_date_unverified_pdf
FUND_REPORT_2f061b071abb141bc7c0,PUBLIC_FUND_110022,110022,易方达消费行业股票型证券投资基金2022年年度报告,2023-03-30,2022-12-31,Eastmoney fund report index via AkShare fund_announcement_report_em,AN202303301584670876,2023-03-30T23:59:59+08:00,available_after_announcement_date_end,official_announcement_index,third_party_index_date_unverified_pdf
FUND_REPORT_8462eeae6b74e6f7a1e2,PUBLIC_FUND_110022,110022,易方达消费行业股票型证券投资基金2023年第1季度报告,2023-04-21,2023-03-31,Eastmoney fund report index via AkShare fund_announcement_report_em,AN202304211585650528,2023-04-21T23:59:59+08:00,available_after_announcement_date_end,official_announcement_index,third_party_index_date_unverified_pdf
FUND_REPORT_9a38b732c854fd7e09e2,PUBLIC_FUND_110022,110022,易方达消费行业股票型证券投资基金2023年第2季度报告,2023-07-20,2023-06-30,Eastmoney fund report index via AkShare fund_announcement_report_em,AN202307201592450782,2023-07-20T23:59:59+08:00,available_after_announcement_date_end,official_announcement_index,third_party_index_date_unverified_pdf
FUND_REPORT_263d9ae2fefc2b92a5f3,PUBLIC_FUND_110022,110022,易方达消费行业股票型证券投资基金2023年中期报告,2023-08-30,2023-06-30,Eastmoney fund report index via AkShare fund_announcement_report_em,AN202308301596747544,2023-08-30T23:59:59+08:00,available_after_announcement_date_end,official_announcement_index,third_party_index_date_unverified_pdf
FUND_REPORT_30028cdd40938ac59ec3,PUBLIC_FUND_110022,110022,易方达消费行业股票型证券投资基金2023年第3季度报告,2023-10-25,2023-09-30,Eastmoney fund report index via AkShare fund_announcement_report_em,AN202310251603091530,2023-10-25T23:59:59+08:00,available_after_announcement_date_end,official_announcement_index,third_party_index_date_unverified_pdf
FUND_REPORT_7b2fa4505a8b68753aa3,PUBLIC_FUND_110022,110022,易方达消费行业股票型证券投资基金2023年第4季度报告,2024-01-19,2023-12-31,Eastmoney fund report index via AkShare fund_announcement_report_em,AN202401191617701489,2024-01-19T23:59:59+08:00,available_after_announcement_date_end,official_announcement_index,third_party_index_date_unverified_pdf
FUND_REPORT_d6a8604d41fc057f0551,PUBLIC_FUND_110022,110022,易方达消费行业股票型证券投资基金2023年年度报告,2024-03-29,2023-12-31,Eastmoney fund report index via AkShare fund_announcement_report_em,AN202403291628617166,2024-03-29T23:59:59+08:00,available_after_announcement_date_end,official_announcement_index,third_party_index_date_unverified_pdf
FUND_REPORT_31156b1d3fbe1e4916f2,PUBLIC_FUND_110022,110022,易方达消费行业股票型证券投资基金2024年第1季度报告,2024-04-20,2024-03-31,Eastmoney fund report index via AkShare fund_announcement_report_em,AN202404201630730655,2024-04-20T23:59:59+08:00,available_after_announcement_date_end,official_announcement_index,third_party_index_date_unverified_pdf
FUND_REPORT_df8a62705b317a828da9,PUBLIC_FUND_110022,110022,易方达消费行业股票型证券投资基金2024年第2季度报告,2024-07-18,2024-06-30,Eastmoney fund report index via AkShare fund_announcement_report_em,AN202407181638017119,2024-07-18T23:59:59+08:00,available_after_announcement_date_end,official_announcement_index,third_party_index_date_unverified_pdf
FUND_REPORT_218cdb46ec47c46e4966,PUBLIC_FUND_110022,110022,易方达消费行业股票型证券投资基金2024年中期报告,2024-08-30,2024-06-30,Eastmoney fund report index via AkShare fund_announcement_report_em,AN202408301639584813,2024-08-30T23:59:59+08:00,available_after_announcement_date_end,official_announcement_index,third_party_index_date_unverified_pdf
FUND_REPORT_1085a6b1cd9e820f4ff1,PUBLIC_FUND_110022,110022,易方达消费行业股票型证券投资基金2024年第3季度报告,2024-10-25,2024-09-30,Eastmoney fund report index via AkShare fund_announcement_report_em,AN202410251640473577,2024-10-25T23:59:59+08:00,available_after_announcement_date_end,official_announcement_index,third_party_index_date_unverified_pdf
FUND_REPORT_5e526707000b94c97b60,PUBLIC_FUND_110022,110022,易方达消费行业股票型证券投资基金2024年第4季度报告,2025-01-21,2024-12-31,Eastmoney fund report index via AkShare fund_announcement_report_em,AN202501211642378637,2025-01-21T23:59:59+08:00,available_after_announcement_date_end,official_announcement_index,third_party_index_date_unverified_pdf
FUND_REPORT_c51d33358d5ec0116b57,PUBLIC_FUND_110022,110022,易方达消费行业股票型证券投资基金2024年年度报告,2025-03-31,2024-12-31,Eastmoney fund report index via AkShare fund_announcement_report_em,AN202503311649474646,2025-03-31T23:59:59+08:00,available_after_announcement_date_end,official_announcement_index,third_party_index_date_unverified_pdf
FUND_REPORT_373a81cacea022a11352,PUBLIC_FUND_110022,110022,易方达消费行业股票型证券投资基金2025年第1季度报告,2025-04-22,2025-03-31,Eastmoney fund report index via AkShare fund_announcement_report_em,AN202504221660345400,2025-04-22T23:59:59+08:00,available_after_announcement_date_end,official_announcement_index,third_party_index_date_unverified_pdf
FUND_REPORT_e13be947edcef6ae3bac,PUBLIC_FUND_110022,110022,易方达消费行业股票型证券投资基金2025年第2季度报告,2025-07-21,2025-06-30,Eastmoney fund report index via AkShare fund_announcement_report_em,AN202507211712567143,2025-07-21T23:59:59+08:00,available_after_announcement_date_end,official_announcement_index,third_party_index_date_unverified_pdf
FUND_REPORT_c74f98c680dc814d7f8f,PUBLIC_FUND_110022,110022,易方达消费行业股票型证券投资基金2025年中期报告,2025-08-30,2025-06-30,Eastmoney fund report index via AkShare fund_announcement_report_em,AN202508301736617020,2025-08-30T23:59:59+08:00,available_after_announcement_date_end,official_announcement_index,third_party_index_date_unverified_pdf
FUND_REPORT_45a8586551de46a1c2fa,PUBLIC_FUND_110022,110022,易方达消费行业股票型证券投资基金2025年第3季度报告,2025-10-28,2025-09-30,Eastmoney fund report index via AkShare fund_announcement_report_em,AN202510281770215126,2025-10-28T23:59:59+08:00,available_after_announcement_date_end,official_announcement_index,third_party_index_date_unverified_pdf
FUND_REPORT_64a1c60b72140fcc8d48,PUBLIC_FUND_110022,110022,易方达消费行业股票型证券投资基金2025年第4季度报告,2026-01-22,2025-12-31,Eastmoney fund report index via AkShare fund_announcement_report_em,AN202601221818222353,2026-01-22T23:59:59+08:00,available_after_announcement_date_end,official_announcement_index,third_party_index_date_unverified_pdf
FUND_REPORT_f7660edb829c70307a4f,PUBLIC_FUND_110022,110022,易方达消费行业股票型证券投资基金2025年年度报告,2026-03-31,2025-12-31,Eastmoney fund report index via AkShare fund_announcement_report_em,AN202603311820890558,2026-03-31T23:59:59+08:00,available_after_announcement_date_end,official_announcement_index,third_party_index_date_unverified_pdf
FUND_REPORT_8cab76dc495e630573dd,PUBLIC_FUND_110022,110022,易方达消费行业股票型证券投资基金2026年第1季度报告,2026-04-22,2026-03-31,Eastmoney fund report index via AkShare fund_announcement_report_em,AN202604221821399571,2026-04-22T23:59:59+08:00,available_after_announcement_date_end,official_announcement_index,third_party_index_date_unverified_pdf
FUND_REPORT_798defa9af874b5482e7,PUBLIC_FUND_110022,110022,易方达消费行业股票型证券投资基金2026年第2季度报告,2026-07-21,2026-06-30,Eastmoney fund report index via AkShare fund_announcement_report_em,AN202607211827164035,2026-07-21T23:59:59+08:00,available_after_announcement_date_end,official_announcement_index,third_party_index_date_unverified_pdf
FUND_REPORT_9036f69fc49478d15081,PUBLIC_FUND_005827,005827,易方达蓝筹精选混合型证券投资基金2018年第4季度报告,2019-01-22,2018-12-31,Eastmoney fund report index via AkShare fund_announcement_report_em,AN201901221287494024,2019-01-22T23:59:59+08:00,available_after_announcement_date_end,official_announcement_index,third_party_index_date_unverified_pdf
FUND_REPORT_0efc55667297a1f3571e,PUBLIC_FUND_005827,005827,易方达蓝筹精选混合型证券投资基金2018年年度报告摘要,2019-03-28,2018-12-31,Eastmoney fund report index via AkShare fund_announcement_report_em,AN201903281310786361,2019-03-28T23:59:59+08:00,available_after_announcement_date_end,official_announcement_index,third_party_index_date_unverified_pdf
FUND_REPORT_c064cd5de0c35fa29706,PUBLIC_FUND_005827,005827,易方达蓝筹精选混合型证券投资基金2018年年度报告,2019-03-28,2018-12-31,Eastmoney fund report index via AkShare fund_announcement_report_em,AN201903281310786562,2019-03-28T23:59:59+08:00,available_after_announcement_date_end,official_announcement_index,third_party_index_date_unverified_pdf
FUND_REPORT_1af7d8b2ee38e2ccbec6,PUBLIC_FUND_005827,005827,易方达蓝筹精选混合型证券投资基金2019年第1季度报告,2019-04-18,2019-03-31,Eastmoney fund report index via AkShare fund_announcement_report_em,AN201904171320099619,2019-04-18T23:59:59+08:00,available_after_announcement_date_end,official_announcement_index,third_party_index_date_unverified_pdf
FUND_REPORT_353d0463aa3e2d500b6d,PUBLIC_FUND_005827,005827,易方达蓝筹精选混合型证券投资基金2019年第2季度报告,2019-07-19,2019-06-30,Eastmoney fund report index via AkShare fund_announcement_report_em,AN201907181339590817,2019-07-19T23:59:59+08:00,available_after_announcement_date_end,official_announcement_index,third_party_index_date_unverified_pdf
FUND_REPORT_750b1846c03c904465a0,PUBLIC_FUND_005827,005827,易方达蓝筹精选混合型证券投资基金2019年半年度报告摘要,2019-08-24,2019-12-31,Eastmoney fund report index via AkShare fund_announcement_report_em,AN201908231344981616,2019-08-24T23:59:59+08:00,available_after_announcement_date_end,official_announcement_index,third_party_index_date_unverified_pdf
FUND_REPORT_6b4aff5578a0dbbb1b84,PUBLIC_FUND_005827,005827,易方达蓝筹精选混合型证券投资基金2019年半年度报告,2019-08-24,2019-12-31,Eastmoney fund report index via AkShare fund_announcement_report_em,AN201908231344984697,2019-08-24T23:59:59+08:00,available_after_announcement_date_end,official_announcement_index,third_party_index_date_unverified_pdf
FUND_REPORT_1051ce46bfb3d34fea7c,PUBLIC_FUND_005827,005827,易方达蓝筹精选混合型证券投资基金2019年第3季度报告,2019-10-24,2019-09-30,Eastmoney fund report index via AkShare fund_announcement_report_em,AN201910241369611111,2019-10-24T23:59:59+08:00,available_after_announcement_date_end,official_announcement_index,third_party_index_date_unverified_pdf
FUND_REPORT_7a8bf551b6a08536b89f,PUBLIC_FUND_005827,005827,易方达蓝筹精选混合型证券投资基金2019年第4季度报告,2020-01-18,2019-12-31,Eastmoney fund report index via AkShare fund_announcement_report_em,AN202001181374320158,2020-01-18T23:59:59+08:00,available_after_announcement_date_end,official_announcement_index,third_party_index_date_unverified_pdf
FUND_REPORT_8b40c4a3fc1362ae6ca1,PUBLIC_FUND_005827,005827,易方达蓝筹精选混合型证券投资基金2019年年度报告,2020-03-31,2019-12-31,Eastmoney fund report index via AkShare fund_announcement_report_em,AN202003311377251419,2020-03-31T23:59:59+08:00,available_after_announcement_date_end,official_announcement_index,third_party_index_date_unverified_pdf
FUND_REPORT_3d90d3d8aa3d1dd85dfe,PUBLIC_FUND_005827,005827,易方达蓝筹精选混合型证券投资基金2019年年度报告摘要,2020-03-31,2019-12-31,Eastmoney fund report index via AkShare fund_announcement_report_em,AN202003311377255787,2020-03-31T23:59:59+08:00,available_after_announcement_date_end,official_announcement_index,third_party_index_date_unverified_pdf
FUND_REPORT_12efbc7b54a189acd5fc,PUBLIC_FUND_005827,005827,易方达蓝筹精选混合型证券投资基金2020年第1季度报告,2020-04-21,2020-03-31,Eastmoney fund report index via AkShare fund_announcement_report_em,AN202004211378302497,2020-04-21T23:59:59+08:00,available_after_announcement_date_end,official_announcement_index,third_party_index_date_unverified_pdf
FUND_REPORT_60c8a4ba2626bbeed055,PUBLIC_FUND_005827,005827,易方达蓝筹精选混合型证券投资基金2020年第2季度报告,2020-07-21,2020-06-30,Eastmoney fund report index via AkShare fund_announcement_report_em,AN202007211393053564,2020-07-21T23:59:59+08:00,available_after_announcement_date_end,official_announcement_index,third_party_index_date_unverified_pdf
FUND_REPORT_bee4b26f2f20f9281ab2,PUBLIC_FUND_005827,005827,易方达蓝筹精选混合型证券投资基金2020年中期报告摘要,2020-08-28,2020-06-30,Eastmoney fund report index via AkShare fund_announcement_report_em,AN202008281402888039,2020-08-28T23:59:59+08:00,available_after_announcement_date_end,official_announcement_index,third_party_index_date_unverified_pdf
FUND_REPORT_b25bddbfbe5221601b7c,PUBLIC_FUND_005827,005827,易方达蓝筹精选混合型证券投资基金2020年中期报告,2020-08-28,2020-06-30,Eastmoney fund report index via AkShare fund_announcement_report_em,AN202008281402870160,2020-08-28T23:59:59+08:00,available_after_announcement_date_end,official_announcement_index,third_party_index_date_unverified_pdf
FUND_REPORT_db389bc601e2b6d0c5fa,PUBLIC_FUND_005827,005827,易方达蓝筹精选混合型证券投资基金2020年第3季度报告,2020-10-28,2020-09-30,Eastmoney fund report index via AkShare fund_announcement_report_em,AN202010281424188833,2020-10-28T23:59:59+08:00,available_after_announcement_date_end,official_announcement_index,third_party_index_date_unverified_pdf
FUND_REPORT_a1d2dd163ac9a5aca189,PUBLIC_FUND_005827,005827,易方达蓝筹精选混合型证券投资基金2020年第4季度报告,2021-01-21,2020-12-31,Eastmoney fund report index via AkShare fund_announcement_report_em,AN202101211452739367,2021-01-21T23:59:59+08:00,available_after_announcement_date_end,official_announcement_index,third_party_index_date_unverified_pdf
FUND_REPORT_9c1bf60cde89e943f3c7,PUBLIC_FUND_005827,005827,易方达蓝筹精选混合型证券投资基金2020年年度报告,2021-03-30,2020-12-31,Eastmoney fund report index via AkShare fund_announcement_report_em,AN202103301478325733,2021-03-30T23:59:59+08:00,available_after_announcement_date_end,official_announcement_index,third_party_index_date_unverified_pdf
FUND_REPORT_b0d89705ca8acb70bfe0,PUBLIC_FUND_005827,005827,易方达蓝筹精选混合型证券投资基金2020年年度报告摘要,2021-03-30,2020-12-31,Eastmoney fund report index via AkShare fund_announcement_report_em,AN202103301478329609,2021-03-30T23:59:59+08:00,available_after_announcement_date_end,official_announcement_index,third_party_index_date_unverified_pdf
FUND_REPORT_613317e417b3b9836ff0,PUBLIC_FUND_005827,005827,易方达蓝筹精选混合型证券投资基金2021年第1季度报告,2021-04-19,2021-03-31,Eastmoney fund report index via AkShare fund_announcement_report_em,AN202104191486300584,2021-04-19T23:59:59+08:00,available_after_announcement_date_end,official_announcement_index,third_party_index_date_unverified_pdf
FUND_REPORT_2d9263f0b2600c321386,PUBLIC_FUND_005827,005827,易方达蓝筹精选混合型证券投资基金2021年第2季度报告,2021-07-20,2021-06-30,Eastmoney fund report index via AkShare fund_announcement_report_em,AN202107201504925410,2021-07-20T23:59:59+08:00,available_after_announcement_date_end,official_announcement_index,third_party_index_date_unverified_pdf
FUND_REPORT_a811fbf4d0b98cb94799,PUBLIC_FUND_005827,005827,易方达蓝筹精选混合型证券投资基金2021年中期报告,2021-08-28,2021-06-30,Eastmoney fund report index via AkShare fund_announcement_report_em,AN202108281512825214,2021-08-28T23:59:59+08:00,available_after_announcement_date_end,official_announcement_index,third_party_index_date_unverified_pdf
FUND_REPORT_3c9ef504aeac61d8d927,PUBLIC_FUND_005827,005827,易方达蓝筹精选混合型证券投资基金2021年第三季度报告,2021-10-27,,Eastmoney fund report index via AkShare fund_announcement_report_em,AN202110271525198677,2021-10-27T23:59:59+08:00,available_after_announcement_date_end,official_announcement_index,third_party_index_date_unverified_pdf
FUND_REPORT_ce635e9f4acd10416807,PUBLIC_FUND_005827,005827,易方达蓝筹精选混合型证券投资基金2021年第四季度报告,2022-01-21,,Eastmoney fund report index via AkShare fund_announcement_report_em,AN202201211541602629,2022-01-21T23:59:59+08:00,available_after_announcement_date_end,official_announcement_index,third_party_index_date_unverified_pdf
FUND_REPORT_50b8a28a23fbe627b01b,PUBLIC_FUND_005827,005827,易方达蓝筹精选混合型证券投资基金2021年年度报告,2022-03-30,2021-12-31,Eastmoney fund report index via AkShare fund_announcement_report_em,AN202203301555874872,2022-03-30T23:59:59+08:00,available_after_announcement_date_end,official_announcement_index,third_party_index_date_unverified_pdf
FUND_REPORT_436b5cdaa49311c201b5,PUBLIC_FUND_005827,005827,易方达蓝筹精选混合型证券投资基金2022年第一季度报告,2022-04-22,,Eastmoney fund report index via AkShare fund_announcement_report_em,AN202204221560738544,2022-04-22T23:59:59+08:00,available_after_announcement_date_end,official_announcement_index,third_party_index_date_unverified_pdf
FUND_REPORT_6e9a4ef6560b4efbb790,PUBLIC_FUND_005827,005827,易方达蓝筹精选混合型证券投资基金2022年第二季度报告,2022-07-20,,Eastmoney fund report index via AkShare fund_announcement_report_em,AN202207201576355278,2022-07-20T23:59:59+08:00,available_after_announcement_date_end,official_announcement_index,third_party_index_date_unverified_pdf
FUND_REPORT_ba37a6d6d8d980990119,PUBLIC_FUND_005827,005827,易方达蓝筹精选混合型证券投资基金2022年中期报告,2022-08-30,2022-06-30,Eastmoney fund report index via AkShare fund_announcement_report_em,AN202208301577811008,2022-08-30T23:59:59+08:00,available_after_announcement_date_end,official_announcement_index,third_party_index_date_unverified_pdf
FUND_REPORT_807fed17f49b1c15a6f5,PUBLIC_FUND_005827,005827,易方达蓝筹精选混合型证券投资基金2022年第三季度报告,2022-10-26,,Eastmoney fund report index via AkShare fund_announcement_report_em,AN202210261579465363,2022-10-26T23:59:59+08:00,available_after_announcement_date_end,official_announcement_index,third_party_index_date_unverified_pdf
FUND_REPORT_d9a3e17b8006e118c606,PUBLIC_FUND_005827,005827,易方达蓝筹精选混合型证券投资基金2022年第四季度报告,2023-01-20,,Eastmoney fund report index via AkShare fund_announcement_report_em,AN202301201582206802,2023-01-20T23:59:59+08:00,available_after_announcement_date_end,official_announcement_index,third_party_index_date_unverified_pdf
FUND_REPORT_66025879347cd39ba4f9,PUBLIC_FUND_005827,005827,易方达蓝筹精选混合型证券投资基金2022年年度报告,2023-03-30,2022-12-31,Eastmoney fund report index via AkShare fund_announcement_report_em,AN202303301584670905,2023-03-30T23:59:59+08:00,available_after_announcement_date_end,official_announcement_index,third_party_index_date_unverified_pdf
FUND_REPORT_f68a1c35dbc4b632e17c,PUBLIC_FUND_005827,005827,易方达蓝筹精选混合型证券投资基金2023年第1季度报告,2023-04-21,2023-03-31,Eastmoney fund report index via AkShare fund_announcement_report_em,AN202304211585650536,2023-04-21T23:59:59+08:00,available_after_announcement_date_end,official_announcement_index,third_party_index_date_unverified_pdf
FUND_REPORT_d7f325524b97aa673593,PUBLIC_FUND_005827,005827,易方达蓝筹精选混合型证券投资基金2023年第2季度报告,2023-07-20,2023-06-30,Eastmoney fund report index via AkShare fund_announcement_report_em,AN202307201592450713,2023-07-20T23:59:59+08:00,available_after_announcement_date_end,official_announcement_index,third_party_index_date_unverified_pdf
FUND_REPORT_8d744c39bfe8a7f51ebf,PUBLIC_FUND_005827,005827,易方达蓝筹精选混合型证券投资基金2023年中期报告,2023-08-30,2023-06-30,Eastmoney fund report index via AkShare fund_announcement_report_em,AN202308301596748948,2023-08-30T23:59:59+08:00,available_after_announcement_date_end,official_announcement_index,third_party_index_date_unverified_pdf
FUND_REPORT_5c2bbda125687479766c,PUBLIC_FUND_005827,005827,易方达蓝筹精选混合型证券投资基金2023年第3季度报告,2023-10-25,2023-09-30,Eastmoney fund report index via AkShare fund_announcement_report_em,AN202310251603091740,2023-10-25T23:59:59+08:00,available_after_announcement_date_end,official_announcement_index,third_party_index_date_unverified_pdf
FUND_REPORT_ce4f7b4832868e0160af,PUBLIC_FUND_005827,005827,易方达蓝筹精选混合型证券投资基金2023年第4季度报告,2024-01-19,2023-12-31,Eastmoney fund report index via AkShare fund_announcement_report_em,AN202401191617701319,2024-01-19T23:59:59+08:00,available_after_announcement_date_end,official_announcement_index,third_party_index_date_unverified_pdf
FUND_REPORT_b0d7fa3d18744ceb51a1,PUBLIC_FUND_005827,005827,易方达蓝筹精选混合型证券投资基金2023年年度报告,2024-03-29,2023-12-31,Eastmoney fund report index via AkShare fund_announcement_report_em,AN202403291628617282,2024-03-29T23:59:59+08:00,available_after_announcement_date_end,official_announcement_index,third_party_index_date_unverified_pdf
FUND_REPORT_40a29be4e9769372005a,PUBLIC_FUND_005827,005827,易方达蓝筹精选混合型证券投资基金2024年第1季度报告,2024-04-20,2024-03-31,Eastmoney fund report index via AkShare fund_announcement_report_em,AN202404201630730847,2024-04-20T23:59:59+08:00,available_after_announcement_date_end,official_announcement_index,third_party_index_date_unverified_pdf
FUND_REPORT_3f4ff48b14c40369b3d8,PUBLIC_FUND_005827,005827,易方达蓝筹精选混合型证券投资基金2024年第2季度报告,2024-07-18,2024-06-30,Eastmoney fund report index via AkShare fund_announcement_report_em,AN202407181638016874,2024-07-18T23:59:59+08:00,available_after_announcement_date_end,official_announcement_index,third_party_index_date_unverified_pdf
FUND_REPORT_d1da58391ebb1d551da7,PUBLIC_FUND_005827,005827,易方达蓝筹精选混合型证券投资基金2024年中期报告,2024-08-30,2024-06-30,Eastmoney fund report index via AkShare fund_announcement_report_em,AN202408301639584696,2024-08-30T23:59:59+08:00,available_after_announcement_date_end,official_announcement_index,third_party_index_date_unverified_pdf
FUND_REPORT_c629bf4ee9a977f86016,PUBLIC_FUND_005827,005827,易方达蓝筹精选混合型证券投资基金2024年第3季度报告,2024-10-25,2024-09-30,Eastmoney fund report index via AkShare fund_announcement_report_em,AN202410251640473331,2024-10-25T23:59:59+08:00,available_after_announcement_date_end,official_announcement_index,third_party_index_date_unverified_pdf
FUND_REPORT_2b5cf644435becd89ea4,PUBLIC_FUND_005827,005827,易方达蓝筹精选混合型证券投资基金2024年第4季度报告,2025-01-21,2024-12-31,Eastmoney fund report index via AkShare fund_announcement_report_em,AN202501211642379311,2025-01-21T23:59:59+08:00,available_after_announcement_date_end,official_announcement_index,third_party_index_date_unverified_pdf
FUND_REPORT_6daf931423b09f918449,PUBLIC_FUND_005827,005827,易方达蓝筹精选混合型证券投资基金2024年年度报告,2025-03-31,2024-12-31,Eastmoney fund report index via AkShare fund_announcement_report_em,AN202503311649265642,2025-03-31T23:59:59+08:00,available_after_announcement_date_end,official_announcement_index,third_party_index_date_unverified_pdf
FUND_REPORT_7acd2659c8d95c9a6070,PUBLIC_FUND_005827,005827,易方达蓝筹精选混合型证券投资基金2025年第1季度报告,2025-04-22,2025-03-31,Eastmoney fund report index via AkShare fund_announcement_report_em,AN202504221660341206,2025-04-22T23:59:59+08:00,available_after_announcement_date_end,official_announcement_index,third_party_index_date_unverified_pdf
FUND_REPORT_4031e0697d5d1cdf3579,PUBLIC_FUND_005827,005827,易方达蓝筹精选混合型证券投资基金2025年第2季度报告,2025-07-21,2025-06-30,Eastmoney fund report index via AkShare fund_announcement_report_em,AN202507211712589911,2025-07-21T23:59:59+08:00,available_after_announcement_date_end,official_announcement_index,third_party_index_date_unverified_pdf
FUND_REPORT_dc5cb7eb8677d3c4c14b,PUBLIC_FUND_005827,005827,易方达蓝筹精选混合型证券投资基金2025年中期报告,2025-08-30,2025-06-30,Eastmoney fund report index via AkShare fund_announcement_report_em,AN202508301736617543,2025-08-30T23:59:59+08:00,available_after_announcement_date_end,official_announcement_index,third_party_index_date_unverified_pdf
FUND_REPORT_c51db1de335f646e9a80,PUBLIC_FUND_005827,005827,易方达蓝筹精选混合型证券投资基金2025年第3季度报告,2025-10-28,2025-09-30,Eastmoney fund report index via AkShare fund_announcement_report_em,AN202510281770215815,2025-10-28T23:59:59+08:00,available_after_announcement_date_end,official_announcement_index,third_party_index_date_unverified_pdf
FUND_REPORT_a36b057b20df25d3efc0,PUBLIC_FUND_005827,005827,易方达蓝筹精选混合型证券投资基金2025年第4季度报告,2026-01-22,2025-12-31,Eastmoney fund report index via AkShare fund_announcement_report_em,AN202601221818222717,2026-01-22T23:59:59+08:00,available_after_announcement_date_end,official_announcement_index,third_party_index_date_unverified_pdf
FUND_REPORT_68eb1be228d765d503b6,PUBLIC_FUND_005827,005827,易方达蓝筹精选混合型证券投资基金2025年年度报告,2026-03-31,2025-12-31,Eastmoney fund report index via AkShare fund_announcement_report_em,AN202603311820890855,2026-03-31T23:59:59+08:00,available_after_announcement_date_end,official_announcement_index,third_party_index_date_unverified_pdf
FUND_REPORT_e0d00f010d662a8da1c5,PUBLIC_FUND_005827,005827,易方达蓝筹精选混合型证券投资基金2026年第1季度报告,2026-04-22,2026-03-31,Eastmoney fund report index via AkShare fund_announcement_report_em,AN202604221821399825,2026-04-22T23:59:59+08:00,available_after_announcement_date_end,official_announcement_index,third_party_index_date_unverified_pdf
FUND_REPORT_2f6b548ec19f63cea1ce,PUBLIC_FUND_005827,005827,易方达蓝筹精选混合型证券投资基金2026年第2季度报告,2026-07-21,2026-06-30,Eastmoney fund report index via AkShare fund_announcement_report_em,AN202607211827164078,2026-07-21T23:59:59+08:00,available_after_announcement_date_end,official_announcement_index,third_party_index_date_unverified_pdf
FUND_REPORT_61ff35ff03ee3290ba50,PUBLIC_FUND_260108,260108,景顺成长：2012年第四季度报告,2013-01-21,,Eastmoney fund report index via AkShare fund_announcement_report_em,AN201301210005703724,2013-01-21T23:59:59+08:00,available_after_announcement_date_end,official_announcement_index,third_party_index_date_unverified_pdf
FUND_REPORT_8eb4c986fdb40bc3bbb1,PUBLIC_FUND_260108,260108,景顺成长：2012年年度报告摘要,2013-03-28,2012-12-31,Eastmoney fund report index via AkShare fund_announcement_report_em,AN201303280005814252,2013-03-28T23:59:59+08:00,available_after_announcement_date_end,official_announcement_index,third_party_index_date_unverified_pdf
FUND_REPORT_268a9115f676abbe3b9c,PUBLIC_FUND_260108,260108,景顺成长：2012年年度报告,2013-03-28,2012-12-31,Eastmoney fund report index via AkShare fund_announcement_report_em,AN201303280005814253,2013-03-28T23:59:59+08:00,available_after_announcement_date_end,official_announcement_index,third_party_index_date_unverified_pdf
FUND_REPORT_f074111f654221339f64,PUBLIC_FUND_260108,260108,景顺成长:2013年第一季度报告,2013-04-19,,Eastmoney fund report index via AkShare fund_announcement_report_em,AN201304190003189236,2013-04-19T23:59:59+08:00,available_after_announcement_date_end,official_announcement_index,third_party_index_date_unverified_pdf
FUND_REPORT_609a324d978f5e44c785,PUBLIC_FUND_260108,260108,景顺长城基金管理有限公司关于旗下开放式基金2013年6月30日基金资产净值和份额净值的公告,2013-07-01,,Eastmoney fund report index via AkShare fund_announcement_report_em,AN201307010003486917,2013-07-01T23:59:59+08:00,available_after_announcement_date_end,official_announcement_index,third_party_index_date_unverified_pdf
FUND_REPORT_c90e4d6414f716ddc5da,PUBLIC_FUND_260108,260108,景顺成长:2013年第二季度报告,2013-07-19,,Eastmoney fund report index via AkShare fund_announcement_report_em,AN201307190003620347,2013-07-19T23:59:59+08:00,available_after_announcement_date_end,official_announcement_index,third_party_index_date_unverified_pdf
FUND_REPORT_106caaf981f1284b2879,PUBLIC_FUND_260108,260108,景顺成长:2013年半年度报告摘要,2013-08-26,2013-12-31,Eastmoney fund report index via AkShare fund_announcement_report_em,AN201308260004264125,2013-08-26T23:59:59+08:00,available_after_announcement_date_end,official_announcement_index,third_party_index_date_unverified_pdf
FUND_REPORT_0393688b4dd89d26568d,PUBLIC_FUND_260108,260108,景顺成长:2013年半年度报告,2013-08-26,2013-12-31,Eastmoney fund report index via AkShare fund_announcement_report_em,AN201308260004264142,2013-08-26T23:59:59+08:00,available_after_announcement_date_end,official_announcement_index,third_party_index_date_unverified_pdf
FUND_REPORT_59e2f0eb6bee4a50c263,PUBLIC_FUND_260108,260108,景顺长城新兴成长股票型证券投资基金2013年第3季度报告,2013-10-24,2013-09-30,Eastmoney fund report index via AkShare fund_announcement_report_em,AN201310230004542484,2013-10-24T23:59:59+08:00,available_after_announcement_date_end,official_announcement_index,third_party_index_date_unverified_pdf
FUND_REPORT_2786131c338c3281c514,PUBLIC_FUND_260108,260108,景顺长城新兴成长股票型证券投资基金2013年第4季度报告ok,2014-01-20,2013-12-31,Eastmoney fund report index via AkShare fund_announcement_report_em,AN201401170005005287,2014-01-20T23:59:59+08:00,available_after_announcement_date_end,official_announcement_index,third_party_index_date_unverified_pdf
FUND_REPORT_db024378e958b2443295,PUBLIC_FUND_260108,260108,景顺长城新兴成长股票型证券投资基金2013年年度报告,2014-03-26,2013-12-31,Eastmoney fund report index via AkShare fund_announcement_report_em,AN201403260005318188,2014-03-26T23:59:59+08:00,available_after_announcement_date_end,official_announcement_index,third_party_index_date_unverified_pdf
FUND_REPORT_eed46424d8979b5b9d48,PUBLIC_FUND_260108,260108,景顺长城新兴成长股票型证券投资基金2013年年度报告摘要,2014-03-26,2013-12-31,Eastmoney fund report index via AkShare fund_announcement_report_em,AN201403250005313435,2014-03-26T23:59:59+08:00,available_after_announcement_date_end,official_announcement_index,third_party_index_date_unverified_pdf
FUND_REPORT_406ddf646c5e6eac02c9,PUBLIC_FUND_260108,260108,景顺长城新兴成长股票型证券投资基金2014年第1季度报告,2014-04-22,2014-03-31,Eastmoney fund report index via AkShare fund_announcement_report_em,AN201404210005470784,2014-04-22T23:59:59+08:00,available_after_announcement_date_end,official_announcement_index,third_party_index_date_unverified_pdf
FUND_REPORT_ce4251e1c2e2ac6cf6db,PUBLIC_FUND_260108,260108,景顺长城新兴成长股票型证券投资基金2014年第2季度报告,2014-07-19,2014-06-30,Eastmoney fund report index via AkShare fund_announcement_report_em,AN201407180006386941,2014-07-19T23:59:59+08:00,available_after_announcement_date_end,official_announcement_index,third_party_index_date_unverified_pdf
FUND_REPORT_3cc035c9eb60cea23856,PUBLIC_FUND_260108,260108,景顺长城新兴成长股票型证券投资基金2014年半年度报告摘要,2014-08-25,2014-12-31,Eastmoney fund report index via AkShare fund_announcement_report_em,AN201408250006765280,2014-08-25T23:59:59+08:00,available_after_announcement_date_end,official_announcement_index,third_party_index_date_unverified_pdf
FUND_REPORT_32126fe7ba1856b2dd24,PUBLIC_FUND_260108,260108,景顺长城新兴成长股票型证券投资基金2014年半年度报告,2014-08-25,2014-12-31,Eastmoney fund report index via AkShare fund_announcement_report_em,AN201408250006765279,2014-08-25T23:59:59+08:00,available_after_announcement_date_end,official_announcement_index,third_party_index_date_unverified_pdf
FUND_REPORT_348f228473e2d0d8a8a1,PUBLIC_FUND_260108,260108,景顺长城新兴成长股票型证券投资基金2014年第3季度报告,2014-10-24,2014-09-30,Eastmoney fund report index via AkShare fund_announcement_report_em,AN201410230007403342,2014-10-24T23:59:59+08:00,available_after_announcement_date_end,official_announcement_index,third_party_index_date_unverified_pdf
FUND_REPORT_03f2f750ab81ac972bbe,PUBLIC_FUND_260108,260108,景顺长城新兴成长股票型证券投资基金2014年第4季度报告,2015-01-22,2014-12-31,Eastmoney fund report index via AkShare fund_announcement_report_em,AN201501210008184180,2015-01-22T23:59:59+08:00,available_after_announcement_date_end,official_announcement_index,third_party_index_date_unverified_pdf
FUND_REPORT_82a8e1c2952f8d4a4bcf,PUBLIC_FUND_260108,260108,景顺长城新兴成长股票型证券投资基金2014年度报告摘要,2015-03-31,2014-12-31,Eastmoney fund report index via AkShare fund_announcement_report_em,AN201503300009001334,2015-03-31T23:59:59+08:00,available_after_announcement_date_end,official_announcement_index,third_party_index_date_unverified_pdf
FUND_REPORT_10980c765bc75dfa4e1c,PUBLIC_FUND_260108,260108,景顺长城新兴成长股票型证券投资基金2014年年度报告,2015-03-31,2014-12-31,Eastmoney fund report index via AkShare fund_announcement_report_em,AN201503310009013999,2015-03-31T23:59:59+08:00,available_after_announcement_date_end,official_announcement_index,third_party_index_date_unverified_pdf
FUND_REPORT_71bfa83f8f366a94ad8c,PUBLIC_FUND_260108,260108,景顺长城新兴成长股票型证券投资基金2015年第1季度报告,2015-04-21,2015-03-31,Eastmoney fund report index via AkShare fund_announcement_report_em,AN201504200009274459,2015-04-21T23:59:59+08:00,available_after_announcement_date_end,official_announcement_index,third_party_index_date_unverified_pdf
FUND_REPORT_e78a0f5c61d83363d252,PUBLIC_FUND_260108,260108,景顺长城新兴成长股票型证券投资基金2015年第2季度报告,2015-07-18,2015-06-30,Eastmoney fund report index via AkShare fund_announcement_report_em,AN201507170010239853,2015-07-18T23:59:59+08:00,available_after_announcement_date_end,official_announcement_index,third_party_index_date_unverified_pdf
FUND_REPORT_32bbf0a87cf2bebf15bd,PUBLIC_FUND_260108,260108,景顺长城新兴成长股票型证券投资基金2015年半年度报告摘要,2015-08-29,2015-12-31,Eastmoney fund report index via AkShare fund_announcement_report_em,AN201508280010653956,2015-08-29T23:59:59+08:00,available_after_announcement_date_end,official_announcement_index,third_party_index_date_unverified_pdf
FUND_REPORT_1f17e76573b48b48f313,PUBLIC_FUND_260108,260108,景顺长城新兴成长股票型证券投资基金2015年半年度报告,2015-08-29,2015-12-31,Eastmoney fund report index via AkShare fund_announcement_report_em,AN201508310010670390,2015-08-29T23:59:59+08:00,available_after_announcement_date_end,official_announcement_index,third_party_index_date_unverified_pdf
FUND_REPORT_12157ec53b9bfe51c92d,PUBLIC_FUND_260108,260108,景顺长城新兴成长混合型证券投资基金2015年第3季度报告,2015-10-27,2015-09-30,Eastmoney fund report index via AkShare fund_announcement_report_em,AN201510260011184214,2015-10-27T23:59:59+08:00,available_after_announcement_date_end,official_announcement_index,third_party_index_date_unverified_pdf
FUND_REPORT_c50a394c207e6429569e,PUBLIC_FUND_260108,260108,景顺长城新兴成长混合型证券投资基金2015年第4季度报告,2016-01-21,2015-12-31,Eastmoney fund report index via AkShare fund_announcement_report_em,AN201601200013195920,2016-01-21T23:59:59+08:00,available_after_announcement_date_end,official_announcement_index,third_party_index_date_unverified_pdf
FUND_REPORT_00b787c289063ee1a016,PUBLIC_FUND_260108,260108,景顺长城新兴成长混合型证券投资基金2015年年度报告,2016-03-29,2015-12-31,Eastmoney fund report index via AkShare fund_announcement_report_em,AN201603290014116892,2016-03-29T23:59:59+08:00,available_after_announcement_date_end,official_announcement_index,third_party_index_date_unverified_pdf
FUND_REPORT_47d8ede707029538c351,PUBLIC_FUND_260108,260108,景顺长城新兴成长混合型证券投资基金2015年年度报告摘要,2016-03-29,2015-12-31,Eastmoney fund report index via AkShare fund_announcement_report_em,AN201603280014106975,2016-03-29T23:59:59+08:00,available_after_announcement_date_end,official_announcement_index,third_party_index_date_unverified_pdf
FUND_REPORT_ded710d6fb3018cf7d86,PUBLIC_FUND_260108,260108,景顺长城新兴成长混合型证券投资基金2016年第1季度报告,2016-04-20,2016-03-31,Eastmoney fund report index via AkShare fund_announcement_report_em,AN201604190014426951,2016-04-20T23:59:59+08:00,available_after_announcement_date_end,official_announcement_index,third_party_index_date_unverified_pdf
FUND_REPORT_27fddac796c86737a5c2,PUBLIC_FUND_260108,260108,景顺长城新兴成长混合型证券投资基金2016年第2季度报告,2016-07-21,2016-06-30,Eastmoney fund report index via AkShare fund_announcement_report_em,AN201607200016668035,2016-07-21T23:59:59+08:00,available_after_announcement_date_end,official_announcement_index,third_party_index_date_unverified_pdf
FUND_REPORT_2b782ffe0b798e34f06c,PUBLIC_FUND_260108,260108,景顺长城新兴成长混合型证券投资基金2016年半年度报告摘要,2016-08-27,2016-12-31,Eastmoney fund report index via AkShare fund_announcement_report_em,AN201608260017351427,2016-08-27T23:59:59+08:00,available_after_announcement_date_end,official_announcement_index,third_party_index_date_unverified_pdf
FUND_REPORT_d2a88558959da558439d,PUBLIC_FUND_260108,260108,景顺长城新兴成长混合型证券投资基金2016年半年度报告,2016-08-27,2016-12-31,Eastmoney fund report index via AkShare fund_announcement_report_em,AN201608290017364727,2016-08-27T23:59:59+08:00,available_after_announcement_date_end,official_announcement_index,third_party_index_date_unverified_pdf
FUND_REPORT_fee3e7867de1328fad38,PUBLIC_FUND_260108,260108,景顺长城新兴成长混合型证券投资基金2016年第3季度报告,2016-10-25,2016-09-30,Eastmoney fund report index via AkShare fund_announcement_report_em,AN201610250023617627,2016-10-25T23:59:59+08:00,available_after_announcement_date_end,official_announcement_index,third_party_index_date_unverified_pdf
FUND_REPORT_09234c8e333e44f553b0,PUBLIC_FUND_260108,260108,景顺长城新兴成长混合型证券投资基金2016年第4季度报告,2017-01-19,2016-12-31,Eastmoney fund report index via AkShare fund_announcement_report_em,AN201701190278269830,2017-01-19T23:59:59+08:00,available_after_announcement_date_end,official_announcement_index,third_party_index_date_unverified_pdf
FUND_REPORT_c3c572e4559b254b3e4a,PUBLIC_FUND_260108,260108,景顺长城新兴成长混合型证券投资基金2016年年度报告摘要,2017-03-29,2016-12-31,Eastmoney fund report index via AkShare fund_announcement_report_em,AN201703280445383450,2017-03-29T23:59:59+08:00,available_after_announcement_date_end,official_announcement_index,third_party_index_date_unverified_pdf
FUND_REPORT_f52ebec75dbaf5d59b17,PUBLIC_FUND_260108,260108,景顺长城新兴成长混合型证券投资基金2016年年度报告,2017-03-29,2016-12-31,Eastmoney fund report index via AkShare fund_announcement_report_em,AN201703290448032711,2017-03-29T23:59:59+08:00,available_after_announcement_date_end,official_announcement_index,third_party_index_date_unverified_pdf
FUND_REPORT_47a13ce6dee79ee55553,PUBLIC_FUND_260108,260108,景顺长城新兴成长混合型证券投资基金2017年第1季度报告,2017-04-24,2017-03-31,Eastmoney fund report index via AkShare fund_announcement_report_em,AN201704210521782002,2017-04-24T23:59:59+08:00,available_after_announcement_date_end,official_announcement_index,third_party_index_date_unverified_pdf
FUND_REPORT_3379578832ab86b7ba4b,PUBLIC_FUND_260108,260108,景顺长城新兴成长混合型证券投资基金2017年第2季度报告,2017-07-20,2017-06-30,Eastmoney fund report index via AkShare fund_announcement_report_em,AN201707190729800035,2017-07-20T23:59:59+08:00,available_after_announcement_date_end,official_announcement_index,third_party_index_date_unverified_pdf
FUND_REPORT_27c9273f4107e41d6318,PUBLIC_FUND_260108,260108,景顺长城新兴成长混合型证券投资基金2017年半年度报告,2017-08-26,2017-12-31,Eastmoney fund report index via AkShare fund_announcement_report_em,AN201708310841718815,2017-08-26T23:59:59+08:00,available_after_announcement_date_end,official_announcement_index,third_party_index_date_unverified_pdf
FUND_REPORT_d8fe631bdfe7d6c7fb0f,PUBLIC_FUND_260108,260108,景顺长城新兴成长混合型证券投资基金2017年半年度报告摘要,2017-08-26,2017-12-31,Eastmoney fund report index via AkShare fund_announcement_report_em,AN201708250828045325,2017-08-26T23:59:59+08:00,available_after_announcement_date_end,official_announcement_index,third_party_index_date_unverified_pdf
FUND_REPORT_9324b0606829589c1646,PUBLIC_FUND_260108,260108,景顺长城新兴成长混合型证券投资基金2017年第3季度报告,2017-10-25,2017-09-30,Eastmoney fund report index via AkShare fund_announcement_report_em,AN201710240974803348,2017-10-25T23:59:59+08:00,available_after_announcement_date_end,official_announcement_index,third_party_index_date_unverified_pdf
FUND_REPORT_ec233b601ab250a9f2d6,PUBLIC_FUND_260108,260108,景顺长城新兴成长混合型证券投资基金2017年第4季度报告,2018-01-22,2017-12-31,Eastmoney fund report index via AkShare fund_announcement_report_em,AN201801191079793150,2018-01-22T23:59:59+08:00,available_after_announcement_date_end,official_announcement_index,third_party_index_date_unverified_pdf
FUND_REPORT_cb16ca6712598d220fe4,PUBLIC_FUND_260108,260108,景顺长城新兴成长混合型证券投资基金2017年年度报告摘要,2018-03-28,2017-12-31,Eastmoney fund report index via AkShare fund_announcement_report_em,AN201803271111809015,2018-03-28T23:59:59+08:00,available_after_announcement_date_end,official_announcement_index,third_party_index_date_unverified_pdf
FUND_REPORT_7610d3d9a62a29d352b8,PUBLIC_FUND_260108,260108,景顺长城新兴成长混合型证券投资基金2017年年度报告,2018-03-28,2017-12-31,Eastmoney fund report index via AkShare fund_announcement_report_em,AN201803281112574498,2018-03-28T23:59:59+08:00,available_after_announcement_date_end,official_announcement_index,third_party_index_date_unverified_pdf
FUND_REPORT_2c66bda5036694deb9cb,PUBLIC_FUND_260108,260108,景顺长城新兴成长混合型证券投资基金2018年第1季度报告,2018-04-21,2018-03-31,Eastmoney fund report index via AkShare fund_announcement_report_em,AN201804201127185887,2018-04-21T23:59:59+08:00,available_after_announcement_date_end,official_announcement_index,third_party_index_date_unverified_pdf
FUND_REPORT_c10a876d316bfe84d902,PUBLIC_FUND_260108,260108,景顺长城新兴成长混合型证券投资基金2018年第2季度报告,2018-07-18,2018-06-30,Eastmoney fund report index via AkShare fund_announcement_report_em,AN201807171167343050,2018-07-18T23:59:59+08:00,available_after_announcement_date_end,official_announcement_index,third_party_index_date_unverified_pdf
FUND_REPORT_4ffd26b5d276c276d5c7,PUBLIC_FUND_260108,260108,景顺长城新兴成长混合型证券投资基金2018年半年度报告摘要,2018-08-25,2018-12-31,Eastmoney fund report index via AkShare fund_announcement_report_em,AN201808241182726195,2018-08-25T23:59:59+08:00,available_after_announcement_date_end,official_announcement_index,third_party_index_date_unverified_pdf
FUND_REPORT_957ec8a8302fc7dfd451,PUBLIC_FUND_260108,260108,景顺长城新兴成长混合型证券投资基金2018年半年度报告,2018-08-25,2018-12-31,Eastmoney fund report index via AkShare fund_announcement_report_em,AN201808251182999271,2018-08-25T23:59:59+08:00,available_after_announcement_date_end,official_announcement_index,third_party_index_date_unverified_pdf
FUND_REPORT_a46e616d736dee898e20,PUBLIC_FUND_260108,260108,景顺长城新兴成长混合型证券投资基金2018年第3季度报告,2018-10-26,2018-09-30,Eastmoney fund report index via AkShare fund_announcement_report_em,AN201810251221668299,2018-10-26T23:59:59+08:00,available_after_announcement_date_end,official_announcement_index,third_party_index_date_unverified_pdf
FUND_REPORT_3670559c36212b7f40a8,PUBLIC_FUND_260108,260108,景顺长城新兴成长混合型证券投资基金2018年第4季度报告,2019-01-21,2018-12-31,Eastmoney fund report index via AkShare fund_announcement_report_em,AN201901181286957423,2019-01-21T23:59:59+08:00,available_after_announcement_date_end,official_announcement_index,third_party_index_date_unverified_pdf
FUND_REPORT_205728207cdbf5930e69,PUBLIC_FUND_260108,260108,景顺长城新兴成长混合型证券投资基金2018年年度报告,2019-03-26,2018-12-31,Eastmoney fund report index via AkShare fund_announcement_report_em,AN201903261309703638,2019-03-26T23:59:59+08:00,available_after_announcement_date_end,official_announcement_index,third_party_index_date_unverified_pdf
FUND_REPORT_98f01507d3129d76f150,PUBLIC_FUND_260108,260108,景顺长城新兴成长混合型证券投资基金2018年年度报告摘要,2019-03-26,2018-12-31,Eastmoney fund report index via AkShare fund_announcement_report_em,AN201903261309703644,2019-03-26T23:59:59+08:00,available_after_announcement_date_end,official_announcement_index,third_party_index_date_unverified_pdf
FUND_REPORT_d099673c65efcb433ca0,PUBLIC_FUND_260108,260108,景顺长城新兴成长混合型证券投资基金2019年第1季度报告,2019-04-20,2019-03-31,Eastmoney fund report index via AkShare fund_announcement_report_em,AN201904201321014467,2019-04-20T23:59:59+08:00,available_after_announcement_date_end,official_announcement_index,third_party_index_date_unverified_pdf
FUND_REPORT_a8d7e880e309b77c8000,PUBLIC_FUND_260108,260108,景顺长城新兴成长混合型证券投资基金2019年第2季度报告,2019-07-17,2019-06-30,Eastmoney fund report index via AkShare fund_announcement_report_em,AN201907171339129922,2019-07-17T23:59:59+08:00,available_after_announcement_date_end,official_announcement_index,third_party_index_date_unverified_pdf
FUND_REPORT_c20200d0490a923e1e50,PUBLIC_FUND_260108,260108,景顺长城新兴成长混合型证券投资基金2019年半年度报告,2019-08-23,2019-12-31,Eastmoney fund report index via AkShare fund_announcement_report_em,AN201908231344929209,2019-08-23T23:59:59+08:00,available_after_announcement_date_end,official_announcement_index,third_party_index_date_unverified_pdf
FUND_REPORT_2180cc2a3aadda62c3c1,PUBLIC_FUND_260108,260108,景顺长城新兴成长混合型证券投资基金2019年半年度报告摘要,2019-08-23,2019-12-31,Eastmoney fund report index via AkShare fund_announcement_report_em,AN201908231344929545,2019-08-23T23:59:59+08:00,available_after_announcement_date_end,official_announcement_index,third_party_index_date_unverified_pdf
FUND_REPORT_f8ff41fc0fbc6d97fec6,PUBLIC_FUND_260108,260108,景顺长城新兴成长混合型证券投资基金2019年第3季度报告,2019-10-22,2019-09-30,Eastmoney fund report index via AkShare fund_announcement_report_em,AN201910221369404444,2019-10-22T23:59:59+08:00,available_after_announcement_date_end,official_announcement_index,third_party_index_date_unverified_pdf
FUND_REPORT_9024ce81592b01afd883,PUBLIC_FUND_260108,260108,景顺长城新兴成长混合型证券投资基金2019年第4季度报告,2020-01-21,2019-12-31,Eastmoney fund report index via AkShare fund_announcement_report_em,AN202001211374410048,2020-01-21T23:59:59+08:00,available_after_announcement_date_end,official_announcement_index,third_party_index_date_unverified_pdf
FUND_REPORT_b37d004ae65a6aa44cda,PUBLIC_FUND_260108,260108,景顺长城新兴成长混合型证券投资基金2019年年度报告,2020-04-20,2019-12-31,Eastmoney fund report index via AkShare fund_announcement_report_em,AN202004201378229277,2020-04-20T23:59:59+08:00,available_after_announcement_date_end,official_announcement_index,third_party_index_date_unverified_pdf
FUND_REPORT_dbc2d638e7ffaa29416d,PUBLIC_FUND_260108,260108,景顺长城新兴成长混合型证券投资基金2019年年度报告摘要,2020-04-20,2019-12-31,Eastmoney fund report index via AkShare fund_announcement_report_em,AN202004201378232148,2020-04-20T23:59:59+08:00,available_after_announcement_date_end,official_announcement_index,third_party_index_date_unverified_pdf
FUND_REPORT_e16029177cc84439db7c,PUBLIC_FUND_260108,260108,景顺长城新兴成长混合型证券投资基金2020年第1季度报告,2020-04-22,2020-03-31,Eastmoney fund report index via AkShare fund_announcement_report_em,AN202004221378377399,2020-04-22T23:59:59+08:00,available_after_announcement_date_end,official_announcement_index,third_party_index_date_unverified_pdf
FUND_REPORT_764c13e9e0b1d45f1efd,PUBLIC_FUND_260108,260108,景顺长城新兴成长混合型证券投资基金2020年第2季度报告,2020-07-21,2020-06-30,Eastmoney fund report index via AkShare fund_announcement_report_em,AN202007211393053166,2020-07-21T23:59:59+08:00,available_after_announcement_date_end,official_announcement_index,third_party_index_date_unverified_pdf
FUND_REPORT_8fa749b1abd99a714fbf,PUBLIC_FUND_260108,260108,景顺长城新兴成长混合型证券投资基金2020年中期报告,2020-08-24,2020-06-30,Eastmoney fund report index via AkShare fund_announcement_report_em,AN202008241400910563,2020-08-24T23:59:59+08:00,available_after_announcement_date_end,official_announcement_index,third_party_index_date_unverified_pdf
FUND_REPORT_2026e6bb28c858ab2b4e,PUBLIC_FUND_260108,260108,景顺长城新兴成长混合型证券投资基金2020年中期报告摘要,2020-08-24,2020-06-30,Eastmoney fund report index via AkShare fund_announcement_report_em,AN202008241400914610,2020-08-24T23:59:59+08:00,available_after_announcement_date_end,official_announcement_index,third_party_index_date_unverified_pdf
FUND_REPORT_3810b6bb712399edcb23,PUBLIC_FUND_260108,260108,景顺长城新兴成长混合型证券投资基金2020年第3季度报告,2020-10-27,2020-09-30,Eastmoney fund report index via AkShare fund_announcement_report_em,AN202010271423923985,2020-10-27T23:59:59+08:00,available_after_announcement_date_end,official_announcement_index,third_party_index_date_unverified_pdf
FUND_REPORT_8dbc8498cbdfaff8a5c7,PUBLIC_FUND_260108,260108,景顺长城新兴成长混合型证券投资基金2020年第4季度报告,2021-01-21,2020-12-31,Eastmoney fund report index via AkShare fund_announcement_report_em,AN202101211452767052,2021-01-21T23:59:59+08:00,available_after_announcement_date_end,official_announcement_index,third_party_index_date_unverified_pdf
FUND_REPORT_fd1652084722b25c1676,PUBLIC_FUND_260108,260108,景顺长城新兴成长混合型证券投资基金2020年年度报告摘要,2021-03-29,2020-12-31,Eastmoney fund report index via AkShare fund_announcement_report_em,AN202103291477908569,2021-03-29T23:59:59+08:00,available_after_announcement_date_end,official_announcement_index,third_party_index_date_unverified_pdf
FUND_REPORT_f1d40a4bc7726692ec6f,PUBLIC_FUND_260108,260108,景顺长城新兴成长混合型证券投资基金2020年年度报告,2021-03-29,2020-12-31,Eastmoney fund report index via AkShare fund_announcement_report_em,AN202103291477908570,2021-03-29T23:59:59+08:00,available_after_announcement_date_end,official_announcement_index,third_party_index_date_unverified_pdf
FUND_REPORT_31e30d84cbac3661ca8c,PUBLIC_FUND_260108,260108,景顺长城新兴成长混合型证券投资基金2021年第1季度报告,2021-04-22,2021-03-31,Eastmoney fund report index via AkShare fund_announcement_report_em,AN202104221486994736,2021-04-22T23:59:59+08:00,available_after_announcement_date_end,official_announcement_index,third_party_index_date_unverified_pdf
FUND_REPORT_24ec8b943790115d4f7a,PUBLIC_FUND_260108,260108,景顺长城新兴成长混合型证券投资基金2021年第2季度报告,2021-07-21,2021-06-30,Eastmoney fund report index via AkShare fund_announcement_report_em,AN202107211505134727,2021-07-21T23:59:59+08:00,available_after_announcement_date_end,official_announcement_index,third_party_index_date_unverified_pdf
FUND_REPORT_4300f91974468e0f08c6,PUBLIC_FUND_260108,260108,景顺长城新兴成长混合型证券投资基金2021年中期报告,2021-08-23,2021-06-30,Eastmoney fund report index via AkShare fund_announcement_report_em,AN202108231511805708,2021-08-23T23:59:59+08:00,available_after_announcement_date_end,official_announcement_index,third_party_index_date_unverified_pdf
FUND_REPORT_aee19698c25f73a5c8ad,PUBLIC_FUND_260108,260108,景顺长城新兴成长混合型证券投资基金2021年第3季度报告,2021-10-27,2021-09-30,Eastmoney fund report index via AkShare fund_announcement_report_em,AN202110271525284206,2021-10-27T23:59:59+08:00,available_after_announcement_date_end,official_announcement_index,third_party_index_date_unverified_pdf
FUND_REPORT_838aa02ae7dd4c2663f4,PUBLIC_FUND_260108,260108,景顺长城新兴成长混合型证券投资基金2021年第4季度报告,2022-01-24,2021-12-31,Eastmoney fund report index via AkShare fund_announcement_report_em,AN202201241542300407,2022-01-24T23:59:59+08:00,available_after_announcement_date_end,official_announcement_index,third_party_index_date_unverified_pdf
FUND_REPORT_0d2199166554216114d2,PUBLIC_FUND_260108,260108,景顺长城新兴成长混合型证券投资基金2021年年度报告,2022-03-28,2021-12-31,Eastmoney fund report index via AkShare fund_announcement_report_em,AN202203281555488793,2022-03-28T23:59:59+08:00,available_after_announcement_date_end,official_announcement_index,third_party_index_date_unverified_pdf
FUND_REPORT_2c4786d8b2c365dfcf96,PUBLIC_FUND_260108,260108,景顺长城新兴成长混合型证券投资基金2022年第1季度报告,2022-04-22,2022-03-31,Eastmoney fund report index via AkShare fund_announcement_report_em,AN202204221560804811,2022-04-22T23:59:59+08:00,available_after_announcement_date_end,official_announcement_index,third_party_index_date_unverified_pdf
FUND_REPORT_7e925819240b4a5f970e,PUBLIC_FUND_260108,260108,景顺长城新兴成长混合型证券投资基金2022年第2季度报告,2022-07-21,2022-06-30,Eastmoney fund report index via AkShare fund_announcement_report_em,AN202207211576395180,2022-07-21T23:59:59+08:00,available_after_announcement_date_end,official_announcement_index,third_party_index_date_unverified_pdf
FUND_REPORT_c1a4b0b5ddf04d481045,PUBLIC_FUND_260108,260108,景顺长城新兴成长混合型证券投资基金2022年中期报告,2022-08-31,2022-06-30,Eastmoney fund report index via AkShare fund_announcement_report_em,AN202208311577873167,2022-08-31T23:59:59+08:00,available_after_announcement_date_end,official_announcement_index,third_party_index_date_unverified_pdf
FUND_REPORT_a4a214be78f768d72932,PUBLIC_FUND_260108,260108,景顺长城新兴成长混合型证券投资基金2022年第3季度报告,2022-10-26,2022-09-30,Eastmoney fund report index via AkShare fund_announcement_report_em,AN202210261579471020,2022-10-26T23:59:59+08:00,available_after_announcement_date_end,official_announcement_index,third_party_index_date_unverified_pdf
FUND_REPORT_b0f8e22a2b2941090098,PUBLIC_FUND_260108,260108,景顺长城新兴成长混合型证券投资基金2022年第4季度报告,2023-01-20,2022-12-31,Eastmoney fund report index via AkShare fund_announcement_report_em,AN202301201582222847,2023-01-20T23:59:59+08:00,available_after_announcement_date_end,official_announcement_index,third_party_index_date_unverified_pdf
FUND_REPORT_4fb258acea47d9a32d27,PUBLIC_FUND_260108,260108,景顺长城新兴成长混合型证券投资基金2022年年度报告,2023-03-28,2022-12-31,Eastmoney fund report index via AkShare fund_announcement_report_em,AN202303281584602950,2023-03-28T23:59:59+08:00,available_after_announcement_date_end,official_announcement_index,third_party_index_date_unverified_pdf
FUND_REPORT_267288288e3171fbcd6a,PUBLIC_FUND_260108,260108,景顺长城新兴成长混合型证券投资基金2023年第1季度报告,2023-04-21,2023-03-31,Eastmoney fund report index via AkShare fund_announcement_report_em,AN202304211585666534,2023-04-21T23:59:59+08:00,available_after_announcement_date_end,official_announcement_index,third_party_index_date_unverified_pdf
FUND_REPORT_1a02f51ed1105d67b954,PUBLIC_FUND_260108,260108,景顺长城新兴成长混合型证券投资基金2023年第2季度报告,2023-07-21,2023-06-30,Eastmoney fund report index via AkShare fund_announcement_report_em,AN202307211592528553,2023-07-21T23:59:59+08:00,available_after_announcement_date_end,official_announcement_index,third_party_index_date_unverified_pdf
FUND_REPORT_4c76ccabcace009ebc17,PUBLIC_FUND_260108,260108,景顺长城新兴成长混合型证券投资基金2023年中期报告,2023-08-30,2023-06-30,Eastmoney fund report index via AkShare fund_announcement_report_em,AN202308301596808537,2023-08-30T23:59:59+08:00,available_after_announcement_date_end,official_announcement_index,third_party_index_date_unverified_pdf
FUND_REPORT_b16fac38348fafe14280,PUBLIC_FUND_260108,260108,景顺长城新兴成长混合型证券投资基金2023年第3季度报告,2023-10-25,2023-09-30,Eastmoney fund report index via AkShare fund_announcement_report_em,AN202310251603450175,2023-10-25T23:59:59+08:00,available_after_announcement_date_end,official_announcement_index,third_party_index_date_unverified_pdf
FUND_REPORT_8da152e6f9134f801577,PUBLIC_FUND_260108,260108,景顺长城新兴成长混合型证券投资基金2023年第4季度报告,2024-01-22,2023-12-31,Eastmoney fund report index via AkShare fund_announcement_report_em,AN202401221617895897,2024-01-22T23:59:59+08:00,available_after_announcement_date_end,official_announcement_index,third_party_index_date_unverified_pdf
FUND_REPORT_4bba54a66f5db71d877e,PUBLIC_FUND_260108,260108,景顺长城新兴成长混合型证券投资基金2023年年度报告,2024-03-29,2023-12-31,Eastmoney fund report index via AkShare fund_announcement_report_em,AN202403291629030134,2024-03-29T23:59:59+08:00,available_after_announcement_date_end,official_announcement_index,third_party_index_date_unverified_pdf
FUND_REPORT_0c9b6de3afd12d373dd5,PUBLIC_FUND_260108,260108,景顺长城新兴成长混合型证券投资基金2024年第1季度报告,2024-04-22,2024-03-31,Eastmoney fund report index via AkShare fund_announcement_report_em,AN202404221630950852,2024-04-22T23:59:59+08:00,available_after_announcement_date_end,official_announcement_index,third_party_index_date_unverified_pdf
FUND_REPORT_6830e19708a7b42748a9,PUBLIC_FUND_260108,260108,景顺长城新兴成长混合型证券投资基金2024年第2季度报告,2024-07-19,2024-06-30,Eastmoney fund report index via AkShare fund_announcement_report_em,AN202407191638077975,2024-07-19T23:59:59+08:00,available_after_announcement_date_end,official_announcement_index,third_party_index_date_unverified_pdf
FUND_REPORT_8e4491915f19efb74971,PUBLIC_FUND_260108,260108,景顺长城新兴成长混合型证券投资基金2024年中期报告,2024-08-30,2024-06-30,Eastmoney fund report index via AkShare fund_announcement_report_em,AN202408301639596263,2024-08-30T23:59:59+08:00,available_after_announcement_date_end,official_announcement_index,third_party_index_date_unverified_pdf
FUND_REPORT_675bd008f9a51769241a,PUBLIC_FUND_260108,260108,景顺长城新兴成长混合型证券投资基金2024年第3季度报告,2024-10-25,2024-09-30,Eastmoney fund report index via AkShare fund_announcement_report_em,AN202410251640489979,2024-10-25T23:59:59+08:00,available_after_announcement_date_end,official_announcement_index,third_party_index_date_unverified_pdf
FUND_REPORT_3e4a6b568c3e84f8527b,PUBLIC_FUND_260108,260108,景顺长城新兴成长混合型证券投资基金2024年第4季度报告,2025-01-22,2024-12-31,Eastmoney fund report index via AkShare fund_announcement_report_em,AN202501221642431636,2025-01-22T23:59:59+08:00,available_after_announcement_date_end,official_announcement_index,third_party_index_date_unverified_pdf
FUND_REPORT_c66d6afa87442693b91c,PUBLIC_FUND_260108,260108,景顺长城新兴成长混合型证券投资基金2024年年度报告,2025-03-28,2024-12-31,Eastmoney fund report index via AkShare fund_announcement_report_em,AN202503281648536747,2025-03-28T23:59:59+08:00,available_after_announcement_date_end,official_announcement_index,third_party_index_date_unverified_pdf
FUND_REPORT_52aad13c60cb3454cc8f,PUBLIC_FUND_260108,260108,景顺长城新兴成长混合型证券投资基金2025年第1季度报告,2025-04-22,2025-03-31,Eastmoney fund report index via AkShare fund_announcement_report_em,AN202504221660344324,2025-04-22T23:59:59+08:00,available_after_announcement_date_end,official_announcement_index,third_party_index_date_unverified_pdf
FUND_REPORT_7ded9c34793d6453de8e,PUBLIC_FUND_260108,260108,景顺长城新兴成长混合型证券投资基金2025年第2季度报告,2025-07-21,2025-06-30,Eastmoney fund report index via AkShare fund_announcement_report_em,AN202507211712826163,2025-07-21T23:59:59+08:00,available_after_announcement_date_end,official_announcement_index,third_party_index_date_unverified_pdf
FUND_REPORT_7aafd26f7a8ca7354696,PUBLIC_FUND_260108,260108,景顺长城新兴成长混合型证券投资基金2025年中期报告,2025-08-29,2025-06-30,Eastmoney fund report index via AkShare fund_announcement_report_em,AN202508291736317715,2025-08-29T23:59:59+08:00,available_after_announcement_date_end,official_announcement_index,third_party_index_date_unverified_pdf
FUND_REPORT_cd7ca595e2d1f6e27fc0,PUBLIC_FUND_260108,260108,景顺长城新兴成长混合型证券投资基金2025年第3季度报告,2025-10-28,2025-09-30,Eastmoney fund report index via AkShare fund_announcement_report_em,AN202510281770462454,2025-10-28T23:59:59+08:00,available_after_announcement_date_end,official_announcement_index,third_party_index_date_unverified_pdf
FUND_REPORT_caa2671cfaca26b89d99,PUBLIC_FUND_260108,260108,景顺长城新兴成长混合型证券投资基金2025年第4季度报告,2026-01-22,2025-12-31,Eastmoney fund report index via AkShare fund_announcement_report_em,AN202601221818242856,2026-01-22T23:59:59+08:00,available_after_announcement_date_end,official_announcement_index,third_party_index_date_unverified_pdf
FUND_REPORT_f301da0059434ab1a67c,PUBLIC_FUND_260108,260108,景顺长城新兴成长混合型证券投资基金2025年年度报告,2026-03-27,2025-12-31,Eastmoney fund report index via AkShare fund_announcement_report_em,AN202603271820788689,2026-03-27T23:59:59+08:00,available_after_announcement_date_end,official_announcement_index,third_party_index_date_unverified_pdf
FUND_REPORT_011fb57b898037501496,PUBLIC_FUND_260108,260108,景顺长城新兴成长混合型证券投资基金2026年第1季度报告,2026-04-22,2026-03-31,Eastmoney fund report index via AkShare fund_announcement_report_em,AN202604221821417363,2026-04-22T23:59:59+08:00,available_after_announcement_date_end,official_announcement_index,third_party_index_date_unverified_pdf
FUND_REPORT_f0874382f67ed4816ba7,PUBLIC_FUND_260108,260108,景顺长城新兴成长混合型证券投资基金2026年第2季度报告,2026-07-21,2026-06-30,Eastmoney fund report index via AkShare fund_announcement_report_em,AN202607211827167449,2026-07-21T23:59:59+08:00,available_after_announcement_date_end,official_announcement_index,third_party_index_date_unverified_pdf
FUND_REPORT_bdbb13d8c4088a797266,PUBLIC_FUND_161725,161725,招商中证白酒指数分级证券投资基金2015年第3季度报告,2015-10-24,2015-09-30,Eastmoney fund report index via AkShare fund_announcement_report_em,AN201510230011167111,2015-10-24T23:59:59+08:00,available_after_announcement_date_end,official_announcement_index,third_party_index_date_unverified_pdf
FUND_REPORT_5fd25dac77be68e3291b,PUBLIC_FUND_161725,161725,招商中证白酒指数分级证券投资基金2015年第4季度报告,2016-01-22,2015-12-31,Eastmoney fund report index via AkShare fund_announcement_report_em,AN201601210013226111,2016-01-22T23:59:59+08:00,available_after_announcement_date_end,official_announcement_index,third_party_index_date_unverified_pdf
FUND_REPORT_baabe608cff1302858ec,PUBLIC_FUND_161725,161725,招商中证白酒指数分级证券投资基金2015年度报告,2016-03-26,2015-12-31,Eastmoney fund report index via AkShare fund_announcement_report_em,AN201603290014113551,2016-03-26T23:59:59+08:00,available_after_announcement_date_end,official_announcement_index,third_party_index_date_unverified_pdf
FUND_REPORT_8ccbf7c639f3738ccbea,PUBLIC_FUND_161725,161725,招商中证白酒指数分级证券投资基金2015年度报告摘要,2016-03-26,2015-12-31,Eastmoney fund report index via AkShare fund_announcement_report_em,AN201603250014088261,2016-03-26T23:59:59+08:00,available_after_announcement_date_end,official_announcement_index,third_party_index_date_unverified_pdf
FUND_REPORT_92309ca206a9594e09dd,PUBLIC_FUND_161725,161725,招商中证白酒指数分级证券投资基金2016年第1季度报告,2016-04-21,2016-03-31,Eastmoney fund report index via AkShare fund_announcement_report_em,AN201604200014449797,2016-04-21T23:59:59+08:00,available_after_announcement_date_end,official_announcement_index,third_party_index_date_unverified_pdf
FUND_REPORT_1f34fb58f66a483580ca,PUBLIC_FUND_161725,161725,招商中证白酒指数分级证券投资基金2016年第2季度报告,2016-07-19,2016-06-30,Eastmoney fund report index via AkShare fund_announcement_report_em,AN201607180016621894,2016-07-19T23:59:59+08:00,available_after_announcement_date_end,official_announcement_index,third_party_index_date_unverified_pdf
FUND_REPORT_d178c5aa606294a66d5c,PUBLIC_FUND_161725,161725,招商中证白酒指数分级证券投资基金2016年半年度报告,2016-08-24,2016-12-31,Eastmoney fund report index via AkShare fund_announcement_report_em,AN201608230017270426,2016-08-24T23:59:59+08:00,available_after_announcement_date_end,official_announcement_index,third_party_index_date_unverified_pdf
FUND_REPORT_5bed9b433425bbef14d3,PUBLIC_FUND_161725,161725,招商中证白酒指数分级证券投资基金2016年半年度报告摘要,2016-08-24,2016-12-31,Eastmoney fund report index via AkShare fund_announcement_report_em,AN201608240017280669,2016-08-24T23:59:59+08:00,available_after_announcement_date_end,official_announcement_index,third_party_index_date_unverified_pdf
FUND_REPORT_b33302d2506f1e1a6935,PUBLIC_FUND_161725,161725,招商中证白酒指数分级证券投资基金2016年第3季度报告,2016-10-26,2016-09-30,Eastmoney fund report index via AkShare fund_announcement_report_em,AN201610250024679772,2016-10-26T23:59:59+08:00,available_after_announcement_date_end,official_announcement_index,third_party_index_date_unverified_pdf
FUND_REPORT_b35b4a3bd7dd39720f78,PUBLIC_FUND_161725,161725,招商中证白酒指数分级证券投资基金2016年第4季度报告,2017-01-20,2016-12-31,Eastmoney fund report index via AkShare fund_announcement_report_em,AN201701190279862180,2017-01-20T23:59:59+08:00,available_after_announcement_date_end,official_announcement_index,third_party_index_date_unverified_pdf
FUND_REPORT_cfda7c7d11fc011de1e4,PUBLIC_FUND_161725,161725,招商中证白酒指数分级证券投资基金2016年年度报告摘要,2017-03-31,2016-12-31,Eastmoney fund report index via AkShare fund_announcement_report_em,AN201703300453504341,2017-03-31T23:59:59+08:00,available_after_announcement_date_end,official_announcement_index,third_party_index_date_unverified_pdf
FUND_REPORT_177bcc7254f3f8b49cf2,PUBLIC_FUND_161725,161725,招商中证白酒指数分级证券投资基金2016年年度报告,2017-03-31,2016-12-31,Eastmoney fund report index via AkShare fund_announcement_report_em,AN201704010461676341,2017-03-31T23:59:59+08:00,available_after_announcement_date_end,official_announcement_index,third_party_index_date_unverified_pdf
FUND_REPORT_e654dd60d20e671a7690,PUBLIC_FUND_161725,161725,招商中证白酒指数分级证券投资基金2017年第1季度报告,2017-04-21,2017-03-31,Eastmoney fund report index via AkShare fund_announcement_report_em,AN201704200518209204,2017-04-21T23:59:59+08:00,available_after_announcement_date_end,official_announcement_index,third_party_index_date_unverified_pdf
FUND_REPORT_382429f8f5d94fb56a5a,PUBLIC_FUND_161725,161725,招商中证白酒指数分级证券投资基金2017年第2季度报告,2017-07-21,2017-06-30,Eastmoney fund report index via AkShare fund_announcement_report_em,AN201707200732728223,2017-07-21T23:59:59+08:00,available_after_announcement_date_end,official_announcement_index,third_party_index_date_unverified_pdf
FUND_REPORT_7c75e54a9f7bb63d7d4e,PUBLIC_FUND_161725,161725,招商中证白酒指数分级证券投资基金2017年半年度报告,2017-08-29,2017-12-31,Eastmoney fund report index via AkShare fund_announcement_report_em,AN201708300838156912,2017-08-29T23:59:59+08:00,available_after_announcement_date_end,official_announcement_index,third_party_index_date_unverified_pdf
FUND_REPORT_77714941a3d33ad88a95,PUBLIC_FUND_161725,161725,招商中证白酒指数分级证券投资基金2017年半年度报告摘要,2017-08-29,2017-12-31,Eastmoney fund report index via AkShare fund_announcement_report_em,AN201708300838156913,2017-08-29T23:59:59+08:00,available_after_announcement_date_end,official_announcement_index,third_party_index_date_unverified_pdf
FUND_REPORT_b470b2ffaf558019c628,PUBLIC_FUND_161725,161725,招商中证白酒指数分级证券投资基金2017年第3季度报告,2017-10-26,2017-09-30,Eastmoney fund report index via AkShare fund_announcement_report_em,AN201710250977599402,2017-10-26T23:59:59+08:00,available_after_announcement_date_end,official_announcement_index,third_party_index_date_unverified_pdf
FUND_REPORT_a51a09178eb9515dbe72,PUBLIC_FUND_161725,161725,招商中证白酒指数分级证券投资基金2017年第4季度报告,2018-01-19,2017-12-31,Eastmoney fund report index via AkShare fund_announcement_report_em,AN201801181079262095,2018-01-19T23:59:59+08:00,available_after_announcement_date_end,official_announcement_index,third_party_index_date_unverified_pdf
FUND_REPORT_b2a698e2c7f39d75024f,PUBLIC_FUND_161725,161725,招商中证白酒指数分级证券投资基金2017年年度报告摘要,2018-03-30,2017-12-31,Eastmoney fund report index via AkShare fund_announcement_report_em,AN201803291114551501,2018-03-30T23:59:59+08:00,available_after_announcement_date_end,official_announcement_index,third_party_index_date_unverified_pdf
FUND_REPORT_b814fb5f3927d70f6c97,PUBLIC_FUND_161725,161725,招商中证白酒指数分级证券投资基金2017年年度报告,2018-03-30,2017-12-31,Eastmoney fund report index via AkShare fund_announcement_report_em,AN201803301115273628,2018-03-30T23:59:59+08:00,available_after_announcement_date_end,official_announcement_index,third_party_index_date_unverified_pdf
FUND_REPORT_fd8e10c60c244d2779b4,PUBLIC_FUND_161725,161725,招商中证白酒指数分级证券投资基金2018年第1季度报告,2018-04-23,2018-03-31,Eastmoney fund report index via AkShare fund_announcement_report_em,AN201804201127430668,2018-04-23T23:59:59+08:00,available_after_announcement_date_end,official_announcement_index,third_party_index_date_unverified_pdf
FUND_REPORT_d0d3fba95058991cc005,PUBLIC_FUND_161725,161725,招商中证白酒指数分级证券投资基金2018年第2季度报告,2018-07-19,2018-06-30,Eastmoney fund report index via AkShare fund_announcement_report_em,AN201807181167891549,2018-07-19T23:59:59+08:00,available_after_announcement_date_end,official_announcement_index,third_party_index_date_unverified_pdf
FUND_REPORT_6f61c0bc98f6c2724866,PUBLIC_FUND_161725,161725,招商中证白酒指数分级证券投资基金2018年半年度报告摘要,2018-08-28,2018-12-31,Eastmoney fund report index via AkShare fund_announcement_report_em,AN201808271183364334,2018-08-28T23:59:59+08:00,available_after_announcement_date_end,official_announcement_index,third_party_index_date_unverified_pdf
FUND_REPORT_443ca227d9f1113adc05,PUBLIC_FUND_161725,161725,招商中证白酒指数分级证券投资基金2018年半年度报告,2018-08-28,2018-12-31,Eastmoney fund report index via AkShare fund_announcement_report_em,AN201808281183815721,2018-08-28T23:59:59+08:00,available_after_announcement_date_end,official_announcement_index,third_party_index_date_unverified_pdf
FUND_REPORT_52aa0698d4f7ff6533a4,PUBLIC_FUND_161725,161725,招商中证白酒指数分级证券投资基金2018年第3季度报告,2018-10-24,2018-09-30,Eastmoney fund report index via AkShare fund_announcement_report_em,AN201810231219673370,2018-10-24T23:59:59+08:00,available_after_announcement_date_end,official_announcement_index,third_party_index_date_unverified_pdf
FUND_REPORT_991eda546774973e5437,PUBLIC_FUND_161725,161725,招商中证白酒指数分级证券投资基金2018年第4季度报告,2019-01-22,2018-12-31,Eastmoney fund report index via AkShare fund_announcement_report_em,AN201901211287401109,2019-01-22T23:59:59+08:00,available_after_announcement_date_end,official_announcement_index,third_party_index_date_unverified_pdf
FUND_REPORT_3ed0a681e0cdc95ea872,PUBLIC_FUND_161725,161725,招商中证白酒指数分级证券投资基金2018年度报告摘要,2019-03-28,2018-12-31,Eastmoney fund report index via AkShare fund_announcement_report_em,AN201903271310306487,2019-03-28T23:59:59+08:00,available_after_announcement_date_end,official_announcement_index,third_party_index_date_unverified_pdf
FUND_REPORT_5fa2bf8fc7456119fd52,PUBLIC_FUND_161725,161725,招商中证白酒指数分级证券投资基金2018年度报告,2019-03-28,2018-12-31,Eastmoney fund report index via AkShare fund_announcement_report_em,AN201903281310794026,2019-03-28T23:59:59+08:00,available_after_announcement_date_end,official_announcement_index,third_party_index_date_unverified_pdf
FUND_REPORT_f29967df1d5ec2763581,PUBLIC_FUND_161725,161725,招商中证白酒指数分级证券投资基金2019年第1季度报告,2019-04-18,2019-03-31,Eastmoney fund report index via AkShare fund_announcement_report_em,AN201904171320055953,2019-04-18T23:59:59+08:00,available_after_announcement_date_end,official_announcement_index,third_party_index_date_unverified_pdf
FUND_REPORT_c65b002a46e518aad4e8,PUBLIC_FUND_161725,161725,招商基金-基金每日净值表,2019-07-01,,Eastmoney fund report index via AkShare fund_announcement_report_em,AN201907011336968507,2019-07-01T23:59:59+08:00,available_after_announcement_date_end,official_announcement_index,third_party_index_date_unverified_pdf
FUND_REPORT_c689022e98888796964a,PUBLIC_FUND_161725,161725,招商中证白酒指数分级证券投资基金2019年第2季度报告,2019-07-19,2019-06-30,Eastmoney fund report index via AkShare fund_announcement_report_em,AN201907181339569753,2019-07-19T23:59:59+08:00,available_after_announcement_date_end,official_announcement_index,third_party_index_date_unverified_pdf
FUND_REPORT_0d729819f2e590d7402b,PUBLIC_FUND_161725,161725,招商中证白酒指数分级证券投资基金2019年半年度报告,2019-08-26,2019-12-31,Eastmoney fund report index via AkShare fund_announcement_report_em,AN201908261345072774,2019-08-26T23:59:59+08:00,available_after_announcement_date_end,official_announcement_index,third_party_index_date_unverified_pdf
FUND_REPORT_aec33a3931c5fe73eb59,PUBLIC_FUND_161725,161725,招商中证白酒指数分级证券投资基金2019年半年度报告摘要,2019-08-26,2019-12-31,Eastmoney fund report index via AkShare fund_announcement_report_em,AN201908261345072775,2019-08-26T23:59:59+08:00,available_after_announcement_date_end,official_announcement_index,third_party_index_date_unverified_pdf
FUND_REPORT_c744bd66cc78c95673a9,PUBLIC_FUND_161725,161725,招商中证白酒指数分级证券投资基金2019年第3季度报告,2019-10-24,2019-09-30,Eastmoney fund report index via AkShare fund_announcement_report_em,AN201910231369581568,2019-10-24T23:59:59+08:00,available_after_announcement_date_end,official_announcement_index,third_party_index_date_unverified_pdf
FUND_REPORT_21171a150f1eb2f4caba,PUBLIC_FUND_161725,161725,招商中证白酒指数分级证券投资基金2019年第4季度报告,2020-01-18,2019-12-31,Eastmoney fund report index via AkShare fund_announcement_report_em,AN202001171374307331,2020-01-18T23:59:59+08:00,available_after_announcement_date_end,official_announcement_index,third_party_index_date_unverified_pdf
FUND_REPORT_1a9c709b376a51a35d26,PUBLIC_FUND_161725,161725,招商中证白酒指数分级证券投资基金2019年年度报告,2020-03-31,2019-12-31,Eastmoney fund report index via AkShare fund_announcement_report_em,AN202003301377211238,2020-03-31T23:59:59+08:00,available_after_announcement_date_end,official_announcement_index,third_party_index_date_unverified_pdf
FUND_REPORT_bc0e93c1ea7a4acdc13b,PUBLIC_FUND_161725,161725,招商中证白酒指数分级证券投资基金2019年年度报告摘要,2020-03-31,2019-12-31,Eastmoney fund report index via AkShare fund_announcement_report_em,AN202003311377258894,2020-03-31T23:59:59+08:00,available_after_announcement_date_end,official_announcement_index,third_party_index_date_unverified_pdf
FUND_REPORT_8bad7d42e2e66ab35532,PUBLIC_FUND_161725,161725,招商中证白酒指数分级证券投资基金2020年第1季度报告,2020-04-21,2020-03-31,Eastmoney fund report index via AkShare fund_announcement_report_em,AN202004201378266054,2020-04-21T23:59:59+08:00,available_after_announcement_date_end,official_announcement_index,third_party_index_date_unverified_pdf
FUND_REPORT_5678548a716bb134f342,PUBLIC_FUND_161725,161725,招商中证白酒指数分级证券投资基金2020年第2季度报告,2020-07-20,2020-06-30,Eastmoney fund report index via AkShare fund_announcement_report_em,AN202007201392859072,2020-07-20T23:59:59+08:00,available_after_announcement_date_end,official_announcement_index,third_party_index_date_unverified_pdf
FUND_REPORT_a7247a0a4667cde86cab,PUBLIC_FUND_161725,161725,招商中证白酒指数分级证券投资基金2020年中期报告摘要,2020-08-28,2020-06-30,Eastmoney fund report index via AkShare fund_announcement_report_em,AN202008281402911686,2020-08-28T23:59:59+08:00,available_after_announcement_date_end,official_announcement_index,third_party_index_date_unverified_pdf
FUND_REPORT_94c8c739816f5b4218be,PUBLIC_FUND_161725,161725,招商中证白酒指数分级证券投资基金2020年中期报告,2020-08-28,2020-06-30,Eastmoney fund report index via AkShare fund_announcement_report_em,AN202008281402907362,2020-08-28T23:59:59+08:00,available_after_announcement_date_end,official_announcement_index,third_party_index_date_unverified_pdf
FUND_REPORT_5aedbe63882bebf57503,PUBLIC_FUND_161725,161725,招商中证白酒指数分级证券投资基金2020年第3季度报告,2020-10-27,2020-09-30,Eastmoney fund report index via AkShare fund_announcement_report_em,AN202010271423926149,2020-10-27T23:59:59+08:00,available_after_announcement_date_end,official_announcement_index,third_party_index_date_unverified_pdf
FUND_REPORT_c9adb3a4fabdadb01492,PUBLIC_FUND_161725,161725,招商中证白酒指数分级证券投资基金2020年第4季度报告,2021-01-21,2020-12-31,Eastmoney fund report index via AkShare fund_announcement_report_em,AN202101201452576164,2021-01-21T23:59:59+08:00,available_after_announcement_date_end,official_announcement_index,third_party_index_date_unverified_pdf
FUND_REPORT_9800f2c2b4e071c4b4c7,PUBLIC_FUND_161725,161725,招商中证白酒指数分级证券投资基金2020年年度报告,2021-03-30,2020-12-31,Eastmoney fund report index via AkShare fund_announcement_report_em,AN202103301478317296,2021-03-30T23:59:59+08:00,available_after_announcement_date_end,official_announcement_index,third_party_index_date_unverified_pdf
FUND_REPORT_d6bfeabdad4a1936b249,PUBLIC_FUND_161725,161725,招商中证白酒指数分级证券投资基金2020年年度报告摘要,2021-03-30,2020-12-31,Eastmoney fund report index via AkShare fund_announcement_report_em,AN202103301478323339,2021-03-30T23:59:59+08:00,available_after_announcement_date_end,official_announcement_index,third_party_index_date_unverified_pdf
FUND_REPORT_e474ccbba973ecf01b6c,PUBLIC_FUND_161725,161725,招商中证白酒指数证券投资基金2021年第1季度报告,2021-04-21,2021-03-31,Eastmoney fund report index via AkShare fund_announcement_report_em,AN202104211486801927,2021-04-21T23:59:59+08:00,available_after_announcement_date_end,official_announcement_index,third_party_index_date_unverified_pdf
FUND_REPORT_81c9ac1e2f7bfdecba4c,PUBLIC_FUND_161725,161725,招商中证白酒指数证券投资基金2021年第2季度报告,2021-07-20,2021-06-30,Eastmoney fund report index via AkShare fund_announcement_report_em,AN202107191504817519,2021-07-20T23:59:59+08:00,available_after_announcement_date_end,official_announcement_index,third_party_index_date_unverified_pdf
FUND_REPORT_a1d13b9f9baa2823e3a5,PUBLIC_FUND_161725,161725,招商中证白酒指数证券投资基金2021年中期报告,2021-08-30,2021-06-30,Eastmoney fund report index via AkShare fund_announcement_report_em,AN202108301513316261,2021-08-30T23:59:59+08:00,available_after_announcement_date_end,official_announcement_index,third_party_index_date_unverified_pdf
FUND_REPORT_b584798ae84c365b03d2,PUBLIC_FUND_161725,161725,招商中证白酒指数证券投资基金2021年第3季度报告,2021-10-26,2021-09-30,Eastmoney fund report index via AkShare fund_announcement_report_em,AN202110261525050805,2021-10-26T23:59:59+08:00,available_after_announcement_date_end,official_announcement_index,third_party_index_date_unverified_pdf
FUND_REPORT_7ce2b1e30de0a4a83ce4,PUBLIC_FUND_161725,161725,招商中证白酒指数证券投资基金2021年第4季度报告,2022-01-21,2021-12-31,Eastmoney fund report index via AkShare fund_announcement_report_em,AN202201211541683826,2022-01-21T23:59:59+08:00,available_after_announcement_date_end,official_announcement_index,third_party_index_date_unverified_pdf
FUND_REPORT_b08d02c828ad5f634897,PUBLIC_FUND_161725,161725,招商中证白酒指数证券投资基金2021年年度报告,2022-03-30,2021-12-31,Eastmoney fund report index via AkShare fund_announcement_report_em,AN202203301555990464,2022-03-30T23:59:59+08:00,available_after_announcement_date_end,official_announcement_index,third_party_index_date_unverified_pdf
FUND_REPORT_36287e73a7a628919669,PUBLIC_FUND_161725,161725,招商中证白酒指数证券投资基金2022年第1季度报告,2022-04-21,2022-03-31,Eastmoney fund report index via AkShare fund_announcement_report_em,AN202204211560595315,2022-04-21T23:59:59+08:00,available_after_announcement_date_end,official_announcement_index,third_party_index_date_unverified_pdf
FUND_REPORT_cbbc1d92f8813b7720e8,PUBLIC_FUND_161725,161725,招商中证白酒指数证券投资基金2022年第2季度报告,2022-07-20,2022-06-30,Eastmoney fund report index via AkShare fund_announcement_report_em,AN202207201576363772,2022-07-20T23:59:59+08:00,available_after_announcement_date_end,official_announcement_index,third_party_index_date_unverified_pdf
FUND_REPORT_bc581d6e2ba91931e615,PUBLIC_FUND_161725,161725,招商中证白酒指数证券投资基金2022年中期报告,2022-08-30,2022-06-30,Eastmoney fund report index via AkShare fund_announcement_report_em,AN202208301577822887,2022-08-30T23:59:59+08:00,available_after_announcement_date_end,official_announcement_index,third_party_index_date_unverified_pdf
FUND_REPORT_ddcb5b4c80d6aafb5dc1,PUBLIC_FUND_161725,161725,招商中证白酒指数证券投资基金2022年第3季度报告,2022-10-25,2022-09-30,Eastmoney fund report index via AkShare fund_announcement_report_em,AN202210251579428118,2022-10-25T23:59:59+08:00,available_after_announcement_date_end,official_announcement_index,third_party_index_date_unverified_pdf
FUND_REPORT_3977da67fa2f9a2332de,PUBLIC_FUND_161725,161725,招商中证白酒指数证券投资基金2022年第4季度报告,2023-01-18,2022-12-31,Eastmoney fund report index via AkShare fund_announcement_report_em,AN202301181582105916,2023-01-18T23:59:59+08:00,available_after_announcement_date_end,official_announcement_index,third_party_index_date_unverified_pdf
FUND_REPORT_aa54e4d092f629d9de97,PUBLIC_FUND_161725,161725,招商中证白酒指数证券投资基金2022年年度报告,2023-03-30,2022-12-31,Eastmoney fund report index via AkShare fund_announcement_report_em,AN202303301584684301,2023-03-30T23:59:59+08:00,available_after_announcement_date_end,official_announcement_index,third_party_index_date_unverified_pdf
FUND_REPORT_3aa0cb6186c8c50a2cba,PUBLIC_FUND_161725,161725,招商中证白酒指数证券投资基金2023年第1季度报告,2023-04-21,2023-03-31,Eastmoney fund report index via AkShare fund_announcement_report_em,AN202304211585668370,2023-04-21T23:59:59+08:00,available_after_announcement_date_end,official_announcement_index,third_party_index_date_unverified_pdf
FUND_REPORT_2b93d2343c6b5e03ec8a,PUBLIC_FUND_161725,161725,招商中证白酒指数证券投资基金2023年第2季度报告,2023-07-20,2023-06-30,Eastmoney fund report index via AkShare fund_announcement_report_em,AN202307201592479940,2023-07-20T23:59:59+08:00,available_after_announcement_date_end,official_announcement_index,third_party_index_date_unverified_pdf
FUND_REPORT_196ea3e77ba14183c73c,PUBLIC_FUND_161725,161725,招商中证白酒指数证券投资基金2023年中期报告,2023-08-30,2023-06-30,Eastmoney fund report index via AkShare fund_announcement_report_em,AN202308301596809678,2023-08-30T23:59:59+08:00,available_after_announcement_date_end,official_announcement_index,third_party_index_date_unverified_pdf
FUND_REPORT_a0b5f3f08d6e1c42ea9c,PUBLIC_FUND_161725,161725,招商中证白酒指数证券投资基金2023年第3季度报告,2023-10-24,2023-09-30,Eastmoney fund report index via AkShare fund_announcement_report_em,AN202310231602859482,2023-10-24T23:59:59+08:00,available_after_announcement_date_end,official_announcement_index,third_party_index_date_unverified_pdf
FUND_REPORT_baa572a8895e943ce5c8,PUBLIC_FUND_161725,161725,招商中证白酒指数证券投资基金2023年第4季度报告,2024-01-19,2023-12-31,Eastmoney fund report index via AkShare fund_announcement_report_em,AN202401181617690415,2024-01-19T23:59:59+08:00,available_after_announcement_date_end,official_announcement_index,third_party_index_date_unverified_pdf
FUND_REPORT_4313d2a6045cd57db304,PUBLIC_FUND_161725,161725,招商中证白酒指数证券投资基金2023年年度报告,2024-03-29,2023-12-31,Eastmoney fund report index via AkShare fund_announcement_report_em,AN202403281628474145,2024-03-29T23:59:59+08:00,available_after_announcement_date_end,official_announcement_index,third_party_index_date_unverified_pdf
FUND_REPORT_30d422dcedaa95e55936,PUBLIC_FUND_161725,161725,招商中证白酒指数证券投资基金2024年第1季度报告,2024-04-19,2024-03-31,Eastmoney fund report index via AkShare fund_announcement_report_em,AN202404181630548534,2024-04-19T23:59:59+08:00,available_after_announcement_date_end,official_announcement_index,third_party_index_date_unverified_pdf
FUND_REPORT_cca5cefaa49a3ef4c87c,PUBLIC_FUND_161725,161725,招商中证白酒指数证券投资基金2024年第2季度报告,2024-07-18,2024-06-30,Eastmoney fund report index via AkShare fund_announcement_report_em,AN202407171638009218,2024-07-18T23:59:59+08:00,available_after_announcement_date_end,official_announcement_index,third_party_index_date_unverified_pdf
FUND_REPORT_076230b6f501860698b0,PUBLIC_FUND_161725,161725,招商中证白酒指数证券投资基金2024年中期报告,2024-08-30,2024-06-30,Eastmoney fund report index via AkShare fund_announcement_report_em,AN202408291639574865,2024-08-30T23:59:59+08:00,available_after_announcement_date_end,official_announcement_index,third_party_index_date_unverified_pdf
FUND_REPORT_1f7652bda71299ba812b,PUBLIC_FUND_161725,161725,招商中证白酒指数证券投资基金2024年第3季度报告,2024-10-24,2024-09-30,Eastmoney fund report index via AkShare fund_announcement_report_em,AN202410231640442614,2024-10-24T23:59:59+08:00,available_after_announcement_date_end,official_announcement_index,third_party_index_date_unverified_pdf
FUND_REPORT_e7e81b7917bcd507ea28,PUBLIC_FUND_161725,161725,招商中证白酒指数证券投资基金2024年第4季度报告,2025-01-21,2024-12-31,Eastmoney fund report index via AkShare fund_announcement_report_em,AN202501201642371607,2025-01-21T23:59:59+08:00,available_after_announcement_date_end,official_announcement_index,third_party_index_date_unverified_pdf
FUND_REPORT_e853219e018e46c53c4a,PUBLIC_FUND_161725,161725,招商中证白酒指数证券投资基金2024年年度报告,2025-03-28,2024-12-31,Eastmoney fund report index via AkShare fund_announcement_report_em,AN202503271648262069,2025-03-28T23:59:59+08:00,available_after_announcement_date_end,official_announcement_index,third_party_index_date_unverified_pdf
FUND_REPORT_121958cdd0cb55a86e7f,PUBLIC_FUND_161725,161725,招商中证白酒指数证券投资基金2025年第1季度报告,2025-04-21,2025-03-31,Eastmoney fund report index via AkShare fund_announcement_report_em,AN202504201659468259,2025-04-21T23:59:59+08:00,available_after_announcement_date_end,official_announcement_index,third_party_index_date_unverified_pdf
FUND_REPORT_8994aada8bf49d7f5c54,PUBLIC_FUND_161725,161725,招商中证白酒指数证券投资基金2025年第2季度报告,2025-07-18,2025-06-30,Eastmoney fund report index via AkShare fund_announcement_report_em,AN202507171710690978,2025-07-18T23:59:59+08:00,available_after_announcement_date_end,official_announcement_index,third_party_index_date_unverified_pdf
FUND_REPORT_783cd83f56964b59b2b6,PUBLIC_FUND_161725,161725,招商中证白酒指数证券投资基金2025年中期报告,2025-08-28,2025-06-30,Eastmoney fund report index via AkShare fund_announcement_report_em,AN202508271735473472,2025-08-28T23:59:59+08:00,available_after_announcement_date_end,official_announcement_index,third_party_index_date_unverified_pdf
FUND_REPORT_2a1065266c80a7ec2cb9,PUBLIC_FUND_161725,161725,招商中证白酒指数证券投资基金2025年第3季度报告,2025-10-27,2025-09-30,Eastmoney fund report index via AkShare fund_announcement_report_em,AN202510261769412781,2025-10-27T23:59:59+08:00,available_after_announcement_date_end,official_announcement_index,third_party_index_date_unverified_pdf
FUND_REPORT_383d936ede37c354c9e3,PUBLIC_FUND_161725,161725,招商中证白酒指数证券投资基金2025年第4季度报告,2026-01-21,2025-12-31,Eastmoney fund report index via AkShare fund_announcement_report_em,AN202601201818162518,2026-01-21T23:59:59+08:00,available_after_announcement_date_end,official_announcement_index,third_party_index_date_unverified_pdf
FUND_REPORT_267763ffe7b6a942113d,PUBLIC_FUND_161725,161725,招商中证白酒指数证券投资基金2025年年度报告,2026-03-31,2025-12-31,Eastmoney fund report index via AkShare fund_announcement_report_em,AN202603301820871694,2026-03-31T23:59:59+08:00,available_after_announcement_date_end,official_announcement_index,third_party_index_date_unverified_pdf
FUND_REPORT_a1f6a848f3b14da1a7cd,PUBLIC_FUND_161725,161725,招商中证白酒指数证券投资基金2026年第1季度报告,2026-04-22,2026-03-31,Eastmoney fund report index via AkShare fund_announcement_report_em,AN202604211821391761,2026-04-22T23:59:59+08:00,available_after_announcement_date_end,official_announcement_index,third_party_index_date_unverified_pdf
FUND_REPORT_0b3808476ef1d52a03c8,PUBLIC_FUND_161725,161725,招商中证白酒指数证券投资基金2026年第2季度报告,2026-07-21,2026-06-30,Eastmoney fund report index via AkShare fund_announcement_report_em,AN202607201827156014,2026-07-21T23:59:59+08:00,available_after_announcement_date_end,official_announcement_index,third_party_index_date_unverified_pdf
FUND_REPORT_be502800f8bf5cbe2355,PUBLIC_FUND_003096,003096,中欧医疗健康混合型证券投资基金2016年第4季度报告,2017-01-20,2016-12-31,Eastmoney fund report index via AkShare fund_announcement_report_em,AN201701190279862115,2017-01-20T23:59:59+08:00,available_after_announcement_date_end,official_announcement_index,third_party_index_date_unverified_pdf
FUND_REPORT_6d94aca7dfb04f988e07,PUBLIC_FUND_003096,003096,中欧医疗健康混合型证券投资基金2016年年度报告摘要,2017-03-31,2016-12-31,Eastmoney fund report index via AkShare fund_announcement_report_em,AN201703300453605726,2017-03-31T23:59:59+08:00,available_after_announcement_date_end,official_announcement_index,third_party_index_date_unverified_pdf
FUND_REPORT_f817c78cdba1b4271d95,PUBLIC_FUND_003096,003096,中欧医疗健康混合型证券投资基金2016年年度报告,2017-03-31,2016-12-31,Eastmoney fund report index via AkShare fund_announcement_report_em,AN201703310456216316,2017-03-31T23:59:59+08:00,available_after_announcement_date_end,official_announcement_index,third_party_index_date_unverified_pdf
FUND_REPORT_7c8956e547d19dc22a50,PUBLIC_FUND_003096,003096,中欧医疗健康混合型证券投资基金2017年第1季度报告,2017-04-21,2017-03-31,Eastmoney fund report index via AkShare fund_announcement_report_em,AN201704200518209081,2017-04-21T23:59:59+08:00,available_after_announcement_date_end,official_announcement_index,third_party_index_date_unverified_pdf
FUND_REPORT_5cc4ea04e30f4178dc46,PUBLIC_FUND_003096,003096,中欧基金管理有限公司关于旗下基金2017年6月30日基金资产净值、基金份额净值和基金份额累计净值公告,2017-07-01,,Eastmoney fund report index via AkShare fund_announcement_report_em,AN201707030688142949,2017-07-01T23:59:59+08:00,available_after_announcement_date_end,official_announcement_index,third_party_index_date_unverified_pdf
FUND_REPORT_c9d0b98b428e676bca40,PUBLIC_FUND_003096,003096,中欧医疗健康混合型证券投资基金2017年第2季度报告,2017-07-21,2017-06-30,Eastmoney fund report index via AkShare fund_announcement_report_em,AN201707200732769028,2017-07-21T23:59:59+08:00,available_after_announcement_date_end,official_announcement_index,third_party_index_date_unverified_pdf
FUND_REPORT_091c5ba470cedeaca68e,PUBLIC_FUND_003096,003096,中欧医疗健康混合型证券投资基金2017年半年度报告摘要,2017-08-29,2017-12-31,Eastmoney fund report index via AkShare fund_announcement_report_em,AN201708280834470917,2017-08-29T23:59:59+08:00,available_after_announcement_date_end,official_announcement_index,third_party_index_date_unverified_pdf
FUND_REPORT_3ec6b447e658a10157ef,PUBLIC_FUND_003096,003096,中欧医疗健康混合型证券投资基金2017年半年度报告,2017-08-29,2017-12-31,Eastmoney fund report index via AkShare fund_announcement_report_em,AN201708310841628548,2017-08-29T23:59:59+08:00,available_after_announcement_date_end,official_announcement_index,third_party_index_date_unverified_pdf
FUND_REPORT_4b343307ae631af56829,PUBLIC_FUND_003096,003096,中欧医疗健康混合型证券投资基金2017年第3季度报告,2017-10-26,2017-09-30,Eastmoney fund report index via AkShare fund_announcement_report_em,AN201710250977655415,2017-10-26T23:59:59+08:00,available_after_announcement_date_end,official_announcement_index,third_party_index_date_unverified_pdf
FUND_REPORT_60428b13dcde04ae0bc3,PUBLIC_FUND_003096,003096,中欧医疗健康混合型证券投资基金2017年第4季度报告,2018-01-19,2017-12-31,Eastmoney fund report index via AkShare fund_announcement_report_em,AN201801181079237185,2018-01-19T23:59:59+08:00,available_after_announcement_date_end,official_announcement_index,third_party_index_date_unverified_pdf
FUND_REPORT_0d416b3c4a6a0fc1fc4f,PUBLIC_FUND_003096,003096,中欧医疗健康混合型证券投资基金2017年年度报告摘要,2018-03-30,2017-12-31,Eastmoney fund report index via AkShare fund_announcement_report_em,AN201803291114501736,2018-03-30T23:59:59+08:00,available_after_announcement_date_end,official_announcement_index,third_party_index_date_unverified_pdf
FUND_REPORT_36d70c3c8d637dbab5b2,PUBLIC_FUND_003096,003096,中欧医疗健康混合型证券投资基金2017年年度报告,2018-03-30,2017-12-31,Eastmoney fund report index via AkShare fund_announcement_report_em,AN201803301115290946,2018-03-30T23:59:59+08:00,available_after_announcement_date_end,official_announcement_index,third_party_index_date_unverified_pdf
FUND_REPORT_bb30016c5729a755bac8,PUBLIC_FUND_003096,003096,中欧医疗健康混合型证券投资基金2018年第1季度报告,2018-04-23,2018-03-31,Eastmoney fund report index via AkShare fund_announcement_report_em,AN201804201127211538,2018-04-23T23:59:59+08:00,available_after_announcement_date_end,official_announcement_index,third_party_index_date_unverified_pdf
FUND_REPORT_051452124fc4e2ac24eb,PUBLIC_FUND_003096,003096,中欧基金管理有限公司关于旗下基金2018年6月30日基金资产净值、基金份额净值和基金份额累计净值公告,2018-07-02,,Eastmoney fund report index via AkShare fund_announcement_report_em,AN201807031161930275,2018-07-02T23:59:59+08:00,available_after_announcement_date_end,official_announcement_index,third_party_index_date_unverified_pdf
FUND_REPORT_3b5d702bd136ab93ba80,PUBLIC_FUND_003096,003096,中欧医疗健康混合型证券投资基金2018年第2季度报告,2018-07-19,2018-06-30,Eastmoney fund report index via AkShare fund_announcement_report_em,AN201807181167821447,2018-07-19T23:59:59+08:00,available_after_announcement_date_end,official_announcement_index,third_party_index_date_unverified_pdf
FUND_REPORT_4d7d84c788e0106206ce,PUBLIC_FUND_003096,003096,中欧医疗健康混合型证券投资基金2018年半年度报告,2018-08-28,2018-12-31,Eastmoney fund report index via AkShare fund_announcement_report_em,AN201808281183962078,2018-08-28T23:59:59+08:00,available_after_announcement_date_end,official_announcement_index,third_party_index_date_unverified_pdf
FUND_REPORT_14b6b7d2168b8a59bfd1,PUBLIC_FUND_003096,003096,中欧医疗健康混合型证券投资基金2018年半年度报告摘要,2018-08-28,2018-12-31,Eastmoney fund report index via AkShare fund_announcement_report_em,AN201808271183343409,2018-08-28T23:59:59+08:00,available_after_announcement_date_end,official_announcement_index,third_party_index_date_unverified_pdf
FUND_REPORT_540963e68f2812bbd9be,PUBLIC_FUND_003096,003096,中欧医疗健康混合型证券投资基金2018年第3季度报告,2018-10-24,2018-09-30,Eastmoney fund report index via AkShare fund_announcement_report_em,AN201810231219500860,2018-10-24T23:59:59+08:00,available_after_announcement_date_end,official_announcement_index,third_party_index_date_unverified_pdf
FUND_REPORT_d462091b9a1f1e9f477b,PUBLIC_FUND_003096,003096,中欧医疗健康混合型证券投资基金2018年第4季度报告,2019-01-22,2018-12-31,Eastmoney fund report index via AkShare fund_announcement_report_em,AN201901221287534732,2019-01-22T23:59:59+08:00,available_after_announcement_date_end,official_announcement_index,third_party_index_date_unverified_pdf
FUND_REPORT_bee509c3f2debe4dfb9a,PUBLIC_FUND_003096,003096,中欧医疗健康混合型证券投资基金2018年年度报告,2019-03-28,2018-12-31,Eastmoney fund report index via AkShare fund_announcement_report_em,AN201903291311649279,2019-03-28T23:59:59+08:00,available_after_announcement_date_end,official_announcement_index,third_party_index_date_unverified_pdf
FUND_REPORT_99523bc1563761d1cf46,PUBLIC_FUND_003096,003096,中欧医疗健康混合型证券投资基金2018年年度报告摘要,2019-03-28,2018-12-31,Eastmoney fund report index via AkShare fund_announcement_report_em,AN201903291311649262,2019-03-28T23:59:59+08:00,available_after_announcement_date_end,official_announcement_index,third_party_index_date_unverified_pdf
FUND_REPORT_2f78868dcabfbb29b739,PUBLIC_FUND_003096,003096,中欧医疗健康混合型证券投资基金2019年第1季度报告,2019-04-18,2019-03-31,Eastmoney fund report index via AkShare fund_announcement_report_em,AN201904181320315982,2019-04-18T23:59:59+08:00,available_after_announcement_date_end,official_announcement_index,third_party_index_date_unverified_pdf
FUND_REPORT_9d35fc54d6dfac3b8869,PUBLIC_FUND_003096,003096,中欧基金管理有限公司关于旗下基金2019年6月30日基金资产净值、基金份额净值和基金份额累计净值公告,2019-06-30,,Eastmoney fund report index via AkShare fund_announcement_report_em,AN201907011336953018,2019-06-30T23:59:59+08:00,available_after_announcement_date_end,official_announcement_index,third_party_index_date_unverified_pdf
FUND_REPORT_81696d9a1f73baf64999,PUBLIC_FUND_003096,003096,中欧医疗健康混合型证券投资基金2019年第2季度报告,2019-07-19,2019-06-30,Eastmoney fund report index via AkShare fund_announcement_report_em,AN201907191339746826,2019-07-19T23:59:59+08:00,available_after_announcement_date_end,official_announcement_index,third_party_index_date_unverified_pdf
FUND_REPORT_7f3ad1429f33319f1672,PUBLIC_FUND_003096,003096,中欧医疗健康混合型证券投资基金2019年半年度报告,2019-08-26,2019-12-31,Eastmoney fund report index via AkShare fund_announcement_report_em,AN201908261345099603,2019-08-26T23:59:59+08:00,available_after_announcement_date_end,official_announcement_index,third_party_index_date_unverified_pdf
FUND_REPORT_19b3e9f422d1ae81a8c7,PUBLIC_FUND_003096,003096,中欧医疗健康混合型证券投资基金2019年半年度报告摘要,2019-08-26,2019-12-31,Eastmoney fund report index via AkShare fund_announcement_report_em,AN201908261345099604,2019-08-26T23:59:59+08:00,available_after_announcement_date_end,official_announcement_index,third_party_index_date_unverified_pdf
FUND_REPORT_945792b36458b22b29cd,PUBLIC_FUND_003096,003096,中欧医疗健康混合型证券投资基金2019年第3季度报告,2019-10-24,2019-09-30,Eastmoney fund report index via AkShare fund_announcement_report_em,AN201910241369629456,2019-10-24T23:59:59+08:00,available_after_announcement_date_end,official_announcement_index,third_party_index_date_unverified_pdf
FUND_REPORT_37edccc44a6dcc8fb7ff,PUBLIC_FUND_003096,003096,中欧医疗健康混合型证券投资基金2019年第4季度报告,2020-01-18,2019-12-31,Eastmoney fund report index via AkShare fund_announcement_report_em,AN202001181374321202,2020-01-18T23:59:59+08:00,available_after_announcement_date_end,official_announcement_index,third_party_index_date_unverified_pdf
FUND_REPORT_ed9f5e10a3720ee12adf,PUBLIC_FUND_003096,003096,中欧医疗健康混合型证券投资基金2019年年度报告,2020-04-01,2019-12-31,Eastmoney fund report index via AkShare fund_announcement_report_em,AN202004011377332929,2020-04-01T23:59:59+08:00,available_after_announcement_date_end,official_announcement_index,third_party_index_date_unverified_pdf
FUND_REPORT_386e4c2264bbb4622046,PUBLIC_FUND_003096,003096,中欧医疗健康混合型证券投资基金2019年年度报告摘要,2020-04-01,2019-12-31,Eastmoney fund report index via AkShare fund_announcement_report_em,AN202004011377333321,2020-04-01T23:59:59+08:00,available_after_announcement_date_end,official_announcement_index,third_party_index_date_unverified_pdf
FUND_REPORT_25344ff43c6f66dc61dc,PUBLIC_FUND_003096,003096,中欧医疗健康混合型证券投资基金2020年第1季度报告,2020-04-22,2020-03-31,Eastmoney fund report index via AkShare fund_announcement_report_em,AN202004221378393215,2020-04-22T23:59:59+08:00,available_after_announcement_date_end,official_announcement_index,third_party_index_date_unverified_pdf
FUND_REPORT_770fd99de598e1a31b2b,PUBLIC_FUND_003096,003096,中欧医疗健康混合型证券投资基金2020年第2季度报告,2020-07-21,2020-06-30,Eastmoney fund report index via AkShare fund_announcement_report_em,AN202007211393076022,2020-07-21T23:59:59+08:00,available_after_announcement_date_end,official_announcement_index,third_party_index_date_unverified_pdf
FUND_REPORT_01f5d516a249de68cc9c,PUBLIC_FUND_003096,003096,中欧医疗健康混合型证券投资基金2020年中期报告,2020-08-31,2020-06-30,Eastmoney fund report index via AkShare fund_announcement_report_em,AN202008311404480067,2020-08-31T23:59:59+08:00,available_after_announcement_date_end,official_announcement_index,third_party_index_date_unverified_pdf
FUND_REPORT_3533e64db884e8877b15,PUBLIC_FUND_003096,003096,中欧医疗健康混合型证券投资基金2020年中期报告摘要,2020-08-31,2020-06-30,Eastmoney fund report index via AkShare fund_announcement_report_em,AN202008311404483620,2020-08-31T23:59:59+08:00,available_after_announcement_date_end,official_announcement_index,third_party_index_date_unverified_pdf
FUND_REPORT_3edef147784adea4423f,PUBLIC_FUND_003096,003096,中欧医疗健康混合型证券投资基金2020年第3季度报告,2020-10-28,2020-09-30,Eastmoney fund report index via AkShare fund_announcement_report_em,AN202010281424236902,2020-10-28T23:59:59+08:00,available_after_announcement_date_end,official_announcement_index,third_party_index_date_unverified_pdf
FUND_REPORT_592e6ca554cb7791b275,PUBLIC_FUND_003096,003096,中欧医疗健康混合型证券投资基金2020年第4季度报告,2021-01-22,2020-12-31,Eastmoney fund report index via AkShare fund_announcement_report_em,AN202101221453102923,2021-01-22T23:59:59+08:00,available_after_announcement_date_end,official_announcement_index,third_party_index_date_unverified_pdf
FUND_REPORT_e73438a5e1e7582fb953,PUBLIC_FUND_003096,003096,中欧医疗健康混合型证券投资基金2020年年度报告摘要,2021-03-31,2020-12-31,Eastmoney fund report index via AkShare fund_announcement_report_em,AN202103311479192156,2021-03-31T23:59:59+08:00,available_after_announcement_date_end,official_announcement_index,third_party_index_date_unverified_pdf
FUND_REPORT_1aae788b15842056f554,PUBLIC_FUND_003096,003096,中欧医疗健康混合型证券投资基金2020年年度报告,2021-03-31,2020-12-31,Eastmoney fund report index via AkShare fund_announcement_report_em,AN202103311479190035,2021-03-31T23:59:59+08:00,available_after_announcement_date_end,official_announcement_index,third_party_index_date_unverified_pdf
FUND_REPORT_e0c588220761eeb1fe20,PUBLIC_FUND_003096,003096,中欧医疗健康混合型证券投资基金2021年第1季度报告,2021-04-22,2021-03-31,Eastmoney fund report index via AkShare fund_announcement_report_em,AN202104221486996726,2021-04-22T23:59:59+08:00,available_after_announcement_date_end,official_announcement_index,third_party_index_date_unverified_pdf
FUND_REPORT_2efac227cfdad4f159c4,PUBLIC_FUND_003096,003096,中欧医疗健康混合型证券投资基金2021年第2季度报告,2021-07-21,2021-06-30,Eastmoney fund report index via AkShare fund_announcement_report_em,AN202107211505150338,2021-07-21T23:59:59+08:00,available_after_announcement_date_end,official_announcement_index,third_party_index_date_unverified_pdf
FUND_REPORT_fbdb967da0b32ffaf646,PUBLIC_FUND_003096,003096,中欧医疗健康混合型证券投资基金2021年中期报告,2021-08-31,2021-06-30,Eastmoney fund report index via AkShare fund_announcement_report_em,AN202108311513455264,2021-08-31T23:59:59+08:00,available_after_announcement_date_end,official_announcement_index,third_party_index_date_unverified_pdf
FUND_REPORT_5d2fe17e144da5e4c987,PUBLIC_FUND_003096,003096,中欧医疗健康混合型证券投资基金2021年第三季度报告,2021-10-27,,Eastmoney fund report index via AkShare fund_announcement_report_em,AN202110271525278191,2021-10-27T23:59:59+08:00,available_after_announcement_date_end,official_announcement_index,third_party_index_date_unverified_pdf
FUND_REPORT_88fa90d4ed58ad9f819b,PUBLIC_FUND_003096,003096,中欧医疗健康混合型证券投资基金2021年第四季度报告,2022-01-22,,Eastmoney fund report index via AkShare fund_announcement_report_em,AN202201221541881445,2022-01-22T23:59:59+08:00,available_after_announcement_date_end,official_announcement_index,third_party_index_date_unverified_pdf
FUND_REPORT_7bf4528024c9aeae87b6,PUBLIC_FUND_003096,003096,中欧医疗健康混合型证券投资基金2021年年度报告,2022-03-31,2021-12-31,Eastmoney fund report index via AkShare fund_announcement_report_em,AN202203311556274112,2022-03-31T23:59:59+08:00,available_after_announcement_date_end,official_announcement_index,third_party_index_date_unverified_pdf
FUND_REPORT_d8e15b91056e681182dd,PUBLIC_FUND_003096,003096,中欧医疗健康混合型证券投资基金2022年第一季度报告,2022-04-22,,Eastmoney fund report index via AkShare fund_announcement_report_em,AN202204221560805684,2022-04-22T23:59:59+08:00,available_after_announcement_date_end,official_announcement_index,third_party_index_date_unverified_pdf
FUND_REPORT_b99ce6f4ce31de60c578,PUBLIC_FUND_003096,003096,中欧医疗健康混合型证券投资基金2022年第二季度报告,2022-07-21,,Eastmoney fund report index via AkShare fund_announcement_report_em,AN202207211576396027,2022-07-21T23:59:59+08:00,available_after_announcement_date_end,official_announcement_index,third_party_index_date_unverified_pdf
FUND_REPORT_f2ec5132b25da58162e0,PUBLIC_FUND_003096,003096,中欧医疗健康混合型证券投资基金2022年中期报告,2022-08-31,2022-06-30,Eastmoney fund report index via AkShare fund_announcement_report_em,AN202208311577879122,2022-08-31T23:59:59+08:00,available_after_announcement_date_end,official_announcement_index,third_party_index_date_unverified_pdf
FUND_REPORT_77942187906de65cc8ed,PUBLIC_FUND_003096,003096,中欧医疗健康混合型证券投资基金2022年第三季度报告,2022-10-26,,Eastmoney fund report index via AkShare fund_announcement_report_em,AN202210261579470374,2022-10-26T23:59:59+08:00,available_after_announcement_date_end,official_announcement_index,third_party_index_date_unverified_pdf
FUND_REPORT_2e6f9a6faed50ddc24d0,PUBLIC_FUND_003096,003096,中欧医疗健康混合型证券投资基金2022年第四季度报告,2023-01-20,,Eastmoney fund report index via AkShare fund_announcement_report_em,AN202301201582217750,2023-01-20T23:59:59+08:00,available_after_announcement_date_end,official_announcement_index,third_party_index_date_unverified_pdf
FUND_REPORT_33d68b5abbd18115a3be,PUBLIC_FUND_003096,003096,中欧医疗健康混合型证券投资基金2022年年度报告,2023-03-31,2022-12-31,Eastmoney fund report index via AkShare fund_announcement_report_em,AN202303311584743288,2023-03-31T23:59:59+08:00,available_after_announcement_date_end,official_announcement_index,third_party_index_date_unverified_pdf
FUND_REPORT_528ec17742091ce5f0db,PUBLIC_FUND_003096,003096,中欧医疗健康混合型证券投资基金2023年第一季度报告,2023-04-22,,Eastmoney fund report index via AkShare fund_announcement_report_em,AN202304221585714671,2023-04-22T23:59:59+08:00,available_after_announcement_date_end,official_announcement_index,third_party_index_date_unverified_pdf
FUND_REPORT_8e84d29ac7304bc61e4d,PUBLIC_FUND_003096,003096,中欧医疗健康混合型证券投资基金2023年第2季度报告,2023-07-21,2023-06-30,Eastmoney fund report index via AkShare fund_announcement_report_em,AN202307211592527252,2023-07-21T23:59:59+08:00,available_after_announcement_date_end,official_announcement_index,third_party_index_date_unverified_pdf
FUND_REPORT_3d6418c70d59bfa9b297,PUBLIC_FUND_003096,003096,中欧医疗健康混合型证券投资基金2023年中期报告,2023-08-31,2023-06-30,Eastmoney fund report index via AkShare fund_announcement_report_em,AN202308311596890103,2023-08-31T23:59:59+08:00,available_after_announcement_date_end,official_announcement_index,third_party_index_date_unverified_pdf
FUND_REPORT_155dbf9574fead5b743a,PUBLIC_FUND_003096,003096,中欧医疗健康混合型证券投资基金2023年第3季度报告,2023-10-25,2023-09-30,Eastmoney fund report index via AkShare fund_announcement_report_em,AN202310251603456581,2023-10-25T23:59:59+08:00,available_after_announcement_date_end,official_announcement_index,third_party_index_date_unverified_pdf
FUND_REPORT_9bce8df7e3c280948e26,PUBLIC_FUND_003096,003096,中欧医疗健康混合型证券投资基金2023年第4季度报告,2024-01-22,2023-12-31,Eastmoney fund report index via AkShare fund_announcement_report_em,AN202401221617896447,2024-01-22T23:59:59+08:00,available_after_announcement_date_end,official_announcement_index,third_party_index_date_unverified_pdf
FUND_REPORT_9290a08745cddd7615f4,PUBLIC_FUND_003096,003096,中欧医疗健康混合型证券投资基金2023年年度报告,2024-03-29,2023-12-31,Eastmoney fund report index via AkShare fund_announcement_report_em,AN202403291629028730,2024-03-29T23:59:59+08:00,available_after_announcement_date_end,official_announcement_index,third_party_index_date_unverified_pdf
FUND_REPORT_c54f5aecec6eaad1cef7,PUBLIC_FUND_003096,003096,中欧医疗健康混合型证券投资基金2024年第1季度报告,2024-04-20,2024-03-31,Eastmoney fund report index via AkShare fund_announcement_report_em,AN202404201630798917,2024-04-20T23:59:59+08:00,available_after_announcement_date_end,official_announcement_index,third_party_index_date_unverified_pdf
FUND_REPORT_a047d3f558e9459a99a8,PUBLIC_FUND_003096,003096,中欧医疗健康混合型证券投资基金2024年第2季度报告,2024-07-19,2024-06-30,Eastmoney fund report index via AkShare fund_announcement_report_em,AN202407191638075662,2024-07-19T23:59:59+08:00,available_after_announcement_date_end,official_announcement_index,third_party_index_date_unverified_pdf
FUND_REPORT_97797b0a5c59322c14b7,PUBLIC_FUND_003096,003096,中欧医疗健康混合型证券投资基金2024年中期报告,2024-08-31,2024-06-30,Eastmoney fund report index via AkShare fund_announcement_report_em,AN202408311639662782,2024-08-31T23:59:59+08:00,available_after_announcement_date_end,official_announcement_index,third_party_index_date_unverified_pdf
FUND_REPORT_9cb0adfbec5084adfe32,PUBLIC_FUND_003096,003096,中欧医疗健康混合型证券投资基金2024年第3季度报告,2024-10-25,2024-09-30,Eastmoney fund report index via AkShare fund_announcement_report_em,AN202410251640492160,2024-10-25T23:59:59+08:00,available_after_announcement_date_end,official_announcement_index,third_party_index_date_unverified_pdf
FUND_REPORT_18c636463b75702680b6,PUBLIC_FUND_003096,003096,中欧医疗健康混合型证券投资基金2024年第4季度报告,2025-01-22,2024-12-31,Eastmoney fund report index via AkShare fund_announcement_report_em,AN202501221642429554,2025-01-22T23:59:59+08:00,available_after_announcement_date_end,official_announcement_index,third_party_index_date_unverified_pdf
FUND_REPORT_b860ffb6a4c4855a52ec,PUBLIC_FUND_003096,003096,中欧医疗健康混合型证券投资基金2024年年度报告,2025-03-29,2024-12-31,Eastmoney fund report index via AkShare fund_announcement_report_em,AN202503291648940632,2025-03-29T23:59:59+08:00,available_after_announcement_date_end,official_announcement_index,third_party_index_date_unverified_pdf
FUND_REPORT_b2cdbfed09286602bca7,PUBLIC_FUND_003096,003096,中欧医疗健康混合型证券投资基金2025年第1季度报告,2025-04-22,2025-03-31,Eastmoney fund report index via AkShare fund_announcement_report_em,AN202504221660340059,2025-04-22T23:59:59+08:00,available_after_announcement_date_end,official_announcement_index,third_party_index_date_unverified_pdf
FUND_REPORT_6fba915d414f03f1cb18,PUBLIC_FUND_003096,003096,中欧医疗健康混合型证券投资基金2025年第2季度报告,2025-07-19,2025-06-30,Eastmoney fund report index via AkShare fund_announcement_report_em,AN202507191711634444,2025-07-19T23:59:59+08:00,available_after_announcement_date_end,official_announcement_index,third_party_index_date_unverified_pdf
FUND_REPORT_0aa974113a4c4481d532,PUBLIC_FUND_003096,003096,中欧医疗健康混合型证券投资基金2025年中期报告,2025-08-30,2025-06-30,Eastmoney fund report index via AkShare fund_announcement_report_em,AN202508301736784803,2025-08-30T23:59:59+08:00,available_after_announcement_date_end,official_announcement_index,third_party_index_date_unverified_pdf
FUND_REPORT_abd975a4b0c62f3de41c,PUBLIC_FUND_003096,003096,中欧医疗健康混合型证券投资基金2025年第3季度报告,2025-10-28,2025-09-30,Eastmoney fund report index via AkShare fund_announcement_report_em,AN202510281770463642,2025-10-28T23:59:59+08:00,available_after_announcement_date_end,official_announcement_index,third_party_index_date_unverified_pdf
FUND_REPORT_57e5aa918042be7fdba9,PUBLIC_FUND_003096,003096,中欧医疗健康混合型证券投资基金2025年第4季度报告,2026-01-22,2025-12-31,Eastmoney fund report index via AkShare fund_announcement_report_em,AN202601221818248661,2026-01-22T23:59:59+08:00,available_after_announcement_date_end,official_announcement_index,third_party_index_date_unverified_pdf
FUND_REPORT_1bf269fdf291916f061a,PUBLIC_FUND_003096,003096,中欧医疗健康混合型证券投资基金2025年年度报告,2026-03-31,2025-12-31,Eastmoney fund report index via AkShare fund_announcement_report_em,AN202603311820900021,2026-03-31T23:59:59+08:00,available_after_announcement_date_end,official_announcement_index,third_party_index_date_unverified_pdf
FUND_REPORT_5088b7b868e965988c55,PUBLIC_FUND_003096,003096,中欧医疗健康混合型证券投资基金2026年第1季度报告,2026-04-22,2026-03-31,Eastmoney fund report index via AkShare fund_announcement_report_em,AN202604221821421674,2026-04-22T23:59:59+08:00,available_after_announcement_date_end,official_announcement_index,third_party_index_date_unverified_pdf
FUND_REPORT_ba6ee956fff8eccbebfe,PUBLIC_FUND_003096,003096,中欧医疗健康混合型证券投资基金2026年第2季度报告,2026-07-21,2026-06-30,Eastmoney fund report index via AkShare fund_announcement_report_em,AN202607211827193222,2026-07-21T23:59:59+08:00,available_after_announcement_date_end,official_announcement_index,third_party_index_date_unverified_pdf
