fetched_at,symbol,name,price,pct_change,change,open,high,low,prev_close,volume,amount,turnover_rate,volume_ratio,pe_dynamic,pb,total_market_value,free_float_market_value
2026-07-20T10:45:28,300368.SZ,汇金股份,9.41,20.03,1.57,7.61,9.41,7.61,7.84,453282.0,409918456.16,8.57,6.32,-133.97,103.26,4977358100.0,4977358100.0
2026-07-20T10:45:28,300515.SZ,三德科技,14.86,20.03,2.48,14.85,14.86,14.85,12.38,50018.0,74317657.0,2.48,5.92,23.07,3.46,3057511870.0,2998120537.0
2026-07-20T10:45:28,301536.SZ,星宸科技,110.22,20.0,18.37,110.22,110.22,110.22,91.85,54855.0,604616659.68,2.93,1.64,52.77,15.0,46481452871.0,20632441338.0
2026-07-20T10:45:28,688057.SH,金达莱,16.81,19.99,2.8,14.55,16.81,14.55,14.01,55341.0,90743052.0,2.01,2.46,86.0,1.49,4639560000.0,4639560000.0
2026-07-20T10:45:28,920130.BJ,立方控股,17.7,18.16,2.72,15.3,18.88,15.3,14.98,58461.0,100177127.83,10.2,9.45,-50.73,3.5,1632705277.0,1014123606.0
2026-07-20T10:45:28,920088.BJ,科力股份,52.45,17.84,7.94,48.1,53.49,46.89,44.51,59882.0,302079265.08,18.39,2.23,265.57,6.68,4619350175.0,1708098764.0
2026-07-20T10:45:28,300534.SZ,陇神戎发,11.68,16.45,1.65,9.8,11.7,9.53,10.03,652148.0,677308171.78,21.59,2.5,35.92,4.87,3543069600.0,3527961380.0
2026-07-20T10:45:28,300209.SZ,行云科技,25.8,15.33,3.43,25.0,26.84,25.0,22.37,990298.0,2607640208.32,13.48,3.32,-271.81,26.69,23958812051.0,18951643769.0
2026-07-20T10:45:28,300164.SZ,通源石油,11.95,14.03,1.47,11.0,12.24,10.85,10.48,1499793.0,1742584670.18,25.72,2.11,-136.27,5.11,7032080617.0,6969368797.0
2026-07-20T10:45:28,688702.SH,盛科通信-U,353.67,13.36,41.67,351.08,365.96,332.52,312.0,107473.0,3787512093.0,5.29,2.53,-2128.71,64.97,145004700000.0,71792103894.0
2026-07-20T10:45:28,920046.BJ,亿能电力,23.01,13.35,2.71,19.99,23.98,19.83,20.3,81979.0,178796228.82,14.66,6.1,89.54,9.3,2327461500.0,1286881121.0
2026-07-20T10:45:28,688679.SH,通源环境,30.28,12.65,3.4,27.35,32.21,27.11,26.88,27163.0,81330191.0,2.06,2.53,1862.49,3.63,3987563359.0,3987563359.0
2026-07-20T10:45:28,301273.SZ,瑞晨环保,31.28,12.48,3.47,30.19,33.17,27.99,27.81,28806.0,89455345.63,3.74,3.2,-42.95,3.59,3137337330.0,2407954200.0
2026-07-20T10:45:28,688382.SH,益方生物-U,25.29,12.15,2.74,22.2,25.5,22.2,22.55,179959.0,440269550.0,3.1,1.96,-82.59,9.76,14657881781.0,14657881781.0
2026-07-20T10:45:28,300779.SZ,惠城环保,55.78,11.96,5.96,56.12,59.46,53.47,49.82,109830.0,619015259.38,4.83,3.82,1945.47,7.45,16583351886.0,12671176683.0
2026-07-20T10:45:28,300246.SZ,宝莱特,16.32,11.86,1.73,14.85,16.48,14.85,14.59,93955.0,149624439.96,4.44,1.97,-147.51,4.01,4318378635.0,3451516686.0
2026-07-20T10:45:28,300951.SZ,博硕科技,39.52,11.83,4.18,36.01,39.93,35.99,35.34,35025.0,134711193.5,2.31,3.87,-84.73,3.04,6694711593.0,5983104989.0
2026-07-20T10:45:28,688432.SH,有研硅,43.38,11.57,4.5,40.0,44.44,39.4,38.88,386363.0,1635595668.0,3.09,2.21,270.22,12.21,54238094600.0,54238094600.0
2026-07-20T10:45:28,300135.SZ,宝利国际,3.41,11.44,0.35,3.12,3.6,3.09,3.06,417524.0,140482774.96,4.53,6.28,89.17,3.63,3142656000.0,3142656000.0
2026-07-20T10:45:28,300040.SZ,九洲集团,6.43,11.25,0.65,5.75,6.69,5.6,5.78,837369.0,513337263.5,16.18,8.4,40.27,1.59,4137129103.0,3326727969.0
2026-07-20T10:45:28,301165.SZ,锐捷网络,106.74,11.08,10.65,103.54,107.8,99.33,96.09,209925.0,2187995532.48,1.89,2.1,241.75,25.21,118869545387.0,118869545387.0
2026-07-20T10:45:28,301228.SZ,实朴检测,51.31,10.82,5.01,47.73,54.68,47.73,46.3,52704.0,273375237.0,4.41,3.99,-354.22,10.28,6157200000.0,6128481485.0
2026-07-20T10:45:28,301218.SZ,华是科技,39.86,10.72,3.86,36.66,40.5,36.32,36.0,85028.0,333717673.53,12.13,2.51,-385.21,5.01,4545634400.0,2792943803.0
2026-07-20T10:45:28,920493.BJ,并行科技,117.54,10.68,11.34,113.96,124.92,110.8,106.2,26793.0,318766397.24,6.0,6.27,153.39,14.01,7120802991.0,5246625340.0
2026-07-20T10:45:28,920299.BJ,灿能电力,17.62,10.61,1.69,15.16,18.1,15.0,15.93,46933.0,78377425.6,10.33,8.34,128.67,5.72,1587725443.0,800208159.0
2026-07-20T10:45:28,000720.SZ,新能泰山,3.36,10.16,0.31,3.03,3.36,3.03,3.05,332567.0,107586275.0,2.65,3.19,-47.4,2.24,4221946079.0,4221946079.0
2026-07-20T10:45:28,002036.SZ,联创电子,6.55,10.08,0.6,6.0,6.55,6.0,5.95,341375.0,216253984.29,3.23,3.22,-17.89,7.18,6927267267.0,6913313926.0
2026-07-20T10:45:28,600744.SH,华银电力,6.56,10.07,0.6,6.46,6.56,6.1,5.96,1707283.0,1101693750.0,8.41,9.98,24.06,10.34,13324175237.0,13324175237.0
2026-07-20T10:45:28,600821.SH,金开新能,6.24,10.05,0.57,5.73,6.24,5.71,5.67,780020.0,470377748.0,3.96,2.02,-159.85,1.36,12276107707.0,12276107707.0
2026-07-20T10:45:28,002887.SZ,绿茵生态,10.3,10.04,0.94,9.46,10.3,9.37,9.36,52623.0,52462282.75,2.42,4.14,19.57,1.38,3151674484.0,2237482534.0
2026-07-20T10:45:28,001258.SZ,立新能源,9.1,10.04,0.83,8.84,9.1,8.4,8.27,804252.0,718323482.4,8.62,8.47,334.9,2.81,8493333339.0,8493244614.0
2026-07-20T10:45:28,603118.SH,共进股份,16.45,10.03,1.5,16.45,16.45,16.45,14.95,400910.0,659496687.0,5.09,1.29,132.42,2.56,12950696879.0,12950696879.0
2026-07-20T10:45:28,603159.SH,上海亚虹,20.31,10.02,1.85,18.99,20.31,18.23,18.46,35559.0,70466347.0,2.54,2.23,-157.58,5.73,2843400000.0,2843400000.0
2026-07-20T10:45:28,600756.SH,浪潮软件,14.05,10.02,1.28,12.7,14.05,12.51,12.77,211730.0,292420660.0,6.53,2.93,-14.23,2.2,4912283980.0,4553587480.0
2026-07-20T10:45:28,601101.SH,昊华能源,11.53,10.02,1.05,10.68,11.53,10.68,10.48,198122.0,221798950.0,1.38,1.53,12.98,1.39,16603176087.0,16603176087.0
2026-07-20T10:45:28,600452.SH,涪陵电力,10.0,10.01,0.91,9.35,10.0,9.2,9.09,531938.0,516951989.0,3.46,6.27,29.94,2.72,15365416540.0,15365416540.0
2026-07-20T10:45:28,002490.SZ,山东墨龙,7.8,10.01,0.71,7.52,7.8,7.52,7.09,518220.0,402172392.59,9.57,1.8,278.62,12.35,6223217520.0,4225431600.0
2026-07-20T10:45:28,603727.SH,博迈科,16.6,10.01,1.51,14.97,16.6,14.97,15.09,32742.0,52834462.0,1.16,2.01,-19.85,1.51,4676539998.0,4676539998.0
2026-07-20T10:45:28,600113.SH,浙江东日,31.2,10.01,2.84,28.93,31.2,28.29,28.36,60488.0,181650320.0,1.47,2.12,151.29,5.13,13140711792.0,12836652192.0
2026-07-20T10:45:28,603779.SH,威龙股份,8.68,10.01,0.79,7.92,8.68,7.73,7.89,444533.0,375171677.0,13.39,4.6,-96.09,5.88,2882478305.0,2882478305.0
2026-07-20T10:45:28,002866.SZ,传艺科技,14.85,10.0,1.35,14.58,14.85,14.58,13.5,63132.0,93447646.0,3.48,2.66,70.26,2.06,4299405502.0,2691005714.0
2026-07-20T10:45:28,603533.SH,掌阅科技,19.69,10.0,1.79,19.5,19.69,19.01,17.9,145232.0,284262275.0,3.31,2.12,-64.06,3.76,8641878681.0,8641878681.0
2026-07-20T10:45:28,002197.SZ,证通电子,6.05,10.0,0.55,5.57,6.05,5.56,5.5,128395.0,75814315.8,2.4,1.74,519.61,2.11,3716895714.0,3230700073.0
2026-07-20T10:45:28,603580.SH,艾艾精工,49.41,10.0,4.49,49.41,49.41,49.41,44.92,21939.0,108399710.0,1.68,2.47,578.54,14.19,6456562812.0,6456562812.0
2026-07-20T10:45:28,000596.SZ,古井贡酒,93.83,10.0,8.53,85.34,93.83,85.0,85.3,88920.0,810476768.0,2.18,3.83,7.72,2.04,49598538000.0,38338938000.0
2026-07-20T10:45:28,600726.SH,华电能源,5.83,10.0,0.53,5.31,5.83,5.25,5.3,1172916.0,658630332.0,1.57,3.08,19.15,9.26,46099770104.0,43581210093.0
2026-07-20T10:45:28,002992.SZ,宝明科技,35.86,10.0,3.26,33.38,35.86,32.83,32.6,11870.0,41804491.54,0.76,2.23,-115.56,8.81,6485949251.0,5602590758.0
2026-07-20T10:45:28,603629.SH,利通电子,99.87,10.0,9.08,96.88,99.87,96.72,90.79,161422.0,1608493758.0,4.47,1.66,33.75,17.05,36625125360.0,36025445958.0
2026-07-20T10:45:28,600403.SH,大有能源,5.28,10.0,0.48,4.72,5.28,4.7,4.8,424737.0,216592210.0,1.78,1.73,-8.55,3.78,12623489483.0,12623489483.0
2026-07-20T10:45:28,688808.SH,联讯仪器,1744.98,9.99,158.56,1670.01,1849.0,1668.81,1586.42,12765.0,2244323239.0,6.62,2.76,376.67,61.08,179151280582.0,33671385357.0
2026-07-20T10:45:28,600644.SH,乐山电力,9.91,9.99,0.9,9.1,9.91,9.06,9.01,665824.0,644491324.0,11.51,10.39,-810.06,2.78,5731159306.0,5731159306.0
2026-07-20T10:45:28,000938.SZ,紫光股份,38.64,9.99,3.51,38.6,38.64,37.37,35.13,3245099.0,12434837501.93,11.35,2.4,35.07,7.2,110513486331.0,110513208123.0
2026-07-20T10:45:28,603619.SH,中曼石油,19.51,9.98,1.77,18.43,19.51,18.43,17.74,223124.0,428380527.0,4.83,1.48,71.24,2.1,9020223374.0,9020223374.0
2026-07-20T10:45:28,600267.SH,海正药业,12.45,9.98,1.13,11.4,12.45,11.36,11.32,412854.0,497999256.0,3.5,2.07,10.33,1.69,14694387595.0,14694387595.0
2026-07-20T10:45:28,000539.SZ,粤电力Ａ,5.84,9.98,0.53,5.26,5.84,5.21,5.31,1284901.0,721460754.84,5.03,4.2,-50.55,1.32,30661658478.0,14923459490.0
2026-07-20T10:45:28,000815.SZ,美利云,13.33,9.98,1.21,13.33,13.33,13.33,12.12,100324.0,133731852.01,1.44,1.02,104.38,6.59,9267856257.0,9267856257.0
2026-07-20T10:45:28,600722.SH,金牛化工,9.38,9.96,0.85,9.17,9.38,8.83,8.53,474222.0,435974192.0,6.97,2.7,122.27,5.06,6381398561.0,6381398561.0
2026-07-20T10:45:28,600797.SH,浙大网新,6.85,9.95,0.62,6.28,6.85,6.28,6.23,603605.0,408379565.0,5.87,7.76,-36.98,2.15,7038555635.0,7038555635.0
2026-07-20T10:45:28,600121.SH,郑州煤电,3.76,9.94,0.34,3.4,3.76,3.4,3.42,551579.0,202241921.0,4.53,3.13,-5.86,6.23,4581229263.0,4581229263.0
2026-07-20T10:45:28,000767.SZ,晋控电力,3.76,9.94,0.34,3.4,3.76,3.34,3.42,2552205.0,926837797.3,8.76,5.44,45.99,1.92,11569302743.0,10950046599.0
2026-07-20T10:45:28,600746.SH,江苏索普,6.64,9.93,0.6,6.06,6.64,6.01,6.04,385946.0,245517791.0,3.3,3.98,56.85,1.42,7754476750.0,7754476750.0
2026-07-20T10:45:28,600758.SH,辽宁能源,3.32,9.93,0.3,3.04,3.32,3.04,3.02,471161.0,151833279.0,3.57,3.03,-9.49,0.82,4389097748.0,4384868068.0
2026-07-20T10:45:28,000889.SZ,中嘉博创,3.45,9.87,0.31,3.22,3.45,3.22,3.14,341231.0,115248546.45,3.92,2.0,-183.63,46.51,3230204350.0,3000965754.0
2026-07-20T10:45:28,002309.SZ,中利集团,2.9,9.85,0.26,2.67,2.9,2.64,2.64,1208233.0,343065466.0,5.02,1.94,139.64,4.65,8722229617.0,6977783693.0
2026-07-20T10:45:28,002542.SZ,*ST中岩,1.45,9.85,0.13,1.45,1.45,1.45,1.32,58814.0,8527957.5,0.33,0.58,-15.52,-16.2,2618869270.0,2550218362.0
2026-07-20T10:45:28,300317.SZ,珈伟新能,4.53,9.69,0.4,3.99,4.69,3.93,4.13,1498171.0,641636870.81,18.07,7.83,365.36,2.65,3760753475.0,3754977725.0
2026-07-20T10:45:28,001288.SZ,运机集团,22.9,9.67,2.02,20.99,22.97,20.99,20.88,43683.0,98579481.9,2.88,5.23,26.03,2.34,5353192234.0,3477891173.0
2026-07-20T10:45:28,300795.SZ,米奥会展,11.48,9.54,1.0,12.58,12.58,11.29,10.48,304321.0,374582314.1,17.49,14.61,-34.75,6.04,3431301628.0,1997349648.0
2026-07-20T10:45:28,688133.SH,泰坦科技,21.29,9.52,1.85,19.53,21.64,19.53,19.44,64865.0,135885628.0,3.94,3.79,-27.02,1.29,3500863240.0,3500863240.0
2026-07-20T10:45:28,603226.SH,菲林格尔,45.35,9.15,3.8,42.08,45.71,42.08,41.55,59599.0,268762265.0,1.68,6.92,-281.87,18.93,16121551770.0,16121551770.0
2026-07-20T10:45:28,300191.SZ,潜能恒信,27.93,9.14,2.34,26.0,28.65,25.99,25.59,166900.0,460756424.26,7.55,2.06,73.26,7.84,8937600000.0,6177976350.0
2026-07-20T10:45:28,300560.SZ,中富通,14.18,8.99,1.17,13.26,15.0,13.0,13.01,158607.0,224302534.8,8.48,3.48,100.75,3.67,3257764560.0,2651160651.0
2026-07-20T10:45:28,000600.SZ,建投能源,8.89,8.95,0.73,8.1,8.98,8.08,8.16,528437.0,451992297.89,4.85,5.44,6.69,1.33,16030753603.0,9690552288.0
2026-07-20T10:45:28,600188.SH,兖矿能源,20.58,8.89,1.68,19.0,20.65,19.0,18.9,383366.0,767448994.0,0.64,1.87,13.06,2.77,206558414572.0,122684624572.0
2026-07-20T10:45:28,603373.SH,安邦护卫,35.86,8.83,2.91,32.96,35.89,32.93,32.95,28456.0,99045355.0,4.47,2.53,57.91,2.94,5398279591.0,2280773135.0
2026-07-20T10:45:28,300478.SZ,杭州高新,30.71,8.82,2.49,29.09,31.5,28.3,28.22,41459.0,125157658.0,3.27,3.81,-105.69,123.97,3890127830.0,3890127830.0
2026-07-20T10:45:28,301190.SZ,善水科技,15.78,8.68,1.26,15.31,16.61,15.23,14.52,69941.0,111835721.0,4.89,8.62,22.31,1.74,3386963970.0,2258181120.0
2026-07-20T10:45:28,600126.SH,杭钢股份,6.15,8.66,0.49,5.89,6.23,5.86,5.66,1029642.0,633587314.0,3.05,5.61,540.45,1.07,20769712860.0,20769712860.0
2026-07-20T10:45:28,300105.SZ,龙源技术,9.87,8.46,0.77,9.12,9.96,8.89,9.1,519834.0,482253232.79,10.08,2.94,104.69,2.84,5091088325.0,5087717227.0
2026-07-20T10:45:28,601898.SH,中煤能源,13.6,8.45,1.06,12.69,13.79,12.69,12.54,628917.0,843702811.0,0.69,3.13,11.73,1.1,180317822240.0,124467205440.0
2026-07-20T10:45:28,300561.SZ,汇金科技,19.01,8.44,1.48,17.75,19.47,17.74,17.53,363424.0,678318428.14,15.08,2.57,-549.45,10.93,6237332605.0,4582504482.0
2026-07-20T10:45:28,002123.SZ,梦网科技,8.15,8.38,0.63,7.35,8.17,7.3,7.52,291935.0,228792338.42,4.05,2.43,-37.31,4.31,6564194109.0,5872336281.0
2026-07-20T10:45:28,300483.SZ,首华燃气,18.7,8.34,1.44,18.1,18.76,17.87,17.26,166991.0,306766515.49,4.34,1.88,33.71,1.96,7201514738.0,7196465738.0
2026-07-20T10:45:28,300428.SZ,立中集团,17.87,8.3,1.37,17.95,18.36,17.51,16.5,116323.0,209573428.9,1.95,5.32,15.42,1.39,12251342352.0,10664122626.0
2026-07-20T10:45:28,600938.SH,中国海油,31.36,8.25,2.39,29.6,31.49,29.51,28.97,618986.0,1902182520.0,2.07,3.04,9.52,1.78,1490539356938.0,93766400000.0
2026-07-20T10:45:28,301376.SZ,致欧科技,19.07,7.98,1.41,17.96,19.19,17.67,17.66,17682.0,32940364.37,0.91,2.85,25.52,2.29,7675083353.0,3692769607.0
2026-07-20T10:45:28,688030.SH,山石网科,15.33,7.96,1.13,14.4,15.46,14.2,14.2,47656.0,71106069.0,2.64,3.35,-20.03,4.06,2763015856.0,2763015856.0
2026-07-20T10:45:28,605080.SH,浙江自然,20.95,7.77,1.51,19.39,20.98,19.39,19.44,22724.0,46533618.0,1.62,5.18,10.29,1.31,2952048159.0,2940357640.0
2026-07-20T10:45:28,601001.SH,晋控煤业,18.88,7.7,1.35,17.8,19.0,17.68,17.53,124039.0,229816511.0,0.74,1.95,23.33,1.7,31599456000.0,31599456000.0
2026-07-20T10:45:28,301017.SZ,漱玉平民,13.18,7.59,0.93,12.22,13.88,12.22,12.25,93571.0,121925694.4,3.62,2.77,129.03,2.65,5345901908.0,3409601418.0
2026-07-20T10:45:28,601026.SH,道生天合,14.22,7.56,1.0,13.44,14.54,13.29,13.22,43774.0,60804779.0,3.94,4.96,75.83,3.77,9376668000.0,1579638512.0
2026-07-20T10:45:28,300765.SZ,石药创新,41.14,7.56,2.89,36.75,41.58,36.36,38.25,171014.0,676754550.41,1.22,2.19,-153.92,22.42,57784953716.0,57784953716.0
2026-07-20T10:45:28,300001.SZ,特锐德,33.15,7.56,2.33,32.44,34.19,32.44,30.82,256160.0,856604476.94,2.48,3.61,121.59,4.15,34984113686.0,34183766109.0
2026-07-20T10:45:28,920508.BJ,殷图网联,14.92,7.49,1.04,13.97,15.31,13.74,13.88,16967.0,24773462.33,5.32,8.23,-96.57,4.72,895200000.0,476036401.0
2026-07-20T10:45:28,000722.SZ,湖南发展,14.86,7.45,1.03,13.7,14.98,13.23,13.83,482057.0,692497498.6,10.39,5.67,162.2,2.13,8490332135.0,6897392071.0
2026-07-20T10:45:28,000037.SZ,深南电A,9.88,7.39,0.68,9.2,10.12,9.0,9.2,535711.0,516177616.46,15.81,10.53,123.81,3.56,5955294448.0,3348412522.0
2026-07-20T10:45:28,301606.SZ,绿联科技,60.88,7.37,4.18,57.88,61.15,56.65,56.7,26192.0,155124975.78,1.59,2.35,26.57,7.49,25259708989.0,10045126761.0
2026-07-20T10:45:28,603919.SH,金徽酒,15.19,7.35,1.04,14.16,15.3,14.16,14.15,84638.0,126261221.0,1.67,3.0,9.42,2.28,7705279354.0,7705279354.0
2026-07-20T10:45:28,920010.BJ,凯添燃气,8.48,7.34,0.58,8.13,8.64,8.09,7.9,82592.0,69056934.4,4.76,2.37,52.83,2.89,1988560000.0,1471261793.0
2026-07-20T10:45:28,000899.SZ,赣能股份,11.48,7.29,0.78,10.7,11.6,10.59,10.7,438867.0,491504276.91,4.5,9.1,13.86,1.84,11200780685.0,11200780685.0
2026-07-20T10:45:28,301191.SZ,菲菱科思,104.6,7.27,7.09,103.03,110.36,100.0,97.51,68087.0,712899188.18,9.32,2.0,132.14,6.0,10135434568.0,7641838976.0
2026-07-20T10:45:28,600236.SH,桂冠电力,11.39,7.25,0.77,10.95,11.68,10.74,10.62,495968.0,561677113.0,0.63,7.79,26.12,5.22,89780283165.0,89780283165.0
2026-07-20T10:45:28,600737.SH,中粮糖业,12.16,7.23,0.82,11.47,12.21,11.41,11.34,282417.0,337816791.0,1.32,3.12,30.11,2.24,26008394452.0,26008394452.0
2026-07-20T10:45:28,301085.SZ,亚康股份,55.97,7.2,3.76,58.66,62.0,55.25,52.21,52748.0,310541441.14,8.95,6.02,51.18,5.08,4856834530.0,3297290200.0
2026-07-20T10:45:28,300903.SZ,科翔股份,68.0,7.19,4.56,65.22,69.78,64.33,63.44,244647.0,1646666500.53,7.4,3.08,-142.34,16.21,29606286284.0,22486757004.0
2026-07-20T10:45:28,920790.BJ,联迪信息,28.99,7.17,1.94,27.15,30.38,27.14,27.05,43585.0,125606782.47,8.02,2.5,-348.29,7.57,2289253910.0,1575750232.0
2026-07-20T10:45:28,600989.SH,宝丰能源,22.82,7.14,1.52,21.95,23.2,21.94,21.3,886030.0,2003662171.0,1.21,2.4,11.43,3.41,167347275200.0,167347275200.0
2026-07-20T10:45:28,688248.SH,南网科技,40.85,7.11,2.71,38.87,41.43,38.45,38.14,64834.0,262619950.0,1.15,2.71,116.94,7.19,23067995000.0,23067995000.0
2026-07-20T10:45:28,000977.SZ,浪潮信息,82.89,7.09,5.49,82.02,85.14,80.85,77.4,1141217.0,9473697957.54,7.78,2.27,50.31,5.47,121722029933.0,121585688234.0
2026-07-20T10:45:28,002857.SZ,三晖电气,15.39,7.02,1.01,14.43,15.69,14.43,14.38,35346.0,54046093.3,2.75,3.77,-20.34,4.31,2010457260.0,1978925459.0
2026-07-20T10:45:28,000838.SZ,*ST发展,2.31,6.94,0.15,2.16,2.37,2.16,2.16,320145.0,73009400.25,3.04,1.7,-44.1,-11.85,2542067613.0,2434199125.0
2026-07-20T10:45:28,300857.SZ,协创数据,227.44,6.9,14.68,224.5,242.0,223.02,212.76,174758.0,4057304445.26,3.59,3.04,37.08,21.74,111300729818.0,110731437945.0
2026-07-20T10:45:28,920699.BJ,海达尔,71.58,6.84,4.58,67.99,75.49,67.99,67.0,11064.0,79339984.56,3.79,1.94,113.24,13.68,4572202564.0,2091955564.0
2026-07-20T10:45:28,603519.SH,立霸股份,17.2,6.83,1.1,16.32,17.71,16.12,16.1,168658.0,287392697.0,6.33,4.3,33.87,4.59,4580838831.0,4580838831.0
2026-07-20T10:45:28,920748.BJ,路桥信息,22.64,6.79,1.44,20.6,23.35,20.6,21.2,17215.0,38292530.16,4.67,5.04,-71.65,8.39,1737393600.0,833967810.0
2026-07-20T10:45:28,688331.SH,荣昌生物,123.78,6.7,7.77,118.28,125.9,117.14,116.01,60322.0,739671634.0,1.69,1.75,53.25,17.79,69871022846.0,44052837082.0
2026-07-20T10:45:28,600759.SH,ST洲际,2.73,6.64,0.17,2.64,2.78,2.62,2.56,1911366.0,516518835.0,4.61,1.65,25.55,1.25,11326795334.0,11312262179.0
2026-07-20T10:45:28,688710.SH,益诺思,69.73,6.62,4.33,64.65,70.97,64.52,65.4,34177.0,233027028.0,3.77,1.4,201.3,4.21,9830508554.0,6324090110.0
2026-07-20T10:45:28,301396.SZ,宏景科技,205.2,6.59,12.68,204.96,220.88,201.77,192.52,93320.0,1953077224.05,6.59,2.33,364.39,36.52,44102520738.0,29037237631.0
2026-07-20T10:45:28,000731.SZ,四川美丰,6.16,6.57,0.38,5.75,6.22,5.74,5.78,187011.0,113548121.79,3.41,4.94,-26.42,0.89,3380767544.0,3380767544.0
2026-07-20T10:45:28,600578.SH,京能电力,5.54,6.54,0.34,5.2,5.68,5.12,5.2,1220130.0,666992123.0,1.82,3.95,8.42,1.54,37088200423.0,37088200423.0
2026-07-20T10:45:28,300613.SZ,富瀚微,54.77,6.54,3.36,56.73,56.9,53.13,51.41,100365.0,551830064.86,4.57,2.64,37.48,4.4,12755666270.0,12032426996.0
2026-07-20T10:45:28,600546.SH,山煤国际,12.58,6.52,0.77,11.81,12.64,11.81,11.81,146925.0,181113818.0,0.74,2.13,14.55,1.56,24939298241.0,24939298241.0
2026-07-20T10:45:28,000554.SZ,泰山石油,6.87,6.51,0.42,6.69,6.97,6.52,6.45,388598.0,264720038.51,10.82,3.05,12.19,2.76,3280046587.0,2468423955.0
2026-07-20T10:45:28,301328.SZ,维峰电子,58.58,6.51,3.58,57.0,60.6,55.67,55.0,34653.0,202962234.45,3.01,2.79,125.63,4.76,9334471750.0,6746310811.0
2026-07-20T10:45:28,002488.SZ,金固股份,9.03,6.49,0.55,8.82,9.25,8.79,8.48,249426.0,225124852.64,2.71,3.15,96.84,2.6,8988814757.0,8308358511.0
2026-07-20T10:45:28,000601.SZ,韶能股份,6.9,6.48,0.42,6.49,6.99,6.4,6.48,973077.0,652601158.7,9.28,4.48,173.91,1.78,7343968936.0,7232131666.0
2026-07-20T10:45:28,600881.SH,亚泰集团,1.98,6.45,0.12,1.98,2.05,1.81,1.86,3131192.0,614231202.0,9.69,5.67,-7.12,14.88,6399658956.0,6399658956.0
2026-07-20T10:45:28,688071.SH,华依科技,30.86,6.41,1.86,30.0,32.0,29.13,29.0,41759.0,129710767.0,4.92,4.03,484.25,2.59,2616610883.0,2616610883.0
2026-07-20T10:45:28,300768.SZ,迪普科技,15.89,6.36,0.95,14.99,15.89,14.99,14.94,96819.0,150852073.5,2.3,2.72,55.6,2.93,10230443430.0,6684409896.0
2026-07-20T10:45:28,300295.SZ,*ST三六,10.58,6.33,0.63,10.0,10.69,9.98,9.95,21960.0,22793642.98,1.31,3.4,749.52,1.85,2006113094.0,1772724875.0
2026-07-20T10:45:28,600929.SH,雪天盐业,4.92,6.26,0.29,4.72,5.08,4.7,4.63,265403.0,130492297.0,1.62,5.6,135.69,1.07,8069357220.0,8069357220.0
2026-07-20T10:45:28,600227.SH,赤天化,3.25,6.21,0.19,3.0,3.33,2.9,3.06,1986182.0,630710379.0,15.55,3.6,-48.2,2.45,5488364976.0,4152199360.0
2026-07-20T10:45:28,688799.SH,华纳药厂,48.9,6.19,2.85,46.51,49.69,46.1,46.05,33461.0,160083931.0,2.5,1.59,60.78,3.14,6534849300.0,6534849300.0
2026-07-20T10:45:28,920262.BJ,太湖雪,13.75,6.18,0.8,12.95,13.99,12.52,12.95,17550.0,22885995.86,4.55,5.17,29.49,3.14,1140384053.0,530151861.0
2026-07-20T10:45:28,688062.SH,迈威生物-U,32.91,6.16,1.91,31.0,33.3,30.77,31.0,80553.0,261314856.0,3.5,1.83,-15.19,137.64,14701890882.0,7577198400.0
2026-07-20T10:45:28,300866.SZ,安克创新,117.39,6.14,6.79,110.1,117.5,110.01,110.6,34076.0,392967056.14,1.11,2.21,36.27,6.67,68427707584.0,36107184922.0
2026-07-20T10:45:28,601702.SH,华峰铝业,14.74,6.12,0.85,14.0,14.76,13.85,13.89,94979.0,137087605.0,0.95,3.11,15.15,2.31,14718341044.0,14718341044.0
2026-07-20T10:45:28,605011.SH,杭州热电,19.61,6.11,1.13,18.48,20.33,18.07,18.48,186088.0,358462284.0,4.65,8.77,48.41,3.23,7845961000.0,7845961000.0
2026-07-20T10:45:28,000568.SZ,泸州老窖,87.5,6.11,5.04,83.5,87.95,83.5,82.46,160159.0,1382044270.51,1.09,2.91,8.68,2.5,128791378013.0,128717761988.0
2026-07-20T10:45:28,603129.SH,春风动力,285.22,6.1,16.41,272.0,287.55,266.66,268.81,10797.0,300988943.0,0.7,1.78,25.89,5.95,43776353663.0,43776353663.0
2026-07-20T10:45:28,301045.SZ,天禄科技,69.1,6.1,3.97,66.63,73.58,66.01,65.13,62671.0,437743378.68,8.99,3.17,197.52,7.42,7622998538.0,4817377811.0
2026-07-20T10:45:28,600428.SH,中远海特,11.2,6.06,0.64,10.72,11.45,10.31,10.56,713867.0,780861836.0,2.92,1.61,18.93,1.8,30731908424.0,27387198530.0
2026-07-20T10:45:28,601600.SH,中国铝业,8.95,6.04,0.51,8.61,8.99,8.53,8.44,2260415.0,1988025156.0,1.71,2.04,6.94,1.9,153536993377.0,118169892150.0
2026-07-20T10:45:28,605196.SH,华通线缆,24.96,6.03,1.42,23.69,25.34,23.41,23.54,135886.0,335172426.0,2.69,1.78,49.4,3.77,12753865638.0,12603871014.0
2026-07-20T10:45:28,603198.SH,迎驾贡酒,35.46,6.01,2.01,33.45,35.6,33.13,33.45,66664.0,232442839.0,0.83,2.67,8.5,2.76,28368000000.0,28368000000.0
2026-07-20T10:45:28,603610.SH,麒盛科技,13.25,6.0,0.75,12.59,13.28,12.33,12.5,43881.0,56464389.0,1.24,1.79,34.68,1.53,4677138978.0,4677138978.0
2026-07-20T10:45:28,601699.SH,潞安环能,15.22,5.99,0.86,14.58,15.33,14.4,14.36,212744.0,319448615.0,0.71,2.15,15.83,0.99,45529248024.0,45529248024.0
2026-07-20T10:45:28,600863.SH,华能蒙电,4.83,5.92,0.27,4.56,4.94,4.54,4.56,1519945.0,722165959.0,2.33,2.84,13.63,1.81,37843965575.0,31524868127.0
2026-07-20T10:45:28,603320.SH,迪贝电气,16.69,5.9,0.93,15.9,17.15,15.9,15.76,24384.0,40659498.0,1.63,2.54,38.9,2.13,2489250128.0,2489250128.0
2026-07-20T10:45:28,920090.BJ,*ST同辉,3.78,5.88,0.21,3.9,3.99,3.65,3.57,58889.0,22616249.92,3.95,2.9,-30.51,19.63,753480804.0,562965958.0
2026-07-20T10:45:28,600871.SH,石化油服,2.16,5.88,0.12,2.07,2.18,2.05,2.04,2426579.0,517415269.0,1.79,3.22,50.0,4.26,40947218999.0,29261546678.0
2026-07-20T10:45:28,601991.SH,大唐发电,6.14,5.86,0.34,5.68,6.28,5.45,5.8,4963791.0,2926562236.0,4.0,3.11,9.82,3.09,113631202495.0,76111987111.0
2026-07-20T10:45:28,605016.SH,百龙创园,22.75,5.81,1.25,21.29,22.78,21.28,21.5,31069.0,69253737.0,0.74,2.17,19.81,4.75,9555280280.0,9555280280.0
2026-07-20T10:45:28,600389.SH,江山股份,17.84,5.75,0.97,17.0,18.02,16.91,16.87,78834.0,138442575.0,1.83,1.48,10.51,1.86,7682796000.0,7682796000.0
2026-07-20T10:45:28,300017.SZ,网宿科技,13.99,5.74,0.76,13.75,14.55,13.64,13.23,1185387.0,1662132062.58,5.06,1.98,72.29,3.45,34914630030.0,32756733415.0
2026-07-20T10:45:28,301609.SZ,山大电力,37.11,5.73,2.01,33.05,38.0,33.05,35.1,54256.0,195891427.6,14.8,7.4,104.08,4.91,6044476800.0,1360007280.0
2026-07-20T10:45:28,688141.SH,杰华特,123.47,5.68,6.64,125.5,129.82,116.83,116.83,110458.0,1375299197.0,2.45,1.73,-50.33,44.54,55601209063.0,55601209063.0
2026-07-20T10:45:28,002015.SZ,协鑫能科,13.81,5.66,0.74,13.3,14.18,13.21,13.07,508905.0,701145557.24,3.13,3.48,19.47,1.88,22418112919.0,22418112919.0
2026-07-20T10:45:28,600562.SH,国睿科技,23.99,5.64,1.28,22.47,24.08,22.4,22.71,115738.0,271107613.0,0.93,2.5,96.49,4.56,29792169582.0,29792169582.0
2026-07-20T10:45:28,002422.SZ,科伦药业,47.44,5.63,2.53,42.95,49.4,42.69,44.91,374008.0,1745893658.97,2.88,2.0,41.58,3.16,75466660508.0,61606169457.0
2026-07-20T10:45:28,002640.SZ,跨境通,3.19,5.63,0.17,3.02,3.23,3.01,3.02,964412.0,300749255.08,6.23,2.34,7.9,7.72,4970151843.0,4938955796.0
2026-07-20T10:45:28,002648.SZ,卫星化学,24.12,5.6,1.28,23.38,24.35,23.31,22.84,454536.0,1085966311.1,1.35,2.62,9.6,2.41,81251734043.0,81199557538.0
2026-07-20T10:45:28,600268.SH,国电南自,10.76,5.59,0.57,10.28,10.9,10.28,10.19,183078.0,195229056.0,1.8,3.95,64.98,3.06,10930769571.0,10926731042.0
2026-07-20T10:45:28,688508.SH,芯朋微,63.75,5.58,3.37,65.0,70.0,62.63,60.38,68243.0,452777014.0,5.15,2.54,153.78,3.14,8441797058.0,8441797058.0
2026-07-20T10:45:28,603322.SH,超讯科技,26.17,5.57,1.38,25.42,27.27,25.2,24.79,77220.0,205177562.0,4.9,2.92,24.75,15.67,4124046451.0,4124046451.0
2026-07-20T10:45:28,601038.SH,一拖股份,12.56,5.55,0.66,11.99,12.59,11.93,11.9,56864.0,70179428.0,0.78,2.69,6.27,1.76,14112984654.0,9190218254.0
2026-07-20T10:45:28,000791.SZ,甘肃能源,7.82,5.53,0.41,7.36,7.89,7.33,7.41,329190.0,251758129.58,1.7,3.85,13.02,1.71,25366826782.0,15136644477.0
2026-07-20T10:45:28,600032.SH,浙江新能,7.46,5.52,0.39,7.1,7.57,6.8,7.07,521297.0,373735199.0,2.17,5.64,157.92,1.4,17938877917.0,17938877917.0
2026-07-20T10:45:28,600012.SH,皖通高速,18.2,5.51,0.95,17.2,18.35,17.18,17.25,40360.0,71835524.0,0.35,2.51,14.49,2.33,31096372380.0,21213920000.0
2026-07-20T10:45:28,600131.SH,国网信通,14.87,5.46,0.77,14.27,14.88,14.21,14.1,68523.0,100298547.0,0.57,2.96,38.51,2.71,17819539504.0,17783109566.0
2026-07-20T10:45:28,603268.SH,松发股份,148.69,5.45,7.69,143.25,149.8,143.25,141.0,49182.0,724149860.0,2.11,1.51,33.0,13.69,144345025873.0,34681911572.0
2026-07-20T10:45:28,000729.SZ,燕京啤酒,12.38,5.45,0.64,11.78,12.42,11.66,11.74,345267.0,421113968.26,1.38,2.76,32.95,2.3,34893517042.0,31068930537.0
2026-07-20T10:45:28,603823.SH,百合花,74.0,5.44,3.82,68.48,74.48,64.62,70.18,167091.0,1174176449.0,4.01,2.22,179.39,12.57,30811210096.0,30811210096.0
2026-07-20T10:45:28,600984.SH,建设机械,3.3,5.43,0.17,3.15,3.44,3.15,3.13,418806.0,140683204.0,3.33,3.76,-3.72,2.32,4148244953.0,4148244953.0
2026-07-20T10:45:28,000680.SZ,山推股份,10.31,5.42,0.53,9.85,10.31,9.76,9.78,183445.0,185166841.64,1.4,3.29,11.52,2.45,15466470330.0,13554335892.0
2026-07-20T10:45:28,000534.SZ,万泽股份,25.3,5.42,1.3,24.54,26.0,24.2,24.0,106081.0,267721035.6,2.11,1.76,41.6,7.51,12891577455.0,12714212437.0
2026-07-20T10:45:28,600426.SH,华鲁恒升,20.39,5.37,1.04,19.48,20.49,19.42,19.35,371524.0,744873891.0,1.35,2.18,12.55,1.67,56071338076.0,56063916075.0
2026-07-20T10:45:28,603137.SH,恒尚节能,30.4,5.37,1.55,27.6,30.82,27.6,28.85,243066.0,711625121.0,13.29,3.87,38.4,4.65,5561173354.0,5561173354.0
2026-07-20T10:45:28,000833.SZ,粤桂股份,19.82,5.37,1.01,19.39,20.03,18.92,18.81,185570.0,363528057.55,4.09,2.28,18.43,3.96,15897269620.0,8992374155.0
2026-07-20T10:45:28,920189.BJ,康美特,23.79,5.36,1.21,23.21,24.0,21.88,22.58,46757.0,107653464.46,5.51,1.27,38.93,4.46,3364143900.0,2018995446.0
2026-07-20T10:45:28,601015.SH,陕西黑猫,3.15,5.35,0.16,3.0,3.2,2.99,2.99,355475.0,111240290.0,1.74,2.52,-5.14,1.34,6433867563.0,6433867563.0
2026-07-20T10:45:28,601766.SH,中国中车,5.95,5.31,0.3,5.68,5.98,5.67,5.65,2454278.0,1440986028.0,1.01,4.78,12.64,0.97,170758241324.0,144750398386.0
2026-07-20T10:45:28,600792.SH,云煤能源,3.37,5.31,0.17,3.21,3.48,3.21,3.2,193452.0,65189291.0,1.74,2.83,-9.61,1.53,3740442532.0,3740442532.0
2026-07-20T10:45:28,002555.SZ,三七互娱,19.08,5.3,0.96,18.98,19.45,18.62,18.12,429099.0,816963640.26,2.7,2.98,12.08,3.21,42209494953.0,30286806839.0
2026-07-20T10:45:28,920014.BJ,特瑞斯,9.15,5.29,0.46,8.79,9.44,8.79,8.69,38195.0,35032205.37,5.7,2.41,71.4,1.44,1114989198.0,613482777.0
2026-07-20T10:45:28,000503.SZ,国新健康,6.77,5.29,0.34,7.07,7.07,6.59,6.43,384442.0,265284328.93,3.93,7.9,-34.08,6.91,6629539235.0,6629137964.0
2026-07-20T10:45:28,603019.SH,中科曙光,92.52,5.27,4.63,90.86,95.96,90.75,87.89,605971.0,5646722691.0,4.14,1.92,148.53,6.15,135367472336.0,135361787907.0
2026-07-20T10:45:28,003035.SZ,南网能源,5.41,5.25,0.27,5.18,5.48,5.16,5.14,371124.0,199465104.08,0.98,4.35,59.86,2.95,20492424238.0,20492424238.0
2026-07-20T10:45:28,600583.SH,海油工程,5.61,5.25,0.28,5.39,5.61,5.37,5.33,424054.0,234502642.0,0.96,2.86,14.14,0.88,24803800428.0,24803800428.0
2026-07-20T10:45:28,300682.SZ,朗新科技,9.91,5.2,0.49,9.52,9.99,9.52,9.42,120782.0,119086326.2,1.17,2.19,-53.73,1.64,10685316986.0,10220423981.0
2026-07-20T10:45:28,601678.SH,滨化股份,5.46,5.2,0.27,5.35,5.65,5.29,5.19,1066584.0,586192178.0,5.22,3.04,22.45,1.13,13152934027.0,11156616067.0
2026-07-20T10:45:28,600633.SH,浙数文化,10.75,5.19,0.53,10.7,11.15,10.61,10.22,276132.0,299373729.0,2.18,3.73,21.3,1.34,13631800574.0,13631800574.0
2026-07-20T10:45:28,603693.SH,江苏新能,12.17,5.19,0.6,11.5,12.34,11.3,11.57,133312.0,158095035.0,1.5,4.51,24.77,1.54,10849261460.0,10849261460.0
2026-07-20T10:45:28,605179.SH,一鸣食品,15.39,5.19,0.76,14.41,15.96,13.91,14.63,120542.0,177662248.0,3.01,6.6,97.55,5.43,6171390000.0,6171390000.0
2026-07-20T10:45:28,600095.SH,湘财股份,9.14,5.18,0.45,8.89,9.42,8.69,8.69,1162683.0,1046349717.0,4.07,6.93,271.09,2.12,26132975971.0,26132975971.0
2026-07-20T10:45:28,600519.SH,贵州茅台,1317.86,5.18,64.86,1270.0,1326.0,1266.0,1253.0,64320.0,8367703541.0,0.51,3.91,15.12,6.98,1647432538694.0,1647432538694.0
2026-07-20T10:45:28,002414.SZ,高德红外,13.83,5.17,0.68,13.51,13.99,13.44,13.15,911638.0,1252144848.49,2.68,1.73,40.36,7.97,59064280374.0,47002809921.0
2026-07-20T10:45:28,601016.SH,节能风电,3.68,5.14,0.18,3.42,3.78,3.38,3.5,2522093.0,896945207.0,4.18,4.85,29.52,1.35,24083713168.0,22220785594.0
2026-07-20T10:45:28,600256.SH,广汇能源,5.54,5.12,0.27,5.38,5.57,5.37,5.27,748948.0,412603339.0,1.17,1.97,37.45,1.48,35411696421.0,35411696421.0
2026-07-20T10:45:28,600809.SH,山西汾酒,122.18,5.11,5.94,117.0,123.17,117.0,116.24,84277.0,1017508488.0,0.69,2.21,6.92,3.31,149055228644.0,149055228644.0
2026-07-20T10:45:28,002432.SZ,九安医疗,83.22,5.08,4.02,87.12,87.12,81.81,79.2,417324.0,3556528003.57,8.97,4.29,33.02,1.85,38771688777.0,38719962470.0
2026-07-20T10:45:28,605599.SH,菜百股份,14.81,5.04,0.71,14.08,14.84,14.05,14.1,41482.0,60306347.0,0.53,2.04,7.23,2.59,11518889218.0,11518889218.0
2026-07-20T10:45:28,688055.SH,龙腾光电,3.75,5.04,0.18,3.6,3.78,3.56,3.57,168730.0,62120593.0,0.51,2.34,-44.84,3.12,12500000250.0,12500000250.0
2026-07-20T10:45:28,601615.SH,明阳智能,10.7,5.0,0.51,10.22,10.75,10.22,10.19,439736.0,464061122.0,1.94,1.99,245.33,0.93,24198014754.0,24198014754.0
2026-07-20T10:45:28,300677.SZ,英科医疗,44.98,5.0,2.14,42.93,45.37,42.6,42.84,67128.0,299510809.45,1.44,1.81,734.01,1.62,29450801770.0,20943281826.0
2026-07-20T10:45:28,002832.SZ,比音勒芬,22.06,5.0,1.05,20.8,22.08,20.78,21.01,72838.0,158413096.44,1.87,2.37,8.15,2.36,12589798273.0,8590567345.0
2026-07-20T10:45:28,688087.SH,英科再生,37.99,5.0,1.81,36.59,38.0,36.02,36.18,9915.0,36869581.0,0.53,1.15,36.11,2.58,7372140902.0,7075466165.0
2026-07-20T10:45:28,688578.SH,艾力斯,120.42,4.99,5.72,110.11,122.73,110.1,114.7,85180.0,1005250372.0,1.89,1.83,21.3,7.25,54189000000.0,54189000000.0
2026-07-20T10:45:28,000690.SZ,宝新能源,4.88,4.95,0.23,4.66,4.89,4.61,4.65,621884.0,297437943.63,2.86,3.53,8.57,0.84,10618332767.0,10611404816.0
2026-07-20T10:45:28,002043.SZ,兔 宝 宝,12.32,4.94,0.58,11.73,12.39,11.68,11.74,74860.0,90009198.2,0.93,1.8,17.26,3.2,10222575194.0,9948687376.0
2026-07-20T10:45:28,601808.SH,中海油服,12.14,4.93,0.57,11.81,12.18,11.76,11.57,236761.0,285105858.0,0.8,2.76,16.92,1.25,57927126880.0,35940081520.0
2026-07-20T10:45:28,000425.SZ,徐工机械,8.72,4.93,0.41,8.36,8.72,8.21,8.31,863634.0,736297947.29,0.96,2.46,12.41,1.69,102121755115.0,78484842722.0
2026-07-20T10:45:28,301080.SZ,百普赛斯,50.73,4.92,2.38,47.94,51.57,47.94,48.35,41671.0,208143025.0,3.29,1.43,45.97,3.26,8506358612.0,6434459070.0
2026-07-20T10:45:28,920770.BJ,艾能聚,11.09,4.92,0.52,10.3,11.47,10.22,10.57,48614.0,52236290.33,5.94,4.31,112.92,2.41,1443165821.0,908202242.0
2026-07-20T10:45:28,300442.SZ,润泽科技,67.52,4.91,3.16,68.8,70.62,66.5,64.36,267125.0,1826755639.11,1.63,2.32,47.58,7.98,110803154017.0,110478139745.0
2026-07-20T10:45:28,000993.SZ,闽东电力,10.5,4.9,0.49,9.9,10.6,9.76,10.01,168343.0,172434430.1,3.68,5.52,-44.22,1.89,4808490278.0,4808490278.0
2026-07-20T10:45:28,920976.BJ,视声智能,16.69,4.9,0.78,15.9,17.25,15.81,15.91,12560.0,21035068.71,2.85,3.97,23.03,4.37,1184212246.0,736356124.0
2026-07-20T10:45:28,600396.SH,华电辽能,12.22,4.89,0.57,11.24,12.5,10.49,11.65,1765632.0,2090161933.0,11.99,3.25,28.53,11.73,17996477304.0,17996477304.0
2026-07-20T10:45:28,688227.SH,品高股份,78.85,4.88,3.67,77.26,82.59,76.16,75.18,32902.0,260749464.0,2.91,2.67,-145.42,7.16,8914408434.0,8914408434.0
2026-07-20T10:45:28,300335.SZ,迪森股份,5.59,4.88,0.26,5.22,5.74,5.15,5.33,363765.0,198127285.44,9.47,6.2,41.48,1.42,2666499249.0,2147450705.0
2026-07-20T10:45:28,603369.SH,今世缘,26.88,4.88,1.25,25.63,27.1,25.61,25.63,149536.0,396620896.0,1.2,2.63,6.05,2.04,33513984995.0,33513984995.0
2026-07-20T10:45:28,601187.SH,厦门银行,7.53,4.87,0.35,7.18,7.54,7.17,7.18,145957.0,108213819.0,0.55,2.03,7.17,0.74,19872632997.0,19829352093.0
2026-07-20T10:45:28,603220.SH,XD中贝通,17.94,4.85,0.83,17.69,18.51,17.6,17.11,155628.0,280807841.0,3.58,2.59,-845007.75,2.52,9622238193.0,7790818098.0
2026-07-20T10:45:28,000039.SZ,中集集团,7.81,4.83,0.36,7.5,7.92,7.5,7.45,408714.0,318392284.03,1.78,3.41,50.39,0.9,42115584207.0,17973989771.0
2026-07-20T10:45:28,002380.SZ,科远智慧,27.58,4.79,1.26,27.0,28.24,26.59,26.32,53009.0,146625135.48,3.73,2.79,21.7,2.77,6618969679.0,3921986044.0
2026-07-20T10:45:28,300502.SZ,新易盛,506.02,4.79,23.14,512.0,523.96,493.0,482.88,402054.0,20503171756.7,3.21,2.38,63.44,36.34,705521767238.0,634672122811.0
2026-07-20T10:45:28,688197.SH,首药控股-U,38.33,4.78,1.75,36.79,38.99,36.12,36.58,28726.0,108484554.0,4.49,1.78,-94.44,8.57,5700412417.0,2453307127.0
2026-07-20T10:45:28,000612.SZ,焦作万方,10.78,4.76,0.49,10.35,10.83,10.35,10.29,247564.0,264430501.24,2.08,1.7,6.29,1.76,12851909467.0,12851909467.0
2026-07-20T10:45:28,301189.SZ,奥尼电子,44.73,4.75,2.03,44.0,47.47,43.55,42.7,54992.0,250451350.2,3.48,2.96,111.81,3.52,7319614114.0,7064713320.0
2026-07-20T10:45:28,688488.SH,艾迪药业,16.09,4.75,0.73,15.21,16.17,15.06,15.36,91975.0,144730285.0,2.19,1.5,222.53,6.95,6770395381.0,6770395381.0
2026-07-20T10:45:28,601601.SH,中国太保,31.16,4.74,1.41,29.79,31.4,29.75,29.75,551544.0,1700852834.0,0.81,2.73,7.46,0.97,299769839738.0,213291491738.0
2026-07-20T10:45:28,600339.SH,中油工程,3.32,4.73,0.15,3.23,3.35,3.22,3.17,764729.0,252312295.0,1.37,3.35,22.01,0.69,18536049604.0,18536049604.0
2026-07-20T10:45:28,300710.SZ,万隆光电,26.33,4.73,1.19,25.59,27.09,25.18,25.14,23334.0,61695951.6,3.13,3.13,-71.9,6.04,2619579599.0,1963691742.0
2026-07-20T10:45:28,000759.SZ,中百集团,7.31,4.73,0.33,6.84,7.47,6.68,6.98,1045545.0,749455016.88,15.95,2.95,-12.43,6.69,4842608843.0,4793211043.0
2026-07-20T10:45:28,603979.SH,金诚信,63.63,4.72,2.87,61.32,63.63,61.12,60.76,43002.0,269752621.0,0.69,1.53,16.5,3.6,39691921865.0,39691921865.0
2026-07-20T10:45:28,000968.SZ,蓝焰控股,6.91,4.7,0.31,6.84,7.15,6.81,6.6,391911.0,272058589.93,4.05,2.4,11.32,1.05,6685443381.0,6685443381.0
2026-07-20T10:45:28,300730.SZ,科创信息,11.61,4.69,0.52,11.29,12.5,11.21,11.09,75398.0,89918049.09,3.65,4.52,-55.22,17.61,2799623175.0,2400429846.0
2026-07-20T10:45:28,601777.SH,千里科技,7.4,4.67,0.33,7.11,7.45,7.1,7.07,178947.0,131323433.0,0.4,1.83,172.92,3.23,33456140525.0,33456140525.0
2026-07-20T10:45:28,600985.SH,淮北矿业,14.86,4.65,0.66,14.31,14.99,14.3,14.2,101478.0,149126818.0,0.38,1.3,20.38,0.97,40021824416.0,40021824416.0
2026-07-20T10:45:28,300935.SZ,盈建科,23.01,4.64,1.02,22.14,25.25,22.14,21.99,33930.0,80519293.0,5.63,4.11,-18.03,2.49,1827699947.0,1386570635.0
2026-07-20T10:45:28,000776.SZ,广发证券,22.6,4.63,1.0,21.92,22.9,21.8,21.6,663186.0,1488982576.88,1.12,2.29,9.39,1.28,176841508549.0,133431514429.0
2026-07-20T10:45:28,600486.SH,扬农化工,53.25,4.62,2.35,51.01,53.3,50.9,50.9,34603.0,181394920.0,0.86,2.23,13.22,1.86,21518960699.0,21518960699.0
2026-07-20T10:45:28,600535.SH,天士力,16.09,4.62,0.71,15.4,16.09,15.32,15.38,236905.0,373978926.0,1.59,2.29,13.46,1.84,24037655580.0,24037655580.0
2026-07-20T10:45:28,688767.SH,博拓生物,36.09,4.61,1.59,34.5,37.33,34.3,34.5,13118.0,46942670.0,0.88,2.29,-131.99,2.39,5389440024.0,5389440024.0
2026-07-20T10:45:28,688443.SH,智翔金泰-U,24.82,4.59,1.09,23.88,24.92,23.5,23.73,29966.0,72415021.0,2.09,1.82,-15.23,6.34,9100997600.0,3558939800.0
2026-07-20T10:45:28,601918.SH,新集能源,10.31,4.56,0.45,9.89,10.42,9.78,9.86,327291.0,332911418.0,1.26,1.94,12.18,1.53,26708485958.0,26708485958.0
2026-07-20T10:45:28,002603.SZ,以岭药业,17.25,4.55,0.75,16.4,17.27,16.31,16.5,262764.0,443056250.14,1.91,1.37,17.62,2.73,28819667736.0,23745211224.0
2026-07-20T10:45:28,301061.SZ,匠心家居,35.01,4.54,1.52,33.4,35.17,33.28,33.49,18370.0,63264169.5,0.97,1.9,14.96,2.34,9956760711.0,6614737725.0
2026-07-20T10:45:28,600982.SH,宁波能源,5.32,4.52,0.23,5.02,5.47,4.91,5.09,783130.0,407650777.0,7.01,7.2,20.5,1.36,5945778220.0,5945778220.0
2026-07-20T10:45:28,601598.SH,中国外运,5.78,4.52,0.25,5.56,5.79,5.55,5.53,147324.0,84006644.0,0.29,3.83,15.21,1.02,41464282092.0,29810177912.0
2026-07-20T10:45:28,000948.SZ,南天信息,14.79,4.52,0.64,13.75,14.98,13.74,14.15,226156.0,329118559.92,5.81,4.08,-60.52,2.14,5766454967.0,5755518014.0
2026-07-20T10:45:28,601857.SH,中国石油,10.75,4.47,0.46,10.37,10.81,10.36,10.29,1687880.0,1793793342.0,0.1,2.26,10.18,1.25,1967475511544.0,1740662336544.0
2026-07-20T10:45:28,600739.SH,辽宁成大,11.01,4.46,0.47,10.6,11.02,10.6,10.54,144044.0,156054832.0,0.95,2.1,7.61,0.57,16760698367.0,16760698367.0
2026-07-20T10:45:28,600760.SH,中航沈飞,42.0,4.45,1.79,40.59,42.27,40.5,40.21,159977.0,667281572.0,0.57,3.13,180.45,5.17,119067036102.0,118841211342.0
2026-07-20T10:45:28,000893.SZ,亚钾国际,44.48,4.44,1.89,42.53,44.5,41.25,42.59,115530.0,500484284.93,1.42,2.11,19.3,2.98,41101796798.0,36109145292.0
2026-07-20T10:45:28,603955.SH,大千生态,18.84,4.43,0.8,18.04,19.55,17.89,18.04,21393.0,40524754.0,1.58,3.31,-50.6,1.79,2556964800.0,2556964800.0
2026-07-20T10:45:28,300465.SZ,高伟达,10.42,4.41,0.44,10.14,10.84,10.08,9.98,113407.0,118840984.31,2.56,3.03,-81.4,6.92,4623868300.0,4623868300.0
2026-07-20T10:45:28,000858.SZ,五 粮 液,75.96,4.4,3.2,72.8,76.3,72.8,72.76,362352.0,2723174543.14,0.93,2.67,9.14,2.5,294846944060.0,294839757180.0
2026-07-20T10:45:28,600505.SH,西昌电力,12.11,4.4,0.51,11.2,12.47,11.11,11.6,201539.0,236971754.0,5.53,5.42,354.57,3.63,4414912425.0,4414912425.0
2026-07-20T10:45:28,600710.SH,苏美达,10.69,4.39,0.45,10.31,10.7,10.24,10.24,72750.0,76441659.0,0.56,2.0,10.07,1.66,13969151449.0,13969151449.0
2026-07-20T10:45:28,002596.SZ,海南瑞泽,2.86,4.38,0.12,2.78,2.99,2.74,2.74,242530.0,70354286.1,2.12,3.66,-254.4,6.18,3282080281.0,3279062266.0
2026-07-20T10:45:28,600123.SH,兰花科创,6.43,4.38,0.27,6.27,6.45,6.23,6.16,158597.0,100755798.0,1.08,1.67,-86.25,0.63,9472933335.0,9472933335.0
2026-07-20T10:45:28,603259.SH,药明康德,123.04,4.37,5.15,117.74,124.78,117.01,117.89,380905.0,4658150430.0,1.54,1.47,19.73,4.62,367121480351.0,304312401468.0
2026-07-20T10:45:28,688428.SH,诺诚健华,27.68,4.37,1.16,26.89,28.14,26.5,26.52,92560.0,254430860.0,3.39,1.67,115.69,6.64,48968881815.0,7551734191.0
2026-07-20T10:45:28,300332.SZ,天壕能源,4.79,4.36,0.2,4.75,4.9,4.69,4.59,223309.0,106912789.31,2.75,1.21,38.06,1.05,4060429548.0,3891716288.0
2026-07-20T10:45:28,688593.SH,新相微,28.07,4.35,1.17,28.24,29.29,26.73,26.9,142498.0,403949731.0,3.1,2.4,600.65,8.41,12898990595.0,12898990595.0
2026-07-20T10:45:28,600475.SH,华光环能,12.94,4.35,0.54,12.4,13.13,12.2,12.4,66926.0,86167716.0,0.71,2.09,26.63,1.47,12370196533.0,12200941333.0
2026-07-20T10:45:28,600323.SH,瀚蓝环境,30.53,4.34,1.27,29.26,30.62,29.21,29.26,44449.0,133380778.0,0.55,1.98,10.75,1.71,24892548367.0,24892548367.0
2026-07-20T10:45:28,002588.SZ,史丹利,8.67,4.33,0.36,8.3,8.68,8.26,8.31,139755.0,119409501.4,1.63,3.22,7.31,1.32,9986903467.0,7444379062.0
2026-07-20T10:45:28,600483.SH,福能股份,11.16,4.3,0.46,10.74,11.21,10.69,10.7,129185.0,141250051.0,0.46,1.69,11.94,1.15,31026436156.0,31026436156.0
2026-07-20T10:45:28,603225.SH,新凤鸣,18.66,4.3,0.77,17.95,18.69,17.41,17.89,121876.0,220214690.0,0.73,2.09,21.29,1.51,31302033935.0,31135062389.0
2026-07-20T10:45:28,600163.SH,中闽能源,5.11,4.29,0.21,4.88,5.12,4.88,4.9,232851.0,117268986.0,1.22,3.43,12.38,1.34,9724310291.0,9724310291.0
2026-07-20T10:45:28,920125.BJ,鸿仕达,135.56,4.28,5.56,133.51,145.18,130.04,130.0,10378.0,142948527.15,6.3,1.88,1338.89,11.15,7613049600.0,2234237427.0
2026-07-20T10:45:28,300816.SZ,艾可蓝,49.99,4.28,2.05,48.9,52.58,48.49,47.94,22581.0,114111131.0,3.87,2.89,50.34,4.22,3999200000.0,2917683047.0
2026-07-20T10:45:28,002078.SZ,太阳纸业,13.96,4.26,0.57,13.38,14.09,13.38,13.39,143296.0,197438903.77,0.52,1.75,10.76,1.27,39011710261.0,38771868652.0
2026-07-20T10:45:28,600108.SH,亚盛集团,2.94,4.26,0.12,2.85,2.97,2.83,2.82,550339.0,160291863.0,2.83,2.4,68.02,1.32,5723930456.0,5723930456.0
2026-07-20T10:45:28,600101.SH,明星电力,8.84,4.25,0.36,8.3,8.86,8.26,8.48,283707.0,243364070.0,5.18,5.24,16.61,1.53,4843104244.0,4843104244.0
2026-07-20T10:45:28,002479.SZ,富春环保,5.18,4.23,0.21,4.97,5.22,4.93,4.97,234337.0,119861263.17,2.72,2.22,10.84,1.07,4480700000.0,4470717332.0
2026-07-20T10:45:28,300755.SZ,华致酒行,11.62,4.22,0.47,11.08,11.86,11.08,11.15,53588.0,61926850.05,1.29,2.98,22.83,1.73,4843197408.0,4840670058.0
2026-07-20T10:45:28,300468.SZ,四方精创,19.26,4.22,0.78,18.61,19.6,18.55,18.48,156458.0,300135189.07,2.95,2.86,240.91,6.31,10220305037.0,10204088925.0
2026-07-20T10:45:28,300846.SZ,首都在线,19.29,4.21,0.78,19.8,20.97,19.08,18.51,283993.0,561824889.25,6.82,3.27,-112.99,12.54,9727487242.0,8028153268.0
2026-07-20T10:45:28,300571.SZ,平治信息,30.73,4.2,1.24,31.01,33.73,30.33,29.49,99384.0,318072512.06,8.59,3.98,219.58,3.47,4287704475.0,3553530388.0
2026-07-20T10:45:28,688029.SH,南微医学,77.62,4.2,3.13,74.0,78.5,74.0,74.49,13148.0,100850852.0,0.7,1.73,24.89,3.6,14580716896.0,14580716896.0
2026-07-20T10:45:28,600969.SH,郴电国际,8.43,4.2,0.34,7.96,8.56,7.72,8.09,170819.0,139276113.0,4.62,4.82,68.92,0.87,3119525580.0,3119525580.0
2026-07-20T10:45:28,600238.SH,*ST椰岛,4.24,4.18,0.17,4.11,4.38,4.1,4.07,34071.0,14503035.0,0.77,3.52,515.17,24.37,1900368000.0,1887951499.0
2026-07-20T10:45:28,601778.SH,晶科科技,3.49,4.18,0.14,3.44,3.62,3.42,3.35,1238504.0,436871517.0,3.33,3.34,-25.22,0.79,12993425298.0,12993425298.0
2026-07-20T10:45:28,002270.SZ,华明装备,17.95,4.18,0.72,17.4,18.21,17.36,17.23,137751.0,245657049.94,1.54,2.75,24.67,5.15,16087246486.0,16086988689.0
2026-07-20T10:45:28,002128.SZ,电投能源,26.18,4.18,1.05,25.26,26.36,25.26,25.13,97618.0,253729014.12,0.44,1.52,10.23,1.59,81851169640.0,58684394047.0
2026-07-20T10:45:28,603881.SH,数据港,24.44,4.18,0.98,24.0,25.57,23.92,23.46,275324.0,675565202.0,3.19,1.69,117.63,6.31,21068560632.0,21068560632.0
2026-07-20T10:45:28,600021.SH,上海电力,15.53,4.16,0.62,14.72,15.73,14.26,14.91,825579.0,1251622684.0,2.93,4.82,19.32,2.22,43823731252.0,43823731252.0
2026-07-20T10:45:28,600406.SH,国电南瑞,23.11,4.15,0.92,22.43,23.16,22.42,22.19,719861.0,1653116330.0,0.9,4.52,64.33,3.73,185613884765.0,185068951104.0
2026-07-20T10:45:28,300132.SZ,青松股份,5.77,4.15,0.23,5.6,5.91,5.6,5.54,123858.0,71569081.74,2.44,2.53,33.99,2.02,2980671712.0,2931629009.0
2026-07-20T10:45:28,001211.SZ,双枪科技,19.11,4.14,0.76,18.5,19.52,18.28,18.35,35579.0,67343598.66,3.81,2.38,87.74,2.21,1911000000.0,1783729731.0
2026-07-20T10:45:28,301035.SZ,润丰股份,51.02,4.14,2.03,49.06,51.83,49.05,48.99,13898.0,70812705.26,0.38,2.86,28.13,2.53,18597058671.0,18569356597.0
2026-07-20T10:45:28,300286.SZ,安科瑞,19.1,4.14,0.76,18.77,19.5,18.46,18.34,55967.0,106917215.7,2.69,2.19,23.82,2.16,4789986911.0,3968503531.0
2026-07-20T10:45:28,001399.SZ,惠科股份,24.48,4.13,0.97,24.8,25.49,24.22,23.51,397788.0,988833584.21,9.24,1.67,44.87,5.33,178650994337.0,10540273575.0
2026-07-20T10:45:28,000983.SZ,山西焦煤,6.3,4.13,0.25,6.11,6.34,6.1,6.05,528996.0,330552122.2,0.93,2.46,11.07,0.98,35765736672.0,35765517274.0
2026-07-20T10:45:28,301498.SZ,乖宝宠物,41.56,4.13,1.65,39.51,41.99,39.37,39.91,39008.0,158453161.6,2.18,2.11,33.69,3.58,16643651230.0,7453479869.0
2026-07-20T10:45:28,601969.SH,海南矿业,8.57,4.13,0.34,8.38,8.68,8.36,8.23,197310.0,168777947.0,1.0,2.32,21.19,2.49,17007245138.0,16904124599.0
2026-07-20T10:45:28,300436.SZ,广生堂,93.28,4.11,3.68,91.0,94.68,88.0,89.6,40376.0,371322476.69,2.95,1.1,-143.27,59.05,14856425760.0,12753425268.0
2026-07-20T10:45:28,300407.SZ,凯发电气,9.88,4.11,0.39,9.49,10.09,9.47,9.49,52713.0,51827529.34,2.03,2.87,100.68,1.59,3422819415.0,2559644263.0
2026-07-20T10:45:28,300759.SZ,康龙化成,36.94,4.11,1.46,34.98,38.1,34.5,35.48,780367.0,2860270354.1,5.5,1.92,50.59,4.22,67869257218.0,52455980381.0
2026-07-20T10:45:28,601965.SH,中国汽研,13.17,4.11,0.52,12.68,13.34,12.65,12.65,76980.0,100691618.0,0.77,2.9,20.06,1.7,13204879257.0,13149003425.0
2026-07-20T10:45:28,601958.SH,金钼股份,20.57,4.1,0.81,20.73,21.29,20.29,19.76,413379.0,859660553.0,1.28,2.19,18.4,3.35,66371252508.0,66371252508.0
2026-07-20T10:45:28,000593.SZ,德龙汇能,20.66,4.08,0.81,21.5,21.84,19.67,19.85,177441.0,373846038.48,4.95,2.36,126.34,8.38,7409316646.0,7406262272.0
2026-07-20T10:45:28,600968.SH,海油发展,3.84,4.07,0.15,3.73,3.84,3.71,3.69,406000.0,153980647.0,0.4,2.48,15.31,1.36,39034000124.0,39034000124.0
2026-07-20T10:45:28,600702.SH,舍得酒业,34.05,4.06,1.33,32.88,34.56,32.73,32.72,63022.0,213604235.0,1.9,2.17,12.21,1.6,11307693953.0,11302926953.0
2026-07-20T10:45:28,002606.SZ,大连电瓷,13.1,4.05,0.51,12.68,13.26,12.68,12.59,169635.0,221271037.32,4.03,1.79,24.17,2.95,5751859182.0,5516960921.0
2026-07-20T10:45:28,603589.SH,口子窖,20.15,4.03,0.78,19.37,20.23,19.32,19.37,62195.0,124067663.0,1.04,2.77,9.17,1.16,12052107361.0,12052107361.0
2026-07-20T10:45:28,601666.SH,平煤股份,7.77,4.02,0.3,7.47,7.87,7.47,7.47,171038.0,131759568.0,0.69,1.72,39.93,0.88,19186966897.0,19186966897.0
2026-07-20T10:45:28,603893.SH,瑞芯微,210.12,4.02,8.12,205.23,214.08,193.36,202.0,185629.0,3825859763.0,4.39,2.25,67.49,18.82,88869718194.0,88858371714.0
2026-07-20T10:45:28,300033.SZ,同花顺,224.22,4.02,8.66,217.0,229.0,217.0,215.56,116554.0,2616618021.15,2.66,2.21,164.84,39.73,168756940800.0,98300495137.0
2026-07-20T10:45:28,601606.SH,长城军工,26.22,4.01,1.01,25.21,26.8,25.14,25.21,100958.0,264133029.0,1.39,2.81,-85.27,8.71,18989268648.0,18989268648.0
2026-07-20T10:45:28,000862.SZ,银星能源,5.2,4.0,0.2,4.96,5.26,4.91,5.0,325347.0,166611600.59,5.18,5.05,21.51,1.1,4773364419.0,3265428858.0
2026-07-20T10:45:28,688796.SH,百奥赛图,121.68,4.0,4.68,110.32,122.68,110.01,117.0,23631.0,276387034.0,6.12,1.91,130.67,23.83,54378599746.0,4697760357.0
2026-07-20T10:45:28,000830.SZ,鲁西化工,12.27,3.98,0.47,11.84,12.32,11.75,11.8,204235.0,247326792.24,1.07,2.49,13.34,1.23,23365994265.0,23364242637.0
2026-07-20T10:45:28,600031.SH,三一重工,19.39,3.97,0.74,18.65,19.43,18.53,18.65,508259.0,974260760.0,0.6,2.11,17.97,2.0,178291136033.0,164318422817.0
2026-07-20T10:45:28,300979.SZ,华利集团,33.79,3.97,1.29,32.3,33.85,32.22,32.5,29463.0,98240674.84,0.25,3.43,25.67,2.61,39432930000.0,39432671507.0
2026-07-20T10:45:28,000995.SZ,皇台酒业,10.03,3.94,0.38,9.61,10.32,9.59,9.65,90800.0,90943570.0,5.12,2.35,-92.25,10.76,1779402240.0,1779402240.0
2026-07-20T10:45:28,002003.SZ,伟星股份,9.77,3.94,0.37,9.35,9.84,9.35,9.4,126898.0,122949895.33,1.24,3.25,31.2,2.77,11615451910.0,9985925480.0
2026-07-20T10:45:28,600395.SH,盘江股份,4.76,3.93,0.18,4.61,4.79,4.6,4.58,237823.0,112336247.0,1.11,2.3,56.36,0.95,10217934495.0,10217934495.0
2026-07-20T10:45:28,688347.SH,华虹宏力,321.1,3.92,12.1,321.0,333.18,312.81,309.0,160975.0,5198705498.0,3.95,1.89,999.52,12.33,557983947682.0,130928525000.0
2026-07-20T10:45:28,600986.SH,浙文互联,6.65,3.91,0.25,6.55,6.83,6.52,6.4,591102.0,394705981.0,3.97,2.2,-108.9,1.92,9891037512.0,9891037512.0
2026-07-20T10:45:28,300039.SZ,上海凯宝,5.32,3.91,0.2,5.13,5.46,4.98,5.12,390736.0,202548386.72,4.26,1.37,21.45,1.22,5564720000.0,4878047522.0
2026-07-20T10:45:28,600509.SH,天富能源,7.44,3.91,0.28,7.22,7.47,7.14,7.16,212748.0,155830559.0,1.55,2.32,14.6,1.34,10225516708.0,10225516708.0
2026-07-20T10:45:28,603193.SH,润本股份,19.65,3.91,0.74,19.07,19.9,18.87,18.91,20534.0,39897656.0,1.99,2.3,37.76,3.67,7950258620.0,2030558570.0
2026-07-20T10:45:28,001206.SZ,依依股份,23.2,3.9,0.87,21.95,23.33,21.5,22.33,113712.0,257763630.64,10.64,3.19,38.73,2.37,4289536346.0,2479255426.0
2026-07-20T10:45:28,000807.SZ,云铝股份,26.1,3.9,0.98,25.45,26.27,25.02,25.12,575889.0,1480918040.78,1.66,1.4,6.29,2.64,90513688271.0,90512740736.0
2026-07-20T10:45:28,001979.SZ,招商蛇口,6.92,3.9,0.26,6.66,6.96,6.66,6.66,419134.0,286511991.44,0.5,1.66,398.73,0.64,62390942623.0,58221998055.0
2026-07-20T10:45:28,600995.SH,南网储能,12.29,3.89,0.46,11.89,12.3,11.86,11.83,178650.0,217294945.0,0.56,3.8,21.64,1.73,39278911343.0,39278911343.0
2026-07-20T10:45:28,688779.SH,五矿新能,6.95,3.89,0.26,6.86,7.02,6.77,6.69,179100.0,123810111.0,0.93,2.31,41.26,1.91,13408078889.0,13408078889.0
2026-07-20T10:45:28,600189.SH,泉阳泉,7.47,3.89,0.28,7.22,7.55,7.2,7.19,96911.0,71663879.0,1.36,1.73,133.0,4.32,5342527656.0,5342527656.0
2026-07-20T10:45:28,000723.SZ,美锦能源,3.47,3.89,0.13,3.34,3.5,3.34,3.34,335668.0,115574780.0,0.76,1.86,-11.36,1.24,15280152849.0,15251260866.0
2026-07-20T10:45:28,000933.SZ,神火股份,24.91,3.88,0.93,24.43,25.05,23.82,23.98,434329.0,1068571554.9,1.93,1.42,6.12,2.23,56022699579.0,55983234292.0
2026-07-20T10:45:28,300157.SZ,新锦动力,4.29,3.87,0.16,4.12,4.45,4.12,4.13,1059346.0,458316279.62,14.73,3.06,-19.73,-15.71,3234392763.0,3085371784.0
2026-07-20T10:45:28,301633.SZ,港迪技术,49.89,3.87,1.86,48.25,49.95,46.8,48.03,9260.0,44905638.36,3.63,3.96,-58.07,3.08,2777875200.0,1272725929.0
2026-07-20T10:45:28,002066.SZ,瑞泰科技,19.69,3.85,0.73,18.99,19.79,18.62,18.96,32164.0,62349460.0,1.39,2.27,-361.8,7.43,4625318830.0,4548390000.0
2026-07-20T10:45:28,002104.SZ,恒宝股份,9.44,3.85,0.35,9.1,9.62,9.1,9.09,200144.0,188860562.08,3.34,2.14,-80.1,3.17,6686825454.0,5661182934.0
2026-07-20T10:45:28,300972.SZ,万辰集团,196.79,3.85,7.29,189.07,197.6,188.62,189.5,14984.0,289534331.16,0.83,1.61,15.42,20.26,38833272847.0,35678236581.0
2026-07-20T10:45:28,301158.SZ,德石股份,13.25,3.84,0.49,12.8,13.68,12.8,12.76,38676.0,51811705.5,2.03,2.27,108.14,1.88,2583950910.0,2519573811.0
2026-07-20T10:45:28,002165.SZ,红 宝 丽,5.95,3.84,0.22,5.78,6.0,5.7,5.73,437412.0,258505330.66,6.01,3.94,-45.55,2.21,4374855530.0,4329125966.0
2026-07-20T10:45:28,603871.SH,嘉友国际,11.63,3.84,0.43,11.2,11.65,11.2,11.2,64394.0,73563550.0,0.47,2.05,12.14,2.64,15909940693.0,15909940693.0
2026-07-20T10:45:28,000911.SZ,*ST广糖,4.07,3.83,0.15,4.05,4.12,3.99,3.92,33301.0,13562418.0,0.83,3.04,-15.8,-17.7,1629301659.0,1629301659.0
2026-07-20T10:45:28,600997.SH,开滦股份,5.42,3.83,0.2,5.28,5.43,5.26,5.22,69428.0,37316550.0,0.44,1.63,-19.69,0.64,8605875192.0,8605875192.0
2026-07-20T10:45:28,600550.SH,保变电气,10.38,3.8,0.38,10.05,10.49,10.03,10.0,271460.0,280525187.0,1.47,3.24,80.23,21.42,19115065622.0,19115065622.0
2026-07-20T10:45:28,600575.SH,淮河能源,3.28,3.8,0.12,3.18,3.28,3.15,3.16,464309.0,149724431.0,1.19,2.64,18.15,1.12,23507078318.0,12746936293.0
2026-07-20T10:45:28,301357.SZ,北方长龙,73.7,3.8,2.7,71.01,75.79,70.87,71.0,15534.0,114974229.22,1.63,2.76,-140.84,6.18,7016240000.0,7016240000.0
2026-07-20T10:45:28,688051.SH,佳华科技,21.33,3.8,0.78,20.76,21.84,20.55,20.55,11177.0,23837396.0,1.45,2.21,-20.32,2.85,1649534220.0,1649534220.0
2026-07-20T10:45:28,603178.SH,圣龙股份,15.89,3.79,0.58,15.45,15.99,15.12,15.31,98381.0,152721878.0,4.16,1.98,49.75,3.28,3756584789.0,3756584789.0
2026-07-20T10:45:28,600730.SH,*ST高科,9.31,3.79,0.34,9.27,9.51,8.77,8.97,142535.0,131593153.0,2.43,6.65,-708.6,3.26,5461767379.0,5461767379.0
2026-07-20T10:45:28,600348.SH,华阳股份,8.5,3.79,0.31,8.27,8.57,8.27,8.19,191236.0,161617788.0,0.53,2.19,15.85,1.14,30663750000.0,30663750000.0
2026-07-20T10:45:28,000852.SZ,石化机械,5.22,3.78,0.19,5.11,5.29,5.07,5.03,114254.0,59560150.0,1.2,2.52,-194.94,1.6,4989120110.0,4960351317.0
2026-07-20T10:45:28,002250.SZ,联化科技,16.2,3.78,0.59,15.67,16.4,15.59,15.61,190362.0,307076143.12,2.13,2.05,35.76,2.19,14577946115.0,14498607247.0
2026-07-20T10:45:28,600310.SH,广西能源,4.67,3.78,0.17,4.31,4.75,4.26,4.5,1180144.0,534405807.0,8.05,4.87,-49.7,2.56,6844869072.0,6844869072.0
2026-07-20T10:45:28,601211.SH,国泰海通,18.99,3.77,0.69,18.31,19.19,18.28,18.3,1013951.0,1916181786.0,0.75,3.08,13.1,1.04,334773301493.0,256306324565.0
2026-07-20T10:45:28,000301.SZ,东方盛虹,11.83,3.77,0.43,11.56,12.07,11.56,11.4,183096.0,215791894.35,0.28,1.66,13.65,2.25,78210879233.0,78177051975.0
2026-07-20T10:45:28,300733.SZ,西菱动力,12.13,3.76,0.44,11.75,12.28,11.75,11.69,49147.0,59385746.16,1.68,2.17,109.78,2.77,4810786360.0,3547053921.0
2026-07-20T10:45:28,600595.SH,中孚实业,6.34,3.76,0.23,6.15,6.43,6.07,6.11,852151.0,534369958.0,2.13,2.02,7.73,1.47,25410118423.0,25410118423.0
2026-07-20T10:45:28,002956.SZ,西麦食品,17.64,3.76,0.64,17.27,17.77,16.82,17.0,36798.0,64025039.24,1.18,1.16,13.6,3.45,5513305072.0,5512689912.0
2026-07-20T10:45:28,000752.SZ,*ST西发,8.28,3.76,0.3,7.98,8.33,7.98,7.98,24302.0,20035431.78,0.92,2.18,72.23,3.52,2183920305.0,2183920305.0
2026-07-20T10:45:28,688361.SH,中科飞测,322.84,3.74,11.65,324.87,338.85,315.0,311.19,75091.0,2446315746.0,2.13,1.93,-418.09,22.15,113656361466.0,113656361466.0
2026-07-20T10:45:28,600057.SH,厦门象屿,6.38,3.74,0.23,6.12,6.38,6.11,6.15,188765.0,118476929.0,0.9,2.99,8.69,1.17,18112919139.0,13350214846.0
2026-07-20T10:45:28,603393.SH,新天然气,25.08,3.72,0.9,24.75,25.34,24.46,24.18,72545.0,181627916.0,1.71,1.92,18.32,1.13,10631946881.0,10631946881.0
2026-07-20T10:45:28,601318.SH,中国平安,52.58,3.71,1.88,50.72,52.7,50.71,50.7,795886.0,4139900509.0,0.75,2.62,9.51,0.97,952099816097.0,560506222064.0
2026-07-20T10:45:28,688246.SH,嘉和美康,17.35,3.71,0.62,17.0,18.19,17.0,16.73,33500.0,59216054.0,2.43,2.92,-41.69,1.85,2387110125.0,2387110125.0
2026-07-20T10:45:28,688802.SH,沐曦股份-U,808.8,3.7,28.83,818.04,828.08,779.97,779.97,14990.0,1209056168.0,8.09,1.47,-818.48,24.71,323600880000.0,14985927636.0
2026-07-20T10:45:28,600808.SH,马钢股份,2.52,3.7,0.09,2.43,2.54,2.42,2.43,436023.0,108643506.0,0.73,1.7,114.51,0.81,19405716589.0,15038732989.0
2026-07-20T10:45:28,300750.SZ,宁德时代,373.32,3.7,13.32,354.0,375.6,353.8,360.0,193508.0,7126038927.53,0.45,1.51,20.82,5.28,1727221299429.0,1589236579097.0
2026-07-20T10:45:28,301040.SZ,中环海陆,22.76,3.69,0.81,22.34,22.98,22.14,21.95,19753.0,44665418.0,2.09,1.65,-22.0,3.25,2276025082.0,2147729101.0
2026-07-20T10:45:28,300181.SZ,佐力药业,14.38,3.68,0.51,13.82,14.46,13.75,13.87,152712.0,216576524.14,2.53,1.23,12.63,3.17,10085949877.0,8669859015.0
2026-07-20T10:45:28,002608.SZ,江苏国信,7.33,3.68,0.26,7.01,7.39,6.98,7.07,349124.0,252440465.53,0.92,3.8,8.87,0.78,27693324230.0,27693324230.0
2026-07-20T10:45:28,600803.SH,新奥股份,16.91,3.68,0.6,16.31,16.95,16.3,16.31,48592.0,81264924.0,0.16,1.73,19.98,2.47,52349726159.0,51942898615.0
2026-07-20T10:45:28,600780.SH,通宝能源,6.21,3.67,0.22,6.0,6.37,5.99,5.99,149527.0,92386793.0,1.3,4.56,10.34,0.83,7119780668.0,7119780668.0
2026-07-20T10:45:28,688111.SH,金山办公,231.67,3.66,8.17,229.95,232.32,223.96,223.5,58332.0,1335896765.0,1.26,1.67,12.24,7.34,107497992486.0,107497992486.0
2026-07-20T10:45:28,603939.SH,益丰药房,21.59,3.65,0.76,20.78,21.75,20.38,20.83,88550.0,189124943.0,0.73,1.75,13.1,2.29,26175553773.0,26175553773.0
2026-07-20T10:45:28,300357.SZ,我武生物,24.72,3.65,0.87,23.57,24.76,23.53,23.85,74503.0,180694018.84,1.54,1.3,27.14,4.87,12942996480.0,11962359148.0
2026-07-20T10:45:28,688513.SH,苑东生物,56.62,3.64,1.99,55.61,57.22,53.67,54.63,17666.0,98765817.0,1.0,1.26,49.16,3.44,9995256335.0,9995256335.0
2026-07-20T10:45:28,002382.SZ,蓝帆医疗,5.69,3.64,0.2,5.46,5.76,5.42,5.49,228567.0,128121426.98,2.29,2.09,1488.61,0.83,5733191231.0,5677437772.0
2026-07-20T10:45:28,301087.SZ,可孚医疗,49.91,3.63,1.75,47.8,50.43,47.5,48.16,14681.0,72812927.23,0.76,1.7,27.5,2.62,11773619270.0,9682104286.0
2026-07-20T10:45:28,300803.SZ,指南针,82.88,3.63,2.9,80.0,84.02,79.99,79.98,147920.0,1220376420.59,2.44,2.36,113.61,17.64,50539553915.0,50170511404.0
2026-07-20T10:45:28,688297.SH,中无人机,39.69,3.63,1.39,38.6,39.94,38.6,38.3,27185.0,106764788.0,0.4,1.63,397.15,4.79,26790750000.0,26790750000.0
2026-07-20T10:45:28,000531.SZ,穗恒运Ａ,6.01,3.62,0.21,5.8,6.03,5.76,5.8,132112.0,78329238.77,1.45,3.61,8.09,0.91,6258822005.0,5467570383.0
2026-07-20T10:45:28,603630.SH,拉芳家化,14.89,3.62,0.52,14.52,14.93,14.28,14.37,72981.0,106853017.0,3.24,2.09,39.06,1.78,3353296196.0,3353296196.0
2026-07-20T10:45:28,300348.SZ,长亮科技,8.6,3.61,0.3,8.4,8.69,8.4,8.3,99497.0,85324892.43,1.36,1.9,-45.5,3.31,6986419109.0,6281888688.0
2026-07-20T10:45:28,002212.SZ,天融信,5.46,3.61,0.19,5.33,5.51,5.3,5.27,169404.0,92106246.54,1.45,1.64,-15.98,0.68,6439818179.0,6370967874.0
2026-07-20T10:45:28,600433.SH,冠豪高新,3.16,3.61,0.11,3.13,3.25,3.11,3.05,353677.0,112674500.0,2.02,2.5,7.68,1.25,5530882376.0,5530882376.0
2026-07-20T10:45:28,002774.SZ,快意电梯,15.49,3.61,0.54,15.48,16.38,15.21,14.95,85476.0,133307174.0,3.03,1.69,-659.6,4.69,5215295571.0,4364589186.0
2026-07-20T10:45:28,002028.SZ,思源电气,152.36,3.61,5.31,149.99,157.43,149.0,147.05,63333.0,975548478.57,1.04,1.33,40.09,7.24,119232865246.0,93062320038.0
2026-07-20T10:45:28,002356.SZ,鹏飞绿能,2.58,3.61,0.09,2.55,2.63,2.5,2.49,181788.0,46930740.0,1.39,2.09,-112.76,5.64,3383036664.0,3383017314.0
2026-07-20T10:45:28,003006.SZ,百亚股份,13.8,3.6,0.48,13.27,13.83,13.2,13.32,35660.0,48273880.92,0.83,1.22,10.32,4.22,5929139502.0,5914306917.0
2026-07-20T10:45:28,301127.SZ,武汉天源,15.81,3.6,0.55,15.66,16.6,15.57,15.26,185176.0,296369466.14,2.83,2.04,59.58,3.17,10657130129.0,10346417875.0
2026-07-20T10:45:28,002372.SZ,伟星新材,8.07,3.59,0.28,7.81,8.15,7.8,7.79,86128.0,68780540.84,0.59,1.49,26.88,2.89,12847746563.0,11869822720.0
2026-07-20T10:45:28,600779.SH,水井坊,27.69,3.59,0.96,26.77,27.92,26.77,26.73,27931.0,76785098.0,0.57,2.28,19.73,2.55,13498963553.0,13498963553.0
2026-07-20T10:45:28,002911.SZ,佛燃能源,10.71,3.58,0.37,10.54,10.74,10.41,10.34,51460.0,54872044.9,0.41,2.2,21.09,1.69,13903463139.0,13569976991.0
2026-07-20T10:45:28,302132.SZ,中航成飞,54.8,3.57,1.89,52.93,55.05,52.93,52.91,50329.0,272678594.04,0.86,2.29,189.94,7.18,146430607405.0,32116608545.0
2026-07-20T10:45:28,000570.SZ,苏常柴Ａ,4.94,3.56,0.17,4.81,5.03,4.8,4.77,113144.0,55834623.5,2.04,2.82,11.71,0.99,3486120985.0,2745120985.0
2026-07-20T10:45:28,605116.SH,奥锐特,20.12,3.55,0.69,19.3,20.18,19.13,19.43,26402.0,52111894.0,0.65,1.56,31.96,3.19,8172406668.0,8172406668.0
2026-07-20T10:45:28,000703.SZ,恒逸石化,15.17,3.55,0.52,14.85,15.48,14.74,14.65,740839.0,1122382795.22,1.95,2.77,7.27,2.2,57973097770.0,57682254737.0
2026-07-20T10:45:28,301183.SZ,东田微,170.92,3.54,5.85,181.0,184.89,166.48,165.07,35085.0,618453545.18,5.98,2.47,121.92,14.09,13686649742.0,10032835815.0
2026-07-20T10:45:28,688078.SH,龙软科技,22.05,3.52,0.75,21.53,22.43,21.39,21.3,5939.0,13083260.0,0.81,1.92,-50.65,2.4,1607290650.0,1607290650.0
2026-07-20T10:45:28,600508.SH,上海能源,8.55,3.51,0.29,8.26,8.58,8.26,8.26,67399.0,57254703.0,0.67,2.01,29.23,0.69,8650934460.0,8650934460.0
2026-07-20T10:45:28,301015.SZ,百洋医药,23.01,3.51,0.78,22.15,23.28,22.11,22.23,71605.0,162870945.1,1.36,1.48,24.4,5.53,12094610012.0,12093056837.0
2026-07-20T10:45:28,000683.SZ,博源化工,5.89,3.51,0.2,5.66,5.9,5.57,5.69,645963.0,370977730.75,1.93,2.5,13.03,1.84,21892137888.0,19685039815.0
2026-07-20T10:45:28,603296.SH,华勤技术,74.28,3.51,2.52,73.5,77.25,72.68,71.76,200370.0,1505919708.0,2.51,1.74,26.55,4.42,112623444672.0,59319714668.0
2026-07-20T10:45:28,002082.SZ,ST万邦,11.2,3.51,0.38,11.29,11.75,11.0,10.82,121714.0,138855342.52,2.14,3.06,16.64,2.62,6850917416.0,6359893926.0
2026-07-20T10:45:28,688068.SH,热景生物,131.71,3.5,4.46,123.6,136.79,123.47,127.25,23818.0,310096141.0,2.57,1.28,-44.87,5.02,12216644618.0,12216644618.0
2026-07-20T10:45:28,002891.SZ,中宠股份,29.89,3.5,1.01,29.0,30.0,28.61,28.88,73902.0,217428803.68,2.3,2.11,32.9,2.84,9621523628.0,9621523628.0
2026-07-20T10:45:28,600740.SH,山西焦化,3.55,3.5,0.12,3.44,3.6,3.43,3.43,224637.0,79591397.0,0.88,1.99,-124.91,0.6,9095530097.0,9095530097.0
2026-07-20T10:45:28,002379.SZ,宏桥控股,18.72,3.48,0.63,18.17,18.99,17.27,18.09,498814.0,910257550.51,4.39,1.7,9.02,4.98,243942532741.0,21272916656.0
2026-07-20T10:45:28,000537.SZ,绿发电力,7.73,3.48,0.26,7.39,7.76,7.3,7.47,277107.0,209380845.98,1.35,3.31,44.66,0.81,15890699359.0,15890699359.0
2026-07-20T10:45:28,000528.SZ,柳    工,8.34,3.47,0.28,8.04,8.38,8.03,8.06,244084.0,201573441.66,1.2,2.69,7.01,0.92,16991284387.0,16967677525.0
2026-07-20T10:45:28,600011.SH,华能国际,7.16,3.47,0.24,6.95,7.21,6.87,6.92,1319523.0,932492102.0,1.2,3.43,6.27,1.76,112398348450.0,78743603020.0
2026-07-20T10:45:28,002233.SZ,塔牌集团,7.45,3.47,0.25,7.24,7.48,7.22,7.2,72441.0,53663735.0,0.62,1.94,14.87,0.75,8747421285.0,8741535412.0
2026-07-20T10:45:28,000617.SZ,中油资本,6.87,3.46,0.23,6.81,6.94,6.77,6.64,702513.0,481994457.7,0.56,2.87,13.8,0.82,86851083273.0,86851083273.0
2026-07-20T10:45:28,605296.SH,神农集团,31.96,3.46,1.07,30.46,32.16,30.02,30.89,28968.0,89737243.0,0.56,1.76,-6.47,3.92,16771470799.0,16554781999.0
2026-07-20T10:45:28,002170.SZ,芭田股份,10.75,3.46,0.36,10.45,10.75,10.4,10.39,121249.0,128694834.0,1.54,2.0,9.53,2.98,10431280850.0,8461642394.0
2026-07-20T10:45:28,688326.SH,经纬恒润-W,65.43,3.45,2.18,64.2,66.49,63.92,63.25,10999.0,71858435.0,0.99,1.86,-11.05,2.0,7847737013.0,7303526979.0
2026-07-20T10:45:28,601886.SH,江河集团,8.09,3.45,0.27,7.99,8.09,7.86,7.82,35068.0,28008113.0,0.31,2.14,15.01,1.31,9165986665.0,9165986665.0
2026-07-20T10:45:28,002415.SZ,海康威视,34.29,3.44,1.14,33.68,34.68,33.52,33.15,482527.0,1649454176.85,0.53,1.95,28.25,3.97,314263445450.0,310201130718.0
2026-07-20T10:45:28,600735.SH,ST新华锦,6.01,3.44,0.2,6.25,6.39,5.97,5.81,65998.0,40845336.0,1.55,3.49,172.16,2.42,2576957096.0,2556965480.0
2026-07-20T10:45:28,600132.SH,重庆啤酒,44.67,3.43,1.48,43.1,44.81,43.0,43.19,29942.0,132409066.0,0.62,2.55,12.35,17.33,21618993415.0,21618993415.0
2026-07-20T10:45:28,002532.SZ,天山铝业,12.4,3.42,0.41,12.2,12.48,11.8,11.99,727275.0,887422649.28,1.77,1.36,6.47,1.9,57396343946.0,50925032405.0
2026-07-20T10:45:28,688235.SH,百济神州,259.06,3.41,8.55,248.1,262.87,248.1,250.51,33963.0,872653600.0,2.95,1.58,62.09,12.09,399320034118.0,29806215656.0
2026-07-20T10:45:28,002320.SZ,海峡股份,6.36,3.41,0.21,6.17,6.39,6.17,6.15,104177.0,65782310.62,0.47,1.67,29.12,3.53,14219675197.0,14219675197.0
2026-07-20T10:45:28,601888.SH,中国中免,54.7,3.4,1.8,52.5,55.14,52.4,52.9,275882.0,1494981956.0,1.41,2.13,18.29,1.98,113655476427.0,106800412257.0
2026-07-20T10:45:28,300138.SZ,晨光生物,10.65,3.4,0.35,10.34,10.77,10.29,10.3,45976.0,48594421.0,1.15,2.27,13.3,1.55,5145015990.0,4242036560.0
2026-07-20T10:45:28,002020.SZ,京新药业,14.29,3.4,0.47,13.76,14.34,13.57,13.82,108122.0,152229045.72,1.49,1.0,18.62,2.12,12304106411.0,10345507507.0
2026-07-20T10:45:28,688737.SH,中自科技,16.77,3.39,0.55,16.47,17.15,16.28,16.22,14652.0,24562555.0,1.23,2.55,145.59,1.13,2005096816.0,2005096816.0
2026-07-20T10:45:28,301291.SZ,明阳电气,38.15,3.39,1.25,36.5,38.49,36.5,36.9,50275.0,190105461.18,3.07,1.99,121.92,2.44,11999711606.0,6243130494.0
2026-07-20T10:45:28,600482.SH,中国动力,28.95,3.39,0.95,28.28,29.18,28.13,28.0,125824.0,360981107.0,0.55,1.38,27.92,1.61,65665732354.0,65665732354.0
2026-07-20T10:45:28,000543.SZ,皖能电力,7.95,3.38,0.26,7.63,8.01,7.54,7.69,388485.0,304578201.94,1.71,3.46,10.14,1.08,18021563481.0,18021563481.0
2026-07-20T10:45:28,603912.SH,佳力图,7.04,3.38,0.23,6.83,7.32,6.82,6.81,123832.0,88068040.0,2.29,2.46,-47.09,2.22,3815011967.0,3815011967.0
2026-07-20T10:45:28,601825.SH,沪农商行,8.26,3.38,0.27,8.03,8.27,7.97,7.99,179510.0,146291573.0,0.19,2.2,5.55,0.61,79663111116.0,77432885989.0
2026-07-20T10:45:28,688611.SH,杭州柯林,57.02,3.37,1.86,55.08,58.95,54.61,55.16,13611.0,77765936.0,0.89,2.9,-727.39,10.14,8746274992.0,8746274992.0
2026-07-20T10:45:28,002440.SZ,闰土股份,11.07,3.36,0.36,10.74,11.14,10.47,10.71,318981.0,345629549.0,3.37,1.55,16.93,1.26,12442678948.0,10476198868.0
2026-07-20T10:45:28,600258.SH,首旅酒店,12.01,3.36,0.39,11.64,12.02,11.55,11.62,108935.0,129042460.0,0.98,1.58,19.82,1.14,13410403543.0,13410403543.0
2026-07-20T10:45:28,688758.SH,赛分科技,24.35,3.35,0.79,23.25,25.78,22.95,23.56,112646.0,278380578.0,3.78,2.69,71.44,7.47,10140900445.0,7260772413.0
2026-07-20T10:45:28,002345.SZ,潮宏基,10.17,3.35,0.33,9.84,10.18,9.79,9.84,88263.0,88458547.0,1.02,1.33,8.57,2.43,9036174230.0,8819722642.0
2026-07-20T10:45:28,688506.SH,百利天恒,323.5,3.35,10.5,308.0,331.81,303.01,313.0,14478.0,463323449.0,0.35,1.57,-43.11,23.67,133564679800.0,133564679800.0
2026-07-20T10:45:28,601233.SH,桐昆股份,21.34,3.34,0.69,20.64,21.39,20.34,20.65,265478.0,556089944.0,1.12,1.99,6.69,1.27,50767891797.0,50675505175.0
2026-07-20T10:45:28,002668.SZ,TCL智家,10.25,3.33,0.33,10.03,10.38,9.94,9.92,120259.0,121701422.88,1.11,2.09,9.06,3.06,11112142137.0,11112142137.0
2026-07-20T10:45:28,688266.SH,泽璟制药-U,134.44,3.33,4.33,130.15,137.36,128.01,130.11,40178.0,540732648.0,1.52,1.12,14.06,20.77,35587368526.0,35587368526.0
2026-07-20T10:45:28,600719.SH,大连热电,7.14,3.33,0.23,6.8,7.25,6.78,6.91,142080.0,100755490.0,3.51,3.16,7.61,7.17,2888841144.0,2888841144.0
2026-07-20T10:45:28,688131.SH,皓元医药,73.48,3.33,2.37,71.7,74.88,71.0,71.11,40944.0,297641551.0,1.92,1.54,57.74,5.04,15668441080.0,15668441080.0
2026-07-20T10:45:28,300099.SZ,尤洛卡,5.9,3.33,0.19,5.74,5.95,5.72,5.71,63582.0,37197984.86,1.09,1.22,76.77,1.89,4349865005.0,3431996004.0
2026-07-20T10:45:28,000799.SZ,酒鬼酒,39.4,3.33,1.27,38.15,39.7,38.14,38.13,72295.0,283019621.74,2.23,1.92,96.46,3.39,12802201812.0,12800990262.0
2026-07-20T10:45:28,300843.SZ,胜蓝股份,108.94,3.33,3.51,110.16,119.96,105.8,105.43,44334.0,501153811.47,2.76,2.26,123.64,11.06,17834319017.0,17484799298.0
2026-07-20T10:45:28,601011.SH,宝泰隆,2.49,3.32,0.08,2.41,2.53,2.41,2.41,174108.0,43292374.0,0.91,1.78,-21.97,0.88,4770004702.0,4770004702.0
2026-07-20T10:45:28,300833.SZ,浩洋股份,34.84,3.32,1.12,33.66,35.34,33.66,33.72,8525.0,29703852.5,1.05,2.43,26.5,1.84,4406929020.0,2830878385.0
2026-07-20T10:45:28,300773.SZ,拉卡拉,14.62,3.32,0.47,14.27,14.9,14.27,14.15,226197.0,330218787.39,2.2,2.15,6.68,3.49,15896778021.0,15038288873.0
2026-07-20T10:45:28,300725.SZ,药石科技,38.11,3.31,1.22,36.5,39.0,36.13,36.89,114868.0,432301943.96,5.67,1.29,45.57,1.64,8910397766.0,7725407750.0
2026-07-20T10:45:28,688608.SH,恒玄科技,116.53,3.31,3.73,113.0,118.55,110.0,112.8,50258.0,577913321.0,2.12,1.37,77.5,3.97,27604331057.0,27604331057.0
2026-07-20T10:45:28,002265.SZ,建设工业,16.54,3.31,0.53,16.1,16.74,16.01,16.01,50609.0,83485293.0,0.49,2.49,123.86,4.47,17086488332.0,17086488332.0
2026-07-20T10:45:28,688158.SH,优刻得-W,30.98,3.3,0.99,31.01,32.46,30.54,29.99,157163.0,493930968.0,3.83,1.97,1301.9,5.8,14272643409.0,12697893670.0
2026-07-20T10:45:28,000598.SZ,兴蓉环境,7.2,3.3,0.23,6.95,7.2,6.93,6.97,293333.0,208994008.82,0.98,2.99,10.18,1.1,21484862791.0,21450444811.0
2026-07-20T10:45:28,600761.SH,安徽合力,16.88,3.3,0.54,16.49,16.97,16.47,16.34,64153.0,107556915.0,0.72,1.68,11.54,1.4,15034893806.0,15034893806.0
2026-07-20T10:45:28,600352.SH,浙江龙盛,12.54,3.29,0.4,12.12,12.6,12.01,12.14,405999.0,502729099.0,1.25,1.84,18.99,1.29,40796781524.0,40796781524.0
2026-07-20T10:45:28,688349.SH,三一重能,14.17,3.28,0.45,13.74,14.18,13.65,13.72,53857.0,75285472.0,0.34,2.08,31.46,1.62,22577574733.0,22192885306.0
2026-07-20T10:45:28,002039.SZ,黔源电力,20.16,3.28,0.64,19.56,20.25,19.4,19.52,94470.0,188589748.86,2.21,3.03,24.15,1.97,8619571820.0,8619547628.0
2026-07-20T10:45:28,300047.SZ,天源迪科,9.12,3.28,0.29,8.94,9.21,8.91,8.83,102019.0,92990349.73,1.78,1.58,93.79,1.76,5816231409.0,5234071795.0
2026-07-20T10:45:28,600956.SH,新天绿能,7.27,3.27,0.23,7.05,7.29,7.04,7.04,76808.0,55305093.0,0.33,2.35,11.43,1.32,32716944529.0,17070604682.0
2026-07-20T10:45:28,001286.SZ,陕西能源,10.41,3.27,0.33,10.13,10.42,10.0,10.08,148411.0,152775304.44,1.1,2.49,10.99,1.5,39037500000.0,14053500000.0
2026-07-20T10:45:28,002554.SZ,惠博普,2.85,3.26,0.09,2.79,2.9,2.78,2.76,225882.0,64629982.0,1.69,2.84,-35.01,1.99,3801102205.0,3800392065.0
2026-07-20T10:45:28,688629.SH,华丰科技,146.25,3.24,4.59,152.3,154.78,143.07,141.66,136678.0,2043518200.0,2.96,1.49,162.88,23.65,68482288778.0,67420201534.0
2026-07-20T10:45:28,300674.SZ,宇信科技,15.0,3.23,0.47,15.35,15.75,14.91,14.53,119045.0,181115040.2,1.69,3.21,57.89,2.39,10560855900.0,10545178800.0
2026-07-20T10:45:28,688656.SH,浩欧博,84.14,3.23,2.63,83.77,86.37,81.55,81.51,4812.0,40458142.0,0.76,1.93,7529.6,6.56,5344456771.0,5344456771.0
2026-07-20T10:45:28,002537.SZ,海联金汇,5.44,3.23,0.17,5.3,5.48,5.28,5.27,129725.0,70197968.01,1.11,1.82,30.72,1.45,6386651093.0,6368704533.0
2026-07-20T10:45:28,002539.SZ,云图控股,9.97,3.21,0.31,9.74,10.0,9.52,9.66,124393.0,121845439.24,1.4,1.87,9.92,1.27,12041005907.0,8871242441.0
2026-07-20T10:45:28,301209.SZ,联合化学,45.66,3.21,1.42,45.43,47.75,44.9,44.24,13014.0,60286930.06,0.97,2.04,399.1,9.56,7159488000.0,6116440092.0
2026-07-20T10:45:28,002244.SZ,滨江集团,8.67,3.21,0.27,8.42,8.7,8.26,8.4,182554.0,155427079.0,0.66,1.61,8.32,0.9,26976218526.0,23907952778.0
2026-07-20T10:45:28,603606.SH,东方电缆,38.95,3.21,1.21,37.8,39.6,37.79,37.74,74145.0,287677090.0,0.9,1.69,21.62,3.96,32126290608.0,32126290608.0
2026-07-20T10:45:28,600155.SH,华创云信,5.79,3.21,0.18,5.65,5.8,5.62,5.61,242346.0,139319801.0,1.09,1.95,103.19,0.64,12816410942.0,12816410942.0
2026-07-20T10:45:28,000034.SZ,神州数码,25.4,3.21,0.79,25.25,25.96,24.82,24.61,329631.0,838845247.0,3.88,1.51,27.36,2.31,25825187440.0,21568355187.0
2026-07-20T10:45:28,002221.SZ,东华能源,5.47,3.21,0.17,5.3,5.52,5.3,5.3,193717.0,105450193.0,1.33,2.46,13.4,0.86,8621418885.0,7991067545.0
2026-07-20T10:45:28,603529.SH,爱玛科技,21.31,3.2,0.66,20.6,21.35,20.58,20.65,41070.0,86232944.0,0.48,2.04,23.48,1.96,18417125072.0,18061513935.0
2026-07-20T10:45:28,600602.SH,云赛智联,19.02,3.2,0.59,18.25,19.5,18.1,18.43,610075.0,1154326740.0,5.68,3.5,145.97,5.29,26013149114.0,20433242870.0
2026-07-20T10:45:28,002032.SZ,苏 泊 尔,45.25,3.19,1.4,43.85,45.27,43.67,43.85,12062.0,53841795.0,0.15,2.42,17.91,7.71,36193129059.0,36176655797.0
2026-07-20T10:45:28,601619.SH,嘉泽新能,4.21,3.19,0.13,4.08,4.24,4.05,4.08,263234.0,109972152.0,1.08,2.15,23.34,1.55,12263046086.0,10250297083.0
2026-07-20T10:45:28,688690.SH,纳微科技,33.33,3.19,1.03,33.0,33.94,32.7,32.3,75245.0,251187748.0,1.86,1.74,49.38,6.72,13459146117.0,13459146117.0
2026-07-20T10:45:28,000042.SZ,中洲控股,8.09,3.19,0.25,7.94,8.15,7.91,7.84,53144.0,42855882.53,0.8,1.57,-20.3,2.37,5378483915.0,5372589039.0
2026-07-20T10:45:28,003039.SZ,顺控发展,11.66,3.19,0.36,11.29,11.66,11.23,11.3,25546.0,29452967.95,0.41,2.16,27.62,2.54,7200268392.0,7200268392.0
2026-07-20T10:45:28,600617.SH,国新能源,2.92,3.18,0.09,2.85,2.97,2.84,2.83,175422.0,51139306.0,0.99,1.87,11.2,1.76,5633239986.0,5184584652.0
2026-07-20T10:45:28,002625.SZ,光启技术,27.24,3.18,0.84,26.48,27.71,26.48,26.4,174045.0,474239905.09,0.81,1.74,83.3,6.05,58690973361.0,58690548417.0
2026-07-20T10:45:28,300458.SZ,全志科技,36.29,3.18,1.12,36.36,37.66,34.11,35.17,600191.0,2160791458.84,7.37,1.99,44.4,11.31,36059099395.0,29547594711.0
2026-07-20T10:45:28,002478.SZ,常宝股份,5.85,3.17,0.18,5.72,5.9,5.69,5.67,111949.0,65294011.28,1.55,1.89,19.69,0.89,5269704734.0,4227935037.0
2026-07-20T10:45:28,600276.SH,恒瑞医药,54.87,3.16,1.68,52.97,55.78,52.9,53.19,622570.0,3407804584.0,0.98,1.6,39.89,5.84,364183157086.0,350015854774.0
2026-07-20T10:45:28,603317.SH,天味食品,13.71,3.16,0.42,13.33,13.88,13.3,13.29,86602.0,117854928.0,0.82,1.87,14.55,3.49,14561077219.0,14561077219.0
2026-07-20T10:45:28,002929.SZ,润建股份,51.74,3.15,1.58,51.67,55.1,50.8,50.16,117772.0,623029845.32,5.44,2.19,293.95,2.34,14817189131.0,11205319331.0
2026-07-20T10:45:28,601336.SH,新华保险,64.78,3.15,1.98,63.0,65.21,62.99,62.8,173617.0,1117065020.0,0.83,1.82,7.77,1.64,202084228748.0,135094760445.0
2026-07-20T10:45:28,920122.BJ,中纺标,21.64,3.15,0.66,22.8,22.8,21.36,20.98,10035.0,22045083.09,2.68,2.49,480.59,6.01,1996119217.0,808797986.0
2026-07-20T10:45:28,300573.SZ,兴齐眼药,40.88,3.15,1.25,39.76,41.18,39.73,39.63,47583.0,192804135.35,1.73,1.44,17.69,7.53,14607356636.0,11217580945.0
2026-07-20T10:45:28,002860.SZ,星帅尔,16.69,3.15,0.51,16.04,16.9,15.6,16.18,124521.0,203105164.09,3.62,1.98,25.7,2.54,5877301986.0,5740904663.0
2026-07-20T10:45:28,600199.SH,金种子酒,7.23,3.14,0.22,7.15,7.36,6.92,7.01,263967.0,189261396.0,4.01,2.71,-78.01,2.45,4755871038.0,4755871038.0
2026-07-20T10:45:28,603444.SH,吉比特,351.41,3.13,10.67,342.0,352.5,338.11,340.74,11511.0,397686670.0,1.6,1.55,12.23,4.6,25315963302.0,25315963302.0
2026-07-20T10:45:28,002299.SZ,圣农发展,16.16,3.13,0.49,15.79,16.16,15.68,15.67,54627.0,87268188.89,0.45,1.5,19.85,1.79,20083168404.0,19692571734.0
2026-07-20T10:45:28,300308.SZ,中际旭创,1010.15,3.13,30.69,1028.43,1057.77,988.0,979.46,267503.0,27416847365.2,2.41,2.27,49.11,32.52,1126554272606.0,1121205666747.0
2026-07-20T10:45:28,600916.SH,中国黄金,7.28,3.12,0.22,7.06,7.32,7.03,7.06,189909.0,136500199.0,1.13,2.54,18.67,1.73,12230400000.0,12230400000.0
2026-07-20T10:45:28,300180.SZ,华峰超纤,3.98,3.11,0.12,3.87,4.0,3.87,3.86,152241.0,60386778.25,0.89,1.96,-907.26,1.5,7009019417.0,6816423185.0
2026-07-20T10:45:28,688630.SH,芯碁微装,370.97,3.11,11.19,375.0,391.0,359.86,359.78,43814.0,1652101088.0,3.33,2.2,125.35,23.36,54349002883.0,48871853415.0
2026-07-20T10:45:28,002396.SZ,星网锐捷,30.88,3.11,0.93,30.0,31.69,29.35,29.95,1314176.0,4026187775.63,17.35,2.43,157.72,3.42,23485919007.0,23388978473.0
2026-07-20T10:45:28,000797.SZ,中国武夷,2.32,3.11,0.07,2.28,2.36,2.26,2.25,188221.0,43734957.03,1.2,2.37,-9.46,0.79,3644149783.0,3643596020.0
2026-07-20T10:45:28,301039.SZ,中集车辆,7.31,3.1,0.22,7.1,7.37,7.09,7.09,100958.0,73496579.0,0.7,2.04,21.83,0.98,13699849510.0,10617245025.0
2026-07-20T10:45:28,600033.SH,福建高速,3.66,3.1,0.11,3.57,3.66,3.55,3.55,185604.0,67285046.0,0.68,2.22,9.82,0.81,10044504000.0,10044504000.0
2026-07-20T10:45:28,003033.SZ,征和工业,63.89,3.1,1.92,61.56,64.69,60.33,61.97,17283.0,109068129.0,2.14,1.94,39.68,3.76,5223007500.0,5158711287.0
2026-07-20T10:45:28,300363.SZ,博腾股份,16.61,3.1,0.5,16.3,17.06,16.08,16.11,171082.0,283987340.94,3.45,1.28,80.98,1.7,9026574543.0,8231156524.0
2026-07-20T10:45:28,001257.SZ,盛龙股份,24.8,3.08,0.74,25.0,26.15,24.66,24.06,152113.0,384100118.96,11.11,3.69,29.56,6.18,45531580262.0,3396310102.0
2026-07-20T10:45:28,605162.SH,新中港,7.37,3.08,0.22,7.1,7.47,7.1,7.15,91141.0,67089986.0,2.06,3.19,67.2,2.06,3263777312.0,3263777312.0
2026-07-20T10:45:28,301109.SZ,军信股份,14.05,3.08,0.42,13.7,14.08,13.66,13.63,38355.0,53370852.54,1.67,2.02,12.62,1.54,11086866830.0,3236250614.0
2026-07-20T10:45:28,300199.SZ,翰宇药业,22.1,3.08,0.66,21.43,22.75,21.43,21.44,305937.0,676041794.44,4.11,1.31,38.18,26.32,19519633526.0,16468200535.0
2026-07-20T10:45:28,605118.SH,力鼎光电,28.51,3.07,0.85,28.08,29.46,27.86,27.66,25370.0,73000122.0,0.62,1.98,41.61,7.85,11725165150.0,11656840935.0
2026-07-20T10:45:28,600257.SH,大湖股份,5.03,3.07,0.15,4.96,5.07,4.83,4.88,249438.0,124017865.0,5.18,2.46,-206.04,3.03,2420623056.0,2420623056.0
2026-07-20T10:45:28,600691.SH,潞化科技,2.35,3.07,0.07,2.29,2.4,2.28,2.28,203108.0,47862232.0,0.85,1.77,-28.65,1.8,5583557587.0,5582626987.0
2026-07-20T10:45:28,001914.SZ,招商积余,9.08,3.06,0.27,8.88,9.08,8.85,8.81,45964.0,41317057.08,0.44,1.49,10.26,0.9,9567776311.0,9567741807.0
2026-07-20T10:45:28,300204.SZ,舒泰神,25.25,3.06,0.75,24.5,25.74,23.58,24.5,274420.0,681875328.05,6.05,1.38,-357.69,14.9,12063757014.0,11455028650.0
2026-07-20T10:45:28,000708.SZ,中信特钢,13.8,3.06,0.41,13.42,13.85,13.42,13.39,86187.0,117793281.96,0.17,1.81,11.52,1.64,69650789066.0,69650478566.0
2026-07-20T10:45:28,601579.SH,会稽山,14.87,3.05,0.44,14.44,14.97,14.25,14.43,33384.0,49096124.0,0.7,2.04,14.86,1.9,7129620892.0,7129620892.0
2026-07-20T10:45:28,300454.SZ,深信服,110.76,3.05,3.28,112.6,114.79,107.73,107.48,151405.0,1693018668.8,5.26,2.45,-185.26,4.42,47799480932.0,31899205413.0
2026-07-20T10:45:28,002180.SZ,奔图科技,16.57,3.05,0.49,16.08,16.64,15.84,16.08,148658.0,241706964.58,1.09,1.98,91.25,2.58,23560533754.0,22539963842.0
2026-07-20T10:45:28,001301.SZ,尚太科技,51.16,3.04,1.51,48.99,51.16,48.19,49.65,30186.0,149867682.1,1.16,1.57,25.79,2.67,18653763257.0,13306152524.0
2026-07-20T10:45:28,601118.SH,海南橡胶,4.76,3.03,0.14,4.71,4.8,4.62,4.62,295448.0,139929777.0,0.69,1.77,-38.42,2.13,20370076314.0,20370076314.0
2026-07-20T10:45:28,601319.SH,中国人保,7.47,3.03,0.22,7.25,7.5,7.22,7.25,647672.0,479984011.0,0.18,2.19,9.37,1.03,330353209655.0,265168241675.0
2026-07-20T10:45:28,600409.SH,三友化工,5.78,3.03,0.17,5.61,5.8,5.56,5.61,237178.0,135520879.0,1.15,1.59,-32.59,0.87,11931939809.0,11931939809.0
2026-07-20T10:45:28,601798.SH,蓝科高新,7.14,3.03,0.21,7.06,7.27,7.01,6.93,48488.0,34790063.0,1.37,2.04,51.45,1.96,2531331334.0,2531331334.0
2026-07-20T10:45:28,000951.SZ,中国重汽,21.06,3.03,0.62,20.69,21.2,20.4,20.44,43586.0,91001608.49,0.37,1.33,13.54,1.54,24619033668.0,24619033668.0
2026-07-20T10:45:28,603959.SH,ST百利,4.44,3.02,0.13,4.32,4.54,4.32,4.31,58964.0,26188656.0,1.2,2.49,-11.4,5567.91,2176927524.0,2176927524.0
2026-07-20T10:45:28,603700.SH,宁水集团,11.26,3.02,0.33,10.93,11.83,10.93,10.93,45530.0,51901844.0,2.28,2.59,52.15,1.42,2251571377.0,2251571377.0
2026-07-20T10:45:28,002445.SZ,中南文化,2.73,3.02,0.08,2.66,2.76,2.66,2.65,317589.0,86868003.4,1.34,2.16,61.6,2.84,6488138560.0,6460015306.0
2026-07-20T10:45:28,000822.SZ,山东海化,4.11,3.01,0.12,3.99,4.17,3.99,3.99,118546.0,48636606.83,1.32,2.48,-11.46,0.98,3678827816.0,3678827816.0
2026-07-20T10:45:28,301559.SZ,中集环科,12.68,3.01,0.37,12.55,13.05,12.33,12.31,18911.0,24099935.98,2.1,3.32,83.57,1.7,7608000000.0,1141200000.0
2026-07-20T10:45:28,002990.SZ,盛视科技,50.76,3.0,1.48,50.78,54.1,49.93,49.28,62245.0,322549215.0,4.51,1.87,872.28,5.38,13291614525.0,7005822258.0
2026-07-20T10:45:28,688176.SH,亚虹医药-U,13.42,2.99,0.39,13.29,13.65,13.04,13.03,124164.0,166226312.0,2.17,0.89,-17.08,5.24,7678818895.0,7678818895.0
2026-07-20T10:45:28,002602.SZ,世纪华通,13.44,2.99,0.39,13.19,13.49,13.01,13.05,583270.0,774282811.45,0.86,1.11,12.22,3.11,99061970408.0,91349363307.0
2026-07-20T10:45:28,300675.SZ,建科院,12.09,2.98,0.35,12.04,12.48,11.91,11.74,28678.0,35158562.6,1.96,3.84,-22.61,3.6,1773200403.0,1773200403.0
2026-07-20T10:45:28,000692.SZ,惠天热电,3.8,2.98,0.11,3.7,3.85,3.69,3.69,95331.0,36081807.0,1.79,2.13,10.27,10.92,2024765309.0,2024765309.0
2026-07-20T10:45:28,002053.SZ,云南能投,9.73,2.96,0.28,9.44,9.8,9.31,9.45,110724.0,106114358.8,1.2,3.21,10.87,1.19,8958697685.0,8958634196.0
2026-07-20T10:45:28,600816.SH,建元信托,2.44,2.95,0.07,2.38,2.45,2.37,2.37,471692.0,114091861.0,0.86,2.23,5.9,1.57,24020453740.0,13344696522.0
2026-07-20T10:45:28,300738.SZ,奥飞数据,20.98,2.94,0.6,20.46,21.23,20.28,20.38,435572.0,908254467.9,4.42,2.06,55.73,5.38,20669579500.0,20663076540.0
2026-07-20T10:45:28,601963.SH,重庆银行,10.85,2.94,0.31,10.56,10.87,10.45,10.54,115799.0,123072719.0,0.57,1.91,5.48,0.68,39339678193.0,22069509748.0
2026-07-20T10:45:28,002304.SZ,洋河股份,40.94,2.94,1.17,39.8,41.17,39.8,39.77,66827.0,272344580.0,0.44,2.41,6.3,1.31,61673861330.0,61672405913.0
2026-07-20T10:45:28,000709.SZ,河钢股份,2.1,2.94,0.06,2.05,2.1,2.04,2.04,627111.0,130461774.13,0.61,2.0,16.8,0.42,21707954293.0,21704366036.0
2026-07-20T10:45:28,601933.SH,永辉超市,3.16,2.93,0.09,3.01,3.17,3.01,3.07,1109911.0,342110363.0,1.24,1.54,24.58,13.18,28203117441.0,28203117441.0
2026-07-20T10:45:28,603887.SH,城地香江,8.44,2.93,0.24,8.38,8.66,8.25,8.2,117803.0,99823356.0,1.96,2.02,-94.7,1.46,5081128313.0,5081128313.0
2026-07-20T10:45:28,601156.SH,东航物流,16.15,2.93,0.46,15.7,16.19,15.61,15.69,48146.0,76957853.0,0.51,1.03,11.08,1.34,25639022229.0,15255218229.0
2026-07-20T10:45:28,688143.SH,长盈通,104.71,2.93,2.98,115.49,119.74,99.8,101.73,81993.0,889871647.0,6.7,2.17,571.5,10.0,13484637777.0,12813826146.0
2026-07-20T10:45:28,603100.SH,川仪股份,17.61,2.92,0.5,17.52,17.78,17.25,17.11,27353.0,48128957.0,0.53,1.52,15.99,1.86,9036979629.0,9008204713.0
2026-07-20T10:45:28,688065.SH,凯赛生物,44.0,2.92,1.25,42.75,44.1,42.53,42.75,27303.0,118675147.0,0.47,1.59,47.88,1.78,31736750936.0,25668633716.0
2026-07-20T10:45:28,000963.SZ,华东医药,30.98,2.92,0.88,30.0,31.15,29.92,30.1,161330.0,494431244.91,0.92,1.53,13.55,2.2,54330767551.0,54308345776.0
2026-07-20T10:45:28,300997.SZ,欢乐家,14.83,2.91,0.42,14.08,15.34,14.08,14.41,68373.0,100325511.93,1.73,2.55,43.4,6.48,6450656634.0,5851789676.0
2026-07-20T10:45:28,600295.SH,鄂尔多斯,12.73,2.91,0.36,12.52,12.79,12.39,12.37,54169.0,68113791.0,0.27,1.33,13.59,1.74,35628421713.0,25149085713.0
2026-07-20T10:45:28,600273.SH,嘉化能源,6.73,2.91,0.19,6.61,6.75,6.59,6.54,113341.0,75792269.0,0.86,1.81,21.34,0.9,8825110391.0,8825110391.0
2026-07-20T10:45:28,000869.SZ,张  裕Ａ,17.31,2.91,0.49,16.82,17.39,16.82,16.82,9284.0,15992368.7,0.2,2.25,19.15,1.1,11376826616.0,7877993826.0
2026-07-20T10:45:28,002017.SZ,东信和平,12.75,2.91,0.36,12.39,12.94,12.39,12.39,76911.0,98088675.86,1.33,2.37,37.44,4.15,7400506840.0,7396094996.0
2026-07-20T10:45:28,920438.BJ,戈碧迦,101.88,2.91,2.88,100.45,106.0,98.8,99.0,38944.0,400256540.33,2.79,1.82,319.43,15.18,14717686680.0,14201465814.0
2026-07-20T10:45:28,000818.SZ,航锦科技,12.76,2.9,0.36,12.7,13.27,12.57,12.4,193848.0,250538157.31,2.95,2.0,130.27,3.85,8421600498.0,8398777962.0
2026-07-20T10:45:28,688278.SH,特宝生物,59.2,2.9,1.67,56.86,60.3,56.86,57.53,24553.0,143865418.0,0.6,1.61,36.73,7.15,24164817216.0,24164817216.0
2026-07-20T10:45:28,603228.SH,景旺电子,73.78,2.9,2.08,75.11,76.15,71.6,71.7,415841.0,3106974218.0,4.24,2.87,78.19,5.7,72771033857.0,72412444096.0
2026-07-20T10:45:28,600963.SH,岳阳林纸,3.2,2.89,0.09,3.15,3.24,3.15,3.11,240338.0,76897374.0,1.37,1.77,108.84,0.74,5624217133.0,5624217133.0
2026-07-20T10:45:28,300399.SZ,天利科技,16.37,2.89,0.46,16.06,16.87,16.06,15.91,43428.0,71551728.74,2.2,2.5,432.75,6.52,3234712000.0,3234396468.0
2026-07-20T10:45:28,603279.SH,景津装备,12.81,2.89,0.36,12.48,12.86,12.41,12.45,44668.0,56732117.0,0.77,2.09,14.95,1.65,7383338130.0,7383338130.0
2026-07-20T10:45:28,300109.SZ,新开源,12.85,2.88,0.36,12.46,13.23,12.44,12.49,54938.0,70404641.05,1.06,2.33,28.62,2.05,7412606359.0,6649946150.0
2026-07-20T10:45:28,002210.SZ,飞马国际,2.14,2.88,0.06,2.1,2.16,2.08,2.08,368486.0,78406919.79,1.39,1.73,122.71,6.08,5695038136.0,5682273197.0
2026-07-20T10:45:28,688073.SH,毕得医药,50.05,2.88,1.4,48.7,51.0,48.1,48.65,21647.0,107518166.0,2.38,1.44,24.28,2.27,4548691547.0,4548691547.0
2026-07-20T10:45:28,300374.SZ,中铁装配,10.41,2.87,0.29,10.35,10.7,10.35,10.12,28534.0,30023508.0,1.16,2.67,-19.16,3.6,2559947428.0,2559646683.0
2026-07-20T10:45:28,603613.SH,国联股份,17.54,2.87,0.49,17.28,17.64,17.15,17.05,62622.0,109377645.0,0.87,1.91,11.53,1.35,12638233240.0,12638233240.0
2026-07-20T10:45:28,300377.SZ,赢时胜,13.96,2.87,0.39,13.38,14.25,13.33,13.57,287626.0,400881862.12,4.16,1.84,-29.89,4.36,10484002997.0,9645272614.0
2026-07-20T10:45:28,000930.SZ,中粮科技,4.66,2.87,0.13,4.54,4.66,4.53,4.53,104624.0,48335482.13,0.56,1.62,-17.81,0.84,8651021565.0,8650582053.0
2026-07-20T10:45:28,000011.SZ,深物业A,6.82,2.87,0.19,6.6,6.85,6.58,6.63,37069.0,24890299.82,0.7,2.51,-37.31,1.21,4064577407.0,3590563203.0
2026-07-20T10:45:28,603556.SH,海兴电力,24.75,2.87,0.69,23.7,24.95,23.11,24.06,69430.0,167007075.0,1.43,2.29,33.09,1.7,12035038208.0,12035038208.0
2026-07-20T10:45:28,600754.SH,锦江酒店,18.28,2.87,0.51,17.8,18.32,17.72,17.77,72699.0,131580115.0,0.8,1.67,35.6,1.25,19491935556.0,16562485472.0
2026-07-20T10:45:28,600129.SH,太极集团,15.39,2.87,0.43,14.83,15.5,14.66,14.96,255160.0,386213537.0,4.63,1.21,32.33,2.38,8486325867.0,8486325867.0
2026-07-20T10:45:28,000786.SZ,北新建材,19.06,2.86,0.53,18.57,19.06,18.37,18.53,94312.0,176953283.62,0.56,1.22,10.09,1.21,32444618961.0,32202019469.0
2026-07-20T10:45:28,300683.SZ,海特生物,27.69,2.86,0.77,26.39,28.92,26.03,26.92,77356.0,213249339.0,6.34,1.74,-39.32,1.7,3624465687.0,3379953295.0
2026-07-20T10:45:28,300098.SZ,高新兴,4.32,2.86,0.12,4.23,4.34,4.23,4.2,200359.0,86050369.91,1.3,1.72,81.05,2.84,7507219428.0,6660330633.0
2026-07-20T10:45:28,000550.SZ,江铃汽车,16.58,2.85,0.46,16.12,16.64,16.12,16.12,22735.0,37488396.5,0.44,1.78,10.51,1.24,14312088120.0,8596119193.0
2026-07-20T10:45:28,300518.SZ,新迅达,22.77,2.85,0.63,22.58,23.99,22.38,22.14,58949.0,136991711.24,2.96,1.96,-82.84,6.87,4540601586.0,4539711848.0
2026-07-20T10:45:28,603334.SH,丰倍生物,31.86,2.84,0.88,30.79,33.18,30.79,30.98,14046.0,45010301.0,4.41,2.45,27.96,2.71,4571910000.0,1013680158.0
2026-07-20T10:45:28,603766.SH,隆鑫通用,13.42,2.84,0.37,13.0,13.48,12.91,13.05,104748.0,137943185.0,0.51,1.57,14.62,3.19,27558531627.0,27558531627.0
2026-07-20T10:45:28,601369.SH,陕鼓动力,9.77,2.84,0.27,9.61,9.86,9.47,9.5,287366.0,277752940.0,1.68,2.82,21.96,1.91,16838345787.0,16669684323.0
2026-07-20T10:45:28,300140.SZ,节能环境,5.44,2.84,0.15,5.25,5.44,5.23,5.29,129647.0,69516286.0,0.42,2.85,13.14,1.19,16858924567.0,16838246648.0
2026-07-20T10:45:28,603466.SH,风语筑,12.0,2.83,0.33,11.47,12.2,11.47,11.67,425805.0,508101539.0,7.16,1.84,41.88,3.45,7137941904.0,7137941904.0
2026-07-20T10:45:28,600415.SH,小商品城,10.89,2.83,0.3,10.57,10.89,10.33,10.59,516530.0,550906438.0,0.94,1.88,15.07,2.83,59715959971.0,59715959971.0
2026-07-20T10:45:28,000685.SZ,中山公用,10.89,2.83,0.3,10.68,10.92,10.64,10.59,116372.0,125765256.4,0.93,1.39,6.85,0.86,15983592006.0,13575277327.0
2026-07-20T10:45:28,603337.SH,杰克科技,38.65,2.82,1.06,37.8,39.3,37.8,37.59,16822.0,64928916.0,0.36,1.17,17.93,3.56,18413311857.0,18050701422.0
2026-07-20T10:45:28,600784.SH,鲁银投资,7.29,2.82,0.2,7.12,7.48,7.07,7.09,62481.0,45506507.0,0.92,1.53,22.13,1.5,4925505099.0,4925505099.0
2026-07-20T10:45:28,600559.SH,老白干酒,12.03,2.82,0.33,11.8,12.1,11.68,11.7,101693.0,121644862.0,1.11,2.05,16.63,2.08,11004411751.0,11004411751.0
2026-07-20T10:45:28,603776.SH,永安行,19.39,2.81,0.53,18.76,19.66,18.76,18.86,13948.0,27109128.0,0.5,1.89,-266.62,1.59,5443947491.0,5443947491.0
2026-07-20T10:45:28,002246.SZ,北化股份,17.93,2.81,0.49,17.66,18.27,17.56,17.44,83230.0,149226676.94,1.52,1.41,34.03,3.17,9844193856.0,9844193856.0
2026-07-20T10:45:28,301638.SZ,南网数字,21.25,2.81,0.58,20.67,21.45,20.67,20.67,67027.0,142270475.02,2.68,1.98,218.83,6.13,67567567388.0,5317472606.0
2026-07-20T10:45:28,600059.SH,古越龙山,8.04,2.81,0.22,7.82,8.08,7.81,7.82,75715.0,60495464.0,0.83,2.5,29.54,1.26,7328801001.0,7328801001.0
2026-07-20T10:45:28,600075.SH,新疆天业,4.39,2.81,0.12,4.33,4.4,4.31,4.27,131301.0,57424607.0,0.77,1.56,-31.64,0.85,7497230336.0,7497230336.0
2026-07-20T10:45:28,603205.SH,健尔康,21.97,2.81,0.6,21.26,22.32,21.26,21.37,7530.0,16518250.0,1.82,1.99,31.18,2.31,3427320000.0,908239800.0
2026-07-20T10:45:28,600026.SH,中远海能,14.61,2.81,0.4,14.41,14.66,14.23,14.21,337350.0,489644657.0,0.88,1.61,9.19,1.73,79934439141.0,55926962477.0
2026-07-20T10:45:28,002476.SZ,新叶股份,4.39,2.81,0.12,4.32,4.5,4.27,4.27,90486.0,39976875.8,1.48,2.56,55.2,2.79,2686680000.0,2686680000.0
2026-07-20T10:45:28,000755.SZ,山西高速,4.77,2.8,0.13,4.63,4.77,4.61,4.64,39112.0,18546201.14,0.27,2.44,15.55,1.31,6999069635.0,6999069635.0
2026-07-20T10:45:28,002912.SZ,中新赛克,17.66,2.79,0.48,17.26,17.97,17.26,17.18,22207.0,39176274.0,1.37,2.21,-9.19,1.93,3015480320.0,2864835858.0
2026-07-20T10:45:28,300075.SZ,数字政通,10.69,2.79,0.29,10.51,10.77,10.45,10.4,71718.0,76418687.95,1.39,1.74,155.86,2.09,6639881389.0,5510037308.0
2026-07-20T10:45:28,600521.SH,华海药业,16.6,2.79,0.45,16.07,16.79,16.03,16.15,292017.0,481126764.0,1.95,1.39,15.37,2.63,24854386454.0,24854386454.0
2026-07-20T10:45:28,688552.SH,航天南湖,23.93,2.79,0.65,23.5,24.67,23.48,23.28,24106.0,57947557.0,0.71,1.84,-519.51,3.14,8070344640.0,8070344640.0
2026-07-20T10:45:28,300315.SZ,掌趣科技,4.05,2.79,0.11,3.98,4.1,3.97,3.94,385017.0,155520021.06,1.51,1.46,50.68,2.34,10965824562.0,10292993866.0
2026-07-20T10:45:28,300055.SZ,万邦达,5.55,2.78,0.15,5.43,5.68,5.43,5.4,138693.0,77471472.0,2.19,2.27,32.27,0.95,4643960313.0,3512313859.0
2026-07-20T10:45:28,600028.SH,中国石化,5.17,2.78,0.14,5.05,5.18,5.04,5.03,2164411.0,1109689405.0,0.23,2.12,9.19,0.76,625184908528.0,489870297689.0
2026-07-20T10:45:28,603402.SH,陕西旅游,61.85,2.78,1.67,59.93,61.87,59.89,60.18,8541.0,52264231.0,3.4,1.89,37.75,2.23,6217986708.0,1554496708.0
2026-07-20T10:45:28,600979.SH,广安爱众,4.06,2.78,0.11,3.9,4.1,3.83,3.95,329311.0,131296970.0,2.65,4.16,52.12,1.23,5122327396.0,5041247011.0
2026-07-20T10:45:28,301339.SZ,通行宝,10.39,2.77,0.28,10.2,10.44,10.2,10.11,30317.0,31407485.99,0.53,2.12,28.58,2.19,6028458786.0,5920222000.0
2026-07-20T10:45:28,002177.SZ,御银股份,5.2,2.77,0.14,5.05,5.32,5.05,5.06,159755.0,83432947.5,2.37,2.24,99.22,2.31,3958194729.0,3509578608.0
2026-07-20T10:45:28,301051.SZ,信濠光电,13.72,2.77,0.37,13.63,14.59,13.27,13.35,99734.0,139314940.56,4.42,2.21,-17.84,2.0,3900058697.0,3098485232.0
2026-07-20T10:45:28,600868.SH,梅雁吉祥,2.6,2.77,0.07,2.53,2.63,2.51,2.53,416723.0,107441564.0,2.2,3.13,-83.94,2.55,4935186565.0,4935186565.0
2026-07-20T10:45:28,300299.SZ,富春股份,4.82,2.77,0.13,4.73,4.89,4.73,4.69,102339.0,49350880.86,1.48,1.66,68.13,8.85,3327246410.0,3322055270.0
2026-07-20T10:45:28,600320.SH,振华重工,4.08,2.77,0.11,3.97,4.11,3.96,3.97,275806.0,112214404.0,0.83,2.17,14.25,1.37,21446771895.0,13505640068.0
2026-07-20T10:45:28,600219.SH,南山铝业,4.09,2.76,0.11,4.02,4.12,4.0,3.98,1022601.0,415792688.0,0.89,1.76,10.67,0.95,46968339376.0,46968339376.0
2026-07-20T10:45:28,688256.SH,寒武纪,1223.48,2.76,32.9,1240.0,1278.53,1191.0,1190.58,79267.0,9831488399.0,1.26,1.83,189.67,62.81,768703881712.0,768703881712.0
2026-07-20T10:45:28,600094.SH,大名城,3.72,2.76,0.1,3.65,3.76,3.62,3.62,126755.0,47120041.0,0.6,1.42,462.8,0.84,8648814167.0,7909575414.0
2026-07-20T10:45:28,601179.SH,中国西电,11.96,2.75,0.32,11.75,12.16,11.68,11.64,843582.0,1008197573.0,1.65,2.26,44.22,2.66,61305552930.0,61305552930.0
2026-07-20T10:45:28,002941.SZ,新疆交建,9.7,2.75,0.26,9.52,9.74,9.46,9.44,59947.0,57749881.61,0.82,1.78,-111.36,1.56,7078586368.0,7078586368.0
2026-07-20T10:45:28,920415.BJ,恒拓开源,8.58,2.75,0.23,8.44,8.88,8.44,8.35,15345.0,13276921.99,1.42,3.09,226.64,2.18,1205588558.0,928624923.0
2026-07-20T10:45:28,600867.SH,通化东宝,8.23,2.75,0.22,8.1,8.29,8.01,8.01,185933.0,151721377.0,0.95,1.28,31.78,2.42,16118807483.0,16118807483.0
2026-07-20T10:45:28,688027.SH,国盾量子,384.17,2.74,10.23,380.94,390.5,373.0,373.94,13961.0,532421359.0,1.74,2.0,-519.58,12.26,39516110754.0,30877421723.0
2026-07-20T10:45:28,000027.SZ,深圳能源,6.37,2.74,0.17,6.19,6.38,6.17,6.2,269930.0,170253993.44,0.57,3.15,6.06,0.93,30304573765.0,30304573765.0
2026-07-20T10:45:28,600461.SH,洪城环境,9.38,2.74,0.25,9.18,9.39,9.17,9.13,68840.0,63966450.0,0.54,1.72,9.53,1.25,12045390897.0,12045390897.0
2026-07-20T10:45:28,300673.SZ,佩蒂股份,12.75,2.74,0.34,12.32,12.95,12.32,12.41,16585.0,21105009.3,1.03,1.85,97.7,1.86,3153149651.0,2045881244.0
2026-07-20T10:45:28,920808.BJ,曙光数创,70.86,2.73,1.88,70.01,72.88,70.0,68.98,17384.0,123697085.71,0.89,1.61,-74.44,20.12,14172000071.0,13787384604.0
2026-07-20T10:45:28,002595.SZ,豪迈科技,47.03,2.73,1.25,45.75,47.03,45.45,45.78,29989.0,139319576.87,0.26,1.77,26.47,4.65,54554800000.0,54177554499.0
2026-07-20T10:45:28,002545.SZ,东方铁塔,15.8,2.73,0.42,15.5,16.0,15.3,15.38,106333.0,166923085.8,0.94,1.99,12.23,2.0,19656180911.0,17856586586.0
2026-07-20T10:45:28,600887.SH,伊利股份,26.82,2.72,0.71,26.02,26.85,26.0,26.11,420527.0,1118430163.0,0.67,2.12,7.86,3.15,169646173089.0,168803195117.0
2026-07-20T10:45:28,000156.SZ,华数传媒,6.79,2.72,0.18,6.7,6.87,6.65,6.61,81011.0,54889420.0,0.48,2.37,27.93,0.83,12581411281.0,11542157205.0
2026-07-20T10:45:28,002599.SZ,盛通股份,6.04,2.72,0.16,5.82,6.11,5.82,5.88,128019.0,76697768.12,3.1,2.21,-103.22,2.56,3217385913.0,2496761359.0
2026-07-20T10:45:28,688092.SH,爱科科技,21.52,2.72,0.57,21.0,21.88,21.0,20.95,5843.0,12593164.0,0.71,2.12,75.4,2.73,1778923685.0,1778923685.0
2026-07-20T10:45:28,688321.SH,微芯生物,28.71,2.72,0.76,28.05,29.25,27.8,27.95,106408.0,304774970.0,2.61,1.36,112.45,5.22,12716844350.0,11708172015.0
2026-07-20T10:45:28,002986.SZ,宇新股份,11.76,2.71,0.31,11.48,11.99,11.48,11.45,32460.0,38212679.0,1.08,0.76,-18.72,1.18,4470227570.0,3549608318.0
2026-07-20T10:45:28,601033.SH,永兴股份,14.38,2.71,0.38,14.07,14.4,13.98,14.0,33545.0,47895490.0,1.4,2.27,13.63,1.23,12942000000.0,3451200000.0
2026-07-20T10:45:28,600165.SH,ST宁科,2.27,2.71,0.06,2.29,2.33,2.22,2.21,49787.0,11386347.0,0.68,1.63,-14.26,3.21,3668056169.0,1663713976.0
2026-07-20T10:45:28,000591.SZ,太阳能,4.54,2.71,0.12,4.4,4.56,4.39,4.42,565857.0,253423353.36,1.45,3.1,24.16,0.74,17728032507.0,17721417958.0
2026-07-20T10:45:28,002410.SZ,广联达,8.74,2.7,0.23,8.59,8.75,8.59,8.51,160848.0,139660146.2,1.02,1.63,105.54,2.53,14437993549.0,13722834991.0
2026-07-20T10:45:28,920158.BJ,长江能科,8.38,2.7,0.22,8.32,8.54,8.1,8.16,19934.0,16735582.24,3.73,2.05,-149.28,3.28,1672748560.0,447451441.0
2026-07-20T10:45:28,688567.SH,孚能科技,9.15,2.69,0.24,9.0,9.26,8.94,8.91,77366.0,70507636.0,0.63,1.93,-19.93,1.22,11182250548.0,11182250548.0
2026-07-20T10:45:28,920592.BJ,华信永道,20.31,2.68,0.53,20.58,20.96,19.99,19.78,13026.0,26827855.82,2.59,2.51,-56.69,4.94,1640946450.0,1021302790.0
2026-07-20T10:45:28,002930.SZ,宏川智慧,8.43,2.68,0.22,8.22,8.6,8.22,8.21,68396.0,57547268.34,1.58,1.78,52.48,1.97,3860983971.0,3653713917.0
2026-07-20T10:45:28,003007.SZ,直真科技,33.75,2.68,0.88,33.36,35.16,33.3,32.87,12436.0,42392075.6,1.71,1.62,-42.77,2.66,4035637418.0,2449833424.0
2026-07-20T10:45:28,000987.SZ,越秀资本,7.67,2.68,0.2,7.5,7.72,7.49,7.47,202547.0,154681781.01,0.4,1.54,7.42,1.18,38481405984.0,38452353373.0
2026-07-20T10:45:28,300665.SZ,飞鹿股份,8.42,2.68,0.22,8.3,8.86,8.3,8.2,149110.0,127890159.16,6.84,3.37,-80.79,4.29,1932732947.0,1835652191.0
2026-07-20T10:45:28,002405.SZ,四维图新,6.14,2.68,0.16,5.99,6.16,5.98,5.98,257330.0,157353130.61,1.09,1.48,-25.18,1.65,14552633898.0,14464353739.0
2026-07-20T10:45:28,000555.SZ,神州信息,9.59,2.68,0.25,9.49,9.71,9.44,9.34,111883.0,107250639.54,1.15,1.66,-25.3,1.65,9357676851.0,9346716919.0
2026-07-20T10:45:28,603151.SH,邦基科技,13.09,2.67,0.34,12.5,13.32,12.37,12.75,68193.0,88249115.0,3.98,2.79,138.67,1.65,2242078762.0,2242078762.0
2026-07-20T10:45:28,000937.SZ,冀中能源,4.61,2.67,0.12,4.46,4.62,4.46,4.49,137833.0,63141865.24,0.36,2.19,40.21,0.95,17918616076.0,17410741366.0
2026-07-20T10:45:28,300702.SZ,天宇股份,20.77,2.67,0.54,20.23,21.1,20.23,20.23,22843.0,47365818.82,1.09,1.43,42.83,1.97,7227485592.0,4370215513.0
2026-07-20T10:45:28,300546.SZ,雄帝科技,14.6,2.67,0.38,14.21,14.8,14.21,14.22,16599.0,24231759.0,1.23,1.79,-31.21,2.45,2739685489.0,1969992381.0
2026-07-20T10:45:28,300895.SZ,铜牛信息,46.71,2.66,1.21,47.5,48.44,46.01,45.5,33824.0,159821243.84,2.45,2.03,-109.51,8.79,6576798688.0,6454025984.0
2026-07-20T10:45:28,603338.SH,浙江鼎力,51.76,2.66,1.34,50.35,52.19,49.82,50.42,27777.0,142478418.0,0.55,1.48,14.47,2.33,26208566217.0,26208566217.0
2026-07-20T10:45:28,000738.SZ,航发控制,16.98,2.66,0.44,16.75,17.1,16.75,16.54,72237.0,122341340.55,0.55,1.58,44.1,1.79,22331824337.0,22331824337.0
2026-07-20T10:45:28,300850.SZ,新强联,22.79,2.66,0.59,22.41,23.26,22.38,22.2,68205.0,155982476.62,2.27,2.13,15.77,1.34,9437016180.0,6854894571.0
2026-07-20T10:45:28,601288.SH,农业银行,6.56,2.66,0.17,6.35,6.58,6.33,6.39,2767503.0,1789514754.0,0.09,2.05,7.63,0.83,2295888702207.0,2094242022697.0
2026-07-20T10:45:28,688209.SH,英集芯,22.47,2.65,0.58,22.5,23.16,21.79,21.89,114521.0,258172673.0,2.64,1.89,53.99,4.41,9747127581.0,9747127581.0
2026-07-20T10:45:28,600328.SH,中盐化工,6.2,2.65,0.16,6.05,6.22,6.05,6.04,106992.0,66026152.0,0.73,2.28,-14.72,0.77,9091119105.0,9091119105.0
2026-07-20T10:45:28,300836.SZ,佰奥智能,57.39,2.65,1.48,56.0,60.22,56.0,55.91,11513.0,66791015.04,1.81,2.06,188.45,8.55,5319227158.0,3641523881.0
2026-07-20T10:45:28,300925.SZ,法本信息,13.94,2.65,0.36,13.72,14.14,13.7,13.58,39244.0,54782108.52,1.12,1.43,66.47,2.69,5976202693.0,4872357158.0
2026-07-20T10:45:28,002041.SZ,登海种业,8.54,2.64,0.22,8.3,8.55,8.29,8.32,80877.0,68348310.36,0.92,1.6,55.69,2.03,7515200000.0,7515200000.0
2026-07-20T10:45:28,600900.SH,长江电力,28.73,2.64,0.74,27.75,28.76,27.75,27.99,995194.0,2828260517.0,0.41,1.83,25.99,3.37,702971894981.0,702971894981.0
2026-07-20T10:45:28,000525.SZ,红太阳,4.3,2.63,0.11,4.19,4.3,4.18,4.19,113164.0,48144618.02,1.02,1.57,437.62,2.26,5603366726.0,4780568022.0
2026-07-20T10:45:28,605507.SH,国邦医药,16.42,2.63,0.42,16.0,16.47,15.85,16.0,38804.0,62831434.0,0.5,1.45,19.99,1.53,12846234618.0,12846234618.0
2026-07-20T10:45:28,002467.SZ,二六三,4.3,2.63,0.11,4.19,4.4,4.19,4.19,298768.0,129123632.5,2.19,1.78,-121.29,3.78,5914099054.0,5877277432.0
2026-07-20T10:45:28,920522.BJ,纳科诺尔,18.76,2.63,0.48,18.68,19.83,18.32,18.28,33477.0,64209304.09,1.84,2.62,88.72,3.84,4116900910.0,3414774367.0
2026-07-20T10:45:28,600150.SH,XD中国船,32.82,2.63,0.84,32.28,32.96,32.1,31.98,469082.0,1530759500.0,0.62,1.1,12.78,1.68,246990890672.0,246990890672.0
2026-07-20T10:45:28,600566.SH,济川药业,26.94,2.63,0.69,26.4,26.96,26.01,26.25,48420.0,128523914.0,0.53,1.64,15.51,1.85,24831440144.0,24747659438.0
2026-07-20T10:45:28,603456.SH,九洲药业,14.84,2.63,0.38,14.3,15.04,14.24,14.46,158502.0,232864458.0,1.8,1.35,19.01,1.49,13084576816.0,13084576816.0
2026-07-20T10:45:28,000875.SZ,电投绿能,5.1,2.62,0.13,4.95,5.12,4.92,4.97,367279.0,185520849.98,1.1,2.47,16.87,1.06,18499080193.0,17046134772.0
2026-07-20T10:45:28,600337.SH,ST美克,3.53,2.62,0.09,3.44,3.55,3.31,3.44,156664.0,54030408.0,1.09,2.14,-5.99,12.93,5072603424.0,5072603424.0
2026-07-20T10:45:28,601688.SH,华泰证券,20.39,2.62,0.52,19.98,20.57,19.92,19.87,428768.0,871136006.0,0.59,1.8,9.59,1.03,184057752597.0,148984797781.0
2026-07-20T10:45:28,002195.SZ,岩山科技,5.87,2.62,0.15,5.85,5.99,5.8,5.72,817657.0,481487889.93,1.46,1.67,394.75,3.36,33262606213.0,32964942275.0
2026-07-20T10:45:28,300170.SZ,汉得信息,14.48,2.62,0.37,14.48,14.86,14.32,14.11,232783.0,339123760.12,2.34,1.47,96.51,2.62,15065277415.0,14386653362.0
2026-07-20T10:45:28,300070.SZ,碧水源,3.52,2.62,0.09,3.43,3.53,3.42,3.43,276963.0,96999957.18,0.81,1.53,52.72,0.47,12757216958.0,12090382906.0
2026-07-20T10:45:28,002798.SZ,帝欧水华,5.12,2.61,0.13,4.99,5.19,4.96,4.99,63667.0,32472149.43,1.23,1.63,-51.42,1.57,3008075331.0,2645755781.0
2026-07-20T10:45:28,603194.SH,中力股份,33.47,2.61,0.85,32.96,33.49,32.66,32.62,8121.0,26943464.0,0.51,1.61,18.42,2.5,13421470000.0,5289160778.0
2026-07-20T10:45:28,002629.SZ,仁智股份,4.33,2.61,0.11,4.23,4.48,4.23,4.22,113858.0,49714600.0,3.14,2.42,-116.24,29.26,1845004340.0,1568559777.0
2026-07-20T10:45:28,600345.SH,长江通信,47.6,2.61,1.21,47.56,48.4,44.4,46.39,73822.0,343846065.0,3.49,1.8,218.6,4.16,15689537483.0,10070222537.0
2026-07-20T10:45:28,002797.SZ,第一创业,6.71,2.6,0.17,6.59,6.87,6.56,6.54,460883.0,309480247.53,1.1,2.68,35.74,1.62,28198104000.0,28198104000.0
2026-07-20T10:45:28,689009.SH,九号公司-WD,40.58,2.6,1.03,40.0,41.1,39.0,39.55,75483.0,304338687.0,1.34,1.67,36.71,3.93,29860732049.0,22815349766.0
2026-07-20T10:45:28,002786.SZ,银宝山新,7.89,2.6,0.2,7.76,7.92,7.66,7.69,84242.0,65822051.0,1.7,1.86,68.03,19.63,3910378680.0,3898543680.0
2026-07-20T10:45:28,600640.SH,国脉文化,10.26,2.6,0.26,10.2,10.33,10.09,10.0,39481.0,40410585.0,0.5,1.65,256.65,2.04,8121316748.0,8121316748.0
2026-07-20T10:45:28,002667.SZ,*ST威领,9.08,2.6,0.23,8.85,9.24,8.81,8.85,108257.0,97988116.22,4.58,1.54,35.43,-118.97,2366170820.0,2148427880.0
2026-07-20T10:45:28,600570.SH,恒生电子,20.58,2.59,0.52,20.22,20.91,20.2,20.06,176100.0,361666003.0,0.93,2.06,70.21,4.06,38971274646.0,38971274646.0
2026-07-20T10:45:28,002893.SZ,京能热力,9.52,2.59,0.24,9.28,9.57,9.21,9.28,59875.0,56649872.8,2.95,2.93,3.3,1.81,2509852800.0,1930452443.0
2026-07-20T10:45:28,600096.SH,云天化,28.16,2.59,0.71,27.5,28.38,27.44,27.45,145562.0,407207487.0,0.8,1.57,9.01,2.15,51335418985.0,51335418985.0
2026-07-20T10:45:28,300839.SZ,博汇股份,10.7,2.59,0.27,10.6,11.19,10.6,10.43,54846.0,59702755.19,1.94,1.87,16.49,3.83,3083033169.0,3030040959.0
2026-07-20T10:45:28,603049.SH,中策橡胶,48.7,2.59,1.23,47.48,48.9,47.12,47.47,26708.0,128934090.0,0.53,3.53,8.73,1.75,42587448623.0,24592538759.0
2026-07-20T10:45:28,300678.SZ,中科信息,21.38,2.59,0.54,21.08,21.61,21.0,20.84,30422.0,65000767.09,1.04,1.69,341.28,7.52,6336738944.0,6225795495.0
2026-07-20T10:45:28,300347.SZ,泰格医药,50.29,2.59,1.27,48.36,51.32,47.95,49.02,147992.0,735532033.66,2.61,1.46,220.73,2.08,43301000055.0,28488023023.0
2026-07-20T10:45:28,603057.SH,紫燕食品,20.65,2.58,0.52,20.22,20.97,20.08,20.13,18823.0,38862149.0,0.46,2.61,25.73,4.09,8572124750.0,8507800000.0
2026-07-20T10:45:28,601330.SH,绿色动力,7.15,2.58,0.18,7.02,7.17,6.96,6.97,94437.0,67066370.0,0.95,2.42,12.38,1.29,10228681306.0,7072029293.0
2026-07-20T10:45:28,301139.SZ,*ST元道,2.78,2.58,0.07,2.8,2.96,2.72,2.71,59729.0,16863878.95,7.84,1.49,107.3,0.17,337994624.0,211744671.0
2026-07-20T10:45:28,300386.SZ,飞天诚信,9.56,2.58,0.24,9.44,9.74,9.32,9.32,37768.0,36289419.0,1.51,1.8,-35.81,2.78,3996500640.0,2397243163.0
2026-07-20T10:45:28,002835.SZ,同为股份,11.52,2.58,0.29,11.18,11.65,11.18,11.23,15905.0,18248506.0,1.25,1.93,22.78,2.08,2528570085.0,1466347668.0
2026-07-20T10:45:28,600151.SH,航天机电,8.79,2.57,0.22,8.75,8.94,8.69,8.57,194695.0,171791942.0,1.36,1.51,-188.92,2.86,12607077603.0,12607077603.0
2026-07-20T10:45:28,688004.SH,博汇科技,17.57,2.57,0.44,17.01,17.79,17.01,17.13,10834.0,18972825.0,1.35,2.23,-44.7,2.45,1407146160.0,1407146160.0
2026-07-20T10:45:28,002204.SZ,大连重工,5.19,2.57,0.13,5.09,5.21,5.06,5.06,113489.0,58654829.5,0.59,1.72,12.02,1.28,10023810466.0,10023810466.0
2026-07-20T10:45:28,002550.SZ,千红制药,6.82,2.56,0.17,6.56,6.84,6.5,6.65,160239.0,107834362.4,1.7,1.16,25.65,3.28,8728236000.0,6419258028.0
2026-07-20T10:45:28,688789.SH,宏华数科,47.28,2.56,1.18,46.35,47.48,46.05,46.1,5933.0,27812234.0,0.33,1.34,51.27,2.43,8522508739.0,8522508739.0
2026-07-20T10:45:28,002243.SZ,力合科创,6.82,2.56,0.17,6.72,6.91,6.66,6.65,130208.0,88475592.76,1.08,1.43,-96.09,1.14,8256320774.0,8212250418.0
2026-07-20T10:45:28,002163.SZ,海南发展,7.61,2.56,0.19,7.41,7.75,7.41,7.42,164016.0,124954243.89,2.04,1.46,-408.4,10.82,6430129368.0,6115006939.0
2026-07-20T10:45:28,002506.SZ,协鑫集成,2.4,2.56,0.06,2.35,2.46,2.35,2.34,1587507.0,383336059.4,2.72,2.3,-18.79,14.91,14040759425.0,14026649765.0
2026-07-20T10:45:28,603918.SH,金桥信息,9.63,2.56,0.24,9.39,9.92,9.38,9.39,82569.0,79777562.0,2.26,2.42,-28.86,3.59,3515985475.0,3515985475.0
2026-07-20T10:45:28,300598.SZ,诚迈科技,27.38,2.55,0.68,27.1,27.7,26.8,26.7,31499.0,86285469.35,1.45,1.11,-43.52,4.21,5940960069.0,5939296296.0
2026-07-20T10:45:28,301333.SZ,诺思格,53.86,2.55,1.34,51.76,55.28,51.25,52.52,21726.0,116546028.62,2.25,1.28,56.97,2.63,5201866448.0,5195253410.0
2026-07-20T10:45:28,002616.SZ,长青集团,4.82,2.55,0.12,4.69,4.84,4.66,4.7,73763.0,35391593.0,1.26,2.4,10.41,1.18,4141422894.0,2831654892.0
2026-07-20T10:45:28,920571.BJ,国航远洋,8.45,2.55,0.21,8.32,8.48,8.22,8.24,78354.0,65298108.89,2.65,1.33,40.09,3.4,4693192978.0,2501911929.0
2026-07-20T10:45:28,600598.SH,北大荒,11.65,2.55,0.29,11.3,11.67,11.3,11.36,144332.0,166580069.0,0.81,1.7,8.91,2.72,20709970940.0,20709970940.0
2026-07-20T10:45:28,600600.SH,青岛啤酒,53.85,2.55,1.34,52.53,53.91,52.53,52.51,48570.0,259696996.0,0.68,2.14,10.2,2.51,73461907266.0,38186432031.0
2026-07-20T10:45:28,300355.SZ,蒙草生态,2.82,2.55,0.07,2.78,2.84,2.77,2.75,116657.0,32871581.97,0.85,1.6,-90.49,1.07,4523962668.0,3852940039.0
2026-07-20T10:45:28,688008.SH,澜起科技,188.26,2.54,4.66,195.0,198.0,183.01,183.6,401881.0,7662376779.0,3.51,1.66,67.79,11.02,229778487833.0,215513368723.0
2026-07-20T10:45:28,002408.SZ,齐翔腾达,4.84,2.54,0.12,4.73,4.88,4.73,4.72,226880.0,109234944.78,0.82,1.28,-37.54,1.26,13759522396.0,13315271341.0
2026-07-20T10:45:28,601789.SH,宁波建工,4.06,2.53,0.1,3.98,4.09,3.97,3.96,201556.0,81581051.0,1.85,1.88,8.36,1.0,6189031021.0,4412402275.0
2026-07-20T10:45:28,000768.SZ,中航西飞,20.27,2.53,0.5,19.93,20.43,19.9,19.77,143150.0,289507002.06,0.52,2.12,57.23,2.55,56362967436.0,56277911962.0
2026-07-20T10:45:28,688095.SH,福昕软件,53.1,2.53,1.31,53.72,54.98,52.88,51.79,17468.0,94366907.0,1.91,2.28,107.65,1.87,4851190724.0,4851190724.0
2026-07-20T10:45:28,603706.SH,东方环宇,19.52,2.52,0.48,19.0,19.68,19.0,19.04,7669.0,14916915.0,0.4,1.74,9.0,2.21,3696750577.0,3696750577.0
2026-07-20T10:45:28,002315.SZ,焦点科技,24.79,2.52,0.61,24.44,24.98,24.23,24.18,57283.0,141002669.83,2.18,1.69,26.1,3.85,10223560333.0,6517619889.0
2026-07-20T10:45:28,300184.SZ,力源信息,11.81,2.52,0.29,12.56,12.68,11.61,11.52,647142.0,787600028.66,6.15,1.94,24.71,3.22,13570387132.0,12424483228.0
2026-07-20T10:45:28,600582.SH,天地科技,4.9,2.51,0.12,4.79,4.91,4.79,4.78,120895.0,58862471.0,0.29,1.82,11.71,0.82,20279085571.0,20279085571.0
2026-07-20T10:45:28,001896.SZ,豫能控股,14.31,2.51,0.35,13.2,14.88,12.56,13.96,1185053.0,1640950258.52,7.77,3.15,186.43,6.13,21833930832.0,21833930832.0
2026-07-20T10:45:28,300542.SZ,新晨科技,11.07,2.5,0.27,10.79,11.25,10.79,10.8,22797.0,25310699.65,0.92,1.47,-47.58,6.2,3305058082.0,2740732563.0
2026-07-20T10:45:28,000061.SZ,农 产 品,5.75,2.5,0.14,5.6,5.77,5.57,5.61,106550.0,60760767.91,0.59,1.69,21.13,1.34,11413526889.0,10317293931.0
2026-07-20T10:45:28,300579.SZ,数字认证,20.9,2.5,0.51,20.31,21.27,20.28,20.39,22344.0,46652431.32,0.86,1.65,-134.18,7.13,5643000000.0,5443891531.0
2026-07-20T10:45:28,300268.SZ,佳沃食品,10.65,2.5,0.26,10.68,10.88,10.34,10.39,16026.0,17129622.0,1.2,2.36,-59.17,-1.8,1855230000.0,1423984875.0
2026-07-20T10:45:28,002872.SZ,ST天圣,4.92,2.5,0.12,4.82,5.01,4.82,4.8,16600.0,8167026.5,0.77,2.14,-39.97,0.81,1564560000.0,1057397219.0
2026-07-20T10:45:28,920207.BJ,众诚科技,23.87,2.49,0.58,23.08,25.25,23.08,23.29,32013.0,76560784.9,5.68,2.09,-169.26,7.84,2200694650.0,1344226351.0
2026-07-20T10:45:28,600100.SH,同方股份,6.58,2.49,0.16,6.48,6.65,6.46,6.42,188445.0,124047678.0,0.56,1.92,-30.04,1.4,22044958952.0,22044958952.0
2026-07-20T10:45:28,600066.SH,宇通客车,30.5,2.49,0.74,29.7,30.5,29.61,29.76,64529.0,195076272.0,0.29,0.96,25.61,5.72,67525146302.0,67525146302.0
2026-07-20T10:45:28,601916.SH,浙商银行,2.88,2.49,0.07,2.82,2.89,2.81,2.81,891445.0,255031121.0,0.41,1.68,3.3,0.44,79098151573.0,62047975573.0
2026-07-20T10:45:28,000932.SZ,华菱钢铁,3.71,2.49,0.09,3.63,3.72,3.6,3.62,708009.0,260318271.65,1.03,2.16,32.14,0.46,25423179984.0,25423179984.0
2026-07-20T10:45:28,920799.BJ,艾融软件,31.64,2.49,0.77,31.2,32.4,31.0,30.87,23212.0,73698076.3,1.93,1.71,412.95,17.04,6617360456.0,3799012300.0
2026-07-20T10:45:28,001221.SZ,悍高集团,36.7,2.49,0.89,35.57,36.86,35.4,35.81,15164.0,54804104.03,4.21,1.44,28.55,5.1,14680367000.0,1321530300.0
2026-07-20T10:45:28,600693.SH,东百集团,7.85,2.48,0.19,7.5,7.9,7.46,7.66,316123.0,243821242.0,3.64,1.78,37.92,1.91,6828293031.0,6821279339.0
2026-07-20T10:45:28,600827.SH,百联股份,7.84,2.48,0.19,7.7,7.84,7.68,7.65,83107.0,64716824.0,0.52,1.58,4.42,0.69,13987878037.0,12578887373.0
2026-07-20T10:45:28,920786.BJ,骑士乳业,6.21,2.48,0.15,6.0,6.28,5.85,6.06,57691.0,34782400.28,4.18,3.2,26.05,1.73,1298219130.0,857299536.0
2026-07-20T10:45:28,600623.SH,华谊集团,7.89,2.47,0.19,7.82,7.95,7.75,7.7,93371.0,73170145.0,0.5,1.52,24.9,0.74,16722782522.0,14801914043.0
2026-07-20T10:45:28,603299.SH,苏盐井神,9.54,2.47,0.23,9.39,9.58,9.33,9.31,30415.0,28822402.0,0.39,1.71,20.83,1.14,9108409809.0,7446028995.0
2026-07-20T10:45:28,600489.SH,中金黄金,19.53,2.47,0.47,19.09,19.63,19.0,19.06,410750.0,793145316.0,0.85,1.58,9.94,2.89,94668014375.0,94668014375.0
2026-07-20T10:45:28,002025.SZ,航天电器,66.36,2.47,1.6,67.18,69.01,65.69,64.76,120554.0,812264979.33,2.66,1.54,144.21,4.57,30128752070.0,30118899402.0
2026-07-20T10:45:28,600941.SH,中国移动,95.7,2.46,2.3,93.4,95.98,93.4,93.4,105764.0,1007224617.0,1.17,2.98,17.68,1.46,2075129738111.0,86394884872.0
2026-07-20T10:45:28,601869.SH,长飞光纤,370.48,2.46,8.91,370.7,379.5,346.22,361.57,104992.0,3820826823.0,2.58,2.14,154.87,21.55,306722284412.0,150540218571.0
2026-07-20T10:45:28,300496.SZ,中科创达,57.53,2.46,1.38,58.5,58.99,56.6,56.15,106928.0,618104204.39,2.89,1.9,64.86,2.56,26562582117.0,21261183757.0
2026-07-20T10:45:28,688759.SH,必贝特-U,34.15,2.46,0.82,36.0,36.99,33.19,33.33,36487.0,125999570.0,6.84,1.46,-72.86,9.45,15368751837.0,1822563132.0
2026-07-20T10:45:28,000404.SZ,长虹华意,7.49,2.46,0.18,7.39,7.58,7.39,7.31,71151.0,53302083.8,1.03,1.87,11.3,1.24,5213009883.0,5188534570.0
2026-07-20T10:45:28,920072.BJ,科莱瑞迪,27.09,2.46,0.65,25.9,27.5,25.81,26.44,16540.0,44366811.52,11.43,1.09,35.28,2.88,2075094000.0,391856850.0
2026-07-20T10:45:28,600120.SH,浙江东方,4.99,2.46,0.12,4.88,4.99,4.86,4.87,352927.0,174674477.0,1.03,1.57,27.88,1.05,17042753645.0,17042753645.0
2026-07-20T10:45:28,600909.SH,华安证券,8.37,2.45,0.2,8.45,8.73,8.3,8.17,1197377.0,1015784641.0,2.38,1.39,24.26,1.63,42052631657.0,42052631657.0
2026-07-20T10:45:28,688137.SH,近岸蛋白,37.65,2.45,0.9,36.1,38.56,35.98,36.75,6290.0,23722552.0,0.9,1.28,-62.06,1.3,2632392105.0,2632392105.0
2026-07-20T10:45:28,301038.SZ,深水规院,15.04,2.45,0.36,14.77,15.35,14.7,14.68,24211.0,36684905.6,1.09,1.23,-24.33,3.82,3355123200.0,3355123200.0
2026-07-20T10:45:28,002541.SZ,鸿路钢构,20.9,2.45,0.5,20.48,20.96,20.23,20.4,53327.0,110234430.18,1.07,1.11,24.43,1.49,14421398981.0,10370163442.0
2026-07-20T10:45:28,002773.SZ,康弘药业,22.58,2.45,0.54,22.0,22.71,21.76,22.04,52886.0,118011045.2,0.77,1.09,16.91,2.32,20803549073.0,15507341317.0
2026-07-20T10:45:28,688425.SH,铁建重工,4.18,2.45,0.1,4.09,4.19,4.08,4.08,143844.0,59862923.0,0.27,2.26,22.44,1.18,22294017460.0,22294017460.0
2026-07-20T10:45:28,601975.SH,招商南油,3.36,2.44,0.08,3.31,3.4,3.3,3.28,1071364.0,360173634.0,2.29,1.82,9.1,1.33,15725958118.0,15725958118.0
2026-07-20T10:45:28,601700.SH,风范股份,4.62,2.44,0.11,4.52,4.76,4.52,4.51,136819.0,63663757.0,1.2,1.66,46.31,2.45,5261058726.0,5261058726.0
2026-07-20T10:45:28,000659.SZ,珠海中富,2.52,2.44,0.06,2.48,2.58,2.47,2.46,199226.0,50500720.99,1.55,1.58,-150.2,35.23,3239970350.0,3239970350.0
2026-07-20T10:45:28,301091.SZ,深城交,15.11,2.44,0.36,14.76,15.3,14.75,14.75,32739.0,49533498.9,0.62,1.81,-37.68,3.42,7967200800.0,7967200800.0
2026-07-20T10:45:28,000571.SZ,新大洲A,6.3,2.44,0.15,6.2,6.49,6.16,6.15,202526.0,128558894.0,2.49,2.47,-40.01,350.6,5286512700.0,5128150545.0
2026-07-20T10:45:28,300875.SZ,捷强装备,28.25,2.43,0.67,27.56,28.85,27.1,27.58,15561.0,44112765.6,1.77,2.08,-93.41,3.32,2820331716.0,2480114649.0
2026-07-20T10:45:28,600149.SH,廊坊发展,4.64,2.43,0.11,4.53,4.75,4.48,4.53,81484.0,37974454.0,2.14,2.4,56.93,6.91,1763942400.0,1763942400.0
2026-07-20T10:45:28,301518.SZ,长华化学,23.2,2.43,0.55,22.85,23.82,22.85,22.65,10499.0,24501149.0,1.96,1.85,66.86,2.08,3374892748.0,1239998890.0
2026-07-20T10:45:28,920339.BJ,恒太照明,10.95,2.43,0.26,10.74,11.37,10.74,10.69,8934.0,9923079.2,0.59,1.86,-289.47,4.17,2411231610.0,1655389628.0
2026-07-20T10:45:28,600970.SH,中材国际,7.59,2.43,0.18,7.45,7.6,7.43,7.41,110267.0,83165708.0,0.42,1.8,10.94,0.9,19899560093.0,19899560093.0
2026-07-20T10:45:28,600571.SH,信雅达,9.7,2.43,0.23,9.47,9.84,9.47,9.47,46927.0,45591142.0,1.03,1.81,-13.89,3.98,4523287597.0,4440191519.0
2026-07-20T10:45:28,300634.SZ,彩讯股份,18.16,2.43,0.43,18.19,18.56,18.0,17.73,53095.0,97074365.39,1.22,1.56,80.92,2.75,8193989944.0,7886406760.0
2026-07-20T10:45:28,000561.SZ,烽火电子,7.16,2.43,0.17,7.0,7.19,6.99,6.99,64672.0,45985044.92,0.83,1.18,-29.07,2.13,6186370584.0,5557931098.0
2026-07-20T10:45:28,920184.BJ,国源科技,11.43,2.42,0.27,11.24,11.68,11.21,11.16,14973.0,17150534.93,1.68,2.49,238.46,2.44,1505644388.0,1021474548.0
2026-07-20T10:45:28,600750.SH,华润江中,25.82,2.42,0.61,25.44,25.9,25.25,25.21,28170.0,72226350.0,0.45,1.37,14.24,4.37,16410889622.0,16236268962.0
2026-07-20T10:45:28,000902.SZ,新洋丰,13.54,2.42,0.32,12.8,13.54,12.71,13.22,134930.0,177599586.9,1.18,2.29,8.52,1.41,16989099511.0,15473285435.0
2026-07-20T10:45:28,000069.SZ,华侨城Ａ,1.69,2.42,0.04,1.66,1.7,1.65,1.65,278971.0,46945979.35,0.4,1.66,-2.48,0.4,13583811110.0,11658637010.0
2026-07-20T10:45:28,600248.SH,陕建股份,2.96,2.42,0.07,2.91,2.97,2.9,2.89,105923.0,31200079.0,0.29,1.5,15.4,0.4,10993230687.0,10968988287.0
2026-07-20T10:45:28,603087.SH,甘李药业,65.82,2.41,1.55,64.03,66.44,63.88,64.27,67370.0,442012977.0,1.2,1.06,51.06,3.5,39314613060.0,36935370853.0
2026-07-20T10:45:28,688372.SH,伟测科技,123.64,2.41,2.91,129.03,131.19,120.97,120.73,65245.0,825212008.0,3.88,1.55,73.32,5.06,20782444954.0,20782444954.0
2026-07-20T10:45:28,603993.SH,洛阳钼业,17.83,2.41,0.42,17.7,18.19,17.58,17.41,1303017.0,2329036612.0,0.75,1.69,12.29,4.61,381460550438.0,311326815998.0
2026-07-20T10:45:28,002109.SZ,ST兴化,2.55,2.41,0.06,2.52,2.64,2.51,2.49,45022.0,11635876.0,0.35,2.23,-117.85,0.83,3254488120.0,3254488120.0
2026-07-20T10:45:28,002093.SZ,国脉科技,6.38,2.41,0.15,6.27,6.45,6.26,6.23,73640.0,46974681.0,0.73,1.32,-85.81,1.7,6427850000.0,6427850000.0
2026-07-20T10:45:28,600408.SH,安泰集团,2.55,2.41,0.06,2.47,2.65,2.47,2.49,389955.0,100562592.0,3.87,2.05,-12.85,2.22,2567340000.0,2567340000.0
2026-07-20T10:45:28,300492.SZ,华图山鼎,22.2,2.4,0.52,21.78,22.66,21.55,21.68,26554.0,59040670.04,0.96,2.05,12.59,25.91,6111792334.0,6111792334.0
2026-07-20T10:45:28,001236.SZ,弘业期货,7.24,2.4,0.17,7.08,7.33,7.08,7.07,97475.0,70512684.5,1.29,2.9,145.82,3.9,7296311113.0,5488483113.0
2026-07-20T10:45:28,688069.SH,德林海,32.48,2.4,0.76,31.08,33.78,31.08,31.72,19817.0,64856339.0,1.27,1.73,-178.32,4.09,5087441009.0,5087441009.0
2026-07-20T10:45:28,688362.SH,甬矽电子,74.56,2.4,1.75,75.9,79.5,73.02,72.81,225766.0,1718335069.0,4.98,1.75,317.37,8.91,33777461238.0,33777461238.0
2026-07-20T10:45:28,300927.SZ,江天化学,21.4,2.39,0.5,20.9,21.88,20.5,20.9,35687.0,76224406.86,2.53,3.54,59.93,3.17,3089304000.0,3014172816.0
2026-07-20T10:45:28,002100.SZ,天康生物,7.28,2.39,0.17,7.04,7.29,6.96,7.11,179012.0,127790209.0,1.31,1.58,-15.22,1.47,9939031029.0,9939031029.0
2026-07-20T10:45:28,920765.BJ,美之高,11.13,2.39,0.26,11.0,11.32,10.6,10.87,13707.0,15038294.65,2.6,3.69,46.44,3.23,967420457.0,587743068.0
2026-07-20T10:45:28,301197.SZ,工大科雅,21.39,2.39,0.5,20.87,22.98,20.87,20.89,28919.0,63787844.0,2.66,2.06,-90.64,1.96,2578350600.0,2326146458.0
2026-07-20T10:45:28,000581.SZ,威孚高科,17.12,2.39,0.4,16.74,17.19,16.74,16.72,59785.0,102070105.64,0.75,2.1,11.05,0.85,16551371064.0,13591658719.0
2026-07-20T10:45:28,688271.SH,XD联影医,112.82,2.39,2.63,109.09,114.44,107.89,110.19,52644.0,588003444.0,0.64,2.05,58.28,4.26,92981504206.0,92981504206.0
2026-07-20T10:45:28,300049.SZ,福瑞医科,41.18,2.39,0.96,40.2,41.75,39.93,40.22,42813.0,175259519.0,1.83,1.34,85.48,5.6,10871153498.0,9619245136.0
2026-07-20T10:45:28,002268.SZ,电科网安,14.16,2.39,0.33,13.83,14.35,13.83,13.83,76409.0,107918033.0,0.9,1.35,-19.21,2.19,11974206935.0,11968803479.0
2026-07-20T10:45:28,301072.SZ,中捷精工,38.21,2.38,0.89,38.39,39.68,37.38,37.32,18117.0,69963151.0,2.7,1.88,-94.07,5.62,4013807087.0,2565416458.0
2026-07-20T10:45:28,000065.SZ,北方国际,9.04,2.38,0.21,8.87,9.07,8.86,8.83,64848.0,58353424.8,0.67,1.49,23.76,0.95,10499437117.0,8813659084.0
2026-07-20T10:45:28,300624.SZ,万兴科技,46.8,2.38,1.09,46.99,47.71,45.91,45.71,51103.0,239857151.66,2.98,1.67,-47.14,9.27,9048139963.0,8013714509.0
2026-07-20T10:45:28,601198.SH,东兴证券,13.78,2.38,0.32,13.5,13.79,13.48,13.46,131611.0,180038711.0,0.41,1.2,31.53,1.46,44543099266.0,44543099266.0
2026-07-20T10:45:28,000623.SZ,吉林敖东,18.49,2.38,0.43,18.1,18.6,18.1,18.06,113588.0,209063368.32,0.95,1.82,6.38,0.71,22112105706.0,22025174915.0
2026-07-20T10:45:28,301133.SZ,金钟股份,25.82,2.38,0.6,25.88,28.8,25.3,25.22,42662.0,116606857.2,3.84,3.51,116.85,2.28,3136268232.0,2869530720.0
2026-07-20T10:45:28,601068.SH,中铝国际,4.31,2.38,0.1,4.29,4.36,4.24,4.21,75232.0,32418260.0,0.29,1.72,42.52,4.18,12877574311.0,11031835775.0
2026-07-20T10:45:28,600416.SH,湘电股份,8.62,2.38,0.2,8.48,8.75,8.44,8.42,97086.0,83713139.0,0.66,1.27,62.54,1.31,12721244150.0,12721244150.0
2026-07-20T10:45:28,000998.SZ,隆平高科,8.18,2.38,0.19,7.95,8.18,7.94,7.99,99402.0,80240190.93,0.76,1.67,-22.97,1.79,12020085139.0,10751878937.0
2026-07-20T10:45:28,600000.SH,浦发银行,9.08,2.37,0.21,8.85,9.08,8.8,8.87,495148.0,444050626.0,0.15,1.9,4.23,0.41,302417011764.0,302417011764.0
2026-07-20T10:45:28,300443.SZ,金雷股份,18.98,2.37,0.44,18.54,19.07,18.47,18.54,30536.0,57630189.0,1.26,1.9,22.28,0.96,6076154670.0,4607851374.0
2026-07-20T10:45:28,300080.SZ,易成新能,3.45,2.37,0.08,3.37,3.5,3.37,3.37,86149.0,29709092.24,0.46,1.7,-13.33,1.5,6463162504.0,6454366343.0
2026-07-20T10:45:28,603508.SH,思维列控,22.47,2.37,0.52,22.13,22.49,22.06,21.95,29656.0,66280937.0,0.78,2.27,13.33,2.16,8567235251.0,8567235251.0
2026-07-20T10:45:28,002558.SZ,巨人网络,29.81,2.37,0.69,29.31,29.95,28.12,29.12,717071.0,2092501709.02,3.77,1.56,13.11,3.55,56655752356.0,56655752356.0
2026-07-20T10:45:28,600377.SH,宁沪高速,12.09,2.37,0.28,11.85,12.1,11.81,11.81,78638.0,94204820.0,0.21,1.7,11.15,1.49,60906367275.0,45968392482.0
2026-07-20T10:45:28,301168.SZ,通灵股份,39.96,2.36,0.92,39.4,40.41,39.16,39.04,9470.0,37794486.66,0.99,1.71,460.03,2.26,4795200000.0,3808720907.0
2026-07-20T10:45:28,600618.SH,氯碱化工,9.99,2.36,0.23,9.82,10.12,9.79,9.76,47674.0,47635888.0,0.64,2.03,14.03,1.25,11552435760.0,7490901360.0
2026-07-20T10:45:28,603318.SH,水发燃气,8.67,2.36,0.2,8.16,8.8,8.1,8.47,440745.0,377114638.0,9.6,2.25,228.2,2.56,4809016800.0,3980144911.0
2026-07-20T10:45:28,002955.SZ,鸿合科技,29.01,2.36,0.67,29.16,31.17,28.27,28.34,111505.0,335201508.08,5.7,5.18,-47.02,2.14,6864923847.0,5675715177.0
2026-07-20T10:45:28,002136.SZ,安 纳 达,11.69,2.36,0.27,11.69,12.18,11.57,11.42,62285.0,73953112.0,2.9,2.68,84.77,2.31,2513583800.0,2506987834.0
2026-07-20T10:45:28,001227.SZ,兰州银行,2.17,2.36,0.05,2.13,2.17,2.12,2.12,484699.0,104340970.33,1.15,2.02,5.81,0.4,12359662855.0,9151975067.0
2026-07-20T10:45:28,600718.SH,东软集团,7.81,2.36,0.18,7.64,7.84,7.64,7.63,72058.0,55999866.0,0.6,1.22,-15.84,1.06,9344187434.0,9344187434.0
2026-07-20T10:45:28,600050.SH,中国联通,4.36,2.35,0.1,4.26,4.37,4.26,4.26,1378706.0,597636272.0,0.44,2.56,15.95,0.81,136312894426.0,135118183903.0
2026-07-20T10:45:28,300034.SZ,钢研高纳,15.26,2.35,0.35,15.15,15.45,15.12,14.91,66022.0,100953759.84,0.86,1.53,45.11,3.18,12161633451.0,11705285654.0
2026-07-20T10:45:28,688116.SH,天奈科技,31.38,2.35,0.72,31.14,31.74,30.5,30.66,39089.0,121955316.0,1.07,1.21,50.99,3.08,11501775760.0,11501775760.0
2026-07-20T10:45:28,001391.SZ,国货航,4.36,2.35,0.1,4.25,4.37,4.24,4.26,128660.0,55738420.77,0.85,1.62,28.19,2.03,53230722141.0,6624383527.0
2026-07-20T10:45:28,301632.SZ,广东建科,14.8,2.35,0.34,14.5,14.98,14.46,14.46,13619.0,20140233.0,1.86,1.76,443.41,2.28,6194688000.0,1084277600.0
2026-07-20T10:45:28,603383.SH,顶点软件,26.09,2.35,0.6,25.74,26.45,25.68,25.49,17513.0,45849485.0,0.85,1.56,28.84,3.76,5358269206.0,5358269206.0
2026-07-20T10:45:28,600654.SH,中安科,2.61,2.35,0.06,2.55,2.65,2.55,2.55,311507.0,81469289.0,1.34,1.59,65.44,4.41,7426519215.0,6048497058.0
2026-07-20T10:45:28,300073.SZ,当升科技,39.18,2.35,0.9,39.04,40.17,38.86,38.28,102728.0,406672715.52,2.03,2.57,19.26,1.44,21325425912.0,19823956004.0
2026-07-20T10:45:28,601088.SH,中国神华,44.98,2.34,1.03,43.9,45.13,43.73,43.95,230080.0,1026247476.0,0.14,1.78,22.86,2.13,975590754994.0,741766887216.0
2026-07-20T10:45:28,600025.SH,华能水电,10.07,2.34,0.23,9.8,10.07,9.78,9.84,263079.0,262687054.0,0.14,1.78,30.39,2.79,187615119168.0,187615119168.0
2026-07-20T10:45:28,001316.SZ,润贝航科,25.38,2.34,0.58,25.15,26.22,25.1,24.8,22845.0,58687355.8,1.52,2.22,16.87,3.11,4090281103.0,3812094121.0
2026-07-20T10:45:28,600873.SH,梅花生物,8.73,2.34,0.2,8.57,8.73,8.45,8.53,127022.0,109606828.0,0.45,1.46,51.9,1.61,24481029605.0,24481029605.0
2026-07-20T10:45:28,300446.SZ,航天智造,13.55,2.34,0.31,13.46,13.69,13.46,13.24,41694.0,56603209.4,1.12,1.15,20.83,1.98,11455307004.0,5061740317.0
2026-07-20T10:45:28,002218.SZ,拓日新能,3.51,2.33,0.08,3.45,3.57,3.43,3.43,240090.0,84400873.06,1.73,2.27,-30.66,1.26,4943133523.0,4870749250.0
2026-07-20T10:45:28,002004.SZ,华邦健康,4.39,2.33,0.1,4.3,4.4,4.28,4.29,164285.0,71572867.77,0.87,1.75,14.03,0.88,8691845248.0,8267785463.0
2026-07-20T10:45:28,301263.SZ,泰恩康,19.75,2.33,0.45,19.29,20.1,19.11,19.3,36964.0,72405322.82,1.01,1.42,88.2,6.02,10084290750.0,7194989504.0
2026-07-20T10:45:28,603355.SH,莱克电气,24.56,2.33,0.56,23.85,24.58,23.76,24.0,14946.0,36132793.0,0.26,1.32,202.83,2.49,14082627422.0,14082627422.0
2026-07-20T10:45:28,300166.SZ,东方国信,13.2,2.33,0.3,13.3,13.72,13.05,12.9,410591.0,549670999.62,4.53,1.99,-139.06,2.64,15031443874.0,11956020305.0
2026-07-20T10:45:28,688189.SH,ST南新,7.47,2.33,0.17,7.54,7.74,7.31,7.3,31481.0,23756630.0,1.15,0.71,-38.47,2.66,2038035723.0,2038035723.0
2026-07-20T10:45:28,920925.BJ,锦好医疗,11.91,2.32,0.27,11.6,12.0,11.05,11.64,18665.0,21470488.7,3.38,1.79,-43.84,3.23,1174095458.0,658564081.0
2026-07-20T10:45:28,600506.SH,统一股份,13.68,2.32,0.31,13.42,13.96,13.33,13.37,39454.0,54115272.0,1.58,2.16,13.54,6.83,3414864720.0,3414864720.0
2026-07-20T10:45:28,605499.SH,东鹏饮料,127.32,2.32,2.89,124.25,127.85,123.01,124.43,30456.0,383976800.0,0.45,1.2,18.59,4.91,93478256149.0,86070471708.0
2026-07-20T10:45:28,301057.SZ,汇隆新材,19.83,2.32,0.45,19.8,20.3,19.43,19.38,15040.0,29939368.0,1.86,2.08,35.52,3.04,2319503956.0,1606572821.0
2026-07-20T10:45:28,002839.SZ,张家港行,4.42,2.31,0.1,4.32,4.42,4.3,4.32,184501.0,80988014.0,0.76,1.82,4.69,0.57,10804004785.0,10793728652.0
2026-07-20T10:45:28,601166.SH,兴业银行,18.16,2.31,0.41,17.69,18.17,17.66,17.75,664881.0,1193305746.0,0.31,1.99,4.03,0.47,384317528756.0,384317528756.0
2026-07-20T10:45:28,002948.SZ,青岛银行,5.76,2.31,0.13,5.61,5.77,5.59,5.63,244669.0,139324988.5,0.69,1.62,5.5,0.81,33525243210.0,20287841795.0
2026-07-20T10:45:28,002142.SZ,宁波银行,32.37,2.31,0.73,31.53,32.39,31.4,31.64,216289.0,691174208.62,0.33,1.46,6.53,0.94,213758233937.0,213623942104.0
2026-07-20T10:45:28,601717.SH,中创智领,15.07,2.31,0.34,14.86,15.17,14.83,14.73,114635.0,172441992.0,0.74,2.01,7.54,1.18,26905976945.0,23240437551.0
2026-07-20T10:45:28,000099.SZ,中信海直,13.72,2.31,0.31,13.41,13.76,13.4,13.41,41960.0,57339216.1,0.54,1.6,28.57,1.93,10643566280.0,10643566280.0
2026-07-20T10:45:28,000966.SZ,长源电力,4.44,2.3,0.1,4.3,4.51,4.15,4.34,964502.0,418368847.49,2.77,3.93,36.92,1.15,15455795471.0,15455795471.0
2026-07-20T10:45:28,600192.SH,长城电工,6.23,2.3,0.14,6.03,6.32,6.02,6.09,45507.0,28313478.0,1.03,1.7,-12.13,3.62,2752090040.0,2752090040.0
2026-07-20T10:45:28,601618.SH,中国中冶,2.67,2.3,0.06,2.61,2.68,2.61,2.61,693438.0,184307750.0,0.39,2.06,8.46,0.54,55246623184.0,47666493184.0
2026-07-20T10:45:28,600089.SH,特变电工,19.09,2.3,0.43,18.66,19.3,18.66,18.66,678548.0,1295924911.0,1.34,2.21,13.29,1.38,96457810180.0,96457810180.0
2026-07-20T10:45:28,601633.SH,长城汽车,16.02,2.3,0.36,15.7,16.08,15.7,15.66,84850.0,135277057.0,0.14,1.49,36.23,1.59,137025735069.0,99647022122.0
2026-07-20T10:45:28,601136.SH,首创证券,14.26,2.3,0.32,13.96,14.34,13.94,13.94,83820.0,118936533.0,0.31,2.22,49.55,2.79,38977339988.0,38977339988.0
2026-07-20T10:45:28,603376.SH,大明电子,24.14,2.29,0.54,23.66,24.32,23.66,23.6,5711.0,13751047.0,1.78,1.63,178.42,5.7,9656024140.0,772499312.0
2026-07-20T10:45:28,603353.SH,和顺石油,29.08,2.29,0.65,29.13,30.58,28.46,28.43,40711.0,120716317.0,2.39,3.06,56.14,3.12,4955755440.0,4955755440.0
2026-07-20T10:45:28,002493.SZ,荣盛石化,11.59,2.29,0.26,11.34,11.66,11.22,11.33,439350.0,504292355.49,0.47,2.0,10.28,2.55,115777635724.0,108228199474.0
2026-07-20T10:45:28,300380.SZ,安硕信息,28.16,2.29,0.63,27.28,28.61,27.27,27.53,17515.0,49333818.92,1.38,2.18,109.02,9.78,3898443648.0,3586613691.0
2026-07-20T10:45:28,002865.SZ,钧达股份,42.47,2.29,0.95,43.5,44.22,41.71,41.52,76654.0,329603643.83,3.43,1.97,233.34,3.28,13219469228.0,9493249364.0
2026-07-20T10:45:28,300333.SZ,兆日科技,7.16,2.29,0.16,6.97,7.32,6.97,7.0,48297.0,34789224.0,1.44,1.89,-135.39,4.27,2405760000.0,2397025280.0
2026-07-20T10:45:28,002936.SZ,郑州银行,1.79,2.29,0.04,1.75,1.8,1.74,1.75,788602.0,140573509.1,1.12,2.25,3.8,0.35,16274843531.0,12582439645.0
2026-07-20T10:45:28,600470.SH,六国化工,5.39,2.28,0.12,5.28,5.53,5.18,5.27,169596.0,91330752.0,3.25,1.28,-7.78,1.84,2811424000.0,2811424000.0
2026-07-20T10:45:28,603899.SH,晨光股份,22.4,2.28,0.5,21.88,22.46,21.81,21.9,20256.0,45102888.0,0.22,1.62,15.21,2.35,20513816445.0,20513816445.0
2026-07-20T10:45:28,603235.SH,天新药业,24.7,2.28,0.55,24.15,24.7,24.03,24.15,3237.0,7928116.0,0.07,1.71,18.39,2.24,10813166000.0,10813166000.0
2026-07-20T10:45:28,300133.SZ,华策影视,7.18,2.28,0.16,7.19,7.4,7.1,7.02,452654.0,326932775.54,2.72,1.84,41.41,1.83,13461155222.0,11948188135.0
2026-07-20T10:45:28,601985.SH,中国核电,8.99,2.28,0.2,8.79,9.0,8.77,8.79,757667.0,675153662.0,0.4,2.39,22.39,1.58,184906338645.0,169760730954.0
2026-07-20T10:45:28,300300.SZ,海峡创新,6.73,2.28,0.15,6.65,6.92,6.65,6.58,199293.0,135330702.71,2.99,1.76,-99.68,16.87,4487880727.0,4487595039.0
2026-07-20T10:45:28,002160.SZ,常铝股份,3.6,2.27,0.08,3.55,3.64,3.55,3.52,84067.0,30303215.4,0.82,1.54,73.14,0.99,3718012201.0,3710626160.0
2026-07-20T10:45:28,603927.SH,中科软,13.05,2.27,0.29,12.94,13.15,12.85,12.76,68684.0,89478693.0,0.83,1.65,-171.14,3.65,10845072000.0,10845072000.0
2026-07-20T10:45:28,300662.SZ,科锐国际,17.6,2.27,0.39,17.32,17.83,17.23,17.21,28758.0,50400103.0,1.47,1.86,9.43,1.5,3463791918.0,3453739590.0
2026-07-20T10:45:28,600055.SH,万东医疗,10.79,2.27,0.24,10.56,10.85,10.55,10.55,39574.0,42388127.0,0.56,1.67,-119.02,1.71,7586028816.0,7586028816.0
2026-07-20T10:45:28,000564.SZ,供销大集,1.36,2.26,0.03,1.33,1.37,1.33,1.33,1223072.0,165099233.13,0.81,1.36,-44.99,1.7,24558966161.0,20529036154.0
2026-07-20T10:45:28,002507.SZ,涪陵榨菜,11.76,2.26,0.26,11.49,11.77,11.48,11.5,103073.0,120332634.42,0.9,2.59,12.45,1.55,13570087769.0,13533162604.0
2026-07-20T10:45:28,300531.SZ,优博讯,16.77,2.26,0.37,16.1,17.08,16.1,16.4,144633.0,242630698.91,4.64,2.92,31.16,3.81,5384494243.0,5225671828.0
2026-07-20T10:45:28,600666.SH,奥瑞德,3.18,2.25,0.07,3.18,3.38,3.15,3.11,738834.0,240749975.0,2.95,2.44,-225.64,7.98,8749189313.0,7956752622.0
2026-07-20T10:45:28,600185.SH,珠免集团,4.54,2.25,0.1,4.44,4.55,4.42,4.44,120963.0,54539179.0,0.64,1.42,54.82,99.13,8557926309.0,8557926309.0
2026-07-20T10:45:28,688616.SH,西力科技,10.0,2.25,0.22,9.94,10.2,9.88,9.78,13670.0,13765609.0,0.76,2.36,24.04,2.09,1793782650.0,1793782650.0
2026-07-20T10:45:28,603558.SH,健盛集团,11.85,2.24,0.26,11.61,11.88,11.59,11.59,16485.0,19356306.0,0.48,1.47,11.11,1.82,4060260881.0,4060260881.0
2026-07-20T10:45:28,000828.SZ,东莞控股,10.05,2.24,0.22,9.88,10.08,9.88,9.83,44754.0,44875554.0,0.43,2.34,9.18,1.03,10447145770.0,10447145770.0
2026-07-20T10:45:28,002793.SZ,罗欣药业,4.56,2.24,0.1,4.44,4.61,4.39,4.46,225468.0,102100532.2,2.08,1.26,51.34,4.51,4959403496.0,4951857303.0
2026-07-20T10:45:28,920433.BJ,大唐药业,5.01,2.24,0.11,4.84,5.12,4.75,4.9,43537.0,21521574.03,2.57,1.26,134.14,3.38,1282157602.0,848275144.0
2026-07-20T10:45:28,002831.SZ,裕同科技,25.56,2.24,0.56,25.35,25.7,24.87,25.0,71295.0,180783793.11,1.0,1.75,33.49,2.84,32929741101.0,18255513477.0
2026-07-20T10:45:28,603395.SH,红四方,22.79,2.24,0.5,22.42,22.87,22.1,22.29,25673.0,57968434.0,3.95,2.31,71.28,4.2,5925400000.0,1481350000.0
2026-07-20T10:45:28,601216.SH,君正集团,4.56,2.24,0.1,4.46,4.57,4.45,4.46,321696.0,145862907.0,0.38,1.65,13.41,1.44,38477359298.0,38477359298.0
2026-07-20T10:45:28,300945.SZ,曼卡龙,10.56,2.23,0.23,10.33,10.7,10.33,10.33,39690.0,41935916.0,1.66,1.79,12.11,1.62,2767476402.0,2520712096.0
2026-07-20T10:45:28,600971.SH,恒源煤电,7.81,2.23,0.17,7.84,7.9,7.64,7.64,132643.0,103372718.0,1.11,2.08,76.76,0.81,9372038144.0,9372038144.0
2026-07-20T10:45:28,002010.SZ,传化智联,4.58,2.23,0.1,4.5,4.6,4.49,4.48,128766.0,58816941.0,0.47,1.9,11.92,0.71,12659261559.0,12628548527.0
2026-07-20T10:45:28,603000.SH,人民网,15.59,2.23,0.34,15.67,15.87,15.43,15.25,94213.0,147590885.0,0.85,1.59,-129.57,4.66,17237723563.0,17237723563.0
2026-07-20T10:45:28,002867.SZ,周大生,12.37,2.23,0.27,12.1,12.4,12.06,12.1,55421.0,68253214.0,0.51,1.61,11.44,2.21,13427312056.0,13348427465.0
2026-07-20T10:45:28,000582.SZ,北部湾港,11.06,2.22,0.24,10.83,11.08,10.83,10.82,122356.0,134484637.04,0.57,1.46,30.35,1.38,27838954349.0,23854741346.0
2026-07-20T10:45:28,000761.SZ,本钢板材,2.3,2.22,0.05,2.25,2.34,2.25,2.25,84768.0,19527555.75,0.23,1.65,-2.21,1.59,9449297235.0,8529297235.0
2026-07-20T10:45:28,601865.SH,福莱特,9.2,2.22,0.2,9.08,9.29,9.02,9.0,104544.0,95938135.0,0.55,1.85,141.26,0.99,21554500775.0,17489434775.0
2026-07-20T10:45:28,300633.SZ,开立医疗,19.31,2.22,0.42,18.89,19.47,18.8,18.89,36877.0,70747935.0,1.42,1.43,-176.66,2.57,8203612222.0,5022846043.0
2026-07-20T10:45:28,002683.SZ,广东宏大,26.27,2.22,0.57,25.89,26.68,25.7,25.7,41571.0,109094221.0,0.62,1.4,48.22,2.98,19962180605.0,17510508004.0
2026-07-20T10:45:28,600777.SH,新潮能源,4.15,2.22,0.09,4.18,4.23,4.08,4.06,166910.0,69807845.0,0.26,1.13,49.43,1.27,28222057674.0,26419532423.0
2026-07-20T10:45:28,300999.SZ,金龙鱼,25.76,2.22,0.56,25.28,25.85,25.2,25.2,64548.0,165722973.71,1.19,1.75,23.56,1.45,139660197967.0,13978589219.0
2026-07-20T10:45:28,301155.SZ,海力风电,38.65,2.22,0.84,37.79,39.12,37.4,37.81,17230.0,66201967.0,1.4,1.66,156.83,1.46,8402180625.0,4763934957.0
2026-07-20T10:45:28,605169.SH,洪通燃气,9.68,2.22,0.21,9.46,9.78,9.46,9.47,17628.0,17072849.0,0.62,1.74,156.02,1.4,2738278400.0,2738278400.0
2026-07-20T10:45:28,600316.SH,洪都航空,26.37,2.21,0.57,26.03,26.74,25.9,25.8,38987.0,102949796.0,0.54,1.29,817.45,3.52,18910309681.0,18910309681.0
2026-07-20T10:45:28,002690.SZ,美亚光电,14.79,2.21,0.32,14.58,14.84,14.48,14.47,43549.0,64059209.02,1.0,1.95,28.13,5.42,13048165431.0,6415118352.0
2026-07-20T10:45:28,603868.SH,飞科电器,30.95,2.21,0.67,30.34,31.05,30.28,30.28,6976.0,21449226.0,0.16,2.32,17.87,4.09,13481820000.0,13481820000.0
2026-07-20T10:45:28,002755.SZ,奥赛康,13.39,2.21,0.29,12.63,13.47,12.63,13.1,99739.0,131077274.0,1.07,1.66,36.78,3.9,12428067100.0,12427934539.0
2026-07-20T10:45:28,002216.SZ,三全食品,12.94,2.21,0.28,12.82,13.0,12.63,12.66,46360.0,59609905.1,0.74,1.98,10.57,2.6,11376641581.0,8158700914.0
2026-07-20T10:45:28,002096.SZ,易普力,9.24,2.21,0.2,9.03,9.25,9.02,9.04,40713.0,37386027.0,0.33,1.78,26.67,1.47,11461672715.0,11461653228.0
2026-07-20T10:45:28,000778.SZ,新兴铸管,3.72,2.2,0.08,3.65,3.73,3.64,3.64,277572.0,102784976.58,0.71,1.83,18.69,0.56,14743038100.0,14483895851.0
2026-07-20T10:45:28,601328.SH,交通银行,6.98,2.2,0.15,6.81,6.98,6.79,6.83,1489689.0,1030959619.0,0.57,2.25,5.89,0.54,616779213877.0,181985628192.0
2026-07-20T10:45:28,002318.SZ,久立特材,18.57,2.2,0.4,18.04,19.02,18.04,18.17,95415.0,177203308.2,1.0,1.99,11.49,2.23,18146060270.0,17728571926.0
2026-07-20T10:45:28,002563.SZ,森马服饰,5.58,2.2,0.12,5.46,5.59,5.42,5.46,112925.0,62433021.95,0.51,1.81,12.07,1.33,15033023093.0,12315577768.0
2026-07-20T10:45:28,002229.SZ,鸿博股份,9.3,2.2,0.2,9.22,9.58,9.2,9.1,124944.0,117167089.64,2.53,1.51,-36.4,4.31,4614580838.0,4586352316.0
2026-07-20T10:45:28,000928.SZ,中钢国际,5.1,2.2,0.11,5.04,5.12,5.02,4.99,102930.0,52252531.78,0.72,1.78,9.91,0.88,7316687567.0,7316598062.0
2026-07-20T10:45:28,600908.SH,无锡银行,5.57,2.2,0.12,5.46,5.57,5.45,5.45,133559.0,73788644.0,0.67,1.87,4.82,0.53,12224377041.0,11136171544.0
2026-07-20T10:45:28,688016.SH,心脉医疗,91.64,2.19,1.96,89.23,92.41,89.21,89.68,10330.0,94018524.0,0.84,1.53,18.24,2.76,11295740402.0,11295740402.0
2026-07-20T10:45:28,000917.SZ,电广传媒,6.53,2.19,0.14,6.39,6.6,6.39,6.39,140452.0,91779782.26,0.99,1.41,-24.98,0.9,9256642887.0,9256009640.0
2026-07-20T10:45:28,002207.SZ,*ST准油,5.6,2.19,0.12,5.58,5.75,5.56,5.48,66933.0,37865757.0,2.57,1.5,-23.36,125.31,1467510117.0,1460546640.0
2026-07-20T10:45:28,603530.SH,神马电力,43.81,2.19,0.94,42.88,44.79,42.5,42.87,19025.0,83322975.0,0.45,1.9,48.08,10.77,18899825756.0,18727231749.0
2026-07-20T10:45:28,300394.SZ,天孚通信,215.99,2.19,4.62,225.0,227.71,209.0,211.37,280185.0,6111089267.67,2.57,2.1,119.67,43.1,235607311837.0,235080934920.0
2026-07-20T10:45:28,002091.SZ,江苏国泰,7.51,2.18,0.16,7.38,7.51,7.36,7.35,59441.0,44343645.04,0.37,1.65,14.43,0.79,12224235282.0,12033814253.0
2026-07-20T10:45:28,601998.SH,中信银行,7.49,2.18,0.16,7.31,7.5,7.29,7.33,358355.0,265815787.0,0.09,1.71,5.18,0.57,416782265357.0,305314864660.0
2026-07-20T10:45:28,000166.SZ,申万宏源,4.68,2.18,0.1,4.59,4.7,4.59,4.58,633624.0,295253684.44,0.28,1.89,12.43,1.02,117186940541.0,105466174239.0
2026-07-20T10:45:28,002153.SZ,石基信息,7.49,2.18,0.16,7.39,7.54,7.35,7.33,126548.0,94471255.89,0.79,1.75,216.15,3.07,20441661869.0,11982230892.0
2026-07-20T10:45:28,603997.SH,继峰股份,12.2,2.18,0.26,11.95,12.21,11.89,11.94,75287.0,91099719.0,0.59,1.34,29.48,2.94,15521631341.0,15521631341.0
2026-07-20T10:45:28,300781.SZ,因赛集团,24.83,2.18,0.53,24.91,26.09,24.66,24.3,41459.0,104593669.25,3.42,2.45,87.87,7.41,4076473692.0,3007843653.0
2026-07-20T10:45:28,000567.SZ,海德股份,5.63,2.18,0.12,5.61,5.66,5.52,5.51,162803.0,91150018.18,0.84,1.16,6.55,1.83,11004353833.0,10970279260.0
2026-07-20T10:45:28,300072.SZ,海新能科,3.28,2.18,0.07,3.25,3.32,3.23,3.21,115870.0,38017589.06,0.5,1.28,-40.34,1.47,7707082591.0,7646864966.0
2026-07-20T10:45:28,301195.SZ,北路智控,25.27,2.18,0.54,24.99,25.4,24.88,24.73,6233.0,15685375.0,0.71,1.11,31.4,1.4,3337404857.0,2215921954.0
2026-07-20T10:45:28,600967.SH,内蒙一机,10.38,2.17,0.22,10.22,10.49,10.22,10.16,79421.0,82440835.0,0.47,1.68,31.93,1.5,17664628643.0,17664628643.0
2026-07-20T10:45:28,000036.SZ,华联控股,4.24,2.17,0.09,4.19,4.41,4.16,4.15,202846.0,86806535.6,1.45,1.14,57.15,1.16,5952191394.0,5948640419.0
2026-07-20T10:45:28,603123.SH,翠微股份,8.01,2.17,0.17,7.85,8.1,7.84,7.84,80581.0,64522602.0,1.24,1.93,-52.66,3.93,6397880687.0,5224730351.0
2026-07-20T10:45:28,600211.SH,西藏药业,39.13,2.17,0.83,38.48,39.46,38.31,38.3,32245.0,125862211.0,1.0,1.4,10.56,3.48,12612350139.0,12612350139.0
2026-07-20T10:45:28,001289.SZ,龙源电力,16.56,2.16,0.35,16.5,16.73,16.1,16.21,67205.0,110806947.25,0.13,2.65,21.31,1.82,138438555676.0,83494429756.0
2026-07-20T10:45:28,600880.SH,博瑞传播,3.78,2.16,0.08,3.71,3.94,3.69,3.7,161630.0,61351432.0,1.48,1.89,147.85,1.38,4132795308.0,4131654062.0
2026-07-20T10:45:28,300002.SZ,神州泰岳,8.04,2.16,0.17,7.87,8.05,7.87,7.87,217432.0,173448499.71,1.17,1.02,23.11,2.05,15816077883.0,14882434386.0
2026-07-20T10:45:28,601728.SH,中国电信,6.14,2.16,0.13,6.01,6.14,5.92,6.01,1024341.0,621444542.0,0.13,2.55,19.11,1.22,561853831612.0,476646534212.0
2026-07-20T10:45:28,002825.SZ,纳尔股份,8.04,2.16,0.17,7.88,8.2,7.88,7.87,21615.0,17422857.6,0.84,2.01,39.66,1.7,2749202641.0,2063281997.0
2026-07-20T10:45:28,603406.SH,天富龙,26.48,2.16,0.56,25.82,26.75,25.8,25.92,6648.0,17581216.0,1.81,2.02,24.01,2.26,10592264800.0,970824139.0
2026-07-20T10:45:28,000957.SZ,中通客车,9.93,2.16,0.21,9.68,10.07,9.68,9.72,83866.0,83301010.34,1.41,2.69,14.79,1.84,5887536084.0,5887536084.0
2026-07-20T10:45:28,000628.SZ,高新发展,35.51,2.16,0.75,34.14,36.0,33.42,34.76,101346.0,353488389.75,5.27,2.36,1747.2,5.78,12509462800.0,6826392153.0
2026-07-20T10:45:28,600728.SH,佳都科技,4.25,2.16,0.09,4.2,4.3,4.2,4.16,199637.0,84979304.0,0.94,1.64,183.84,1.15,9063546859.0,9063546859.0
2026-07-20T10:45:28,000975.SZ,山金国际,18.95,2.16,0.4,18.6,19.14,18.36,18.55,185078.0,347123324.78,0.73,1.04,9.42,3.24,52539394912.0,47815347157.0
2026-07-20T10:45:28,002714.SZ,牧原股份,40.69,2.16,0.86,39.28,40.83,38.42,39.83,495719.0,1963538000.89,1.51,1.9,-48.34,2.8,234903210292.0,133483514523.0
2026-07-20T10:45:28,000783.SZ,长江证券,8.52,2.16,0.18,8.41,8.67,8.4,8.34,731735.0,625561912.81,1.32,1.35,7.93,1.34,47116221517.0,47116221517.0
2026-07-20T10:45:28,600690.SH,海尔智家,21.4,2.15,0.45,20.95,21.45,20.94,20.95,235582.0,500499907.0,0.38,1.49,10.79,1.6,200681274510.0,133814807995.0
2026-07-20T10:45:28,300021.SZ,大禹节水,3.8,2.15,0.08,3.71,3.82,3.71,3.72,59172.0,22387531.0,0.68,1.19,99.34,1.49,3884996382.0,3318878793.0
2026-07-20T10:45:28,300003.SZ,乐普医疗,12.85,2.15,0.27,12.62,12.96,12.51,12.58,176795.0,225896745.56,1.12,1.21,23.99,1.47,23688007601.0,20289019894.0
2026-07-20T10:45:28,300541.SZ,先进数通,9.98,2.15,0.21,9.85,10.21,9.85,9.77,70123.0,70419851.9,1.81,2.11,-102.49,2.5,4291844030.0,3872420708.0
2026-07-20T10:45:28,300168.SZ,万达信息,4.75,2.15,0.1,4.66,4.84,4.66,4.65,122915.0,58484385.0,0.85,1.66,-43.14,6.65,6842985736.0,6836117089.0
2026-07-20T10:45:28,601117.SH,中国化学,7.6,2.15,0.16,7.48,7.62,7.48,7.44,415324.0,314152638.0,0.68,1.81,7.4,0.67,46410662831.0,46269311951.0
2026-07-20T10:45:28,300941.SZ,创识科技,13.78,2.15,0.29,13.6,14.05,13.53,13.49,21335.0,29421420.0,1.72,2.11,3102.5,2.21,2821455000.0,1705669962.0
2026-07-20T10:45:28,601022.SH,宁波远洋,8.12,2.14,0.17,7.96,8.15,7.93,7.95,36148.0,29172007.0,0.28,2.11,19.03,1.71,10626102672.0,10626102672.0
2026-07-20T10:45:28,601800.SH,中国交建,6.2,2.14,0.13,6.09,6.2,6.08,6.07,253590.0,156333175.0,0.22,2.05,6.13,0.35,100525474930.0,72681813090.0
2026-07-20T10:45:28,601890.SH,亚星锚链,8.1,2.14,0.17,7.96,8.14,7.96,7.93,73296.0,59222786.0,0.76,1.38,23.02,2.03,7771140000.0,7771140000.0
2026-07-20T10:45:28,601992.SH,金隅集团,1.43,2.14,0.03,1.4,1.44,1.4,1.4,303017.0,43131689.0,0.36,1.75,-2.28,0.4,15269212722.0,11917846318.0
2026-07-20T10:45:28,300192.SZ,科德教育,10.5,2.14,0.22,10.65,10.75,10.41,10.28,53051.0,56311366.56,1.16,1.41,49.39,4.85,4838406930.0,4782117690.0
2026-07-20T10:45:28,300844.SZ,山水比德,21.5,2.14,0.45,21.68,22.18,20.65,21.05,15329.0,33136206.0,1.71,3.14,-12.8,2.62,2004033920.0,1931793920.0
2026-07-20T10:45:28,600651.SH,飞乐音响,5.25,2.14,0.11,5.14,5.31,5.14,5.14,110153.0,57827345.0,0.44,1.69,521.51,5.22,13161897079.0,13161897079.0
2026-07-20T10:45:28,601225.SH,陕西煤业,24.82,2.14,0.52,24.3,25.17,24.11,24.3,327855.0,814050398.0,0.34,2.0,14.29,2.58,240629900000.0,240629900000.0
2026-07-20T10:45:28,600717.SH,天津港,4.32,2.13,0.09,4.26,4.34,4.24,4.23,128212.0,55013943.0,0.44,1.48,8.85,0.62,12502084484.0,12502084484.0
2026-07-20T10:45:28,002423.SZ,中粮资本,9.13,2.13,0.19,8.97,9.17,8.96,8.94,117615.0,106879660.05,0.51,2.15,19.48,0.89,21036483900.0,21036483900.0
2026-07-20T10:45:28,600039.SH,四川路桥,8.65,2.13,0.18,8.49,8.66,8.43,8.47,102029.0,87358984.0,0.12,2.2,12.57,1.54,75216859079.0,75216859079.0
2026-07-20T10:45:28,603284.SH,林平发展,37.39,2.13,0.78,36.65,37.82,36.6,36.61,6521.0,24300415.0,3.53,2.63,15.0,1.3,2819759372.0,690720538.0
2026-07-20T10:45:28,601006.SH,大秦铁路,4.81,2.12,0.1,4.71,4.81,4.71,4.71,756873.0,361619533.0,0.38,1.75,10.02,0.58,95540514262.0,95540514262.0
2026-07-20T10:45:28,300450.SZ,先导智能,31.72,2.12,0.66,31.61,32.77,31.35,31.06,295725.0,951457038.28,1.9,2.43,32.75,3.05,53106303886.0,49464623594.0
2026-07-20T10:45:28,002279.SZ,久其软件,5.78,2.12,0.12,5.7,5.89,5.68,5.66,144987.0,83899329.0,1.82,1.31,-14.54,3.57,4983555714.0,4597985867.0
2026-07-20T10:45:28,601928.SH,凤凰传媒,9.62,2.12,0.2,9.42,9.67,9.42,9.42,81067.0,77760000.0,0.32,2.68,14.47,1.2,24481938000.0,24481938000.0
2026-07-20T10:45:28,600446.SH,金证股份,10.12,2.12,0.21,9.98,10.25,9.98,9.91,106033.0,107606326.0,1.13,1.82,-48.65,2.69,9525626887.0,9525626887.0
2026-07-20T10:45:28,601866.SH,中远海发,2.42,2.11,0.05,2.37,2.42,2.36,2.37,441614.0,105901432.0,0.45,1.93,19.26,1.02,31837761322.0,23499235082.0
2026-07-20T10:45:28,301335.SZ,天元宠物,21.34,2.11,0.44,20.91,21.39,20.7,20.9,12832.0,27001132.66,1.45,1.98,51.29,1.41,2727207186.0,1886284149.0
2026-07-20T10:45:28,000885.SZ,城发环境,12.61,2.11,0.26,12.37,12.61,12.36,12.35,33155.0,41490324.0,0.52,1.95,6.44,0.85,8096606796.0,8096606796.0
2026-07-20T10:45:28,601880.SH,辽港股份,1.46,2.1,0.03,1.43,1.47,1.43,1.43,788611.0,114539733.0,0.43,2.42,23.95,0.86,34414780131.0,26883054772.0
2026-07-20T10:45:28,688335.SH,复洁科技,18.92,2.1,0.39,18.83,19.62,18.61,18.53,17907.0,34285934.0,1.21,2.17,-44.99,2.54,2800814481.0,2800814481.0
2026-07-20T10:45:28,600191.SH,华资实业,8.76,2.1,0.18,8.54,8.89,8.5,8.58,39805.0,34713702.0,0.82,1.72,51.79,2.49,4248004320.0,4248004320.0
2026-07-20T10:45:28,001376.SZ,百通能源,9.74,2.1,0.2,9.56,9.84,9.52,9.54,72126.0,70022878.0,3.37,2.53,26.35,3.64,4489166000.0,2084764824.0
2026-07-20T10:45:28,688091.SH,上海谊众,40.38,2.1,0.83,38.51,40.93,38.51,39.55,21953.0,87983214.0,1.07,1.16,114.86,5.76,8346692983.0,8321229799.0
2026-07-20T10:45:28,600060.SH,海信视像,26.29,2.1,0.54,25.72,26.62,25.4,25.75,59494.0,155020557.0,0.46,1.68,14.52,1.57,34307720558.0,34181435675.0
2026-07-20T10:45:28,603599.SH,广信股份,10.19,2.1,0.21,10.0,10.22,9.96,9.98,63978.0,64823695.0,0.7,1.84,14.74,0.93,9275644626.0,9275644626.0
2026-07-20T10:45:28,600285.SH,羚锐制药,22.87,2.1,0.47,22.25,22.95,22.24,22.4,76055.0,172300613.0,1.34,1.46,13.16,4.29,12969931165.0,12955637415.0
2026-07-20T10:45:28,000816.SZ,智慧农业,2.43,2.1,0.05,2.37,2.46,2.36,2.38,139158.0,33771009.2,0.97,1.65,-69.6,1.8,3516242363.0,3498007045.0
2026-07-20T10:45:28,600893.SH,航发动力,33.01,2.1,0.68,32.78,33.86,32.68,32.33,192775.0,641446236.0,0.72,1.5,8595.33,2.2,87991265796.0,87975768262.0
2026-07-20T10:45:28,601801.SH,皖新传媒,5.35,2.1,0.11,5.26,5.37,5.24,5.24,71842.0,38286816.0,0.37,1.72,7.83,0.89,10474932118.0,10474932118.0
2026-07-20T10:45:28,603042.SH,华脉科技,11.21,2.09,0.23,11.3,11.57,11.03,10.98,75957.0,85801198.0,3.64,1.66,-266.98,2.81,2340275738.0,2340275738.0
2026-07-20T10:45:28,600152.SH,维科技术,7.33,2.09,0.15,7.45,7.87,7.25,7.18,249458.0,187509127.0,4.71,4.12,-38.48,2.37,3878151819.0,3878151819.0
2026-07-20T10:45:28,000407.SZ,胜利股份,3.91,2.09,0.08,3.85,3.94,3.83,3.83,99735.0,38976137.0,1.14,1.99,23.9,1.13,3441131005.0,3424279319.0
2026-07-20T10:45:28,601139.SH,深圳燃气,6.34,2.09,0.13,6.2,6.34,6.19,6.21,160168.0,100971942.0,0.56,1.71,11.72,1.08,18238559845.0,18238559845.0
2026-07-20T10:45:28,601908.SH,京运通,2.93,2.09,0.06,2.87,2.95,2.86,2.87,211925.0,61901415.0,0.88,1.76,-11.81,0.96,7074786383.0,7074786383.0
2026-07-20T10:45:28,300365.SZ,恒华科技,4.41,2.08,0.09,4.36,4.52,4.36,4.32,79056.0,35188763.0,1.54,2.15,-50.81,1.65,2645362618.0,2256705561.0
2026-07-20T10:45:28,600757.SH,长江传媒,7.85,2.08,0.16,7.76,7.89,7.74,7.69,56321.0,44104291.0,0.46,1.59,7.12,0.97,9527154643.0,9525952259.0
2026-07-20T10:45:28,601528.SH,瑞丰银行,4.91,2.08,0.1,4.84,4.93,4.82,4.81,131750.0,64378608.0,0.71,1.97,5.71,0.49,9634212449.0,9111835050.0
2026-07-20T10:45:28,300614.SZ,百川畅银,9.32,2.08,0.19,9.21,9.68,9.15,9.13,19361.0,18264681.0,1.21,1.95,-18.41,2.07,1495307585.0,1495307585.0
2026-07-20T10:45:28,603150.SH,万朗磁塑,51.61,2.08,1.05,52.55,54.84,50.81,50.56,15733.0,83190559.0,1.84,2.2,41.06,2.56,4411777630.0,4411777630.0
2026-07-20T10:45:28,601008.SH,连云港,4.42,2.08,0.09,4.3,4.43,4.3,4.33,64969.0,28565338.0,0.52,2.32,44.48,1.32,5483619987.0,5483619987.0
2026-07-20T10:45:28,002736.SZ,国信证券,10.31,2.08,0.21,10.11,10.35,10.1,10.1,185450.0,190359069.0,0.19,1.62,12.54,1.09,105592370949.0,99104146877.0
2026-07-20T10:45:28,300036.SZ,超图软件,10.81,2.08,0.22,10.61,10.94,10.61,10.59,55514.0,60093455.2,1.25,1.52,-31.71,2.03,5326807130.0,4811019179.0
2026-07-20T10:45:28,002785.SZ,万里石,37.72,2.08,0.77,37.27,38.29,36.85,36.95,31997.0,120695016.6,1.65,1.34,3556.86,10.75,8548094895.0,7298632268.0
2026-07-20T10:45:28,301275.SZ,汉朔科技,42.28,2.08,0.86,41.01,42.35,40.61,41.42,27766.0,115685158.66,0.92,1.8,24.71,4.34,17859072000.0,12720328371.0
2026-07-20T10:45:28,002065.SZ,东华软件,6.87,2.08,0.14,6.76,6.91,6.74,6.73,190657.0,130445147.31,0.66,1.28,88.85,1.8,22021663916.0,19977421729.0
2026-07-20T10:45:28,600872.SH,中炬高新,18.78,2.07,0.38,18.4,18.99,18.35,18.4,86388.0,162030458.0,1.12,1.4,13.83,2.6,14541232719.0,14479153701.0
2026-07-20T10:45:28,600390.SH,五矿资本,4.93,2.07,0.1,4.87,4.96,4.84,4.83,284652.0,140109147.0,0.63,1.83,19.5,0.52,22175462713.0,22175462713.0
2026-07-20T10:45:28,605333.SH,沪光股份,16.27,2.07,0.33,15.96,16.47,15.95,15.94,18909.0,30733836.0,0.41,1.99,62.37,2.25,7549937406.0,7549937406.0
2026-07-20T10:45:28,000572.SZ,海马汽车,3.45,2.07,0.07,3.39,3.52,3.36,3.38,290832.0,100582426.0,1.77,1.44,-44.61,3.6,5673995670.0,5665773081.0
2026-07-20T10:45:28,000400.SZ,许继电气,21.25,2.07,0.43,20.8,21.33,20.6,20.82,166367.0,351424128.36,1.64,3.12,48.73,1.8,21645722791.0,21498651754.0
2026-07-20T10:45:28,002557.SZ,洽洽食品,19.7,2.07,0.4,19.3,19.78,19.3,19.3,44338.0,86793730.04,0.88,1.68,14.81,2.01,9965348543.0,9934096463.0
2026-07-20T10:45:28,002400.SZ,省广集团,5.91,2.07,0.12,5.83,5.98,5.81,5.79,329461.0,194571410.7,1.91,1.49,168.26,2.06,10303122426.0,10201632892.0
2026-07-20T10:45:28,000981.SZ,山子高科,2.47,2.07,0.05,2.44,2.52,2.42,2.42,1270541.0,314751002.32,1.34,1.89,24.59,7.97,24693753093.0,23497989550.0
2026-07-20T10:45:28,000035.SZ,中国天楹,4.45,2.06,0.09,4.39,4.47,4.38,4.36,229710.0,101841887.0,0.99,2.27,24.0,0.99,10626745822.0,10292964579.0
2026-07-20T10:45:28,603105.SH,芯能科技,6.93,2.06,0.14,6.72,6.98,6.72,6.79,64487.0,44464564.0,1.29,2.35,378.51,1.69,3465078829.0,3465078829.0
2026-07-20T10:45:28,603888.SH,新华网,17.3,2.06,0.35,17.14,17.6,17.12,16.95,45613.0,79031093.0,0.68,1.61,74.12,3.15,11672970306.0,11672970306.0
2026-07-20T10:45:28,000753.SZ,漳州发展,4.45,2.06,0.09,4.39,4.51,4.37,4.36,95776.0,42708772.8,0.97,1.71,56.17,1.61,4412090766.0,4412090766.0
2026-07-20T10:45:28,002239.SZ,奥特佳,2.48,2.06,0.05,2.44,2.49,2.43,2.43,281235.0,69433617.97,1.05,1.49,52.59,1.4,8717321307.0,6652266762.0
2026-07-20T10:45:28,000898.SZ,鞍钢股份,1.98,2.06,0.04,1.93,1.98,1.92,1.94,242676.0,47435213.42,0.3,1.87,-3.18,0.44,18551058091.0,15755800516.0
2026-07-20T10:45:28,600167.SH,联美控股,5.94,2.06,0.12,5.82,5.95,5.82,5.82,60685.0,35875477.0,0.27,1.82,6.31,1.15,13441272350.0,13441272350.0
2026-07-20T10:45:28,300559.SZ,佳发教育,10.42,2.06,0.21,10.21,10.53,10.19,10.21,38000.0,39595702.64,1.22,1.23,-187.49,3.64,4162941788.0,3242045800.0
2026-07-20T10:45:28,601519.SH,大智慧,7.97,2.05,0.16,7.78,8.06,7.71,7.81,290580.0,231029552.0,1.46,2.18,-133.96,12.22,15853605200.0,15853605200.0
2026-07-20T10:45:28,002601.SZ,龙佰集团,15.92,2.05,0.32,15.61,15.98,15.43,15.6,83868.0,132311811.0,0.42,1.21,50.74,1.66,37957229052.0,31642636353.0
2026-07-20T10:45:28,600512.SH,腾达建设,2.0,2.04,0.04,1.97,2.03,1.96,1.96,175571.0,35106282.0,1.11,2.42,19.96,0.51,3174810326.0,3174810326.0
2026-07-20T10:45:28,600398.SH,海澜之家,6.01,2.04,0.12,5.89,6.02,5.88,5.89,212631.0,127024805.0,0.44,2.27,7.6,1.67,28864649479.0,28864649479.0
2026-07-20T10:45:28,601388.SH,怡球资源,3.0,2.04,0.06,2.95,3.03,2.94,2.94,238779.0,71557534.0,1.08,1.44,27.53,1.42,6603667848.0,6603667848.0
2026-07-20T10:45:28,300444.SZ,双杰电气,8.5,2.04,0.17,8.4,8.7,8.34,8.33,219022.0,186733530.8,3.49,1.26,6.07,3.29,6839270765.0,5333254442.0
2026-07-20T10:45:28,688566.SH,吉贝尔,25.51,2.04,0.51,25.05,26.05,25.0,25.0,14323.0,36729147.0,0.71,1.16,30.54,2.1,5130102454.0,5130102454.0
2026-07-20T10:45:28,688177.SH,百奥泰,18.01,2.04,0.36,17.85,18.21,17.52,17.65,17745.0,31838197.0,0.43,1.14,-12.28,33.27,7457580800.0,7457580800.0
2026-07-20T10:45:28,600081.SH,东风科技,9.49,2.04,0.19,9.32,9.64,9.28,9.3,24452.0,23300791.0,0.44,2.51,32.89,1.14,5248218353.0,5248218353.0
2026-07-20T10:45:28,688265.SH,南模生物,34.68,2.03,0.69,33.8,36.0,33.26,33.99,12474.0,43128705.0,1.6,1.76,988.75,1.59,2703774631.0,2703774631.0
2026-07-20T10:45:28,600818.SH,ST中路,6.02,2.03,0.12,5.9,6.13,5.84,5.9,39497.0,23800472.0,1.66,2.14,-26.59,3.87,1935116418.0,1432506618.0
2026-07-20T10:45:28,601326.SH,秦港股份,3.51,2.03,0.07,3.44,3.51,3.42,3.44,176203.0,61242321.0,0.37,2.09,11.46,0.98,19611816120.0,16699032090.0
2026-07-20T10:45:28,601333.SH,广深铁路,3.02,2.03,0.06,2.97,3.04,2.97,2.96,421375.0,126865488.0,0.75,2.08,9.23,0.76,21392281740.0,17069755740.0
2026-07-20T10:45:28,002419.SZ,天虹股份,4.52,2.03,0.09,4.43,4.54,4.42,4.43,69933.0,31465188.0,0.61,2.09,8.71,1.27,5158479705.0,5158403430.0
2026-07-20T10:45:28,002251.SZ,步步高,3.52,2.03,0.07,3.44,3.54,3.39,3.45,641448.0,224151410.72,2.98,1.53,20.32,1.11,9464222905.0,7576701859.0
2026-07-20T10:45:28,300729.SZ,乐歌股份,10.08,2.02,0.2,10.0,10.2,9.91,9.88,14552.0,14696578.42,0.44,1.77,1067.39,0.97,3443463122.0,3315491404.0
2026-07-20T10:45:28,000552.SZ,甘肃能化,2.52,2.02,0.05,2.48,2.55,2.47,2.47,388198.0,97932403.0,1.04,1.9,51.69,0.83,13486578276.0,9389050126.0
2026-07-20T10:45:28,002945.SZ,华林证券,13.1,2.02,0.26,12.8,13.19,12.8,12.84,57876.0,75640521.93,0.21,2.14,94.31,4.91,35370000000.0,35370000000.0
2026-07-20T10:45:28,688171.SH,纬德信息,24.69,2.02,0.49,24.75,25.38,24.05,24.2,14094.0,34915945.0,1.21,1.81,-4840.37,3.51,2885045264.0,2885045264.0
2026-07-20T10:45:28,600557.SH,康缘药业,13.11,2.02,0.26,12.78,13.15,12.6,12.85,84647.0,109441793.0,1.5,1.48,23.41,1.52,7422341947.0,7422341947.0
2026-07-20T10:45:28,600016.SH,民生银行,3.53,2.02,0.07,3.45,3.53,3.44,3.46,1605209.0,561629772.0,0.45,1.88,3.36,0.27,154551937312.0,125181294942.0
2026-07-20T10:45:28,002011.SZ,盾安环境,10.15,2.01,0.2,9.93,10.17,9.93,9.95,54058.0,54466979.0,0.51,1.63,13.91,1.6,10907972961.0,10775915625.0
2026-07-20T10:45:28,688586.SH,江航装备,10.17,2.01,0.2,9.96,10.22,9.95,9.97,31912.0,32281305.0,0.4,1.43,126.3,3.26,8047919217.0,8047919217.0
2026-07-20T10:45:28,300359.SZ,全通教育,3.56,2.01,0.07,3.5,3.65,3.48,3.49,90585.0,32499716.5,1.43,1.91,-27.73,4.4,2254666982.0,2254554041.0
2026-07-20T10:45:28,002110.SZ,三钢闽光,3.05,2.01,0.06,2.99,3.06,2.98,2.99,128185.0,38943657.06,0.53,1.73,-19.27,0.38,7408682492.0,7408682492.0
2026-07-20T10:45:28,002958.SZ,青农商行,3.05,2.01,0.06,2.97,3.06,2.95,2.99,551360.0,166795497.32,1.01,2.03,3.39,0.45,16944663848.0,16590659928.0
2026-07-20T10:45:28,603817.SH,海峡环保,5.57,2.01,0.11,5.49,5.62,5.48,5.46,58844.0,32762986.0,1.03,1.7,11.76,0.98,3175368097.0,3175368097.0
2026-07-20T10:45:28,920198.BJ,微创光电,7.15,2.0,0.14,7.0,7.3,7.0,7.01,14701.0,10603326.69,2.09,2.68,-13.92,2.81,1153751685.0,503831921.0
2026-07-20T10:45:28,002987.SZ,京北方,9.69,2.0,0.19,9.5,9.77,9.49,9.5,61346.0,59410876.45,0.61,1.71,100.22,3.57,10086826644.0,9807961544.0
2026-07-20T10:45:28,001872.SZ,招商港口,22.44,2.0,0.44,21.85,22.58,21.6,22.0,30719.0,68297098.6,0.13,1.87,12.3,0.88,55699407515.0,51662554066.0
2026-07-20T10:45:28,300525.SZ,博思软件,7.65,2.0,0.15,7.54,7.72,7.52,7.5,86191.0,65846775.2,1.4,1.69,-23.04,2.34,5750012172.0,4717291724.0
2026-07-20T10:45:28,002892.SZ,科力尔,9.16,2.0,0.18,9.05,9.2,9.0,8.98,27502.0,25120528.6,0.55,1.23,-146.16,5.42,6806150843.0,4590295245.0
2026-07-20T10:45:28,300770.SZ,新媒股份,34.18,2.0,0.67,33.51,34.3,33.51,33.51,13532.0,46059901.0,0.59,1.7,13.6,2.19,7787523040.0,7787523040.0
2026-07-20T10:45:28,600318.SH,新力金融,6.14,1.99,0.12,6.07,6.21,6.06,6.02,67203.0,41338238.0,1.31,1.89,38.81,2.86,3148147660.0,3148147660.0
2026-07-20T10:45:28,002064.SZ,华峰化学,10.27,1.99,0.2,9.97,10.35,9.84,10.07,260951.0,264320988.99,0.53,1.98,19.06,1.86,50965325822.0,50856943174.0
2026-07-20T10:45:28,000912.SZ,泸天化,3.58,1.99,0.07,3.48,3.65,3.45,3.51,196431.0,70343036.21,1.25,2.8,-802.52,0.88,5613440000.0,5613440000.0
2026-07-20T10:45:28,002046.SZ,国机精工,51.78,1.99,1.01,52.25,53.8,50.95,50.77,135802.0,713457887.33,2.56,2.59,-764.36,6.52,27763962420.0,27452615753.0
2026-07-20T10:45:28,000410.SZ,沈阳机床,4.62,1.99,0.09,4.55,4.7,4.55,4.53,112997.0,52486666.0,0.57,1.92,-90.43,2.93,12238717302.0,9106104698.0
2026-07-20T10:45:28,600030.SH,中信证券,28.15,1.99,0.55,27.76,28.39,27.76,27.6,996950.0,2806623901.0,0.82,1.92,10.21,1.46,417198393236.0,342769909918.0
2026-07-20T10:45:28,601949.SH,中国出版,5.16,1.98,0.1,5.06,5.23,5.06,5.06,75490.0,38990045.0,0.4,1.96,-24.47,1.01,9824475159.0,9824475159.0
2026-07-20T10:45:28,300670.SZ,大烨智能,5.67,1.98,0.11,5.62,5.97,5.6,5.56,74332.0,43161464.0,3.31,2.58,-46.33,4.25,1796939116.0,1274016261.0
2026-07-20T10:45:28,300059.SZ,东方财富,20.09,1.98,0.39,19.8,20.43,19.8,19.7,2008227.0,4046132001.16,1.5,1.81,21.26,3.37,317867995489.0,268267712140.0
2026-07-20T10:45:28,301327.SZ,华宝新能,43.78,1.98,0.85,43.14,44.33,42.92,42.93,6057.0,26548953.54,0.35,1.85,134.74,1.25,7634415766.0,7634415766.0
2026-07-20T10:45:28,002439.SZ,启明星辰,13.38,1.98,0.26,13.12,13.54,13.08,13.12,197385.0,263509315.58,2.71,1.94,83.18,1.49,16208534743.0,9748657309.0
2026-07-20T10:45:28,688202.SH,美迪西,74.13,1.98,1.44,72.69,77.26,71.35,72.69,55821.0,416751550.0,4.15,1.44,159.45,5.09,9959527400.0,9959527400.0
2026-07-20T10:45:28,601229.SH,上海银行,9.26,1.98,0.18,9.08,9.3,9.05,9.08,390646.0,359105004.0,0.27,2.04,5.19,0.53,131575698705.0,131575698705.0
2026-07-20T10:45:28,603069.SH,海汽集团,12.39,1.98,0.24,12.08,12.57,12.08,12.15,20245.0,25138773.0,0.64,1.83,-47.0,5.07,3915240000.0,3915240000.0
2026-07-20T10:45:28,002120.SZ,韵达股份,6.68,1.98,0.13,6.58,6.7,6.55,6.55,182984.0,121604350.77,0.65,1.39,9.94,0.94,19366664858.0,18805067819.0
2026-07-20T10:45:28,002511.SZ,中顺洁柔,7.24,1.97,0.14,7.1,7.26,7.1,7.1,86271.0,62126247.65,0.68,1.56,22.68,1.69,9313375366.0,9158713002.0
2026-07-20T10:45:28,688293.SH,奥浦迈,52.84,1.97,1.02,51.8,54.35,50.44,51.82,27379.0,144342392.0,2.4,1.51,47.88,2.46,7513541475.0,6015651913.0
2026-07-20T10:45:28,600928.SH,西安银行,3.64,1.96,0.07,3.56,3.65,3.55,3.57,146261.0,52927827.0,0.33,1.74,5.35,0.46,16177777780.0,16101008800.0
2026-07-20T10:45:28,600157.SH,永泰能源,1.56,1.96,0.03,1.54,1.58,1.54,1.53,3430218.0,535098566.0,1.57,2.51,137.6,0.73,34035712066.0,34035712066.0
2026-07-20T10:45:28,600173.SH,卧龙新能,5.72,1.96,0.11,5.61,5.78,5.61,5.61,26431.0,15085606.0,0.38,1.37,84.02,1.12,4006895716.0,4006380916.0
2026-07-20T10:45:28,300008.SZ,天海防务,5.71,1.96,0.11,5.6,5.74,5.6,5.6,166927.0,94953964.27,1.01,1.28,29.06,4.03,9867046349.0,9406026305.0
2026-07-20T10:45:28,300009.SZ,安科生物,8.34,1.96,0.16,8.2,8.38,8.15,8.18,139647.0,115872317.15,1.14,1.12,20.79,3.22,13933643905.0,10260261915.0
2026-07-20T10:45:28,002469.SZ,三维化学,5.72,1.96,0.11,5.61,5.78,5.6,5.61,31331.0,17868178.0,0.5,1.48,-963.41,1.47,3711494244.0,3594464651.0
2026-07-20T10:45:28,601568.SH,北元化工,3.64,1.96,0.07,3.58,3.66,3.58,3.57,110036.0,39971931.0,0.28,1.78,176.46,1.29,14458888895.0,14458888895.0
2026-07-20T10:45:28,002646.SZ,天佑德酒,6.77,1.96,0.13,6.62,6.82,6.61,6.64,42362.0,28653562.07,0.89,2.14,16.73,1.13,3243560984.0,3221453718.0
2026-07-20T10:45:28,000997.SZ,新 大 陆,16.63,1.96,0.32,16.46,16.67,16.37,16.31,94902.0,157016343.29,0.94,1.38,14.98,2.31,16847818326.0,16753716906.0
2026-07-20T10:45:28,688619.SH,罗普特,12.98,1.96,0.25,13.15,13.66,12.83,12.73,29419.0,38835739.0,1.59,1.48,-60.17,3.66,2406985785.0,2406985785.0
2026-07-20T10:45:28,300119.SZ,瑞普生物,16.18,1.95,0.31,15.9,16.21,15.9,15.87,24062.0,38751008.0,0.72,1.57,17.44,1.62,7519731143.0,5398226759.0
2026-07-20T10:45:28,301048.SZ,金鹰重工,8.88,1.95,0.17,8.71,9.0,8.7,8.71,23136.0,20543330.2,0.43,1.89,25.11,1.69,4736000592.0,4736000592.0
2026-07-20T10:45:28,300275.SZ,梅安森,7.85,1.95,0.15,7.71,7.99,7.71,7.7,39960.0,31536437.2,1.47,2.11,54.46,2.56,2417839784.0,2130972406.0
2026-07-20T10:45:28,002373.SZ,千方科技,7.33,1.95,0.14,7.19,7.37,7.19,7.19,124011.0,90611967.35,0.9,1.62,775.11,1.01,11582779616.0,10097764944.0
2026-07-20T10:45:28,002140.SZ,东华科技,8.91,1.95,0.17,8.76,8.95,8.76,8.74,31195.0,27714049.79,0.44,1.84,11.08,1.32,6308403600.0,6299359976.0
2026-07-20T10:45:28,300175.SZ,朗源股份,5.24,1.95,0.1,5.22,5.46,5.13,5.14,44949.0,23768414.0,0.95,1.83,-109.84,4.95,2466992000.0,2466992000.0
2026-07-20T10:45:28,002564.SZ,天沃科技,4.18,1.95,0.08,4.1,4.25,4.1,4.1,91784.0,38473970.0,1.07,1.82,275.3,18.9,3590220714.0,3590220714.0
2026-07-20T10:45:28,002293.SZ,罗莱生活,10.99,1.95,0.21,10.77,11.01,10.55,10.78,52279.0,56409355.82,0.63,2.95,15.59,2.31,9200950879.0,9124334721.0
2026-07-20T10:45:28,000586.SZ,汇源通信,11.05,1.94,0.21,11.03,11.47,10.85,10.84,40397.0,45273998.0,2.11,2.03,-96.38,6.71,2137512000.0,2112649500.0
2026-07-20T10:45:28,002961.SZ,瑞达期货,18.89,1.94,0.36,18.83,19.16,18.68,18.53,40484.0,76840184.05,0.85,2.15,11.06,2.25,9009272549.0,9009230047.0
2026-07-20T10:45:28,601077.SH,渝农商行,6.84,1.94,0.13,6.73,6.85,6.68,6.71,223945.0,151632100.0,0.25,1.1,4.94,0.58,77681880000.0,60453578078.0
2026-07-20T10:45:28,300732.SZ,设研院,5.78,1.94,0.11,5.8,5.89,5.71,5.67,36438.0,21200949.45,0.98,1.98,-78.56,0.77,2141837216.0,2139464624.0
2026-07-20T10:45:28,000801.SZ,四川九洲,11.03,1.94,0.21,10.83,11.13,10.83,10.82,56076.0,61555946.0,0.55,1.14,189.11,3.62,11210062092.0,11206128617.0
2026-07-20T10:45:28,601860.SH,紫金银行,2.63,1.94,0.05,2.57,2.64,2.56,2.58,328651.0,85778896.0,0.93,1.88,5.62,0.48,9628489746.0,9340724835.0
2026-07-20T10:45:28,300569.SZ,天能重工,4.73,1.94,0.09,4.59,4.74,4.59,4.64,92340.0,43234787.88,0.91,2.12,35.69,0.93,4837494775.0,4822934761.0
2026-07-20T10:45:28,000913.SZ,钱江摩托,11.04,1.94,0.21,10.9,11.09,10.83,10.83,33996.0,37303125.3,0.65,1.8,-37.33,1.16,5811577440.0,5741933532.0
2026-07-20T10:45:28,603171.SH,税友股份,36.82,1.94,0.7,36.24,37.6,36.12,36.12,23587.0,87114623.0,0.58,1.48,119.59,6.0,14961622900.0,14944869800.0
2026-07-20T10:45:28,600684.SH,珠江股份,3.16,1.94,0.06,3.1,3.21,3.1,3.1,83923.0,26542162.0,0.98,1.44,-134.6,2.77,3495194734.0,2696935885.0
2026-07-20T10:45:28,601096.SH,宏盛华源,4.2,1.94,0.08,4.14,4.25,4.14,4.12,161185.0,67631139.0,0.98,2.27,27.62,2.39,11235651370.0,6900501472.0
2026-07-20T10:45:28,000401.SZ,金隅冀东,3.68,1.94,0.07,3.61,3.71,3.6,3.61,64947.0,23828626.0,0.25,2.18,-2.46,0.38,9774620916.0,9683385252.0
2026-07-20T10:45:28,300229.SZ,拓尔思,12.65,1.93,0.24,12.6,13.0,12.59,12.41,127515.0,162749227.89,1.46,1.68,-35.69,2.93,11051304790.0,11043832447.0
2026-07-20T10:45:28,002085.SZ,万丰奥威,10.04,1.93,0.19,9.86,10.13,9.86,9.85,119024.0,119363177.62,0.56,1.48,21.93,2.83,21317907101.0,21317907101.0
2026-07-20T10:45:28,301257.SZ,普蕊斯,55.5,1.93,1.05,51.29,56.87,51.05,54.45,54466.0,296774610.95,7.23,1.51,91.17,3.44,4384764735.0,4180199450.0
2026-07-20T10:45:28,000682.SZ,东方电子,11.67,1.92,0.22,11.4,11.69,11.38,11.45,88357.0,102042765.13,0.66,1.4,16.59,2.57,15646284172.0,15644793469.0
2026-07-20T10:45:28,600064.SH,南京高科,7.44,1.92,0.14,7.3,7.46,7.3,7.3,98486.0,72986858.0,0.57,1.55,5.13,0.67,12873726951.0,12873726951.0
2026-07-20T10:45:28,600639.SH,浦东金桥,9.54,1.92,0.18,9.41,9.57,9.39,9.36,31649.0,30060474.0,0.37,1.65,37.04,0.73,10707818999.0,8111258147.0
2026-07-20T10:45:28,301551.SZ,无线传媒,20.18,1.92,0.38,19.59,20.33,19.58,19.8,31942.0,64238019.64,2.07,1.5,29.13,3.55,8072201800.0,3118894070.0
2026-07-20T10:45:28,000921.SZ,海信家电,25.52,1.92,0.48,25.04,25.66,24.98,25.04,35985.0,91182658.22,0.39,1.29,8.54,1.91,35341657084.0,23430765976.0
2026-07-20T10:45:28,001965.SZ,招商公路,10.07,1.92,0.19,9.83,10.08,9.77,9.88,57978.0,57760805.0,0.09,1.76,12.68,0.98,68426606569.0,68426606569.0
2026-07-20T10:45:28,000877.SZ,天山股份,3.71,1.92,0.07,3.64,3.74,3.63,3.64,73759.0,27257312.8,0.1,1.67,-4.41,0.36,26379924185.0,26379918620.0
2026-07-20T10:45:28,300663.SZ,科蓝软件,6.91,1.92,0.13,6.8,7.06,6.72,6.78,269079.0,185578085.53,5.84,3.08,-29.23,10.32,3306105434.0,3181281128.0
2026-07-20T10:45:28,603477.SH,巨星农牧,15.42,1.92,0.29,14.96,15.48,14.65,15.13,101595.0,153032133.0,1.99,1.66,-5.66,2.94,8064345802.0,7865291936.0
2026-07-20T10:45:28,002461.SZ,珠江啤酒,8.5,1.92,0.16,8.34,8.5,8.31,8.34,46503.0,39228886.0,0.21,1.51,26.26,1.74,18813292080.0,18813292080.0
2026-07-20T10:45:28,300588.SZ,熙菱信息,20.23,1.91,0.38,20.06,21.63,19.97,19.85,43709.0,90376199.4,2.47,1.55,-44.86,15.12,3873458937.0,3577109667.0
2026-07-20T10:45:28,002278.SZ,神开股份,7.46,1.91,0.14,7.28,7.62,7.28,7.32,56319.0,42379886.48,1.57,1.61,-333.31,2.09,2899089638.0,2676656296.0
2026-07-20T10:45:28,002092.SZ,中泰化学,4.27,1.91,0.08,4.23,4.31,4.18,4.19,384924.0,163950365.0,1.49,1.31,-19.39,0.52,11059383338.0,10997579251.0
2026-07-20T10:45:28,002675.SZ,东诚药业,12.8,1.91,0.24,12.57,12.88,12.56,12.56,57429.0,73115429.0,0.77,1.16,78.92,2.5,10554825024.0,9515315123.0
2026-07-20T10:45:28,000860.SZ,顺鑫农业,11.21,1.91,0.21,10.96,11.28,10.9,11.0,120542.0,134330745.86,1.63,2.35,17.96,1.21,8315207947.0,8315207947.0
2026-07-20T10:45:28,688316.SH,青云科技-U,45.44,1.91,0.85,45.6,47.95,45.0,44.59,16005.0,74269423.0,3.34,2.18,-39.66,40.96,2176490982.0,2176490982.0
2026-07-20T10:45:28,301525.SZ,儒竞科技,38.39,1.91,0.72,38.31,39.68,38.08,37.67,8933.0,34715598.45,1.29,1.8,120.98,1.57,5068880275.0,2655116742.0
2026-07-20T10:45:28,002448.SZ,中原内配,10.19,1.9,0.19,10.18,10.42,10.05,10.0,90159.0,92274745.73,1.55,1.43,7.56,1.57,5995894293.0,5915391887.0
2026-07-20T10:45:28,002178.SZ,延华智能,4.29,1.9,0.08,4.22,4.36,4.2,4.21,73616.0,31688408.0,1.03,1.75,-134.03,7.07,3055136374.0,3053549748.0
2026-07-20T10:45:28,600988.SH,赤峰黄金,32.34,1.89,0.6,31.25,32.37,30.93,31.74,285442.0,904776717.0,1.72,1.18,15.55,4.49,61459297497.0,53810893965.0
2026-07-20T10:45:28,603323.SH,苏农银行,4.31,1.89,0.08,4.22,4.32,4.21,4.23,234209.0,100037005.0,1.05,1.91,5.18,0.5,9569904954.0,9569904954.0
2026-07-20T10:45:28,002757.SZ,南兴股份,15.65,1.89,0.29,15.65,16.19,15.5,15.36,76982.0,121564934.75,2.73,1.84,26.62,2.31,4623885038.0,4414132909.0
2026-07-20T10:45:28,002712.SZ,思美传媒,4.32,1.89,0.08,4.26,4.43,4.23,4.24,88843.0,38687046.0,1.64,1.58,180.13,1.7,2351273175.0,2336689179.0
2026-07-20T10:45:28,600133.SH,东湖高新,7.56,1.89,0.14,7.44,7.63,7.44,7.42,75825.0,57306789.0,0.71,1.48,-1141.34,0.9,8060773455.0,8060773455.0
2026-07-20T10:45:28,000686.SZ,东北证券,8.09,1.89,0.15,7.95,8.12,7.95,7.94,144209.0,116132144.13,0.62,1.77,11.54,0.93,18934264082.0,18934264082.0
2026-07-20T10:45:28,002262.SZ,恩华药业,21.09,1.88,0.39,20.6,21.22,20.52,20.7,78376.0,164194568.0,0.89,1.36,16.87,2.69,21422939035.0,18638842272.0
2026-07-20T10:45:28,300171.SZ,东富龙,11.9,1.88,0.22,11.63,11.99,11.58,11.68,56274.0,66480278.82,1.0,1.07,82.81,1.15,9113353676.0,6695622525.0
2026-07-20T10:45:28,301125.SZ,腾亚精工,13.02,1.88,0.24,13.08,13.88,12.85,12.78,42024.0,55919211.0,2.39,1.79,-31.09,4.46,2582061404.0,2288654402.0
2026-07-20T10:45:28,600084.SH,*ST尼雅,4.34,1.88,0.08,4.2,4.41,4.2,4.26,37735.0,16288425.0,0.34,1.78,224.22,3.83,4876974442.0,4876974442.0
2026-07-20T10:45:28,000707.SZ,双环科技,4.36,1.87,0.08,4.3,4.44,4.28,4.28,53736.0,23554269.0,0.98,2.19,-27.82,0.92,2549366961.0,2401067648.0
2026-07-20T10:45:28,601567.SH,三星电气,14.19,1.87,0.26,13.96,14.35,13.9,13.93,101113.0,143176499.0,0.72,1.83,29.79,1.74,19939921386.0,19939921386.0
2026-07-20T10:45:28,601816.SH,京沪高铁,4.91,1.87,0.09,4.81,4.91,4.8,4.82,942701.0,459752261.0,0.19,1.67,19.11,1.14,240225085707.0,240225085707.0
2026-07-20T10:45:28,601939.SH,建设银行,10.35,1.87,0.19,9.98,10.38,9.94,10.16,835356.0,855625108.0,0.87,1.63,7.84,0.77,2707563948101.0,99294356222.0
2026-07-20T10:45:28,002145.SZ,钛能化学,4.36,1.87,0.08,4.3,4.4,4.3,4.28,225370.0,98340432.98,0.59,1.44,39.94,1.38,16597090718.0,16596227765.0
2026-07-20T10:45:28,002519.SZ,银河电子,4.94,1.86,0.09,4.9,5.04,4.89,4.85,214860.0,106667087.7,1.92,1.12,867.61,2.51,5564568636.0,5520966087.0
2026-07-20T10:45:28,300188.SZ,国投智能,9.84,1.86,0.18,9.7,9.92,9.68,9.66,44946.0,44153294.0,0.53,1.22,-13.92,3.39,8457256730.0,8418204526.0
2026-07-20T10:45:28,601577.SH,XD长沙银,9.3,1.86,0.17,9.11,9.3,9.08,9.13,133209.0,122585699.0,0.33,1.81,4.07,0.51,37400449912.0,37392357713.0
2026-07-20T10:45:28,600919.SH,江苏银行,11.52,1.86,0.21,11.31,11.53,11.29,11.31,488721.0,559512626.0,0.27,1.34,4.99,0.81,211407257814.0,211407257814.0
2026-07-20T10:45:28,301055.SZ,张小泉,27.86,1.86,0.51,27.61,30.35,27.42,27.35,43772.0,126336327.0,2.87,2.85,37.26,6.65,4346160000.0,4253321453.0
2026-07-20T10:45:28,301446.SZ,福事特,30.09,1.86,0.55,30.07,31.27,29.54,29.54,5780.0,17689625.98,1.86,2.64,33.47,2.6,3129360000.0,934896300.0
2026-07-20T10:45:28,600507.SH,方大特钢,4.4,1.85,0.08,4.33,4.4,4.29,4.32,142323.0,62104059.0,0.62,1.28,23.58,1.04,10178026716.0,10178026716.0
2026-07-20T10:45:28,001382.SZ,新亚电缆,15.44,1.85,0.28,15.2,15.56,15.2,15.16,13185.0,20341891.74,2.09,1.98,61.79,3.95,6361280000.0,972720000.0
2026-07-20T10:45:28,601997.SH,贵阳银行,5.52,1.85,0.1,5.42,5.52,5.4,5.42,282662.0,154817287.0,0.77,1.55,3.42,0.31,20182213380.0,20182213380.0
2026-07-20T10:45:28,000088.SZ,盐 田 港,4.4,1.85,0.08,4.31,4.4,4.31,4.32,131600.0,57505464.55,0.42,1.73,16.8,1.28,22877726722.0,13916697124.0
2026-07-20T10:45:28,600048.SH,保利发展,4.95,1.85,0.09,4.87,4.98,4.82,4.86,634996.0,312144626.0,0.53,1.45,16.18,0.31,59253694919.0,59253694919.0
2026-07-20T10:45:28,600925.SH,苏能股份,4.4,1.85,0.08,4.3,4.42,4.3,4.32,58993.0,25852622.0,0.37,1.94,38.75,1.96,30311111112.0,7066613778.0
2026-07-20T10:45:28,600333.SH,长春燃气,5.51,1.85,0.1,5.39,5.53,5.39,5.41,55288.0,30351898.0,0.91,1.58,43.72,1.73,3355759069.0,3355759069.0
2026-07-20T10:45:28,600675.SH,中华企业,2.2,1.85,0.04,2.16,2.22,2.15,2.16,156556.0,34292190.0,0.26,1.46,-35.89,0.93,13301497728.0,13301497728.0
2026-07-20T10:45:28,603053.SH,成都燃气,8.86,1.84,0.16,8.71,8.89,8.71,8.7,15963.0,14083487.0,0.18,2.14,11.79,1.65,7875565400.0,7875565400.0
2026-07-20T10:45:28,002276.SZ,万马股份,9.41,1.84,0.17,9.24,9.5,9.22,9.24,103599.0,97444698.46,1.03,1.77,37.62,1.57,9514219947.0,9476722979.0
2026-07-20T10:45:28,301315.SZ,威士顿,35.95,1.84,0.65,35.76,36.51,35.42,35.3,7705.0,27775020.0,0.88,1.94,85.81,3.14,3163600000.0,3163600000.0
2026-07-20T10:45:28,601163.SH,三角轮胎,12.7,1.84,0.23,12.42,12.71,12.42,12.47,25960.0,32752233.0,0.32,1.75,11.66,0.73,10160000000.0,10160000000.0
2026-07-20T10:45:28,600685.SH,中船防务,24.92,1.84,0.45,24.6,25.03,24.55,24.47,47804.0,118733502.0,0.58,0.86,22.23,1.95,35224578940.0,20470164711.0
2026-07-20T10:45:28,300798.SZ,锦鸡股份,6.1,1.84,0.11,6.03,6.3,6.03,5.99,83137.0,51320075.6,2.05,2.02,-47.26,1.64,3008228353.0,2474791875.0
2026-07-20T10:45:28,300026.SZ,红日药业,3.34,1.83,0.06,3.26,3.39,3.23,3.28,435760.0,144538694.21,1.45,1.18,38.17,1.17,10033877156.0,10024426920.0
2026-07-20T10:45:28,601899.SH,紫金矿业,28.88,1.83,0.52,28.36,29.25,28.29,28.36,1153101.0,3326654767.0,0.56,1.3,9.56,4.05,767939838283.0,594979785883.0
2026-07-20T10:45:28,301318.SZ,维海德,20.06,1.83,0.36,19.83,20.79,19.83,19.7,8534.0,17324578.8,0.92,2.21,173.17,1.48,2714095633.0,1869214772.0
2026-07-20T10:45:28,688765.SH,禾元生物-U,52.19,1.83,0.94,50.5,53.43,50.5,51.25,14001.0,72951187.0,3.03,1.48,-129.4,6.5,18657925000.0,2415355235.0
2026-07-20T10:45:28,000055.SZ,方大集团,3.33,1.83,0.06,3.27,3.37,3.26,3.27,71043.0,23657816.0,1.05,1.34,31.7,0.64,3576001176.0,2250595249.0
2026-07-20T10:45:28,002589.SZ,瑞康医药,2.78,1.83,0.05,2.73,2.8,2.71,2.73,238152.0,65968381.27,1.74,1.48,100.82,0.79,4183095109.0,3796344503.0
2026-07-20T10:45:28,603257.SH,中国瑞林,65.1,1.83,1.17,63.5,68.0,63.45,63.93,11374.0,75448529.0,4.57,2.31,37.93,3.12,7812000000.0,1620990000.0
2026-07-20T10:45:28,000607.SZ,华媒控股,3.34,1.83,0.06,3.29,3.39,3.29,3.28,71091.0,23797459.32,0.8,1.32,-31.18,2.86,3399112689.0,2956011703.0
2026-07-20T10:45:28,688009.SH,中国通号,5.04,1.82,0.09,4.96,5.05,4.96,4.95,205153.0,103037311.0,0.24,2.0,25.59,1.11,53372687760.0,43449930720.0
2026-07-20T10:45:28,300085.SZ,银之杰,31.26,1.82,0.56,29.0,32.2,29.0,30.7,414073.0,1280611480.05,6.35,2.05,-255.75,52.63,22089583124.0,20381922004.0
2026-07-20T10:45:28,603392.SH,万泰生物,29.07,1.82,0.52,28.46,29.26,28.4,28.55,31663.0,91448897.0,0.25,1.4,-213.78,3.11,36755898812.0,36755898812.0
2026-07-20T10:45:28,601107.SH,四川成渝,5.6,1.82,0.1,5.5,5.61,5.46,5.5,110830.0,61528593.0,0.51,2.98,9.37,1.04,17125136000.0,12111344000.0
2026-07-20T10:45:28,601083.SH,锦江航运,10.65,1.82,0.19,10.51,10.68,10.5,10.46,24591.0,26082239.0,1.27,1.44,10.28,1.55,13782378000.0,2067378000.0
2026-07-20T10:45:28,600789.SH,鲁抗医药,7.28,1.82,0.13,7.11,7.31,7.11,7.15,134087.0,97097783.0,1.33,1.2,35.72,1.49,7608981584.0,7354970874.0
2026-07-20T10:45:28,000526.SZ,学大教育,26.98,1.81,0.48,26.21,27.12,25.9,26.5,21409.0,56811424.0,1.78,2.27,9.07,3.16,3287812721.0,3235957161.0
2026-07-20T10:45:28,000712.SZ,锦龙股份,8.42,1.81,0.15,8.28,8.49,8.25,8.27,82024.0,68909821.64,0.92,1.61,-120.18,2.82,7544320000.0,7542081333.0
2026-07-20T10:45:28,920188.BJ,悦龙科技,22.52,1.81,0.4,22.3,23.0,22.16,22.12,4489.0,10124948.88,2.27,2.39,14.57,2.41,1869006819.0,445758155.0
2026-07-20T10:45:28,002721.SZ,金一文化,2.25,1.81,0.04,2.23,2.28,2.22,2.21,239689.0,54095008.78,0.9,1.54,44.21,2.78,5983601884.0,5983601884.0
2026-07-20T10:45:28,603132.SH,金徽股份,14.64,1.81,0.26,14.4,14.73,14.37,14.38,20871.0,30380831.0,0.21,1.15,17.47,4.49,14317920000.0,14317920000.0
2026-07-20T10:45:28,000422.SZ,湖北宜化,12.91,1.81,0.23,12.67,12.93,12.6,12.68,99316.0,127268873.5,0.94,1.46,19.38,2.36,14040718632.0,13656930152.0
2026-07-20T10:45:28,002034.SZ,旺能环境,14.06,1.81,0.25,13.99,14.13,13.82,13.81,41343.0,57921038.1,0.8,1.59,9.03,0.86,7264818914.0,7234536655.0
2026-07-20T10:45:28,601665.SH,齐鲁银行,6.18,1.81,0.11,6.06,6.19,6.06,6.07,313563.0,192769621.0,0.51,1.78,6.08,0.76,38030746805.0,38030746805.0
2026-07-20T10:45:28,300872.SZ,天阳科技,14.65,1.81,0.26,14.5,14.86,14.49,14.39,46952.0,68928310.85,1.11,1.29,237.08,1.93,7150973866.0,6182910802.0
2026-07-20T10:45:28,000059.SZ,华锦股份,4.49,1.81,0.08,4.41,4.52,4.4,4.41,188337.0,84373881.68,1.18,1.25,40.48,0.74,7181496991.0,7181364312.0
2026-07-20T10:45:28,601838.SH,成都银行,18.58,1.81,0.33,18.21,18.58,18.2,18.25,86576.0,159285475.0,0.2,1.14,6.24,0.89,78750128914.0,78750128914.0
2026-07-20T10:45:28,603778.SH,国晟科技,9.01,1.81,0.16,8.95,9.74,8.88,8.85,689931.0,645880865.0,10.73,3.74,-42.68,21.07,5946979501.0,5792142849.0
2026-07-20T10:45:28,300509.SZ,新美星,7.88,1.81,0.14,7.8,8.09,7.8,7.74,43443.0,34622276.91,1.76,2.31,23.12,3.66,2335632000.0,1947175761.0
2026-07-20T10:45:28,001396.SZ,誉帆科技,31.55,1.81,0.56,31.3,31.76,31.07,30.99,4838.0,15216674.55,2.13,1.44,467.17,2.39,3372771225.0,716735232.0
2026-07-20T10:45:28,002317.SZ,众生药业,28.84,1.8,0.51,28.34,29.6,27.5,28.33,393412.0,1133019931.94,5.17,1.42,61.39,6.14,24511994957.0,21965045989.0
2026-07-20T10:45:28,600370.SH,*ST三房,1.7,1.8,0.03,1.71,1.74,1.66,1.67,149154.0,25358041.0,0.37,0.91,52.22,1.39,6838512108.0,6838512108.0
2026-07-20T10:45:28,300142.SZ,沃森生物,13.03,1.8,0.23,12.64,13.2,12.55,12.8,413997.0,537456117.75,2.62,1.19,47.07,2.89,20839511489.0,20550108857.0
2026-07-20T10:45:28,688369.SH,致远互联,16.95,1.8,0.3,16.71,17.67,16.71,16.65,13478.0,23097726.0,1.17,1.62,-7.51,2.56,1952946303.0,1952946303.0
2026-07-20T10:45:28,002366.SZ,融发核电,5.1,1.8,0.09,5.01,5.14,5.01,5.01,220201.0,112280100.83,1.19,2.11,262.91,2.29,10612781964.0,9436819808.0
2026-07-20T10:45:28,600373.SH,中文传媒,7.35,1.8,0.13,7.23,7.45,7.22,7.22,87092.0,63924775.0,0.65,2.0,22.78,0.56,9903086585.0,9903086585.0
2026-07-20T10:45:28,001313.SZ,粤海饲料,7.37,1.8,0.13,7.27,7.38,7.17,7.24,55343.0,40278003.0,0.79,0.83,114.56,2.01,5159000000.0,5152759460.0
2026-07-20T10:45:28,600098.SH,广州发展,6.26,1.79,0.11,6.15,6.32,6.14,6.15,223913.0,139990682.0,0.64,2.49,10.25,0.82,21946714781.0,21946714781.0
2026-07-20T10:45:28,002346.SZ,柘中股份,18.77,1.79,0.33,18.26,19.29,18.26,18.44,49661.0,93214847.45,1.27,1.19,3086.11,3.09,8288370558.0,7359969926.0
2026-07-20T10:45:28,688220.SH,翱捷科技-U,101.46,1.79,1.78,101.66,105.37,98.9,99.68,77622.0,789962927.0,1.86,1.29,-378.69,7.8,42440808198.0,42440808198.0
2026-07-20T10:45:28,603218.SH,日月股份,9.68,1.79,0.17,9.56,9.76,9.56,9.51,47590.0,46034369.0,0.46,1.88,29.36,0.99,9968914120.0,9960105320.0
2026-07-20T10:45:28,601238.SH,广汽集团,5.13,1.79,0.09,5.03,5.18,5.02,5.04,135130.0,69163487.0,0.18,1.21,-19.93,0.5,52310948067.0,37878368662.0
2026-07-20T10:45:28,601106.SH,中国一重,2.84,1.79,0.05,2.82,2.88,2.81,2.79,389147.0,111041572.0,0.57,1.7,2507.58,3.77,19476103513.0,19476103513.0
2026-07-20T10:45:28,601919.SH,中远海控,14.8,1.79,0.26,14.54,14.83,14.51,14.54,524415.0,772693712.0,0.42,1.86,9.61,0.99,225968219882.0,185836747082.0
2026-07-20T10:45:28,002818.SZ,富森美,10.81,1.79,0.19,10.64,10.83,10.61,10.62,25878.0,27892501.51,0.87,2.11,5.22,1.41,8090841141.0,3225000118.0
2026-07-20T10:45:28,603565.SH,中谷物流,10.21,1.79,0.18,10.06,10.21,10.03,10.03,53349.0,54125553.0,0.25,1.64,10.17,2.05,21441644282.0,21441644282.0
2026-07-20T10:45:28,601827.SH,三峰环境,7.94,1.79,0.14,7.84,7.98,7.78,7.8,39387.0,31190229.0,0.24,1.06,7.72,1.1,13275150402.0,13275150402.0
2026-07-20T10:45:28,002369.SZ,卓翼科技,5.13,1.79,0.09,5.06,5.28,5.05,5.04,130706.0,67383961.44,2.31,1.9,-35.12,15.55,2908485716.0,2904623991.0
2026-07-20T10:45:28,601628.SH,中国人寿,39.75,1.79,0.7,38.52,40.1,38.36,39.05,252305.0,996427077.0,0.12,1.42,14.4,1.93,1123522023750.0,827735317500.0
2026-07-20T10:45:28,002597.SZ,金禾实业,20.04,1.78,0.35,19.8,20.14,19.8,19.69,19338.0,38641188.0,0.34,1.02,29.68,1.46,11389130355.0,11367626253.0
2026-07-20T10:45:28,300578.SZ,会畅科技,14.27,1.78,0.25,14.37,14.85,14.16,14.02,28239.0,40899309.0,1.42,1.65,-59.12,2.45,2829309190.0,2828543961.0
2026-07-20T10:45:28,688375.SH,国博电子,69.72,1.78,1.22,69.87,71.44,69.07,68.5,38998.0,273792222.0,0.65,1.48,12131.81,6.69,41554158828.0,41554158828.0
2026-07-20T10:45:28,300459.SZ,汤姆猫,3.44,1.78,0.06,3.37,3.46,3.35,3.38,512130.0,175569725.56,1.56,1.46,98.34,16.43,12094389630.0,11307938973.0
2026-07-20T10:45:28,001216.SZ,华瓷股份,13.71,1.78,0.24,13.59,13.86,13.4,13.47,16255.0,22225804.0,0.66,1.7,22.89,1.63,4002748814.0,3366534358.0
2026-07-20T10:45:28,003816.SZ,中国广核,4.01,1.78,0.07,3.95,4.02,3.93,3.94,624556.0,248935235.64,0.16,1.68,18.47,1.61,202500210877.0,157734074627.0
2026-07-20T10:45:28,603816.SH,顾家家居,23.38,1.78,0.41,22.97,23.49,22.6,22.97,43676.0,101126813.0,0.54,1.71,9.68,1.93,19205536514.0,19075282489.0
2026-07-20T10:45:28,002807.SZ,江阴银行,4.01,1.78,0.07,3.93,4.02,3.92,3.94,275388.0,110016276.35,1.02,1.84,7.41,0.55,10857203589.0,10841151366.0
2026-07-20T10:45:28,000631.SZ,顺发恒能,2.86,1.78,0.05,2.8,2.88,2.8,2.81,62435.0,17801953.92,0.27,1.79,232.42,1.2,6578000243.0,6578000243.0
2026-07-20T10:45:28,002302.SZ,西部建设,4.57,1.78,0.08,4.48,4.61,4.48,4.49,46426.0,21171781.0,0.37,2.16,-6.4,0.74,5768959169.0,5768959169.0
2026-07-20T10:45:28,002946.SZ,新乳业,16.03,1.78,0.28,15.6,16.14,15.52,15.75,45699.0,72496683.0,0.54,1.69,18.51,3.61,13796748298.0,13636957843.0
2026-07-20T10:45:28,000868.SZ,安凯客车,3.44,1.78,0.06,3.38,3.49,3.38,3.38,66999.0,23093719.0,0.71,1.77,436.59,4.03,3231930688.0,3231654305.0
2026-07-20T10:45:28,002389.SZ,航天彩虹,17.23,1.77,0.3,16.95,17.32,16.93,16.93,80045.0,137638519.26,0.81,1.35,41.97,2.11,16970103042.0,16967435062.0
2026-07-20T10:45:28,600548.SH,深高速,8.61,1.77,0.15,8.46,8.62,8.43,8.46,22578.0,19329677.0,0.13,1.93,10.73,0.96,21850941253.0,14761207714.0
2026-07-20T10:45:28,600844.SH,金煤科技,2.87,1.77,0.05,2.76,2.98,2.74,2.82,739502.0,211172886.0,8.99,3.0,71.46,36.83,2917424569.0,2361236920.0
2026-07-20T10:45:28,600612.SH,老凤祥,35.67,1.77,0.62,35.07,35.84,35.04,35.05,9999.0,35513477.0,0.32,1.29,8.53,1.43,18659610642.0,11311300502.0
2026-07-20T10:45:28,600299.SH,安迪苏,8.05,1.77,0.14,7.95,8.15,7.8,7.91,350147.0,280145481.0,1.14,1.97,13.7,1.26,24792223019.0,24792223019.0
2026-07-20T10:45:28,000897.SZ,津滨发展,1.73,1.76,0.03,1.7,1.76,1.7,1.7,181433.0,31499623.3,1.12,2.08,-436.26,0.93,2797880965.0,2797826297.0
2026-07-20T10:45:28,300685.SZ,艾德生物,17.91,1.76,0.31,17.6,18.08,17.58,17.6,45839.0,82032122.42,1.18,1.27,20.51,3.71,6986783577.0,6977227320.0
2026-07-20T10:45:28,600787.SH,中储股份,4.63,1.76,0.08,4.61,4.73,4.57,4.55,142074.0,65792731.0,0.65,1.89,34.3,0.73,10047468465.0,10047468465.0
2026-07-20T10:45:28,000151.SZ,中成股份,9.26,1.76,0.16,9.2,9.56,9.2,9.1,40137.0,37613339.0,1.3,1.85,48.42,3.71,3249392208.0,2851475276.0
2026-07-20T10:45:28,600315.SH,上海家化,17.92,1.76,0.31,17.67,18.0,17.58,17.61,28931.0,51648416.0,0.43,1.69,13.56,1.74,12046289562.0,12046289562.0
2026-07-20T10:45:28,600312.SH,平高电气,18.47,1.76,0.32,18.01,18.69,18.01,18.15,184429.0,340458309.0,1.36,2.55,15.1,2.18,25062336577.0,25062336577.0
2026-07-20T10:45:28,300261.SZ,雅本化学,4.62,1.76,0.08,4.6,4.7,4.57,4.54,62012.0,28754746.4,0.66,1.37,-19.32,2.44,4450489756.0,4355876859.0
2026-07-20T10:45:28,002404.SZ,嘉欣丝绸,5.78,1.76,0.1,5.69,5.83,5.69,5.68,48187.0,27840252.0,1.06,1.52,14.74,1.7,3237097907.0,2633041031.0
2026-07-20T10:45:28,600197.SH,伊力特,10.39,1.76,0.18,10.2,10.45,10.2,10.21,33577.0,34779487.0,0.71,1.68,11.72,1.23,4916285310.0,4916285310.0
2026-07-20T10:45:28,300772.SZ,运达股份,11.01,1.76,0.19,10.72,11.1,10.67,10.82,109873.0,120016551.6,1.57,2.26,45.31,1.3,8663193232.0,7683609519.0
2026-07-20T10:45:28,600008.SH,首创环保,2.89,1.76,0.05,2.85,2.9,2.83,2.84,509971.0,146502944.0,0.69,2.02,12.34,1.03,21214307057.0,21214307057.0
2026-07-20T10:45:28,603291.SH,联合水务,8.11,1.76,0.14,7.92,8.23,7.92,7.97,18931.0,15410717.0,0.45,1.75,57.66,1.97,3432319098.0,3432319098.0
2026-07-20T10:45:28,002122.SZ,ST汇洲,2.33,1.75,0.04,2.28,2.37,2.28,2.29,110268.0,25819950.0,0.55,2.01,85.46,2.14,4663496340.0,4631387514.0
2026-07-20T10:45:28,002226.SZ,江南化工,4.64,1.75,0.08,4.57,4.65,4.57,4.56,87379.0,40412829.4,0.33,1.59,22.87,1.3,12291002047.0,12290979914.0
2026-07-20T10:45:28,600170.SH,上海建工,2.32,1.75,0.04,2.28,2.33,2.27,2.28,724744.0,167545819.0,0.82,1.64,5187.44,0.67,20615380206.0,20615380206.0
2026-07-20T10:45:28,301378.SZ,通达海,22.73,1.75,0.39,22.74,23.41,22.38,22.34,11673.0,26771775.24,2.54,1.72,-13.37,1.85,2195718000.0,1043637290.0
2026-07-20T10:45:28,300854.SZ,中兰环保,14.5,1.75,0.25,15.06,15.76,14.34,14.25,75588.0,114209224.72,6.63,3.03,21.15,2.22,2027340700.0,1652728053.0
2026-07-20T10:45:28,002352.SZ,顺丰控股,33.66,1.75,0.58,33.06,33.72,33.06,33.08,98888.0,331118121.07,0.21,1.39,17.54,1.8,177230269905.0,160558603213.0
2026-07-20T10:45:28,601218.SH,吉鑫科技,4.06,1.75,0.07,3.99,4.13,3.99,3.99,151265.0,61629940.0,1.56,2.3,15.08,1.31,3934276059.0,3934276059.0
2026-07-20T10:45:28,600072.SH,中船科技,8.15,1.75,0.14,8.0,8.24,7.98,8.01,141817.0,115685276.0,1.31,1.83,-15.48,1.61,12230295128.0,8829199125.0
2026-07-20T10:45:28,300310.SZ,宜通世纪,4.08,1.75,0.07,4.01,4.16,4.0,4.01,128317.0,52537607.21,1.86,1.47,-178.0,1.91,3597166806.0,2820800388.0
2026-07-20T10:45:28,001217.SZ,华尔泰,8.7,1.75,0.15,8.7,8.82,8.61,8.55,26459.0,23102336.0,0.81,2.11,-49.47,1.34,2887269000.0,2855099332.0
2026-07-20T10:45:28,600233.SH,圆通速递,17.41,1.75,0.3,17.08,17.53,16.91,17.11,110240.0,190908760.0,0.32,1.14,10.82,1.69,59593387803.0,59593387803.0
2026-07-20T10:45:28,000429.SZ,粤高速Ａ,14.58,1.74,0.25,14.33,14.61,14.22,14.33,47468.0,68247847.0,0.36,1.88,16.86,2.65,30483953317.0,19002550029.0
2026-07-20T10:45:28,601877.SH,正泰电器,23.92,1.74,0.41,23.59,24.14,23.51,23.51,99743.0,238202075.0,0.46,1.8,10.14,1.16,51403337906.0,51403337906.0
2026-07-20T10:45:28,603696.SH,安记食品,11.14,1.74,0.19,10.88,11.32,10.72,10.95,38629.0,43012568.0,1.64,2.33,58.52,4.66,2620128000.0,2620128000.0
2026-07-20T10:45:28,688588.SH,凌志软件,8.75,1.74,0.15,8.65,8.91,8.65,8.6,18348.0,16127717.0,0.47,1.46,-430.33,2.97,3412587526.0,3412587526.0
2026-07-20T10:45:28,600216.SH,浙江医药,12.3,1.74,0.21,12.1,12.33,11.97,12.09,102778.0,125294157.0,1.08,1.28,10.3,1.08,11828144325.0,11702090543.0
2026-07-20T10:45:28,001338.SZ,永顺泰,8.76,1.74,0.15,8.54,8.78,8.54,8.61,26792.0,23350873.75,0.53,1.74,33.09,1.21,4395162106.0,4395162106.0
2026-07-20T10:45:28,600966.SH,博汇纸业,4.68,1.74,0.08,4.6,4.7,4.58,4.6,80169.0,37378172.0,0.6,1.29,28.25,0.84,6256431268.0,6256431268.0
2026-07-20T10:45:28,002480.SZ,新筑股份,5.25,1.74,0.09,5.14,5.34,5.14,5.16,75468.0,39865795.0,0.98,2.24,-26.61,5.01,4038135518.0,4030056560.0
2026-07-20T10:45:28,300904.SZ,威力传动,37.02,1.73,0.63,36.22,38.2,36.22,36.39,7006.0,26191667.0,3.21,2.26,-26.89,4.59,2679627249.0,807724498.0
2026-07-20T10:45:28,000825.SZ,太钢不锈,3.52,1.73,0.06,3.46,3.53,3.45,3.46,198701.0,69612802.0,0.35,1.92,248.42,0.61,20050792242.0,20050792242.0
2026-07-20T10:45:28,603605.SH,珀莱雅,57.71,1.73,0.98,56.73,58.08,56.48,56.73,21580.0,123943295.0,0.54,1.12,15.58,3.88,22851777788.0,22851777788.0
2026-07-20T10:45:28,301556.SZ,托普云农,54.0,1.73,0.92,53.11,54.91,53.0,53.08,5734.0,31037453.0,1.95,1.47,188.0,4.75,4605120000.0,1591920000.0
2026-07-20T10:45:28,000028.SZ,国药一致,21.14,1.73,0.36,20.78,21.17,20.76,20.78,20645.0,43421618.4,0.39,1.29,11.26,0.7,12942364286.0,11116640974.0
2026-07-20T10:45:28,300479.SZ,神思电子,12.97,1.73,0.22,12.78,13.24,12.77,12.75,24012.0,31267223.34,1.22,2.05,-18.41,4.84,2555620019.0,2554160894.0
2026-07-20T10:45:28,688613.SH,奥精医疗,14.69,1.73,0.25,14.44,15.1,14.3,14.44,21094.0,31121736.0,1.54,1.42,356.61,1.4,2012656099.0,2012656099.0
2026-07-20T10:45:28,688584.SH,上海合晶,32.9,1.73,0.56,33.62,35.21,31.71,32.34,168466.0,558580237.0,4.91,1.65,438.56,5.29,22016527081.0,11294577567.0
2026-07-20T10:45:28,300437.SZ,清水源,10.0,1.73,0.17,9.93,10.2,9.83,9.83,37395.0,37641210.0,2.15,1.81,-592.91,1.77,2452030970.0,1737505970.0
2026-07-20T10:45:28,300815.SZ,玉禾田,16.45,1.73,0.28,16.21,16.68,16.2,16.17,25208.0,41632168.12,0.65,2.22,9.98,1.44,6556838400.0,6421756264.0
2026-07-20T10:45:28,600251.SH,冠农股份,8.87,1.72,0.15,8.77,8.98,8.72,8.72,52088.0,46046180.0,0.67,1.46,5.91,1.73,6891933081.0,6891933081.0
2026-07-20T10:45:28,300628.SZ,亿联网络,37.34,1.72,0.63,36.77,37.46,36.08,36.71,82514.0,304053402.41,1.14,1.68,18.03,5.67,47306732197.0,27104011863.0
2026-07-20T10:45:28,600765.SH,中航重机,13.01,1.72,0.22,12.86,13.1,12.83,12.79,81492.0,105898943.0,0.52,1.58,31.96,1.41,20197948931.0,20197948931.0
2026-07-20T10:45:28,601375.SH,中原证券,4.15,1.72,0.07,4.07,4.17,4.07,4.08,344388.0,142452183.0,1.0,2.02,28.56,1.32,19267971505.0,14307206755.0
2026-07-20T10:45:28,688768.SH,容知日新,41.4,1.72,0.7,40.92,42.12,40.1,40.7,7701.0,31797536.0,0.88,2.07,-39.89,3.45,3642732718.0,3612710929.0
2026-07-20T10:45:28,300266.SZ,兴源环境,1.77,1.72,0.03,1.74,1.8,1.73,1.74,79063.0,14020183.27,0.51,1.23,-21.58,90.04,2750238946.0,2748882772.0
2026-07-20T10:45:28,688101.SH,三达膜,17.81,1.71,0.3,17.51,18.43,17.31,17.51,71668.0,128099440.0,2.16,1.45,15.01,1.32,5913134895.0,5913134895.0
2026-07-20T10:45:28,600166.SH,福田汽车,2.97,1.71,0.05,2.93,3.0,2.93,2.92,780419.0,231206459.0,0.99,1.77,11.72,1.46,23514679090.0,23514679090.0
2026-07-20T10:45:28,300783.SZ,三只松鼠,17.21,1.71,0.29,16.8,17.29,16.72,16.92,32977.0,56441515.03,1.18,1.35,6.32,2.18,6913022944.0,4823660104.0
2026-07-20T10:45:28,301002.SZ,崧盛股份,29.76,1.71,0.5,30.71,32.6,29.39,29.26,60059.0,186042488.64,7.07,3.69,65.64,3.66,4015715537.0,2529158838.0
2026-07-20T10:45:28,688658.SH,悦康药业,13.05,1.71,0.22,12.79,13.37,12.7,12.83,96138.0,125488555.0,2.14,1.55,-44.35,1.79,5872500000.0,5872500000.0
2026-07-20T10:45:28,300498.SZ,温氏股份,14.29,1.71,0.24,13.96,14.31,13.58,14.05,363849.0,508015259.72,0.61,1.64,-22.21,2.49,95084649768.0,84966624757.0
2026-07-20T10:45:28,000972.SZ,中基健康,3.56,1.71,0.06,3.5,3.64,3.49,3.5,55917.0,19952511.0,0.72,2.32,-34.97,422.9,2745769541.0,2745769541.0
2026-07-20T10:45:28,688981.SH,中芯国际,142.27,1.71,2.39,145.0,147.47,139.0,139.88,469656.0,6777726507.0,2.35,1.52,223.69,8.13,1217945868909.0,284477763846.0
2026-07-20T10:45:28,300189.SZ,神农种业,4.16,1.71,0.07,4.08,4.22,4.08,4.09,311825.0,129551166.74,3.52,1.2,-163.9,6.19,4259840000.0,3686801764.0
2026-07-20T10:45:28,688480.SH,赛恩斯,69.0,1.71,1.16,67.44,70.48,66.58,67.84,10317.0,70811178.0,1.08,1.36,51.18,5.64,6577506351.0,6577506351.0
2026-07-20T10:45:28,601995.SH,中金公司,35.98,1.7,0.6,35.3,36.66,35.26,35.38,198543.0,715434407.0,0.68,1.33,12.14,1.69,173684702111.0,105189056991.0
2026-07-20T10:45:28,300926.SZ,博俊科技,16.74,1.7,0.28,16.46,16.9,16.46,16.46,17848.0,29879653.0,0.6,1.3,14.05,2.06,7270620337.0,4988402653.0
2026-07-20T10:45:28,600313.SH,农发种业,5.39,1.7,0.09,5.27,5.43,5.27,5.3,104623.0,56106690.0,0.97,1.45,82.48,2.6,6259805693.0,5833050794.0
2026-07-20T10:45:28,600588.SH,用友网络,8.97,1.7,0.15,8.93,9.09,8.86,8.82,291045.0,261598728.0,0.85,1.63,-10.6,4.45,30650466759.0,30650466759.0
2026-07-20T10:45:28,600556.SH,天下秀,4.18,1.7,0.07,4.13,4.25,4.11,4.11,310582.0,129969087.0,1.72,1.82,585.97,1.98,7556385144.0,7556385144.0
2026-07-20T10:45:28,601669.SH,中国电建,4.79,1.7,0.08,4.71,4.79,4.71,4.71,754104.0,359151074.0,0.58,2.08,10.57,0.57,82513303210.0,62612608822.0
2026-07-20T10:45:28,300079.SZ,数码视讯,4.18,1.7,0.07,4.12,4.24,4.11,4.11,139198.0,58366459.19,1.09,1.6,144.82,1.46,5960797299.0,5356584962.0
2026-07-20T10:45:28,603366.SH,日出东方,6.57,1.7,0.11,6.4,6.66,6.35,6.46,76915.0,50131891.0,0.95,2.1,-33.62,1.26,5341726024.0,5341726024.0
2026-07-20T10:45:28,002568.SZ,百润股份,18.61,1.69,0.31,18.21,18.83,17.75,18.3,145655.0,267409561.21,1.91,2.15,22.39,4.1,19384617076.0,14182839762.0
2026-07-20T10:45:28,002294.SZ,信立泰,37.89,1.69,0.63,36.3,38.98,35.88,37.26,213198.0,802828136.42,1.91,1.33,46.88,4.95,42240398511.0,42230895737.0
2026-07-20T10:45:28,300603.SZ,立昂技术,7.24,1.69,0.12,7.24,7.4,7.18,7.12,66430.0,48419604.0,1.78,1.82,-27.39,2.67,3365139192.0,2707261917.0
2026-07-20T10:45:28,000524.SZ,岭南控股,8.44,1.69,0.14,8.32,8.5,8.28,8.3,61456.0,51664848.0,0.92,0.98,43.03,2.48,5656560559.0,5654524333.0
2026-07-20T10:45:28,002063.SZ,远光软件,5.43,1.69,0.09,5.31,5.44,5.3,5.34,216970.0,117048543.94,1.23,2.28,240.28,2.65,10401017396.0,9606550002.0
2026-07-20T10:45:28,603789.SH,ST星农,6.03,1.69,0.1,5.93,6.22,5.93,5.93,35234.0,21435713.0,1.36,1.26,-13.01,15.28,1599244038.0,1567800000.0
2026-07-20T10:45:28,002355.SZ,兴民智通,4.22,1.69,0.07,4.15,4.32,4.11,4.15,108925.0,46251853.0,1.76,1.76,-4.22,3.45,2820989820.0,2608663263.0
2026-07-20T10:45:28,920924.BJ,广脉科技,13.83,1.69,0.23,13.8,14.44,13.6,13.6,12156.0,17126321.78,1.86,2.52,93.35,4.62,1483910595.0,904096710.0
2026-07-20T10:45:28,603367.SH,辰欣药业,14.43,1.69,0.24,14.08,14.61,13.9,14.19,94558.0,135282449.0,2.09,1.07,12.49,1.05,6533242081.0,6533242081.0
2026-07-20T10:45:28,603169.SH,兰石重装,6.06,1.68,0.1,5.96,6.13,5.96,5.96,82713.0,50236608.0,0.63,1.82,-49.93,2.98,7916128296.0,7916128296.0
2026-07-20T10:45:28,688213.SH,思特威-W,91.48,1.68,1.51,90.85,93.44,90.22,89.97,54001.0,494965459.0,1.67,1.24,38.86,7.21,36803023777.0,29594646864.0
2026-07-20T10:45:28,600547.SH,山东黄金,24.16,1.68,0.4,23.65,24.21,23.54,23.76,301879.0,722574107.0,0.84,1.5,19.26,3.57,111375897324.0,87324951264.0
2026-07-20T10:45:28,600325.SH,华发股份,2.42,1.68,0.04,2.41,2.45,2.37,2.38,313591.0,75870505.0,1.14,1.43,-1.76,0.78,6660208121.0,6660208121.0
2026-07-20T10:45:28,603970.SH,中农立华,10.31,1.68,0.17,10.15,10.37,10.13,10.14,11331.0,11638778.0,0.42,1.82,12.61,1.8,2771329382.0,2771329382.0
2026-07-20T10:45:28,002267.SZ,陕天然气,7.28,1.68,0.12,7.17,7.31,7.16,7.16,53935.0,39090961.04,0.48,1.84,5.45,1.19,8095909240.0,8095909240.0
2026-07-20T10:45:28,600662.SH,外服控股,4.24,1.68,0.07,4.2,4.27,4.18,4.17,67485.0,28550157.0,0.3,1.55,10.23,1.79,9681798761.0,9653471050.0
2026-07-20T10:45:28,002001.SZ,新 和 成,29.69,1.68,0.49,29.0,30.08,28.8,29.2,215588.0,638107244.46,0.71,2.18,12.48,2.79,91249889679.0,90164074362.0
2026-07-20T10:45:28,603699.SH,纽威股份,39.99,1.68,0.66,39.18,40.77,38.99,39.33,62578.0,250294280.0,0.83,1.34,22.45,7.38,31003563131.0,30318127693.0
2026-07-20T10:45:28,920006.BJ,晟楠科技,14.49,1.68,0.24,14.2,14.82,14.2,14.25,6492.0,9459107.63,1.36,2.57,-65.98,4.3,1308261528.0,692580153.0
2026-07-20T10:45:28,002530.SZ,金财互联,6.66,1.68,0.11,6.55,6.74,6.55,6.55,74076.0,49496777.72,1.07,1.77,80.49,3.91,5189459846.0,4629521404.0
2026-07-20T10:45:28,300862.SZ,蓝盾光电,15.85,1.67,0.26,15.93,16.26,15.67,15.59,28836.0,46072450.0,1.9,2.09,-84.43,1.49,2926193747.0,2400815461.0
2026-07-20T10:45:28,002061.SZ,浙江交科,3.65,1.67,0.06,3.59,3.66,3.58,3.59,90454.0,32949010.9,0.35,1.77,11.18,0.62,9761193285.0,9486853335.0
2026-07-20T10:45:28,300641.SZ,正丹股份,13.98,1.67,0.23,13.75,14.17,13.65,13.75,31312.0,43905804.28,0.6,1.33,27.34,2.44,7347116444.0,7347116444.0
2026-07-20T10:45:28,601696.SH,中银证券,11.57,1.67,0.19,11.42,11.63,11.41,11.38,190986.0,220426438.0,0.69,1.34,22.22,1.66,32141460000.0,32141460000.0
2026-07-20T10:45:28,000089.SZ,深圳机场,6.7,1.67,0.11,6.56,6.75,6.56,6.59,117677.0,78634873.4,0.57,1.88,13.31,1.19,13740155710.0,13740155710.0
2026-07-20T10:45:28,002311.SZ,海大集团,48.73,1.67,0.8,47.5,48.78,47.11,47.93,48404.0,233591236.16,0.29,1.26,22.71,3.41,80602955898.0,80525240465.0
2026-07-20T10:45:28,000563.SZ,陕国投Ａ,3.05,1.67,0.05,3.01,3.07,3.01,3.0,324176.0,98569843.0,0.63,1.68,10.71,0.82,15597609592.0,15597609592.0
2026-07-20T10:45:28,600973.SH,宝胜股份,5.49,1.67,0.09,5.43,5.58,5.43,5.4,104744.0,57824122.0,0.76,1.58,37.9,2.22,7528800702.0,7528800702.0
2026-07-20T10:45:28,002470.SZ,金正大,1.83,1.67,0.03,1.8,1.86,1.79,1.8,527904.0,96830260.6,1.61,1.58,131.4,2.82,6013430768.0,6012896728.0
2026-07-20T10:45:28,600649.SH,城投控股,3.66,1.67,0.06,3.6,3.67,3.59,3.6,90370.0,32929908.0,0.36,1.45,315.37,0.44,9166472811.0,9166472811.0
2026-07-20T10:45:28,600036.SH,招商银行,38.65,1.66,0.63,37.95,38.72,37.89,38.02,540914.0,2080482225.0,0.26,1.8,6.44,0.88,974747032479.0,797308702181.0
2026-07-20T10:45:28,300832.SZ,新产业,45.91,1.66,0.75,45.25,46.5,44.69,45.16,43106.0,196569360.79,0.63,1.71,20.4,4.22,36072349419.0,31362144242.0
2026-07-20T10:45:28,603232.SH,格尔软件,13.45,1.66,0.22,13.29,13.81,13.29,13.23,33963.0,46138656.0,1.47,1.66,-27.38,2.4,3127738253.0,3110984933.0
2026-07-20T10:45:28,300627.SZ,华测导航,26.98,1.66,0.44,26.54,27.14,26.36,26.54,45981.0,123171417.71,0.7,1.55,42.63,5.2,21382196669.0,17701212583.0
2026-07-20T10:45:28,002692.SZ,远程股份,3.67,1.66,0.06,3.64,3.75,3.63,3.61,84877.0,31373332.0,1.18,1.91,-17.91,2.34,2635595820.0,2634083872.0
2026-07-20T10:45:28,688088.SH,虹软科技,32.43,1.66,0.53,32.47,33.04,32.0,31.9,39254.0,127503679.0,0.98,1.71,60.14,4.76,13009956072.0,13009956072.0
2026-07-20T10:45:28,002609.SZ,捷顺科技,7.35,1.66,0.12,7.3,7.47,7.3,7.23,41431.0,30579293.0,0.9,1.71,639.78,2.02,4729275481.0,3372620383.0
2026-07-20T10:45:28,002673.SZ,西部证券,6.72,1.66,0.11,6.61,6.74,6.61,6.61,204586.0,137051296.23,0.46,2.31,26.39,1.0,30035589058.0,30035589058.0
2026-07-20T10:45:28,002223.SZ,鱼跃医疗,27.73,1.65,0.45,27.06,27.75,26.98,27.28,72413.0,198768699.34,0.77,1.3,16.23,2.13,27798685241.0,26129793736.0
2026-07-20T10:45:28,300601.SZ,康泰生物,12.34,1.65,0.2,12.1,12.48,12.04,12.14,96419.0,119012557.76,1.07,1.2,103.35,1.51,13782919495.0,11110901349.0
2026-07-20T10:45:28,603833.SH,欧派家居,33.35,1.65,0.54,32.86,33.45,32.45,32.81,15653.0,51696713.0,0.26,1.33,32.81,1.14,20315248114.0,20315248114.0
2026-07-20T10:45:28,000158.SZ,常山北明,12.3,1.65,0.2,12.29,12.51,12.2,12.1,131275.0,162142360.98,0.83,1.17,-48.39,3.74,19662985668.0,19531312631.0
2026-07-20T10:45:28,301153.SZ,中科江南,16.64,1.65,0.27,16.37,16.79,16.37,16.37,25852.0,42956577.65,0.78,1.5,-59.02,3.23,5918257613.0,5520359071.0
2026-07-20T10:45:28,600704.SH,物产中大,4.93,1.65,0.08,4.86,4.94,4.86,4.85,207590.0,101837994.0,0.4,1.57,6.56,0.61,25493916858.0,25493916858.0
2026-07-20T10:45:28,600536.SH,中国软件,33.19,1.65,0.54,32.01,33.7,31.36,32.65,277037.0,897619432.0,3.28,1.96,-105.11,8.82,30992376723.0,28000939155.0
2026-07-20T10:45:28,603161.SH,科华控股,13.53,1.65,0.22,13.35,13.66,12.8,13.31,55292.0,73443720.0,2.9,5.74,41.9,1.76,2630336249.0,2580830588.0
2026-07-20T10:45:28,000927.SZ,中国铁物,2.46,1.65,0.04,2.43,2.48,2.41,2.42,285238.0,70046457.16,0.47,1.65,36.71,1.55,14883869957.0,14883862429.0
2026-07-20T10:45:28,301371.SZ,敷尔佳,24.07,1.65,0.39,23.75,24.38,23.7,23.68,14562.0,35091791.89,1.87,1.3,18.24,2.3,12518903280.0,1872390858.0
2026-07-20T10:45:28,601059.SH,信达证券,16.78,1.64,0.27,16.51,16.85,16.51,16.51,35859.0,59919411.0,0.11,0.91,30.08,2.45,54417540000.0,54417540000.0
2026-07-20T10:45:28,600573.SH,惠泉啤酒,9.27,1.64,0.15,9.13,9.38,9.1,9.12,43837.0,40566553.0,1.75,1.76,70.45,1.73,2317500000.0,2317500000.0
2026-07-20T10:45:28,603027.SH,千禾味业,7.42,1.64,0.12,7.3,7.47,7.26,7.3,80983.0,59828069.0,0.61,1.31,16.66,3.02,9874080501.0,9874080501.0
2026-07-20T10:45:28,601858.SH,中国科传,17.32,1.64,0.28,16.88,17.77,16.88,17.04,62180.0,108104247.0,0.79,1.32,91.26,2.51,13691460000.0,13691460000.0
2026-07-20T10:45:28,600796.SH,钱江生化,4.96,1.64,0.08,4.85,5.01,4.85,4.88,35999.0,17816801.0,1.16,1.8,29.38,1.25,4298265399.0,1544930329.0
2026-07-20T10:45:28,300130.SZ,新国都,17.35,1.64,0.28,17.25,17.58,17.21,17.07,51170.0,89037426.3,1.18,1.37,23.07,2.26,9842749280.0,7532810358.0
2026-07-20T10:45:28,000737.SZ,北方铜业,12.4,1.64,0.2,12.33,12.45,12.2,12.2,150095.0,185148269.9,0.79,1.17,9.6,3.29,23618483794.0,23616286824.0
2026-07-20T10:45:28,600217.SH,中再资环,3.09,1.64,0.05,3.03,3.13,3.02,3.04,118160.0,36693876.0,0.71,2.61,-49.43,1.8,5122149850.0,5122149850.0
2026-07-20T10:45:28,600603.SH,广汇物流,4.33,1.64,0.07,4.25,4.38,4.24,4.26,40265.0,17383624.0,0.34,1.06,86.52,0.69,5091832112.0,5091832112.0
2026-07-20T10:45:28,600859.SH,王府井,9.97,1.63,0.16,9.87,10.03,9.76,9.81,114391.0,113398050.0,1.02,1.77,54.25,0.58,11205596297.0,11204565798.0
2026-07-20T10:45:28,000514.SZ,渝 开 发,3.74,1.63,0.06,3.75,3.88,3.71,3.68,94437.0,35903333.8,1.12,2.82,24.44,0.86,3155703409.0,3155703409.0
2026-07-20T10:45:28,603195.SH,公牛集团,37.92,1.63,0.61,37.57,37.95,37.2,37.31,29837.0,112445204.0,0.17,2.17,16.16,4.76,68386672661.0,68262194422.0
2026-07-20T10:45:28,600576.SH,祥源文旅,5.64,1.62,0.09,5.52,5.68,5.46,5.55,92043.0,51380749.0,1.39,1.47,82.19,2.3,5947653202.0,3724600068.0
2026-07-20T10:45:28,600635.SH,大众公用,4.4,1.62,0.07,4.33,4.43,4.33,4.33,176418.0,77357053.0,0.73,1.27,63.9,1.46,12990712570.0,10642683370.0
2026-07-20T10:45:28,000819.SZ,岳阳兴长,11.32,1.62,0.18,11.25,11.49,11.17,11.14,23494.0,26660810.58,0.64,1.32,373.4,2.01,4182791008.0,4143347600.0
2026-07-20T10:45:28,000905.SZ,厦门港务,8.14,1.62,0.13,8.02,8.2,7.99,8.01,56230.0,45772540.7,0.76,1.49,18.37,1.38,12554386412.0,6038313840.0
2026-07-20T10:45:28,603808.SH,歌力思,7.53,1.62,0.12,7.27,7.65,7.27,7.41,25797.0,19418622.0,0.71,2.12,16.7,1.07,2738911244.0,2738911244.0
2026-07-20T10:45:28,002572.SZ,索菲亚,8.17,1.62,0.13,8.07,8.2,7.96,8.04,59996.0,48679827.91,0.92,1.61,-51.18,1.19,7868095330.0,5322457775.0
2026-07-20T10:45:28,301622.SZ,英思特,39.49,1.62,0.63,39.22,40.29,39.08,38.86,7136.0,28351242.5,1.1,1.5,-90.66,2.98,4578149941.0,2553399548.0
2026-07-20T10:45:28,603206.SH,嘉环科技,13.17,1.62,0.21,13.03,13.49,12.98,12.96,27546.0,36529382.0,0.9,1.83,69.22,1.78,4019483842.0,4019483842.0
2026-07-20T10:45:28,002187.SZ,广百股份,5.01,1.62,0.08,4.9,5.05,4.88,4.93,72743.0,36265689.0,1.04,1.39,36.36,0.88,3511482111.0,3511482111.0
2026-07-20T10:45:28,002321.SZ,华英农业,1.89,1.61,0.03,1.87,1.92,1.86,1.86,142006.0,26852076.14,0.67,1.55,-66.79,4.37,4031162234.0,4014106946.0
2026-07-20T10:45:28,600329.SH,达仁堂,38.52,1.61,0.61,37.93,38.77,37.47,37.91,24777.0,94746295.0,0.44,1.22,17.5,5.19,29664034593.0,21844281993.0
2026-07-20T10:45:28,600480.SH,凌云股份,8.21,1.61,0.13,8.11,8.32,8.11,8.08,77432.0,63792502.0,0.64,1.58,16.36,1.27,10034486388.0,9960250016.0
2026-07-20T10:45:28,300248.SZ,新开普,7.59,1.61,0.12,7.59,7.72,7.52,7.47,31613.0,24057370.0,0.77,1.11,-16.95,1.71,3615484303.0,3104632712.0
2026-07-20T10:45:28,003040.SZ,楚天龙,10.11,1.61,0.16,10.01,10.3,10.01,9.95,57870.0,58788249.92,1.27,2.11,-94.92,3.25,4662084677.0,4618756108.0
2026-07-20T10:45:28,600300.SH,维维股份,3.15,1.61,0.05,3.1,3.16,3.08,3.1,134547.0,42129757.0,0.83,1.6,15.13,1.44,5093997867.0,5093997867.0
2026-07-20T10:45:28,600926.SH,杭州银行,15.81,1.61,0.25,15.59,15.87,15.56,15.56,228806.0,360364433.0,0.32,1.71,4.32,0.83,114606730284.0,114606730284.0
2026-07-20T10:45:28,600606.SH,绿地控股,1.26,1.61,0.02,1.24,1.27,1.24,1.24,560561.0,70481874.0,0.4,1.39,21.68,0.46,17708315076.0,17708315076.0
2026-07-20T10:45:28,600996.SH,贵广网络,6.31,1.61,0.1,6.27,6.43,6.24,6.21,100369.0,63627331.0,0.81,1.24,-7.4,5.01,7867307079.0,7867307079.0
2026-07-20T10:45:28,603365.SH,水星家纺,17.7,1.61,0.28,17.67,17.96,17.05,17.42,14722.0,25702225.0,0.56,2.87,11.05,1.53,4646184510.0,4622066490.0
2026-07-20T10:45:28,000428.SZ,华天酒店,3.15,1.61,0.05,3.11,3.18,3.1,3.1,49834.0,15663829.58,0.49,1.35,-12.84,2.51,3209616900.0,3209616900.0
2026-07-20T10:45:28,002679.SZ,福建金森,8.23,1.6,0.13,8.14,8.39,8.12,8.1,21180.0,17459155.0,0.9,1.72,-22.52,2.63,1940271880.0,1940271880.0
2026-07-20T10:45:28,002238.SZ,天威视讯,5.72,1.6,0.09,5.62,5.8,5.58,5.63,32363.0,18517618.23,0.4,1.48,-53.28,2.35,4590638395.0,4590638395.0
2026-07-20T10:45:28,301300.SZ,远翔新材,29.19,1.6,0.46,29.22,30.73,29.05,28.73,8608.0,25702254.0,2.19,3.39,37.68,2.32,1909872510.0,1147576039.0
2026-07-20T10:45:28,688318.SH,财富趋势,69.27,1.6,1.09,67.7,71.0,67.7,68.18,29140.0,202678701.0,0.81,1.6,179.78,6.58,24837954100.0,24837954100.0
2026-07-20T10:45:28,300294.SZ,博雅生物,15.91,1.6,0.25,15.63,15.98,15.56,15.66,39316.0,62161191.24,0.78,1.26,66.37,1.08,8022597422.0,8022597422.0
2026-07-20T10:45:28,688520.SH,神州细胞,36.88,1.6,0.58,35.91,37.16,35.52,36.3,18556.0,67726404.0,0.42,1.33,-24.68,244.92,17345981132.0,16423981132.0
2026-07-20T10:45:28,000895.SZ,双汇发展,24.99,1.59,0.39,24.45,25.03,24.38,24.6,87200.0,215824895.58,0.25,1.66,16.76,4.35,86581883713.0,86570594580.0
2026-07-20T10:45:28,002727.SZ,一心堂,11.5,1.59,0.18,11.32,11.59,11.25,11.32,67033.0,76914656.0,1.71,1.58,9.58,0.91,6734447438.0,4518527192.0
2026-07-20T10:45:28,920261.BJ,一诺威,12.81,1.59,0.2,12.69,12.85,12.56,12.61,5524.0,7038040.68,0.34,1.59,15.36,2.42,3729410502.0,2052753784.0
2026-07-20T10:45:28,600346.SH,恒力石化,15.3,1.59,0.24,15.19,15.56,15.03,15.06,218660.0,334611865.0,0.31,1.39,6.89,1.57,107698226726.0,107698226726.0
2026-07-20T10:45:28,605009.SH,豪悦护理,24.26,1.59,0.38,23.71,24.3,23.71,23.88,6820.0,16451270.0,0.32,1.47,15.62,1.58,5216820910.0,5216820910.0
2026-07-20T10:45:28,603590.SH,康辰药业,34.75,1.58,0.54,34.22,35.12,33.6,34.21,30265.0,104231495.0,1.91,1.23,29.26,1.75,5525614076.0,5498265826.0
2026-07-20T10:45:28,000831.SZ,中国稀土,46.37,1.58,0.72,45.55,46.66,45.3,45.65,147254.0,679070974.14,1.39,1.71,88.79,10.01,49208808821.0,49208808821.0
2026-07-20T10:45:28,300396.SZ,ST迪瑞,6.42,1.58,0.1,6.38,6.49,6.36,6.32,15675.0,10064121.0,0.58,1.57,-384.74,1.14,1750735034.0,1747929905.0
2026-07-20T10:45:28,002573.SZ,清新环境,3.22,1.58,0.05,3.18,3.25,3.18,3.17,65600.0,21128729.0,0.46,2.11,52.82,0.83,4557159994.0,4549870236.0
2026-07-20T10:45:28,920753.BJ,天纺标,14.83,1.58,0.23,15.01,15.67,14.61,14.6,5186.0,7778634.03,1.59,2.03,52.09,3.14,1207226777.0,485084110.0
2026-07-20T10:45:28,002116.SZ,中国海诚,7.07,1.58,0.11,6.96,7.13,6.95,6.96,20231.0,14309327.47,0.37,2.2,24.0,1.46,3951796706.0,3881021806.0
2026-07-20T10:45:28,605218.SH,伟时电子,12.89,1.58,0.2,12.79,13.19,12.74,12.69,20636.0,26768725.0,0.97,1.89,-30.56,1.77,3129881754.0,2743423299.0
2026-07-20T10:45:28,600905.SH,三峡能源,3.86,1.58,0.06,3.81,3.88,3.8,3.8,734612.0,282769211.0,0.26,2.04,26.52,1.25,110348329548.0,110348329548.0
2026-07-20T10:45:28,603787.SH,新日股份,9.63,1.58,0.15,9.47,9.78,9.45,9.48,19007.0,18332994.0,0.83,2.15,22.01,1.46,2216284698.0,2216284698.0
2026-07-20T10:45:28,603202.SH,天有为,52.02,1.58,0.81,52.12,52.42,51.53,51.21,5924.0,30849995.0,1.18,1.58,16.39,1.25,8323200000.0,2612110015.0
2026-07-20T10:45:28,601127.SH,赛力斯,55.15,1.57,0.85,54.3,55.78,54.3,54.3,111886.0,617413643.0,0.72,0.98,31.83,2.41,96070477493.0,85879767069.0
2026-07-20T10:45:28,002391.SZ,长青股份,5.16,1.57,0.08,5.08,5.21,5.08,5.08,48850.0,25181206.0,1.05,1.91,27.27,0.81,3351897558.0,2394747285.0
2026-07-20T10:45:28,002840.SZ,华统股份,7.78,1.57,0.12,7.66,7.85,7.55,7.66,93384.0,72184110.31,1.17,1.13,-6.49,1.74,6240854538.0,6197762409.0
2026-07-20T10:45:28,002019.SZ,亿帆医药,10.37,1.57,0.16,10.2,10.43,10.15,10.21,98840.0,101892596.03,1.17,1.19,29.52,1.44,12613965181.0,8736914823.0
2026-07-20T10:45:28,600642.SH,申能股份,8.43,1.57,0.13,8.34,8.44,8.26,8.3,123845.0,104000464.0,0.25,1.58,13.09,1.15,41257089140.0,41254844905.0
2026-07-20T10:45:28,601212.SH,白银有色,4.54,1.57,0.07,4.51,4.68,4.49,4.47,721550.0,330908539.0,0.97,1.73,56.04,2.11,33617676280.0,33617676280.0
2026-07-20T10:45:28,002401.SZ,中远海科,11.68,1.57,0.18,11.59,11.8,11.45,11.5,18440.0,21542912.0,0.5,1.73,148.68,2.63,4341087379.0,4337362510.0
2026-07-20T10:45:28,601200.SH,上海环境,7.11,1.57,0.11,6.99,7.16,6.98,7.0,53011.0,37623111.0,0.39,1.76,15.24,0.81,9571697085.0,9571697085.0
2026-07-20T10:45:28,002575.SZ,群兴玩具,4.52,1.57,0.07,4.44,4.67,4.44,4.45,136365.0,62290368.13,2.33,1.89,-782.42,3.3,2786580000.0,2641151260.0
2026-07-20T10:45:28,600335.SH,国机汽车,5.16,1.57,0.08,5.11,5.19,5.07,5.08,74262.0,38167341.0,0.5,2.11,15.23,0.66,7675277563.0,7675277563.0
2026-07-20T10:45:28,300917.SZ,特发服务,24.02,1.56,0.37,23.7,24.58,23.53,23.65,31129.0,74943431.17,1.84,1.67,30.93,3.45,4059380000.0,4059380000.0
2026-07-20T10:45:28,920665.BJ,科强股份,8.48,1.56,0.13,8.43,8.6,8.39,8.35,6481.0,5508696.54,1.01,1.29,29.04,1.53,1102315200.0,543327745.0
2026-07-20T10:45:28,601921.SH,浙版传媒,7.17,1.56,0.11,7.09,7.24,7.07,7.06,34830.0,24969572.0,0.16,1.9,30.56,1.14,15933333339.0,15933333339.0
2026-07-20T10:45:28,301098.SZ,金埔园林,7.17,1.56,0.11,7.2,7.59,7.14,7.06,66178.0,48662366.75,3.43,1.75,-24.22,1.19,1659508840.0,1383714790.0
2026-07-20T10:45:28,600019.SH,宝钢股份,5.85,1.56,0.09,5.76,5.88,5.75,5.76,571277.0,333612721.0,0.27,1.81,14.32,0.62,127425195782.0,125272460132.0
2026-07-20T10:45:28,301658.SZ,首航新能,22.95,1.55,0.35,22.76,23.4,22.6,22.6,18166.0,41827699.62,1.86,1.76,-67.82,3.0,9463917548.0,2235712829.0
2026-07-20T10:45:28,603227.SH,雪峰科技,7.22,1.55,0.11,7.1,7.26,7.1,7.11,44824.0,32296565.0,0.42,1.77,42.35,1.53,7737621215.0,7737621215.0
2026-07-20T10:45:28,300529.SZ,健帆生物,17.67,1.55,0.27,17.5,17.79,17.3,17.4,55637.0,98017116.5,1.09,1.62,16.0,4.44,14111355209.0,9054144665.0
2026-07-20T10:45:28,300154.SZ,瑞凌股份,7.84,1.55,0.12,7.99,8.05,7.71,7.72,72001.0,56736304.0,2.28,1.27,31.61,2.06,3524512776.0,2470810896.0
2026-07-20T10:45:28,000553.SZ,安道麦A,5.23,1.55,0.08,5.16,5.26,5.12,5.15,59450.0,30949685.0,0.27,1.38,5.35,0.68,12184915536.0,11386086356.0
2026-07-20T10:45:28,603983.SH,丸美生物,29.54,1.55,0.45,29.09,29.99,28.65,29.09,38082.0,111708421.0,0.95,2.23,29.31,3.56,11845540000.0,11845540000.0
2026-07-20T10:45:28,600861.SH,北京人力,13.11,1.55,0.2,12.91,13.14,12.9,12.91,11340.0,14805256.0,0.21,1.23,7.06,1.06,7421737733.0,7037651782.0
2026-07-20T10:45:28,601668.SH,中国建筑,4.6,1.55,0.07,4.53,4.61,4.53,4.53,1611216.0,739354377.0,0.39,1.85,3.42,0.39,190073796042.0,190073796042.0
2026-07-20T10:45:28,300760.SZ,迈瑞医疗,151.75,1.55,2.32,147.61,152.89,146.76,149.43,74695.0,1123948329.22,0.62,1.6,19.74,4.81,183987981540.0,183829841195.0
2026-07-20T10:45:28,600266.SH,城建发展,3.93,1.55,0.06,3.87,3.95,3.85,3.87,149697.0,58571015.0,0.72,1.38,12.43,0.45,8157671983.0,8157671983.0
2026-07-20T10:45:28,688615.SH,合合信息,97.18,1.55,1.48,96.68,99.36,96.08,95.7,25023.0,244426522.0,1.85,1.67,30.67,6.66,19047280000.0,13152180076.0
2026-07-20T10:45:28,000681.SZ,视觉中国,16.47,1.54,0.25,16.37,16.68,16.33,16.22,115670.0,190854532.54,1.71,1.36,12.08,3.01,11538510371.0,11135944158.0
2026-07-20T10:45:28,300645.SZ,正元智慧,11.86,1.54,0.18,11.65,12.19,11.65,11.68,24968.0,29912883.0,1.79,2.05,-35.65,1.61,1685383268.0,1652340466.0
2026-07-20T10:45:28,002651.SZ,利君股份,7.23,1.54,0.11,7.16,7.35,7.16,7.12,42575.0,30980902.98,0.75,1.55,59.3,2.73,7471915800.0,4088302124.0
2026-07-20T10:45:28,600850.SH,电科数字,14.46,1.54,0.22,14.27,14.6,14.01,14.24,46514.0,67143151.0,0.57,1.35,116.92,2.46,11802808551.0,11802808551.0
2026-07-20T10:45:28,688563.SH,航材股份,48.93,1.54,0.74,48.7,49.5,48.5,48.19,8510.0,41710494.0,0.62,1.26,45.75,2.13,22018500000.0,6663440355.0
2026-07-20T10:45:28,000157.SZ,中联重科,7.3,1.53,0.11,7.22,7.31,7.13,7.19,263722.0,191099401.78,0.37,1.46,17.85,1.12,63134307223.0,51608588080.0
2026-07-20T10:45:28,600875.SH,东方电气,25.25,1.53,0.38,25.0,25.79,25.0,24.87,248450.0,630930380.0,1.1,1.77,13.77,1.94,87323598232.0,57150006524.0
2026-07-20T10:45:28,600643.SH,爱建集团,3.98,1.53,0.06,3.95,4.01,3.93,3.92,77922.0,31016028.0,0.49,1.68,200.78,0.65,6340819696.0,6329599830.0
2026-07-20T10:45:28,300847.SZ,中船汉光,13.3,1.53,0.2,13.15,13.44,12.92,13.1,14245.0,18995641.5,0.48,1.93,38.38,2.65,3936933000.0,3936933000.0
2026-07-20T10:45:28,688023.SH,安恒信息,35.78,1.53,0.54,35.5,36.95,35.37,35.24,12571.0,45287155.0,1.23,1.45,-8.01,1.63,3655826617.0,3655826617.0
2026-07-20T10:45:28,600626.SH,申达股份,3.32,1.53,0.05,3.32,3.37,3.26,3.27,72218.0,24030517.0,0.65,2.02,-92.01,1.37,4384872294.0,3678489317.0
2026-07-20T10:45:28,300187.SZ,永清环保,4.66,1.53,0.07,4.59,4.75,4.59,4.59,57758.0,27050306.0,0.9,1.32,16.9,2.64,3008599289.0,2991145385.0
2026-07-20T10:45:28,002468.SZ,申通快递,14.03,1.52,0.21,14.02,14.19,13.82,13.82,148736.0,208549234.48,1.02,1.28,11.71,1.91,21477154389.0,20541409972.0
2026-07-20T10:45:28,600177.SH,雅戈尔,8.0,1.52,0.12,7.86,8.02,7.86,7.88,218146.0,173475769.0,0.48,2.53,10.03,0.89,36987535216.0,36027535464.0
2026-07-20T10:45:28,002538.SZ,ST司特,6.0,1.52,0.09,5.98,6.1,5.93,5.91,35245.0,21192727.0,0.41,1.19,18.52,0.99,5121334578.0,5117977806.0
2026-07-20T10:45:28,002312.SZ,川发龙蟒,8.04,1.52,0.12,7.9,8.07,7.88,7.92,89782.0,71887639.77,0.48,1.47,41.86,1.59,15177182322.0,15145906352.0
2026-07-20T10:45:28,688058.SH,宝兰德,20.03,1.52,0.3,19.74,20.78,19.74,19.73,5909.0,12022496.0,0.78,1.63,-11.01,2.46,1519005976.0,1519005976.0
2026-07-20T10:45:28,600221.SH,海航控股,1.34,1.52,0.02,1.32,1.34,1.31,1.32,1174254.0,156145657.0,0.27,1.47,8.39,8.33,57908947597.0,57412990010.0
2026-07-20T10:45:28,002152.SZ,广电运通,10.01,1.52,0.15,9.86,10.02,9.8,9.86,201126.0,199596907.33,0.81,1.44,27.46,2.03,24858662809.0,24846158467.0
2026-07-20T10:45:28,300520.SZ,科大国创,22.78,1.52,0.34,22.88,23.38,22.51,22.44,44365.0,102004107.73,1.57,1.58,-42.82,3.89,6652466590.0,6428952465.0
2026-07-20T10:45:28,300370.SZ,安控科技,2.0,1.52,0.03,1.98,2.04,1.98,1.97,126106.0,25353372.02,0.81,1.54,-30.12,7.25,3130752450.0,3122940168.0
2026-07-20T10:45:28,002219.SZ,新里程,2.01,1.52,0.03,1.97,2.03,1.96,1.98,525379.0,105498871.93,1.61,1.18,84.76,3.36,6938362724.0,6576461554.0
2026-07-20T10:45:28,603350.SH,安乃达,28.73,1.52,0.43,28.37,28.99,28.15,28.3,5625.0,16127609.0,1.27,1.89,30.88,2.52,3346872620.0,1267696885.0
2026-07-20T10:45:28,600022.SH,山东钢铁,1.34,1.52,0.02,1.32,1.36,1.31,1.32,727746.0,97848166.0,0.68,1.99,-16.44,0.76,14336458402.0,14336458402.0
2026-07-20T10:45:28,601900.SH,南方传媒,12.08,1.51,0.18,12.0,12.13,11.87,11.9,39850.0,47906600.0,0.45,1.49,8.87,1.23,10654198736.0,10654198736.0
2026-07-20T10:45:28,300775.SZ,三角防务,19.52,1.51,0.29,19.23,19.88,19.23,19.23,69426.0,136166414.32,1.31,1.27,248.85,1.81,10688204714.0,10377642217.0
2026-07-20T10:45:28,301073.SZ,君亭酒店,16.85,1.51,0.25,16.53,16.98,16.5,16.6,22890.0,38481828.0,1.29,1.63,121.9,3.7,3276500125.0,2995774239.0
2026-07-20T10:45:28,603237.SH,五芳斋,14.14,1.51,0.21,13.79,14.18,13.79,13.93,6132.0,8603904.0,0.32,1.01,-12.09,1.82,2771605806.0,2683869934.0
2026-07-20T10:45:28,688180.SH,君实生物-U,35.63,1.51,0.53,34.8,36.64,34.5,35.1,96738.0,346354560.0,1.26,1.23,-444.72,6.2,36580960104.0,27306624313.0
2026-07-20T10:45:28,000635.SZ,英 力 特,6.04,1.51,0.09,5.96,6.22,5.92,5.95,37423.0,22805828.0,1.02,2.49,-4.61,2.16,2380567083.0,2215591689.0
2026-07-20T10:45:28,000883.SZ,湖北能源,4.7,1.51,0.07,4.63,4.71,4.6,4.63,253525.0,118521727.0,0.39,2.24,16.44,0.91,33273121861.0,30454051634.0
2026-07-20T10:45:28,301032.SZ,新柴股份,9.39,1.51,0.14,9.34,9.69,9.26,9.25,26943.0,25600582.0,1.69,2.24,27.97,1.82,2264242626.0,1501205357.0
2026-07-20T10:45:28,603060.SH,国检集团,5.39,1.51,0.08,5.31,5.43,5.31,5.31,35561.0,19147609.0,0.44,1.67,-40.76,2.2,4333366256.0,4333366256.0
2026-07-20T10:45:28,601019.SH,山东出版,7.41,1.51,0.11,7.3,7.47,7.28,7.3,64893.0,47879097.0,0.31,1.94,11.77,1.02,15463929000.0,15463929000.0
2026-07-20T10:45:28,300892.SZ,品渥食品,20.12,1.51,0.3,19.82,20.49,19.71,19.82,22220.0,44745834.15,3.44,3.4,-287.07,1.96,2012000000.0,1298997500.0
2026-07-20T10:45:28,601555.SH,东吴证券,8.08,1.51,0.12,8.0,8.1,7.97,7.96,185356.0,149261888.0,0.37,1.44,12.53,0.92,40147118923.0,40147118923.0
2026-07-20T10:45:28,000048.SZ,京基智农,18.9,1.5,0.28,18.8,20.2,18.8,18.62,130179.0,253081540.83,2.46,1.51,-10.84,2.67,10020831975.0,10003821975.0
2026-07-20T10:45:28,300830.SZ,金现代,7.43,1.5,0.11,7.42,7.63,7.34,7.32,49530.0,37170014.0,1.47,1.46,-106.62,2.55,3355690750.0,2504539856.0
2026-07-20T10:45:28,000408.SZ,藏格矿业,69.63,1.5,1.03,68.72,70.42,67.38,68.6,76654.0,528647199.4,0.49,1.77,17.35,7.14,109243534321.0,109242385426.0
2026-07-20T10:45:28,000338.SZ,潍柴动力,24.97,1.5,0.37,24.83,25.98,24.67,24.6,382258.0,969754997.91,0.77,1.14,17.48,2.26,215746308906.0,123761121799.0
2026-07-20T10:45:28,600664.SH,哈药股份,5.41,1.5,0.08,4.8,5.57,4.8,5.33,5157901.0,2647819804.0,20.48,4.29,21.14,2.33,13625138429.0,13625138429.0
2026-07-20T10:45:28,002489.SZ,浙江永强,2.7,1.5,0.04,2.68,2.72,2.67,2.66,113839.0,30699155.44,0.6,1.25,9.45,1.31,5856344045.0,5165157888.0
2026-07-20T10:45:28,002676.SZ,顺威股份,4.73,1.5,0.07,4.63,4.84,4.63,4.66,82492.0,39306168.0,1.15,2.11,32.41,2.54,3405600000.0,3405488651.0
2026-07-20T10:45:28,003029.SZ,吉大正元,15.56,1.5,0.23,15.3,15.86,15.3,15.33,15100.0,23624347.0,0.86,1.56,-56.09,2.94,3012730732.0,2740100642.0
2026-07-20T10:45:28,002285.SZ,世联行,2.03,1.5,0.03,2.01,2.06,1.99,2.0,200100.0,40684509.0,1.01,1.42,-250.45,1.85,4045442947.0,4009734056.0
2026-07-20T10:45:28,002073.SZ,软控股份,5.42,1.5,0.08,5.32,5.44,5.32,5.34,82457.0,44580058.79,0.81,1.67,45.69,0.87,5552157773.0,5495938823.0
2026-07-20T10:45:28,000950.SZ,重药控股,5.41,1.5,0.08,5.3,5.42,5.27,5.33,186976.0,100488815.9,1.09,1.14,13.57,0.79,9266129499.0,9266129499.0
2026-07-20T10:45:28,600269.SH,赣粤高速,4.07,1.5,0.06,4.02,4.08,4.0,4.01,136744.0,55325993.0,0.59,1.39,8.64,0.49,9505106547.0,9505106547.0
2026-07-20T10:45:28,600763.SH,通策医疗,35.83,1.5,0.53,34.81,36.02,34.78,35.3,42981.0,152779498.0,0.96,1.26,21.44,3.63,16026369062.0,16026369062.0
2026-07-20T10:45:28,600621.SH,华鑫股份,13.66,1.49,0.2,13.47,13.72,13.45,13.46,68561.0,93252597.0,0.65,1.02,23.33,1.55,14491884329.0,14491884329.0
2026-07-20T10:45:28,603043.SH,广州酒家,13.65,1.49,0.2,13.48,13.68,13.35,13.45,22276.0,30202245.0,0.4,1.94,36.69,2.06,7743199601.0,7677474851.0
2026-07-20T10:45:28,002264.SZ,新 华 都,6.14,1.49,0.09,6.04,6.19,6.04,6.05,92657.0,56781309.0,1.42,1.52,13.19,2.2,4419641382.0,4020366453.0
2026-07-20T10:45:28,000007.SZ,全新好,9.55,1.49,0.14,9.41,10.09,9.36,9.41,53919.0,52797503.0,1.56,1.97,-381.05,18.47,3308578820.0,3308578820.0
2026-07-20T10:45:28,300891.SZ,惠云钛业,6.15,1.49,0.09,6.05,6.3,6.05,6.06,31056.0,19253188.0,0.93,1.5,-80.86,2.04,2460051334.0,2050866773.0
2026-07-20T10:45:28,603308.SH,应流股份,45.0,1.49,0.66,45.23,46.46,44.34,44.34,116009.0,526736212.0,1.71,1.72,63.57,6.14,30557282805.0,30557282805.0
2026-07-20T10:45:28,603658.SH,安图生物,32.71,1.49,0.48,32.25,32.89,32.25,32.23,17092.0,55791217.0,0.3,1.3,19.76,2.22,18691304161.0,18691304161.0
2026-07-20T10:45:28,603568.SH,伟明环保,14.95,1.49,0.22,14.82,15.1,14.75,14.73,46723.0,69660395.0,0.23,1.13,17.42,2.14,30624438399.0,30624438399.0
2026-07-20T10:45:28,000001.SZ,平安银行,10.94,1.48,0.16,10.75,10.95,10.74,10.78,575935.0,627419476.89,0.3,1.83,3.65,0.46,212300745086.0,212297271144.0
2026-07-20T10:45:28,300371.SZ,汇中股份,9.62,1.48,0.14,9.58,9.96,9.53,9.48,19624.0,19137659.0,1.4,2.87,66.35,1.67,1935710388.0,1346758268.0
2026-07-20T10:45:28,920478.BJ,峆一药业,11.67,1.48,0.17,10.88,12.12,10.88,11.5,45106.0,51511893.52,6.73,1.32,99.79,2.53,1285942741.0,781938909.0
2026-07-20T10:45:28,000882.SZ,华联股份,1.37,1.48,0.02,1.36,1.4,1.35,1.35,340367.0,46865329.24,1.24,1.35,-25.01,0.57,3750172167.0,3747410513.0
2026-07-20T10:45:28,605136.SH,丽人丽妆,7.54,1.48,0.11,7.43,7.65,7.42,7.43,41646.0,31487482.0,1.04,1.32,73.02,1.25,3019457090.0,3019457090.0
2026-07-20T10:45:28,920047.BJ,诺思兰德,18.48,1.48,0.27,18.37,18.83,18.08,18.21,33569.0,62077435.56,1.86,1.1,-106.63,19.08,5068546080.0,3328366771.0
2026-07-20T10:45:28,600682.SH,南京新百,5.5,1.48,0.08,5.4,5.51,5.35,5.42,83999.0,45784644.0,0.72,1.31,60.22,0.45,7398227216.0,6402331513.0
2026-07-20T10:45:28,600017.SH,日照港,2.74,1.48,0.04,2.71,2.75,2.7,2.7,236177.0,64552112.0,0.77,1.95,22.09,0.6,8427291653.0,8427291653.0
2026-07-20T10:45:28,000603.SZ,盛达资源,19.23,1.48,0.28,19.21,19.52,18.92,18.95,124862.0,239787031.46,1.87,1.52,41.77,3.8,13268110524.0,12820955584.0
2026-07-20T10:45:28,600795.SH,国电电力,4.82,1.47,0.07,4.75,4.83,4.72,4.75,931968.0,446344025.0,0.52,2.27,15.37,1.47,85967683975.0,85967683975.0
2026-07-20T10:45:28,600515.SH,海南机场,2.76,1.47,0.04,2.72,2.79,2.71,2.72,486049.0,133962472.0,0.53,1.33,70.1,1.3,31533854502.0,25325794522.0
2026-07-20T10:45:28,300855.SZ,图南股份,27.66,1.47,0.4,27.48,28.27,27.31,27.26,30450.0,84613256.35,1.04,1.65,28.62,5.35,10940401290.0,8103166777.0
2026-07-20T10:45:28,002237.SZ,恒邦股份,12.39,1.47,0.18,12.24,12.48,12.23,12.21,91731.0,113380110.84,0.77,1.28,24.28,1.33,17717333355.0,14773290939.0
2026-07-20T10:45:28,601222.SH,林洋能源,5.54,1.47,0.08,5.47,5.56,5.43,5.46,135942.0,74981877.0,0.67,2.14,46.95,0.75,11308359664.0,11308359664.0
2026-07-20T10:45:28,002114.SZ,罗平锌电,6.21,1.47,0.09,6.24,6.36,6.15,6.12,45228.0,28336588.42,1.4,1.8,-12.72,2.78,2008284608.0,2008257011.0
2026-07-20T10:45:28,002682.SZ,龙洲股份,4.13,1.47,0.06,4.07,4.23,4.04,4.07,184082.0,76501456.0,3.27,2.45,-12.61,4.41,2322582293.0,2322582293.0
2026-07-20T10:45:28,600688.SH,上海石化,2.77,1.47,0.04,2.74,2.79,2.73,2.73,554859.0,153410909.0,0.76,1.54,17.58,1.24,29203050475.0,20300813395.0
2026-07-20T10:45:28,688570.SH,天玛智控,14.47,1.47,0.21,14.47,14.67,14.35,14.26,3286.0,4767926.0,0.17,1.56,127.12,1.47,6265510000.0,2723254000.0
2026-07-20T10:45:28,002895.SZ,川恒股份,31.05,1.47,0.45,30.58,31.07,30.19,30.6,37060.0,113971198.48,0.62,1.38,24.94,2.68,18813393192.0,18616297107.0
2026-07-20T10:45:28,300360.SZ,炬华科技,11.77,1.47,0.17,11.48,11.85,11.47,11.6,31248.0,36707388.0,0.62,1.91,15.88,1.48,6051982473.0,5888256017.0
2026-07-20T10:45:28,601099.SH,太平洋,3.45,1.47,0.05,3.4,3.46,3.4,3.4,586014.0,201314662.0,0.86,1.75,241.13,2.37,23516291477.0,23516291477.0
2026-07-20T10:45:28,002287.SZ,奇正藏药,21.33,1.47,0.31,20.87,21.37,20.87,21.02,20721.0,43861440.74,0.36,1.13,32.05,2.54,12203281270.0,12178265211.0
2026-07-20T10:45:28,000029.SZ,深深房Ａ,21.43,1.47,0.31,21.2,21.63,21.02,21.12,28942.0,61513467.15,0.32,1.3,-1380.21,6.06,21679873800.0,19108273800.0
2026-07-20T10:45:28,000419.SZ,通程控股,4.83,1.47,0.07,4.76,4.91,4.75,4.76,41867.0,20290764.0,0.77,1.66,23.4,0.77,2625504224.0,2625504224.0
2026-07-20T10:45:28,002761.SZ,浙江建投,6.96,1.46,0.1,6.85,7.0,6.84,6.86,70356.0,48866152.05,0.65,1.84,7.9,1.07,9221108410.0,7529252199.0
2026-07-20T10:45:28,600958.SH,XD东方证,9.06,1.46,0.13,8.95,9.11,8.94,8.93,301527.0,272667212.0,0.4,1.86,12.13,0.96,76979606346.0,67673514748.0
2026-07-20T10:45:28,002707.SZ,众信旅游,4.88,1.46,0.07,4.78,4.91,4.77,4.81,77715.0,37761009.92,0.9,1.25,121.18,5.33,4795649361.0,4221140962.0
2026-07-20T10:45:28,002967.SZ,广电计量,16.66,1.46,0.24,16.6,16.89,16.57,16.42,25651.0,42860473.6,0.47,1.09,156.73,2.21,10614085200.0,9116796672.0
2026-07-20T10:45:28,300304.SZ,云意电气,11.13,1.46,0.16,11.28,11.54,10.97,10.97,173431.0,195998491.0,2.03,2.32,34.74,2.91,9773739581.0,9510757893.0
2026-07-20T10:45:28,300940.SZ,南极光,12.52,1.46,0.18,12.58,12.87,12.45,12.34,41037.0,52035297.0,2.61,2.45,111.58,2.37,2787507537.0,1971642363.0
2026-07-20T10:45:28,603014.SH,威高血净,31.87,1.46,0.46,31.2,32.26,31.14,31.41,9197.0,29215822.0,0.91,1.09,28.13,1.87,13313822083.0,3234323189.0
2026-07-20T10:45:28,002075.SZ,沙钢股份,3.48,1.46,0.05,3.43,3.51,3.41,3.43,155484.0,54108868.36,0.71,1.51,37.16,1.16,7634512549.0,7634500282.0
2026-07-20T10:45:28,300982.SZ,苏文电能,14.56,1.46,0.21,14.63,15.02,14.49,14.35,20825.0,30697326.0,1.07,2.29,-88.97,1.06,3013412526.0,2823142446.0
2026-07-20T10:45:28,601398.SH,工商银行,7.68,1.45,0.11,7.5,7.7,7.48,7.57,2752415.0,2097696696.0,0.1,1.7,7.87,0.71,2737200054444.0,2070621792300.0
2026-07-20T10:45:28,600686.SH,金龙汽车,10.51,1.45,0.15,10.31,10.7,10.3,10.36,95907.0,100982625.0,1.34,1.38,12.56,2.16,7536168353.0,7536168353.0
2026-07-20T10:45:28,600587.SH,新华医疗,13.28,1.45,0.19,13.01,13.3,12.91,13.09,66557.0,87472891.0,1.1,1.76,16.23,1.03,8056239611.0,8056239611.0
2026-07-20T10:45:28,603617.SH,君禾股份,6.3,1.45,0.09,6.21,6.6,6.21,6.21,49269.0,31520913.0,1.27,2.01,35.09,1.6,2455811423.0,2436375923.0
2026-07-20T10:45:28,000610.SZ,*ST西旅,5.61,1.45,0.08,5.58,5.68,5.54,5.53,16011.0,9010227.0,0.68,1.67,-12.47,-16.36,1328155725.0,1321163662.0
2026-07-20T10:45:28,600610.SH,中毅达,6.28,1.45,0.09,6.21,6.38,6.15,6.19,94685.0,59756141.0,1.34,2.13,90.93,48.38,6727604519.0,4450803707.0
2026-07-20T10:45:28,000800.SZ,一汽解放,6.3,1.45,0.09,6.23,6.33,6.22,6.21,93209.0,58669466.24,0.19,1.78,78.05,1.18,31004070143.0,31001280553.0
2026-07-20T10:45:28,002862.SZ,实丰文化,12.58,1.45,0.18,12.31,12.9,12.31,12.4,23406.0,29607901.6,1.82,1.95,79.79,7.02,2132184200.0,1617504799.0
2026-07-20T10:45:28,603071.SH,物产环能,11.93,1.45,0.17,11.78,11.96,11.72,11.76,15392.0,18316731.0,0.28,1.65,9.64,1.16,6656396493.0,6656396493.0
2026-07-20T10:45:28,000031.SZ,大悦城,2.11,1.44,0.03,2.08,2.14,2.07,2.08,218924.0,46189427.19,0.51,1.71,-10.22,0.88,9044121145.0,9044102919.0
2026-07-20T10:45:28,300743.SZ,天地数码,14.12,1.44,0.2,14.02,14.38,13.93,13.92,12530.0,17750282.0,0.98,1.68,13.54,3.68,2135005041.0,1799041852.0
2026-07-20T10:45:28,301508.SZ,中机认检,22.6,1.44,0.32,22.4,22.92,22.4,22.28,5752.0,13041334.0,0.98,1.51,40.92,2.53,5109525520.0,1329702640.0
2026-07-20T10:45:28,002821.SZ,凯莱英,164.32,1.44,2.33,150.0,168.98,150.0,161.99,96352.0,1556587153.1,3.04,1.73,48.7,3.38,59283528990.0,52096646747.0
2026-07-20T10:45:28,300657.SZ,弘信电子,33.07,1.44,0.47,34.44,34.5,32.65,32.6,132298.0,443410023.35,2.82,1.44,105.12,11.22,15943895113.0,15493424403.0
2026-07-20T10:45:28,002570.SZ,贝因美,4.24,1.44,0.06,4.21,4.26,4.15,4.18,143161.0,60418366.0,1.33,1.97,29.39,2.81,4579383732.0,4579180212.0
2026-07-20T10:45:28,600361.SH,创新新材,3.53,1.44,0.05,3.49,3.55,3.49,3.48,216857.0,76367725.0,0.58,1.45,12.37,1.19,13176300083.0,13176300083.0
2026-07-20T10:45:28,002441.SZ,众业达,7.76,1.44,0.11,7.78,7.9,7.68,7.65,23410.0,18237796.0,0.59,1.48,11.02,0.96,4225658406.0,3092780041.0
2026-07-20T10:45:28,603288.SH,海天味业,36.52,1.44,0.52,36.01,36.83,35.72,36.0,134539.0,490640827.0,0.24,1.65,21.86,5.72,213708646955.0,203073131867.0
2026-07-20T10:45:28,301558.SZ,三态股份,6.36,1.44,0.09,6.26,6.47,6.26,6.27,36632.0,23411986.0,1.67,1.59,88.05,3.63,5017093778.0,1395904579.0
2026-07-20T10:45:28,601128.SH,常熟银行,6.32,1.44,0.09,6.22,6.32,6.21,6.23,255346.0,160537394.0,0.7,1.81,4.79,0.73,23056492822.0,23056492822.0
2026-07-20T10:45:28,001239.SZ,永达股份,12.01,1.44,0.17,12.26,12.26,11.87,11.84,9913.0,11925004.0,0.87,1.29,280.29,2.12,2882400000.0,1369140000.0
2026-07-20T10:45:28,002474.SZ,榕基软件,5.64,1.44,0.08,5.65,5.75,5.57,5.56,105405.0,59671742.0,1.99,1.74,-112.54,2.66,3509208000.0,2982613365.0
2026-07-20T10:45:28,002742.SZ,冀衡医药,3.53,1.44,0.05,3.53,3.6,3.45,3.48,63070.0,22349150.33,1.2,1.85,-74.78,15.06,2414880205.0,1849579234.0
2026-07-20T10:45:28,301522.SZ,上大股份,21.92,1.43,0.31,22.0,22.39,21.72,21.61,24968.0,55114488.64,0.9,1.4,84.6,4.26,8151317341.0,6065684141.0
2026-07-20T10:45:28,603612.SH,索通发展,14.9,1.43,0.21,14.87,15.18,14.77,14.69,68639.0,102630809.0,1.38,1.89,8.99,1.27,7421756439.0,7421756439.0
2026-07-20T10:45:28,000796.SZ,凯撒旅业,3.55,1.43,0.05,3.5,3.59,3.49,3.5,164315.0,58399706.86,1.23,1.29,507.87,6.27,5693450652.0,4724204869.0
2026-07-20T10:45:28,300802.SZ,矩子科技,16.28,1.43,0.23,16.4,16.8,16.14,16.05,47128.0,77633678.04,2.42,1.82,35.55,3.15,4624793991.0,3169989488.0
2026-07-20T10:45:28,000548.SZ,湖南投资,4.27,1.43,0.06,4.2,4.33,4.18,4.21,41147.0,17619591.0,0.82,1.76,34.5,1.04,2131651513.0,2131651513.0
2026-07-20T10:45:28,300052.SZ,中青宝,9.96,1.43,0.14,10.0,10.08,9.9,9.82,49296.0,49198751.18,1.88,1.31,-45.44,7.57,2608112752.0,2608038052.0
2026-07-20T10:45:28,600307.SH,酒钢宏兴,1.42,1.43,0.02,1.4,1.43,1.4,1.4,317837.0,45070625.0,0.51,1.8,-12.23,1.67,8893967542.0,8893967542.0
2026-07-20T10:45:28,600528.SH,中铁工业,7.13,1.42,0.1,7.04,7.17,7.04,7.03,67144.0,47759301.0,0.3,1.6,12.42,0.62,15839662822.0,15839662822.0
2026-07-20T10:45:28,300723.SZ,一品红,37.19,1.42,0.52,36.0,38.03,35.73,36.67,73680.0,272667368.56,1.76,1.05,7.07,8.68,16798453968.0,15589629910.0
2026-07-20T10:45:28,002705.SZ,新宝股份,11.44,1.42,0.16,11.28,11.48,11.25,11.28,29288.0,33386452.12,0.36,1.29,29.47,1.1,9287858923.0,9239296855.0
2026-07-20T10:45:28,301137.SZ,哈焊华通,29.22,1.42,0.41,28.9,29.95,28.89,28.81,15513.0,45678822.0,0.85,1.65,195.58,3.87,5312587548.0,5312587548.0
2026-07-20T10:45:28,688070.SH,纵横股份,32.78,1.42,0.46,32.83,33.45,32.33,32.32,5100.0,16789801.0,0.58,1.09,-39.46,4.85,2898423990.0,2898423990.0
2026-07-20T10:45:28,600805.SH,悦达投资,4.3,1.42,0.06,4.25,4.35,4.23,4.24,30897.0,13294696.0,0.36,1.35,62.02,0.86,3658846324.0,3656184082.0
2026-07-20T10:45:28,600782.SH,新钢股份,2.86,1.42,0.04,2.83,2.87,2.8,2.82,281517.0,80116621.0,0.89,1.59,-3.12,0.36,9106303346.0,8996565146.0
2026-07-20T10:45:28,000560.SZ,我爱我家,2.15,1.42,0.03,2.12,2.18,2.11,2.12,371409.0,79964621.85,1.59,1.27,232.27,0.55,5064326830.0,5027637817.0
2026-07-20T10:45:28,601236.SH,红塔证券,7.12,1.42,0.1,7.09,7.15,7.03,7.02,109598.0,77832164.0,0.23,1.93,42.63,1.35,33415823987.0,33415823987.0
2026-07-20T10:45:28,002926.SZ,华西证券,8.56,1.42,0.12,8.44,8.59,8.4,8.44,115738.0,98878285.72,0.44,1.86,14.27,0.89,22470000000.0,22470000000.0
2026-07-20T10:45:28,688002.SH,睿创微纳,127.23,1.42,1.78,127.63,130.0,125.18,125.45,61272.0,782472486.0,1.3,1.53,31.22,8.4,59791963697.0,59791963697.0
2026-07-20T10:45:28,603113.SH,金能科技,4.3,1.42,0.06,4.23,4.39,4.21,4.24,56614.0,24490173.0,0.67,1.75,-1.54,0.5,3648509649.0,3648509649.0
2026-07-20T10:45:28,002802.SZ,洪汇新材,10.77,1.41,0.15,10.6,11.25,10.54,10.62,21936.0,23965207.23,1.47,1.83,38.17,3.07,1952018235.0,1612088139.0
2026-07-20T10:45:28,600516.SH,方大炭素,5.04,1.41,0.07,4.98,5.06,4.98,4.97,227071.0,113741525.0,0.56,1.53,572.61,1.24,20290890655.0,20290890655.0
2026-07-20T10:45:28,600828.SH,茂业商业,3.59,1.41,0.05,3.48,3.64,3.47,3.54,100562.0,36024363.0,0.58,1.39,-84.34,0.92,6217817340.0,6215583050.0
2026-07-20T10:45:28,600751.SH,海航科技,2.88,1.41,0.04,2.86,2.91,2.84,2.84,148213.0,42725013.0,0.58,1.47,160.05,1.11,8350092815.0,7410784470.0
2026-07-20T10:45:28,300271.SZ,华宇软件,5.05,1.41,0.07,5.03,5.18,5.02,4.98,87445.0,44627742.98,1.1,1.63,-18.22,1.16,4099896399.0,4011545881.0
2026-07-20T10:45:28,300177.SZ,中海达,5.74,1.41,0.08,5.72,5.86,5.7,5.66,53013.0,30657530.0,0.87,1.36,-36.61,3.38,4271530439.0,3480180661.0
2026-07-20T10:45:28,600906.SH,财达证券,7.18,1.41,0.1,7.12,7.22,7.08,7.08,256343.0,183641845.0,1.21,1.62,22.99,1.86,23299100000.0,15252006941.0
2026-07-20T10:45:28,603858.SH,步长制药,15.78,1.41,0.22,15.51,15.85,15.4,15.56,42571.0,66636615.0,0.4,1.41,12.98,1.63,16641090015.0,16641090015.0
2026-07-20T10:45:28,688225.SH,亚信安全,12.24,1.41,0.17,12.16,12.58,12.13,12.07,23258.0,28615107.0,0.58,1.13,-6.57,3.15,4896122400.0,4896122400.0
2026-07-20T10:45:28,002383.SZ,合众思壮,6.46,1.41,0.09,6.4,6.56,6.39,6.37,58582.0,38025193.0,0.79,1.27,2825.02,3.19,4782727570.0,4782727570.0
2026-07-20T10:45:28,300448.SZ,浩云科技,5.03,1.41,0.07,5.01,5.17,5.0,4.96,100958.0,51437420.7,1.57,2.1,622.67,2.82,3402880907.0,3232112775.0
2026-07-20T10:45:28,001386.SZ,马可波罗,14.53,1.4,0.2,14.35,14.63,14.3,14.33,13993.0,20298884.2,1.3,1.37,27.19,1.46,17362187600.0,1562596884.0
2026-07-20T10:45:28,002483.SZ,润邦股份,5.07,1.4,0.07,5.0,5.12,4.99,5.0,42668.0,21644509.04,0.48,1.62,16.42,1.0,4494394854.0,4488221551.0
2026-07-20T10:45:28,601089.SH,福元医药,17.39,1.4,0.24,17.1,17.56,16.94,17.15,23126.0,39998971.0,0.48,1.23,21.87,2.29,8347200000.0,8347200000.0
2026-07-20T10:45:28,002081.SZ,金 螳 螂,3.63,1.4,0.05,3.61,3.69,3.59,3.58,456237.0,166181965.74,1.73,1.64,13.68,0.71,9638824991.0,9598603411.0
2026-07-20T10:45:28,002027.SZ,分众传媒,5.07,1.4,0.07,4.99,5.08,4.88,5.0,1091915.0,546551743.92,0.76,1.85,10.23,5.76,73221952611.0,73221952611.0
2026-07-20T10:45:28,603233.SH,大参林,18.83,1.4,0.26,18.43,18.89,18.37,18.57,39339.0,73521305.0,0.35,0.94,10.49,3.01,21444630612.0,21444630612.0
2026-07-20T10:45:28,600645.SH,中源协和,18.1,1.4,0.25,17.85,18.28,17.6,17.85,53361.0,96175410.0,1.14,1.26,87.34,2.28,8469874909.0,8466639987.0
2026-07-20T10:45:28,603258.SH,电魂网络,11.56,1.4,0.16,11.28,11.76,11.28,11.4,17735.0,20553786.0,0.73,1.27,-31.09,1.44,2806360510.0,2789906006.0
2026-07-20T10:45:28,002521.SZ,齐峰新材,6.53,1.4,0.09,6.5,6.61,6.45,6.44,25189.0,16481977.38,0.6,1.05,22.79,0.94,3657198657.0,2737203543.0
2026-07-20T10:45:28,603551.SH,奥普科技,9.43,1.4,0.13,9.31,9.51,9.31,9.3,12429.0,11719816.0,0.33,2.05,22.07,2.93,3627566820.0,3582302820.0
2026-07-20T10:45:28,600271.SH,航天信息,6.53,1.4,0.09,6.46,6.59,6.44,6.44,71974.0,46950566.0,0.39,1.22,-11.52,0.93,12099336686.0,12099336686.0
2026-07-20T10:45:28,600572.SH,康恩贝,4.34,1.4,0.06,4.27,4.37,4.24,4.28,384935.0,166244273.0,1.52,1.49,13.88,1.6,11017229015.0,10987969373.0
2026-07-20T10:45:28,000785.SZ,居然智家,2.18,1.4,0.03,2.15,2.21,2.14,2.15,300356.0,65376272.62,0.52,1.46,54.65,0.71,13574966415.0,12653770503.0
2026-07-20T10:45:28,601226.SH,华电科工,5.79,1.4,0.08,5.76,5.89,5.72,5.71,74915.0,43685175.0,0.64,1.84,-32.22,1.57,6729275223.0,6729275223.0
2026-07-20T10:45:28,600168.SH,武汉控股,4.35,1.4,0.06,4.33,4.37,4.29,4.29,32204.0,13970199.0,0.32,1.96,26.16,0.8,4321279425.0,4321279425.0
2026-07-20T10:45:28,002261.SZ,拓维信息,27.76,1.39,0.38,27.9,28.68,27.18,27.38,456530.0,1278717303.11,3.98,1.17,142.29,13.43,34976716510.0,31815888153.0
2026-07-20T10:45:28,002296.SZ,辉煌科技,8.73,1.39,0.12,8.63,8.81,8.63,8.61,35343.0,30862952.0,1.02,1.38,10.05,1.38,3401037067.0,3032142318.0
2026-07-20T10:45:28,601929.SH,吉视传媒,2.19,1.39,0.03,2.16,2.23,2.15,2.16,491931.0,107910015.0,1.41,1.3,-19.1,1.63,7642636088.0,7642636088.0
2026-07-20T10:45:28,002094.SZ,青岛金王,4.39,1.39,0.06,4.35,4.46,4.33,4.33,91872.0,40487112.1,1.33,1.37,97.38,2.05,3033040240.0,3031091080.0
2026-07-20T10:45:28,600897.SH,厦门空港,14.62,1.39,0.2,14.5,14.65,14.4,14.42,7282.0,10595186.0,0.17,1.56,12.98,1.27,6095575080.0,6095575080.0
2026-07-20T10:45:28,002451.SZ,摩恩电气,6.56,1.39,0.09,6.43,6.71,6.4,6.47,71701.0,47428029.61,1.63,2.43,121.41,3.77,2890795200.0,2880817440.0
2026-07-20T10:45:28,603598.SH,引力传媒,15.28,1.39,0.21,15.1,15.64,15.1,15.07,60862.0,93786244.0,2.26,1.69,99.17,18.33,4121060312.0,4116476312.0
2026-07-20T10:45:28,301129.SZ,瑞纳智能,19.03,1.39,0.26,18.75,19.57,18.75,18.77,10216.0,19673693.52,1.51,2.17,-30.16,1.45,2586127522.0,1286380425.0
2026-07-20T10:45:28,301215.SZ,中汽股份,5.1,1.39,0.07,5.04,5.14,5.03,5.03,57256.0,29137732.86,0.43,1.81,36.16,2.34,6751890000.0,6744240000.0
2026-07-20T10:45:28,600674.SH,川投能源,16.01,1.39,0.22,15.62,16.02,15.61,15.79,339243.0,537507344.0,0.7,1.94,13.43,1.68,78042455316.0,78042455316.0
2026-07-20T10:45:28,000498.SZ,山东路桥,5.11,1.39,0.07,5.07,5.14,5.04,5.04,52105.0,26572420.0,0.36,1.77,11.83,0.48,7932978743.0,7406167151.0
2026-07-20T10:45:28,000802.SZ,北京文化,3.65,1.39,0.05,3.59,3.74,3.58,3.6,200889.0,73393107.02,2.81,1.55,-31.69,4.28,2613035931.0,2611735618.0
2026-07-20T10:45:28,600993.SH,马应龙,24.02,1.39,0.33,23.72,24.08,23.57,23.69,35992.0,85914632.0,0.84,1.19,12.18,2.25,10353914462.0,10335974524.0
2026-07-20T10:45:28,600230.SH,沧州大化,12.52,1.38,0.17,12.28,12.71,12.28,12.35,63168.0,79169279.0,1.53,1.62,22.41,1.28,5182791908.0,5182791908.0
2026-07-20T10:45:28,002215.SZ,诺 普 信,8.8,1.38,0.12,8.74,8.92,8.72,8.68,101871.0,89814686.22,1.26,1.74,2.94,1.93,8840777528.0,7112293470.0
2026-07-20T10:45:28,300274.SZ,阳光电源,103.01,1.38,1.4,102.0,105.25,101.1,101.61,282753.0,2919330268.88,1.78,1.28,23.3,4.52,213561508786.0,163531277204.0
2026-07-20T10:45:28,600729.SH,重百集团,20.61,1.38,0.28,20.28,20.64,20.17,20.33,25927.0,53027015.0,1.35,1.82,10.17,1.14,9077737917.0,3967071415.0
2026-07-20T10:45:28,000829.SZ,天音控股,8.79,1.38,0.12,8.67,8.88,8.5,8.67,263611.0,229507334.31,2.57,2.12,-88.75,3.11,9010632850.0,9002099791.0
2026-07-20T10:45:28,000726.SZ,鲁  泰Ａ,5.86,1.38,0.08,5.82,5.92,5.79,5.78,27911.0,16337879.5,0.47,1.7,12.78,0.5,4790700057.0,3453511744.0
2026-07-20T10:45:28,920273.BJ,一致魔芋,16.9,1.38,0.23,16.56,17.3,16.34,16.67,11195.0,18885360.12,1.63,1.41,37.46,2.77,1741340578.0,1158287198.0
2026-07-20T10:45:28,000557.SZ,西部创业,3.71,1.37,0.05,3.69,3.74,3.66,3.66,45485.0,16867950.0,0.31,1.53,26.0,0.85,5410570267.0,5408869095.0
2026-07-20T10:45:28,603985.SH,恒润股份,16.32,1.37,0.22,16.35,16.98,16.11,16.1,99777.0,165396056.0,2.26,2.07,27.61,2.17,7194802609.0,7194802609.0
2026-07-20T10:45:28,600800.SH,渤海化学,2.96,1.37,0.04,2.91,3.01,2.89,2.92,139182.0,41223141.0,1.25,1.3,-5.75,3.36,3285733839.0,3284801439.0
2026-07-20T10:45:28,301408.SZ,华人健康,14.75,1.37,0.2,14.53,15.15,14.25,14.55,112132.0,165186202.62,4.9,1.18,18.59,2.76,5900147500.0,3377151194.0
2026-07-20T10:45:28,301361.SZ,众智科技,26.61,1.37,0.36,26.78,27.33,26.31,26.25,7783.0,20942325.88,1.38,1.99,37.33,2.51,3095700960.0,1499100960.0
2026-07-20T10:45:28,300575.SZ,中旗股份,5.18,1.37,0.07,5.16,5.25,5.08,5.11,74092.0,38325029.46,2.14,1.99,921.12,1.27,2479072631.0,1793810514.0
2026-07-20T10:45:28,000967.SZ,盈峰环境,7.42,1.37,0.1,7.46,7.65,7.3,7.32,461215.0,345914084.63,1.37,1.89,29.08,1.37,24925181052.0,24913898615.0
2026-07-20T10:45:28,002517.SZ,恺英网络,16.42,1.36,0.22,16.22,16.65,15.8,16.2,534477.0,869418569.44,2.83,1.6,11.24,3.46,35080397902.0,31018803171.0
2026-07-20T10:45:28,600741.SH,华域汽车,17.12,1.36,0.23,16.89,17.15,16.82,16.89,89832.0,153079336.0,0.28,1.45,10.85,0.79,53974634606.0,53974634606.0
2026-07-20T10:45:28,605099.SH,共创草坪,30.56,1.36,0.41,30.4,30.92,30.25,30.15,6086.0,18623966.0,0.15,1.35,15.31,4.1,12295647003.0,12268840505.0
2026-07-20T10:45:28,688253.SH,英诺特,50.69,1.36,0.68,51.0,52.5,48.02,50.01,12157.0,61073459.0,0.89,2.03,42.72,3.41,6943734978.0,6943734978.0
2026-07-20T10:45:28,002960.SZ,青鸟智控,8.18,1.36,0.11,8.1,8.21,8.08,8.07,44741.0,36519316.92,0.46,1.3,33.3,1.4,8619549241.0,7920047216.0
2026-07-20T10:45:28,000721.SZ,西安饮食,5.95,1.36,0.08,5.83,6.0,5.82,5.87,48043.0,28534154.0,0.94,1.25,-29.18,26.92,3414790133.0,3048543833.0
2026-07-20T10:45:28,600380.SH,健康元,10.4,1.36,0.14,10.26,10.46,10.24,10.26,102444.0,106255392.0,0.56,1.38,11.46,1.25,19026315214.0,19026315214.0
2026-07-20T10:45:28,603515.SH,欧普照明,17.18,1.36,0.23,16.95,17.27,16.95,16.95,4955.0,8507663.0,0.07,1.47,24.33,1.96,12752366088.0,12674554432.0
2026-07-20T10:45:28,300277.SZ,汽轮科技,11.91,1.36,0.16,12.0,12.18,11.8,11.75,92825.0,111285069.84,1.21,1.66,53.2,1.79,18062636410.0,9116489086.0
2026-07-20T10:45:28,300287.SZ,飞利信,3.73,1.36,0.05,3.75,3.92,3.68,3.68,332280.0,125874050.03,2.52,0.98,-46.8,5.4,5353571304.0,4917242610.0
2026-07-20T10:45:28,600037.SH,歌华有线,6.73,1.36,0.09,6.68,6.88,6.67,6.64,126565.0,85517801.0,0.91,1.51,34.65,0.74,9366665159.0,9366665159.0
2026-07-20T10:45:28,601390.SH,中国中铁,4.49,1.35,0.06,4.43,4.51,4.43,4.43,603535.0,270606031.0,0.3,1.54,6.32,0.34,110145583377.0,91254402277.0
2026-07-20T10:45:28,002124.SZ,天邦食品,2.25,1.35,0.03,2.22,2.25,2.18,2.22,318602.0,70724597.22,1.62,1.33,-1.77,3.01,4999351122.0,4437379424.0
2026-07-20T10:45:28,920171.BJ,志晟信息,18.04,1.35,0.24,17.71,18.42,17.69,17.8,10110.0,18327129.5,1.49,1.36,827.44,8.27,1808207559.0,1220080919.0
2026-07-20T10:45:28,002194.SZ,武汉凡谷,8.27,1.35,0.11,8.26,8.35,8.18,8.16,66910.0,55380736.08,1.31,1.39,-962.46,2.28,5650773616.0,4224968090.0
2026-07-20T10:45:28,000826.SZ,*ST启环,1.5,1.35,0.02,1.48,1.53,1.47,1.48,157733.0,23634830.16,1.11,1.77,-2.95,-0.85,2138029872.0,2137732700.0
2026-07-20T10:45:28,000886.SZ,海南高速,4.5,1.35,0.06,4.44,4.52,4.41,4.44,114126.0,51074494.5,1.17,1.49,-47.35,1.4,4449727350.0,4400224416.0
2026-07-20T10:45:28,300061.SZ,旗天科技,6.01,1.35,0.08,6.0,6.14,5.95,5.93,116576.0,70509371.98,1.87,1.51,95.97,8.54,3960551999.0,3739239927.0
2026-07-20T10:45:28,002344.SZ,海宁皮城,3.75,1.35,0.05,3.69,3.8,3.67,3.7,60334.0,22667457.23,0.47,1.89,32.28,0.57,4809813600.0,4804762845.0
2026-07-20T10:45:28,002300.SZ,太阳电缆,5.99,1.35,0.08,5.92,6.1,5.9,5.91,95720.0,57687517.36,1.33,1.84,67.16,2.33,4326778863.0,4326547116.0
2026-07-20T10:45:28,600927.SH,永安期货,12.75,1.35,0.17,12.58,12.83,12.57,12.58,36628.0,46589904.0,0.25,1.78,23.83,1.4,18493169364.0,18493169364.0
2026-07-20T10:45:28,301171.SZ,易点天下,26.96,1.35,0.36,27.11,27.76,26.63,26.6,200693.0,546635475.22,4.0,1.65,-65.61,4.52,16675325944.0,13530810461.0
2026-07-20T10:45:28,301026.SZ,浩通科技,17.24,1.35,0.23,16.81,17.52,16.81,17.01,31007.0,53197760.65,1.94,1.79,14.89,2.34,3820100936.0,2758965472.0
2026-07-20T10:45:28,300253.SZ,卫宁健康,6.83,1.34,0.09,6.76,6.91,6.72,6.74,303007.0,206648682.84,1.63,1.28,267.89,2.73,15034707430.0,12667063950.0
2026-07-20T10:45:28,601611.SH,中国核建,9.83,1.34,0.13,9.8,9.92,9.75,9.7,107916.0,106258087.0,0.36,1.51,18.38,1.32,29625990304.0,29625990304.0
2026-07-20T10:45:28,300921.SZ,南凌科技,13.58,1.34,0.18,13.67,14.14,13.45,13.4,49910.0,68865059.8,3.08,1.69,73.29,4.29,3486603089.0,2198397091.0
2026-07-20T10:45:28,688505.SH,复旦张江,7.57,1.34,0.1,7.44,7.69,7.37,7.47,48756.0,36819328.0,0.69,1.32,254.38,3.69,7846850797.0,5379030797.0
2026-07-20T10:45:28,688310.SH,迈得医疗,12.84,1.34,0.17,12.78,13.25,12.72,12.67,22981.0,29861487.0,1.4,1.73,-27.71,2.71,2109927864.0,2109927864.0
2026-07-20T10:45:28,001312.SZ,福恩股份,17.4,1.34,0.23,17.37,17.55,17.18,17.17,10909.0,18963617.48,1.91,1.31,24.99,1.77,4060000012.0,994588681.0
2026-07-20T10:45:28,002159.SZ,三特索道,12.83,1.34,0.17,12.71,12.96,12.7,12.66,17120.0,21970105.0,1.24,1.93,27.51,1.59,2274776000.0,1776602983.0
2026-07-20T10:45:28,688139.SH,海尔生物,27.32,1.34,0.36,27.06,27.65,26.78,26.96,24771.0,67591247.0,0.78,1.53,27.2,1.99,8646586629.0,8646586629.0
2026-07-20T10:45:28,002939.SZ,长城证券,8.29,1.34,0.11,8.19,8.32,8.19,8.18,128789.0,106639172.0,0.36,1.86,13.47,1.04,33445399465.0,29866048341.0
2026-07-20T10:45:28,600720.SH,中交设计,5.28,1.34,0.07,5.2,5.33,5.2,5.21,60139.0,31765607.0,0.6,1.78,42.4,0.77,12115464583.0,5327782791.0
2026-07-20T10:45:28,920496.BJ,许昌智能,6.05,1.34,0.08,6.0,6.18,5.96,5.97,12220.0,7396601.38,0.84,2.68,339.98,1.78,1001728750.0,877240514.0
2026-07-20T10:45:28,002266.SZ,浙富控股,4.55,1.34,0.06,4.55,4.6,4.49,4.49,422699.0,192089445.3,0.87,1.15,9.86,1.92,23747684879.0,22033762792.0
2026-07-20T10:45:28,600551.SH,时代出版,6.84,1.33,0.09,6.75,6.89,6.73,6.75,21308.0,14553562.0,0.31,1.55,22.91,0.79,4637897835.0,4637897835.0
2026-07-20T10:45:28,002637.SZ,赞宇科技,9.94,1.33,0.13,9.82,10.08,9.73,9.81,40025.0,39744387.0,0.86,1.1,11.55,1.26,4675785940.0,4621848180.0
2026-07-20T10:45:28,300418.SZ,昆仑万维,42.55,1.33,0.56,41.99,43.56,41.1,41.99,480429.0,2034668698.26,4.09,1.4,-15.41,4.27,54678227123.0,50010033945.0
2026-07-20T10:45:28,603077.SH,和邦生物,2.28,1.33,0.03,2.25,2.31,2.23,2.25,1099611.0,250356645.0,1.25,1.5,29.0,1.14,20136282220.0,20136282220.0
2026-07-20T10:45:28,688472.SH,阿特斯,9.14,1.33,0.12,9.12,9.31,9.01,9.02,219400.0,201125987.0,0.6,1.45,16.03,1.43,33298300624.0,33298300624.0
2026-07-20T10:45:28,603093.SH,南华期货,16.8,1.33,0.22,16.71,16.97,16.62,16.58,47056.0,79132398.0,0.77,1.64,15.72,2.24,12871680242.0,10249107002.0
2026-07-20T10:45:28,603628.SH,清源股份,9.16,1.33,0.12,9.04,9.31,9.03,9.04,18510.0,17034722.0,0.68,1.71,138.74,1.92,2497374367.0,2493110845.0
2026-07-20T10:45:28,300841.SZ,康华生物,46.33,1.33,0.61,45.37,46.49,45.18,45.72,14032.0,64437748.39,1.18,1.45,55.0,1.72,6020439831.0,5509476361.0
2026-07-20T10:45:28,600309.SH,万华化学,70.97,1.33,0.93,70.07,71.68,68.88,70.04,284827.0,2007449984.0,0.91,2.3,14.94,2.07,222169571297.0,222169571297.0
2026-07-20T10:45:28,301262.SZ,海看股份,19.06,1.33,0.25,18.84,19.28,18.84,18.81,19400.0,36992660.0,1.59,1.67,22.09,2.1,7948020000.0,2326756972.0
2026-07-20T10:45:28,600305.SH,恒顺醋业,6.87,1.33,0.09,6.84,6.93,6.78,6.78,53666.0,36841489.0,0.49,1.61,28.46,2.3,7589080619.0,7577334568.0
2026-07-20T10:45:28,600278.SH,东方创业,6.13,1.32,0.08,6.07,6.19,6.06,6.05,29021.0,17805095.0,0.34,1.98,37.02,0.7,5274979367.0,5274979367.0
2026-07-20T10:45:28,600196.SH,复星医药,23.71,1.32,0.31,23.35,23.97,23.24,23.4,176501.0,417761561.0,0.83,1.21,18.18,1.32,63315879296.0,50229370041.0
2026-07-20T10:45:28,300911.SZ,亿田智能,20.67,1.32,0.27,20.01,21.08,19.96,20.4,49155.0,100901945.68,2.87,1.75,-26.76,3.5,3789691397.0,3541670662.0
2026-07-20T10:45:28,688118.SH,普元信息,18.44,1.32,0.24,18.54,19.16,18.37,18.2,12526.0,23421597.0,1.34,1.53,-15.07,2.11,1720760188.0,1720760188.0
2026-07-20T10:45:28,000848.SZ,承德露露,8.47,1.32,0.11,8.34,8.48,8.3,8.36,70346.0,59219588.5,0.7,1.44,8.69,2.7,8639400627.0,8564390307.0
2026-07-20T10:45:28,603418.SH,友升股份,43.68,1.32,0.57,43.5,43.99,43.26,43.11,5155.0,22495592.0,1.25,2.02,20.43,1.89,8433229634.0,1806806252.0
2026-07-20T10:45:28,000423.SZ,东阿阿胶,50.79,1.32,0.66,50.14,50.9,49.76,50.13,50993.0,257011967.73,0.8,2.23,17.86,3.29,32496804391.0,32439587881.0
2026-07-20T10:45:28,300020.SZ,ST银江,3.07,1.32,0.04,3.04,3.14,3.03,3.03,44942.0,13899798.0,0.59,1.01,-8.57,1.83,2439661380.0,2353411373.0
2026-07-20T10:45:28,601066.SH,中信建投,26.85,1.32,0.35,26.68,27.12,26.58,26.5,145356.0,390372546.0,0.22,1.21,14.2,2.41,208267255299.0,174408767290.0
2026-07-20T10:45:28,688579.SH,地纬智能,7.73,1.31,0.1,7.56,7.85,7.56,7.63,18038.0,13972227.0,0.45,1.36,-38.84,2.26,3092077300.0,3092077300.0
2026-07-20T10:45:28,002051.SZ,中工国际,8.49,1.31,0.11,8.58,8.58,8.37,8.38,133306.0,112884278.75,1.09,1.35,39.72,0.9,10412841901.0,10412237243.0
2026-07-20T10:45:28,002500.SZ,山西证券,5.4,1.31,0.07,5.33,5.42,5.33,5.33,165299.0,88962753.1,0.46,2.08,19.0,1.05,19384766354.0,19384766354.0
2026-07-20T10:45:28,301388.SZ,欣灵电气,21.64,1.31,0.28,21.5,22.28,21.36,21.36,7790.0,17069244.44,1.07,1.87,111.85,2.3,2216966064.0,1572860899.0
2026-07-20T10:45:28,600511.SH,国药股份,27.92,1.31,0.36,27.71,27.98,27.57,27.56,25008.0,69562753.0,0.45,1.24,11.1,1.14,21065723704.0,15449432158.0
2026-07-20T10:45:28,600637.SH,东方明珠,7.73,1.31,0.1,7.68,7.78,7.67,7.63,180847.0,139840544.0,0.54,1.34,105.4,0.88,25987485585.0,25987485585.0
2026-07-20T10:45:28,300761.SZ,立华股份,19.34,1.31,0.25,18.97,19.48,18.73,19.09,59041.0,112807195.96,0.93,1.49,26.43,1.75,16368163788.0,12321135613.0
2026-07-20T10:45:28,301063.SZ,海锅股份,16.32,1.3,0.21,16.22,16.7,16.21,16.11,11211.0,18474588.0,1.16,2.25,64.89,1.09,1703167016.0,1577283985.0
2026-07-20T10:45:28,600062.SH,华润双鹤,17.15,1.3,0.22,16.85,17.19,16.79,16.93,63248.0,107747960.0,0.61,1.58,9.18,1.47,17811690064.0,17805565404.0
2026-07-20T10:45:28,601512.SH,中新集团,7.81,1.3,0.1,7.71,7.89,7.71,7.71,19512.0,15252776.0,0.13,1.98,24.65,0.77,11706330900.0,11706330900.0
2026-07-20T10:45:28,000958.SZ,电投产融,5.47,1.3,0.07,5.38,5.5,5.35,5.4,116581.0,63430630.72,0.22,1.86,22.42,1.99,100191391493.0,29447299304.0
2026-07-20T10:45:28,002131.SZ,利欧股份,3.89,1.3,0.05,3.88,4.06,3.86,3.84,2265537.0,894640250.51,3.87,1.79,210.66,2.07,26342219155.0,22775165986.0
2026-07-20T10:45:28,000661.SZ,长春高新,73.42,1.3,0.94,71.46,74.33,70.78,72.48,61346.0,447654582.96,1.54,1.34,27.15,1.35,29950773379.0,29339701583.0
2026-07-20T10:45:28,600882.SH,妙可蓝多,21.89,1.3,0.28,21.17,21.98,21.03,21.61,109232.0,234213843.0,2.15,1.92,36.8,2.35,11130050333.0,11130050333.0
2026-07-20T10:45:28,002117.SZ,东港股份,7.82,1.3,0.1,7.78,7.92,7.7,7.72,36126.0,28298907.5,0.69,1.37,20.63,3.09,4095497868.0,4094126334.0
2026-07-20T10:45:28,688129.SH,东来技术,20.25,1.3,0.26,20.0,20.5,19.68,19.99,6486.0,13044452.0,0.54,1.32,26.69,2.43,2439695700.0,2439695700.0
2026-07-20T10:45:28,600477.SH,杭萧钢构,2.34,1.3,0.03,2.32,2.39,2.32,2.31,171523.0,40510258.0,0.73,1.36,63.01,1.11,5519986140.0,5519986140.0
2026-07-20T10:45:28,002498.SZ,汉缆股份,5.44,1.3,0.07,5.4,5.55,5.36,5.37,397418.0,216861799.4,1.19,2.47,28.21,2.09,18097770240.0,18097770240.0
2026-07-20T10:45:28,300791.SZ,仙乐健康,17.17,1.3,0.22,16.81,17.3,16.81,16.95,8769.0,15056731.3,0.34,1.19,26.55,1.92,5300235854.0,4419681349.0
2026-07-20T10:45:28,601788.SH,光大证券,14.8,1.3,0.19,14.65,14.91,14.65,14.61,137343.0,203156411.0,0.35,1.46,14.63,1.1,68239657057.0,57819142817.0
2026-07-20T10:45:28,601901.SH,方正证券,7.06,1.29,0.09,6.97,7.11,6.97,6.97,340354.0,239842203.0,0.41,1.62,9.78,1.11,58118635849.0,58118635849.0
2026-07-20T10:45:28,000650.SZ,仁和药业,5.48,1.29,0.07,5.4,5.5,5.37,5.41,140429.0,76618459.61,1.05,1.49,13.66,1.23,7671661522.0,7295994370.0
2026-07-20T10:45:28,600125.SH,铁龙物流,5.51,1.29,0.07,5.47,5.54,5.44,5.44,54583.0,29954471.0,0.42,1.4,8.31,0.93,7193425526.0,7193425526.0
2026-07-20T10:45:28,001328.SZ,登康口腔,28.36,1.29,0.36,28.08,28.64,27.6,28.0,7731.0,21783376.0,0.48,1.61,23.57,3.42,4882848968.0,4586291284.0
2026-07-20T10:45:28,002256.SZ,兆新股份,3.15,1.29,0.04,3.16,3.23,3.14,3.11,339177.0,108267263.0,1.68,2.06,149.89,5.32,6428287294.0,6345192817.0
2026-07-20T10:45:28,300146.SZ,汤臣倍健,10.19,1.29,0.13,10.48,10.88,10.17,10.06,381062.0,400423456.49,3.4,4.47,10.73,1.6,17238188946.0,11419776675.0
2026-07-20T10:45:28,600027.SH,华电国际,4.71,1.29,0.06,4.6,4.73,4.58,4.65,649735.0,303716583.0,0.71,2.5,7.64,1.13,54691456407.0,43405840210.0
2026-07-20T10:45:28,300341.SZ,麦克奥迪,11.89,1.28,0.15,11.67,12.08,11.5,11.74,24007.0,28609816.0,0.47,1.46,36.31,3.17,6152008895.0,6127731893.0
2026-07-20T10:45:28,002701.SZ,奥瑞金,4.74,1.28,0.06,4.68,4.76,4.66,4.68,156637.0,73813510.12,0.61,1.45,5.87,1.22,12133264623.0,12121913470.0
2026-07-20T10:45:28,301602.SZ,超研股份,15.07,1.28,0.19,14.79,15.17,14.5,14.88,26656.0,39969136.24,1.28,1.81,177.05,4.95,6454927645.0,3142085822.0
2026-07-20T10:45:28,300093.SZ,金刚光伏,18.25,1.28,0.23,18.38,18.72,18.02,18.02,30725.0,56328151.0,1.33,1.45,-38.69,5.07,9855000000.0,4215344029.0
2026-07-20T10:45:28,600874.SH,创业环保,5.54,1.28,0.07,5.46,5.56,5.45,5.47,48719.0,26894431.0,0.4,1.81,7.87,0.85,8700116191.0,6816516191.0
2026-07-20T10:45:28,601012.SH,隆基绿能,11.9,1.28,0.15,11.75,12.03,11.7,11.75,619939.0,736786089.0,0.82,1.87,-11.74,1.79,90179022861.0,90178933064.0
2026-07-20T10:45:28,002095.SZ,生 意 宝,13.46,1.28,0.17,13.33,13.68,13.3,13.29,15245.0,20584906.0,0.61,1.52,742.55,3.94,3401611200.0,3387995266.0
2026-07-20T10:45:28,000758.SZ,中色股份,5.56,1.28,0.07,5.49,5.58,5.49,5.49,123389.0,68485157.57,0.62,1.35,10.65,1.81,11066846011.0,11024107097.0
2026-07-20T10:45:28,300987.SZ,川网传媒,12.79,1.27,0.16,12.67,13.1,12.63,12.63,21868.0,28143791.23,1.26,1.62,255.37,2.82,2217376720.0,2217376720.0
2026-07-20T10:45:28,688114.SH,华大智造,48.68,1.27,0.61,47.81,49.39,47.65,48.07,23765.0,115213127.0,0.57,1.16,-48.19,2.86,20276006425.0,20233239536.0
2026-07-20T10:45:28,000980.SZ,众泰汽车,1.59,1.27,0.02,1.58,1.64,1.57,1.57,681971.0,109397165.0,1.35,1.14,-24.44,245.19,8017650905.0,8017576499.0
2026-07-20T10:45:28,600080.SH,ST金花,4.78,1.27,0.06,4.75,4.85,4.71,4.72,9832.0,4710550.0,0.26,0.81,114.14,1.12,1784231962.0,1784231962.0
2026-07-20T10:45:28,002758.SZ,浙农股份,8.0,1.27,0.1,7.9,8.0,7.85,7.9,28402.0,22602983.07,0.55,1.92,19.16,0.82,4150419992.0,4145982408.0
2026-07-20T10:45:28,600038.SH,中直股份,25.56,1.27,0.32,25.35,25.74,25.21,25.24,38545.0,98430654.0,0.58,1.95,138.4,1.2,20956470524.0,17097984249.0
2026-07-20T10:45:28,000839.SZ,国安股份,2.4,1.27,0.03,2.39,2.43,2.37,2.37,160319.0,38585970.61,0.41,1.37,-731.52,6.06,9407583245.0,9407583245.0
2026-07-20T10:45:28,000978.SZ,桂林旅游,5.6,1.27,0.07,5.5,5.64,5.5,5.53,50442.0,28205916.0,1.08,1.5,-55.39,2.45,2621528000.0,2621473400.0
2026-07-20T10:45:28,000625.SZ,长安汽车,7.2,1.27,0.09,7.1,7.23,7.09,7.11,387761.0,278580523.91,0.47,1.48,50.91,0.94,71372919946.0,59523893359.0
2026-07-20T10:45:28,002040.SZ,南 京 港,8.03,1.26,0.1,7.89,8.07,7.87,7.93,38232.0,30602041.0,0.79,1.77,19.11,1.13,3918214290.0,3903185823.0
2026-07-20T10:45:28,688739.SH,成大生物,20.15,1.26,0.25,20.07,20.27,19.87,19.9,9392.0,18873942.0,0.23,1.3,-1099.68,0.9,8391467500.0,8294452323.0
2026-07-20T10:45:28,600127.SH,金健米业,5.63,1.26,0.07,5.57,5.65,5.52,5.56,53180.0,29767140.0,0.83,1.01,5161.05,5.38,3613239517.0,3613239517.0
2026-07-20T10:45:28,600232.SH,金鹰股份,5.65,1.25,0.07,5.6,5.78,5.58,5.58,38970.0,22193644.0,1.07,1.78,44.31,2.14,2060659774.0,2060659774.0
2026-07-20T10:45:28,688196.SH,卓越新能,32.3,1.25,0.4,32.86,33.05,31.74,31.9,8276.0,26845339.0,0.65,1.52,34.09,1.3,4108262679.0,4108262679.0
2026-07-20T10:45:28,300081.SZ,ST恒信,3.23,1.25,0.04,3.19,3.33,3.19,3.19,58725.0,19234687.0,0.97,2.39,-11.44,2.48,1953489197.0,1953120735.0
2026-07-20T10:45:28,000985.SZ,大庆华科,14.58,1.25,0.18,14.55,14.96,14.4,14.4,10614.0,15618342.0,0.82,2.16,83.54,3.1,1890143910.0,1890143910.0
2026-07-20T10:45:28,002942.SZ,新农股份,14.59,1.25,0.18,14.45,14.9,14.45,14.41,11380.0,16654610.0,0.82,2.51,12.3,1.87,2268463705.0,2024480431.0
2026-07-20T10:45:28,601952.SH,苏垦农发,8.07,1.25,0.1,8.0,8.1,7.92,7.97,57686.0,46395183.0,0.42,1.45,39.11,1.55,11120460000.0,11120460000.0
2026-07-20T10:45:28,300256.SZ,星星科技,2.43,1.25,0.03,2.41,2.48,2.4,2.4,135296.0,33116979.6,0.6,1.64,-74.45,6.08,5512195928.0,5451445928.0
2026-07-20T10:45:28,300289.SZ,利德曼,5.69,1.25,0.07,5.8,5.9,5.66,5.62,52680.0,30509339.5,0.97,1.87,-194.81,1.89,3095425361.0,3090560411.0
2026-07-20T10:45:28,600517.SH,国网英大,4.85,1.25,0.06,4.8,4.89,4.79,4.79,166198.0,80572574.0,0.29,2.04,17.79,1.18,27734413358.0,27734413358.0
2026-07-20T10:45:28,002198.SZ,ST嘉应,3.25,1.25,0.04,3.19,3.31,3.19,3.21,27096.0,8853084.0,0.53,1.0,33.1,2.26,1649407006.0,1649310644.0
2026-07-20T10:45:28,002232.SZ,启明信息,13.72,1.25,0.17,13.7,13.94,13.58,13.55,25843.0,35616552.79,0.63,1.63,20769.31,3.99,5605284803.0,5605284803.0
2026-07-20T10:45:28,920045.BJ,蘅东光,309.6,1.24,3.8,317.91,325.0,305.02,305.8,6011.0,190172150.0,2.13,2.06,87.72,26.35,29504931703.0,8724078770.0
2026-07-20T10:45:28,601588.SH,北辰实业,1.63,1.24,0.02,1.61,1.65,1.6,1.61,167432.0,27314646.0,0.63,1.9,-9.09,0.84,5488242600.0,4335800000.0
2026-07-20T10:45:28,600218.SH,全柴动力,7.34,1.24,0.09,7.25,7.44,7.25,7.25,25511.0,18787418.0,0.59,1.38,25.64,0.98,3197303405.0,3197303405.0
2026-07-20T10:45:28,301060.SZ,兰卫医学,8.97,1.24,0.11,8.87,9.12,8.78,8.86,50638.0,45368700.0,1.41,1.09,24.33,2.37,3592637490.0,3230692671.0
2026-07-20T10:45:28,300035.SZ,中科电气,12.23,1.24,0.15,12.06,12.39,12.05,12.08,66816.0,81965572.0,1.15,1.51,32.42,1.72,8382768186.0,7134385543.0
2026-07-20T10:45:28,000049.SZ,德赛电池,23.74,1.24,0.29,23.22,23.84,22.84,23.45,53465.0,125181636.62,1.39,1.74,28.57,1.36,9131318797.0,9128857624.0
2026-07-20T10:45:28,300996.SZ,普联软件,11.4,1.24,0.14,11.26,11.51,11.21,11.26,55161.0,62814482.36,1.66,1.54,191.68,3.49,4512015143.0,3797822266.0
2026-07-20T10:45:28,001311.SZ,多利科技,15.49,1.24,0.19,15.47,15.81,15.33,15.3,23599.0,36817220.54,1.33,1.1,22.98,1.33,6252726456.0,2743752436.0
2026-07-20T10:45:28,600657.SH,信达地产,2.44,1.24,0.03,2.4,2.49,2.4,2.41,132734.0,32458225.0,0.47,1.46,-3.68,0.45,6958583772.0,6958583772.0
2026-07-20T10:45:28,002156.SZ,通富微电,69.21,1.24,0.85,70.02,72.0,66.24,68.36,1034425.0,7183169860.23,6.82,1.37,79.8,6.76,105032882280.0,105022868285.0
2026-07-20T10:45:28,603967.SH,中创物流,11.44,1.24,0.14,11.24,11.49,11.24,11.3,12092.0,13749957.0,0.35,1.55,10.03,1.76,3965867162.0,3965867162.0
2026-07-20T10:45:28,600812.SH,华北制药,4.88,1.24,0.06,4.79,4.92,4.76,4.82,167411.0,81232288.0,0.98,1.36,59.01,1.53,8372764206.0,8372764206.0
2026-07-20T10:45:28,603080.SH,新疆火炬,18.85,1.24,0.23,18.86,19.15,18.64,18.62,7115.0,13493104.0,0.5,1.53,14.78,1.72,2667275000.0,2667275000.0
2026-07-20T10:45:28,600901.SH,江苏金租,6.55,1.24,0.08,6.46,6.58,6.43,6.47,204987.0,133632788.0,0.35,1.75,11.54,1.52,37936725123.0,37927463423.0
2026-07-20T10:45:28,000513.SZ,丽珠集团,30.97,1.24,0.38,30.55,31.08,30.38,30.59,31407.0,96863818.16,0.55,1.17,11.92,2.08,27498485086.0,17595289420.0
2026-07-20T10:45:28,000090.SZ,天健集团,3.27,1.24,0.04,3.28,3.29,3.21,3.23,102604.0,33389222.24,0.55,1.37,-65.52,0.55,6110143569.0,6109770789.0
2026-07-20T10:45:28,002399.SZ,海普瑞,9.9,1.23,0.12,9.8,9.99,9.69,9.78,30734.0,30345082.0,0.25,1.18,19.36,1.21,14526232420.0,12347296870.0
2026-07-20T10:45:28,600369.SH,西南证券,4.13,1.23,0.05,4.08,4.15,4.07,4.08,267318.0,110115494.0,0.4,1.91,22.11,1.05,27444300682.0,27444300682.0
2026-07-20T10:45:28,002060.SZ,广东建工,3.29,1.23,0.04,3.23,3.3,3.22,3.25,115345.0,37748830.0,0.74,1.94,27.6,0.88,12351953766.0,5141660231.0
2026-07-20T10:45:28,600262.SH,北方股份,13.12,1.23,0.16,13.06,13.38,12.97,12.96,25994.0,34344209.0,1.09,2.32,10.38,1.73,3122560000.0,3122560000.0
2026-07-20T10:45:28,300433.SZ,蓝思科技,34.66,1.23,0.42,35.94,36.43,33.98,34.24,711017.0,2522816140.74,1.43,1.93,-305.75,3.49,182961158554.0,172249802312.0
2026-07-20T10:45:28,600698.SH,湖南天雁,5.77,1.23,0.07,5.69,5.87,5.69,5.7,49895.0,28884717.0,0.6,1.72,833.5,8.35,6166039714.0,4791706546.0
2026-07-20T10:45:28,300720.SZ,海川智能,66.68,1.23,0.81,68.84,72.56,63.98,65.87,96926.0,664786626.9,5.26,2.54,459.03,22.48,12994415430.0,12278803336.0
2026-07-20T10:45:28,300113.SZ,顺网科技,17.22,1.23,0.21,16.83,17.44,16.6,17.01,216281.0,367773395.78,4.25,2.64,36.06,4.55,11609102048.0,8765329583.0
2026-07-20T10:45:28,603272.SH,*ST联翔,15.64,1.23,0.19,15.55,15.88,15.3,15.45,21750.0,33893875.0,2.1,1.32,-72.65,3.01,1620726280.0,1620726280.0
2026-07-20T10:45:28,000655.SZ,金岭矿业,6.58,1.23,0.08,6.49,6.63,6.47,6.5,23623.0,15525132.28,0.4,1.15,27.88,1.13,3917338713.0,3917338713.0
2026-07-20T10:45:28,601677.SH,明泰铝业,15.71,1.22,0.19,15.61,15.82,15.42,15.52,152904.0,239186226.0,1.23,1.31,6.96,1.0,19532095750.0,19532095750.0
2026-07-20T10:45:28,000739.SZ,普洛药业,19.89,1.22,0.24,19.64,20.24,19.2,19.65,154109.0,306280741.39,1.33,1.41,23.13,3.66,23041442727.0,23032216690.0
2026-07-20T10:45:28,600776.SH,东方通信,11.64,1.22,0.14,11.67,11.79,11.52,11.5,64578.0,75228094.0,0.68,1.17,84.71,3.83,14619840745.0,11127840745.0
2026-07-20T10:45:28,300949.SZ,奥雅股份,19.84,1.22,0.24,20.0,20.54,19.62,19.6,8402.0,16921003.51,1.69,2.4,-149.84,3.07,1726080000.0,986772973.0
2026-07-20T10:45:28,603025.SH,大豪科技,12.43,1.22,0.15,12.4,12.59,12.36,12.28,40580.0,50590045.0,0.37,1.49,14.59,5.64,13880018828.0,13787042428.0
2026-07-20T10:45:28,002098.SZ,浔兴股份,6.63,1.22,0.08,6.64,6.76,6.58,6.55,27533.0,18355144.0,0.77,2.46,19.74,1.6,2373540000.0,2373540000.0
2026-07-20T10:45:28,301268.SZ,铭利达,12.41,1.22,0.15,12.25,12.72,12.19,12.26,24588.0,30782522.38,0.68,1.79,225.85,3.32,4974532541.0,4499064860.0
2026-07-20T10:45:28,688156.SH,路德科技,21.5,1.22,0.26,21.79,22.43,21.26,21.24,23471.0,51333881.0,2.33,1.87,49.01,2.8,2165354376.0,2165354376.0
2026-07-20T10:45:28,300074.SZ,华平股份,3.35,1.21,0.04,3.33,3.45,3.33,3.31,112415.0,38142123.92,2.04,1.74,-144.7,2.16,1843530460.0,1841960148.0
2026-07-20T10:45:28,600490.SH,鹏欣资源,5.85,1.21,0.07,5.83,5.92,5.78,5.78,189634.0,111040083.0,0.95,1.25,29.34,2.06,12945389412.0,11656835108.0
2026-07-20T10:45:28,300087.SZ,ST荃银,5.03,1.21,0.06,4.97,5.06,4.95,4.97,38163.0,19142568.5,0.42,0.96,104.63,2.81,4765078708.0,4538548377.0
2026-07-20T10:45:28,002984.SZ,森麒麟,14.25,1.21,0.17,14.14,14.27,14.03,14.08,37113.0,52644099.29,0.52,1.1,17.6,1.09,14767087912.0,10173362693.0
2026-07-20T10:45:28,300741.SZ,华宝股份,12.5,1.21,0.15,12.27,12.65,12.2,12.35,16191.0,20309362.0,0.26,1.81,43.13,1.13,7698500000.0,7698458125.0
2026-07-20T10:45:28,688157.SH,松井股份,17.56,1.21,0.21,17.66,18.13,17.1,17.35,18043.0,32058724.0,0.96,2.11,-120.51,2.46,3296315718.0,3296315718.0
2026-07-20T10:45:28,300856.SZ,科思股份,10.89,1.21,0.13,10.76,11.03,10.76,10.76,22446.0,24472204.24,0.49,1.43,31.76,1.92,5180233858.0,5006520934.0
2026-07-20T10:45:28,000735.SZ,罗 牛 山,5.01,1.21,0.06,4.93,5.03,4.92,4.95,92835.0,46277192.0,0.81,1.25,-8.69,1.4,5769083026.0,5765996560.0
2026-07-20T10:45:28,300859.SZ,西域旅游,25.33,1.2,0.3,24.87,25.66,24.87,25.03,13693.0,34644558.0,0.88,1.19,-36.77,5.54,3926150000.0,3926150000.0
2026-07-20T10:45:28,000901.SZ,航天科技,13.54,1.2,0.16,13.67,13.78,13.39,13.38,114255.0,155358009.72,1.43,1.05,179.78,2.55,10807647037.0,10807538379.0
2026-07-20T10:45:28,600933.SH,爱柯迪,13.46,1.2,0.16,13.5,13.78,13.39,13.3,64036.0,86737451.0,0.65,1.93,15.83,1.47,13864059684.0,13204435599.0
2026-07-20T10:45:28,688336.SH,三生国健,44.6,1.2,0.53,44.12,45.88,44.0,44.07,82243.0,369673735.0,0.92,1.37,56.1,4.79,39971654133.0,39971654133.0
2026-07-20T10:45:28,688819.SH,天能股份,21.06,1.2,0.25,20.76,21.32,20.7,20.81,12256.0,25830522.0,0.13,1.49,68.17,1.23,20472426000.0,20472426000.0
2026-07-20T10:45:28,000935.SZ,四川双马,26.19,1.2,0.31,26.33,26.75,25.81,25.88,54305.0,142659738.23,0.71,1.67,85.02,2.55,19994502321.0,19994502321.0
2026-07-20T10:45:28,688695.SH,中创股份,17.64,1.2,0.21,17.61,18.27,17.52,17.43,7387.0,13208282.0,1.38,2.22,-36.29,1.97,1500306308.0,941896232.0
2026-07-20T10:45:28,300384.SZ,三联虹普,11.89,1.19,0.14,11.82,12.05,11.76,11.75,14016.0,16716165.2,0.64,1.45,20.92,1.36,3792996381.0,2617149384.0
2026-07-20T10:45:28,301175.SZ,中科环保,5.1,1.19,0.06,5.08,5.14,5.07,5.04,91466.0,46692761.44,1.47,1.35,21.82,2.06,7506588000.0,3171588000.0
2026-07-20T10:45:28,601169.SH,北京银行,5.09,1.19,0.06,5.03,5.1,5.01,5.03,763553.0,386787203.0,0.36,1.71,3.32,0.39,107617789944.0,107617789944.0
2026-07-20T10:45:28,600903.SH,贵州燃气,5.94,1.19,0.07,5.88,6.01,5.88,5.87,167080.0,99471282.0,1.44,1.53,17.05,2.2,6914071553.0,6914071553.0
2026-07-20T10:45:28,301207.SZ,华兰疫苗,16.96,1.19,0.2,16.65,17.1,16.65,16.76,25167.0,42570560.09,0.42,0.9,68.2,1.94,10193426400.0,10186992624.0
2026-07-20T10:45:28,002275.SZ,桂林三金,13.56,1.19,0.16,13.51,13.63,13.34,13.4,12757.0,17222002.44,0.23,1.36,16.02,2.53,7967430216.0,7554316490.0
2026-07-20T10:45:28,002224.SZ,三 力 士,3.39,1.19,0.04,3.35,3.45,3.34,3.35,67137.0,22809619.0,0.83,1.75,-57.46,0.95,3058174338.0,2733629451.0
2026-07-20T10:45:28,601868.SH,中国能建,2.55,1.19,0.03,2.54,2.57,2.53,2.52,1700734.0,433652440.0,0.52,1.74,19.39,0.95,112812467270.0,82693255472.0
2026-07-20T10:45:28,601881.SH,中国银河,12.8,1.19,0.15,12.66,12.87,12.66,12.65,213883.0,273386450.0,0.3,1.39,10.54,1.18,139960348877.0,92715745574.0
2026-07-20T10:45:28,605388.SH,均瑶健康,5.12,1.19,0.06,5.02,5.2,5.02,5.06,66848.0,34263875.0,1.11,2.08,88.71,2.0,3074478080.0,3074478080.0
2026-07-20T10:45:28,002111.SZ,威海广泰,9.36,1.19,0.11,9.34,9.44,9.24,9.25,49351.0,46093088.72,1.01,1.52,16.12,1.68,4979623447.0,4574714948.0
2026-07-20T10:45:28,002973.SZ,侨银股份,10.18,1.19,0.12,10.15,10.43,10.05,10.06,36568.0,37436785.0,1.15,1.44,29.86,1.63,4160216826.0,3233708334.0
2026-07-20T10:45:28,301613.SZ,新铝时代,37.37,1.19,0.44,37.04,38.39,36.9,36.93,4785.0,17887815.0,0.57,0.93,23.27,3.38,5375347400.0,3135389600.0
2026-07-20T10:45:28,300422.SZ,博世科,4.29,1.18,0.05,4.24,4.4,4.23,4.24,64272.0,27764000.77,1.24,1.64,12.38,3.45,2290346869.0,2216591666.0
2026-07-20T10:45:28,601658.SH,邮储银行,5.15,1.18,0.06,5.06,5.16,5.05,5.09,917175.0,469946455.0,0.13,1.86,6.01,0.61,618489525484.0,373518173116.0
2026-07-20T10:45:28,600109.SH,国金证券,8.56,1.18,0.1,8.48,8.61,8.46,8.46,159133.0,136092456.0,0.43,1.6,11.45,0.89,31717923630.0,31717923630.0
2026-07-20T10:45:28,301584.SZ,建发致新,22.36,1.18,0.26,22.05,22.59,21.78,22.1,26256.0,58265985.3,4.89,0.76,36.13,4.52,9420011061.0,1201051413.0
2026-07-20T10:45:28,002492.SZ,恒基达鑫,5.15,1.18,0.06,5.1,5.29,5.09,5.09,58923.0,30714894.0,1.48,2.26,26.57,1.29,2085750000.0,2048848834.0
2026-07-20T10:45:28,002202.SZ,金风科技,17.21,1.18,0.2,17.4,17.49,17.02,17.01,509414.0,881207939.31,1.51,1.26,20.03,1.83,72691402615.0,57885922444.0
2026-07-20T10:45:28,301177.SZ,迪阿股份,21.41,1.18,0.25,21.2,21.75,21.2,21.16,6798.0,14611266.52,0.17,1.21,57.0,1.41,8569878116.0,8564214100.0
2026-07-20T10:45:28,002335.SZ,科华数据,30.1,1.18,0.35,30.32,30.7,29.7,29.75,119102.0,360517786.05,1.81,1.63,72.77,3.56,22707753311.0,19858013928.0
2026-07-20T10:45:28,000931.SZ,中 关 村,4.27,1.18,0.05,4.23,4.32,4.2,4.22,41650.0,17788408.91,0.55,1.08,-49.46,2.0,3215852213.0,3206896102.0
2026-07-20T10:45:28,603375.SH,盛景微,35.28,1.18,0.41,34.59,35.78,33.68,34.87,21461.0,74680566.0,3.36,2.05,359.99,2.31,3551520012.0,2250191175.0
2026-07-20T10:45:28,603909.SH,建发合诚,8.58,1.18,0.1,8.48,8.76,8.43,8.48,13932.0,12027631.0,0.53,1.71,22.13,1.95,2236575541.0,2236575541.0
2026-07-20T10:45:28,002097.SZ,山河智能,6.87,1.18,0.08,6.78,6.95,6.78,6.79,94577.0,65148063.74,0.88,1.55,101.63,1.58,7382620604.0,7368963257.0
2026-07-20T10:45:28,300197.SZ,节能铁汉,1.71,1.18,0.02,1.7,1.75,1.69,1.69,525796.0,90703460.46,1.77,1.41,-10.45,-14.08,5070659717.0,5070531467.0
2026-07-20T10:45:28,601108.SH,财通证券,8.66,1.17,0.1,8.57,8.71,8.55,8.56,272157.0,235214782.0,0.59,1.19,16.29,1.06,40215039453.0,40215039453.0
2026-07-20T10:45:28,601990.SH,南京证券,6.92,1.17,0.08,6.88,6.98,6.84,6.84,166936.0,115308068.0,0.39,2.03,25.98,1.29,30445424341.0,29283535616.0
2026-07-20T10:45:28,601988.SH,中国银行,6.03,1.17,0.07,5.92,6.04,5.89,5.96,1698172.0,1017063384.0,0.08,1.64,8.58,0.72,1942940843238.0,1270916054521.0
2026-07-20T10:45:28,002258.SZ,利尔化学,13.02,1.17,0.15,12.8,13.2,12.8,12.87,72673.0,94432256.75,0.91,0.7,22.64,1.33,10421692709.0,10404913405.0
2026-07-20T10:45:28,688289.SH,圣湘生物,15.52,1.17,0.18,15.41,15.64,15.35,15.34,26711.0,41408507.0,0.46,1.05,45.2,1.28,8992101853.0,8992101853.0
2026-07-20T10:45:28,002059.SZ,云南旅游,4.33,1.17,0.05,4.28,4.36,4.28,4.28,39284.0,16977422.0,0.4,1.4,-32.75,4.14,4383842740.0,4256589431.0
2026-07-20T10:45:28,603713.SH,密尔克卫,64.15,1.17,0.74,63.41,65.18,62.18,63.41,23176.0,148445257.0,1.45,1.12,13.88,2.07,10238762620.0,10238762620.0
2026-07-20T10:45:28,600597.SH,光明乳业,6.9,1.17,0.08,6.79,6.95,6.77,6.82,75042.0,51555079.0,0.54,1.68,35.68,1.03,9511468965.0,9511342005.0
2026-07-20T10:45:28,600930.SH,华电新能,4.31,1.17,0.05,4.26,4.33,4.16,4.26,1139944.0,487780946.0,1.06,2.9,21.81,1.65,179788571427.0,46303172329.0
2026-07-20T10:45:28,002084.SZ,海鸥住工,3.45,1.17,0.04,3.42,3.55,3.38,3.41,79846.0,27794500.0,1.24,1.48,-24.76,1.72,2228893338.0,2223667388.0
2026-07-20T10:45:28,688338.SH,赛科希德,29.47,1.17,0.34,28.95,29.68,28.2,29.13,8336.0,24214907.0,0.79,1.09,40.48,1.86,3128016528.0,3128016528.0
2026-07-20T10:45:28,300831.SZ,ST派瑞,13.82,1.17,0.16,14.09,14.17,13.75,13.66,45504.0,63526939.0,2.47,1.64,70.93,4.54,4422400000.0,2549572197.0
2026-07-20T10:45:28,300383.SZ,光环新网,13.0,1.17,0.15,12.9,13.25,12.72,12.85,572123.0,743858151.83,3.19,2.2,260.05,1.98,23368707011.0,23326012671.0
2026-07-20T10:45:28,000589.SZ,贵州轮胎,4.32,1.17,0.05,4.26,4.34,4.26,4.27,109271.0,47155735.94,0.71,1.4,9.32,0.74,6714965249.0,6670558241.0
2026-07-20T10:45:28,301037.SZ,保立佳,11.26,1.17,0.13,11.15,11.71,11.15,11.13,14988.0,17130829.9,2.2,2.04,-15.05,2.87,1565496784.0,765655059.0
2026-07-20T10:45:28,920160.BJ,北矿检测,19.05,1.17,0.22,19.71,19.71,18.97,18.83,3268.0,6339182.13,1.28,3.04,20.46,4.06,2157984000.0,485546400.0
2026-07-20T10:45:28,002475.SZ,立讯精密,58.59,1.17,0.68,58.5,59.88,57.67,57.91,539926.0,3171699548.36,0.74,1.33,30.92,5.18,452624024251.0,429176153683.0
2026-07-20T10:45:28,600998.SH,九州通,5.17,1.17,0.06,5.09,5.2,5.05,5.11,217932.0,112208378.0,0.43,1.23,8.89,0.98,26069571110.0,26069571110.0
2026-07-20T10:45:28,000411.SZ,英特集团,9.51,1.17,0.11,9.41,9.53,9.26,9.4,24592.0,23238173.2,0.44,1.15,16.75,1.03,5371715378.0,5361128751.0
2026-07-20T10:45:28,000009.SZ,中国宝安,6.12,1.16,0.07,6.04,6.16,6.04,6.05,109048.0,66576043.54,0.42,1.52,225.98,1.57,15784789466.0,15765245246.0
2026-07-20T10:45:28,000019.SZ,深粮控股,6.12,1.16,0.07,6.06,6.15,6.03,6.05,26722.0,16329862.23,0.64,1.5,27.15,1.44,7053515754.0,2547183211.0
2026-07-20T10:45:28,600839.SH,四川长虹,6.97,1.16,0.08,6.78,7.05,6.75,6.89,591679.0,408211904.0,1.28,0.78,81.68,2.09,32175222227.0,32166261658.0
2026-07-20T10:45:28,002658.SZ,雪迪龙,6.98,1.16,0.08,6.87,7.1,6.85,6.9,27245.0,19160131.0,0.76,1.63,77.84,1.73,4437611250.0,2502759263.0
2026-07-20T10:45:28,605319.SH,无锡振华,20.85,1.16,0.24,21.12,21.29,20.65,20.61,18231.0,38239818.0,0.52,1.53,18.1,2.63,7299536982.0,7258962882.0
2026-07-20T10:45:28,000066.SZ,中国长城,14.88,1.16,0.17,14.99,15.35,14.61,14.71,846767.0,1268647135.12,2.63,1.25,-143.51,4.39,47999890429.0,47996181589.0
2026-07-20T10:45:28,002086.SZ,东方海洋,1.75,1.16,0.02,1.74,1.77,1.73,1.73,156123.0,27353968.27,0.99,1.2,-76.05,2.7,3428156375.0,2767248990.0
2026-07-20T10:45:28,600023.SH,浙能电力,5.23,1.16,0.06,5.15,5.25,5.13,5.17,326079.0,170045436.0,0.24,1.54,18.51,0.91,70127672277.0,70127672277.0
2026-07-20T10:45:28,603809.SH,豪能股份,8.71,1.16,0.1,8.64,8.8,8.61,8.61,45044.0,39280732.0,0.49,1.34,19.34,2.21,8015715509.0,8015715509.0
2026-07-20T10:45:28,002376.SZ,新北洋,6.1,1.16,0.07,6.03,6.15,6.01,6.03,55442.0,33845531.0,0.7,1.34,131.62,1.35,4944431500.0,4801513771.0
2026-07-20T10:45:28,600006.SH,东风股份,5.3,1.15,0.06,5.26,5.34,5.24,5.24,77951.0,41320555.0,0.39,1.55,12.89,1.33,10600000000.0,10600000000.0
2026-07-20T10:45:28,300094.SZ,国联水产,2.65,1.15,0.03,2.65,2.69,2.6,2.62,133519.0,35389170.0,1.21,1.26,172.86,31.47,2989643220.0,2929621107.0
2026-07-20T10:45:28,601116.SH,三江购物,9.71,1.15,0.11,9.37,9.79,9.36,9.6,127947.0,122705619.0,2.34,2.44,22.11,1.61,5317957264.0,5317957264.0
2026-07-20T10:45:28,000058.SZ,深 赛 格,6.18,1.15,0.07,6.1,6.22,6.04,6.11,36923.0,22762317.72,0.37,1.64,76.99,3.79,7608820153.0,6085689208.0
2026-07-20T10:45:28,000619.SZ,海螺新材,4.41,1.15,0.05,4.39,4.53,4.38,4.36,49414.0,22032897.33,1.37,2.07,-18.67,0.78,1945554545.0,1587600000.0
2026-07-20T10:45:28,605001.SH,威奥股份,5.29,1.15,0.06,5.23,5.42,5.2,5.23,32312.0,17193545.0,0.82,1.88,42.57,0.77,2078366940.0,2078366940.0
2026-07-20T10:45:28,601086.SH,国芳集团,7.12,1.14,0.08,6.96,7.21,6.96,7.04,55252.0,39257599.0,0.83,1.54,28.51,3.03,4741920000.0,4741920000.0
2026-07-20T10:45:28,601003.SH,柳钢股份,3.56,1.14,0.04,3.5,3.58,3.49,3.52,67997.0,24119832.0,0.27,1.35,99.43,1.03,9377829505.0,9123543792.0
2026-07-20T10:45:28,603999.SH,读者传媒,5.32,1.14,0.06,5.23,5.42,5.23,5.26,34343.0,18311128.0,0.6,1.52,80.53,1.5,3064320000.0,3064320000.0
2026-07-20T10:45:28,002998.SZ,优彩资源,7.12,1.14,0.08,7.07,7.3,7.02,7.04,133490.0,95630800.19,4.94,1.93,15.29,1.44,2526290838.0,1925907319.0
2026-07-20T10:45:28,601368.SH,绿城水务,4.44,1.14,0.05,4.39,4.47,4.38,4.39,30335.0,13443029.0,0.34,1.2,38.77,0.82,3920400462.0,3920400462.0
2026-07-20T10:45:28,300149.SZ,睿智医药,9.77,1.14,0.11,9.4,9.94,9.2,9.66,407015.0,392107036.96,8.58,1.92,-66.99,3.79,4865108202.0,4636485092.0
2026-07-20T10:45:28,601607.SH,上海医药,16.8,1.14,0.19,16.63,16.88,16.5,16.61,105389.0,176285722.0,0.38,1.54,10.99,0.82,62300478391.0,46858686084.0
2026-07-20T10:45:28,300615.SZ,欣天科技,8.9,1.14,0.1,8.84,9.21,8.84,8.8,31343.0,28301874.0,2.05,2.19,-12.77,3.72,1717603880.0,1362476641.0
2026-07-20T10:45:28,688617.SH,惠泰医疗,206.5,1.14,2.32,201.99,208.37,201.31,204.18,8994.0,184923195.0,0.64,1.27,31.84,10.33,29225771953.0,29225771953.0
2026-07-20T10:45:28,002052.SZ,同洲电子,8.01,1.14,0.09,7.92,8.1,7.8,7.92,92551.0,73681062.0,1.34,1.41,232.31,21.64,6027041949.0,5521991112.0
2026-07-20T10:45:28,601377.SH,兴业证券,6.19,1.14,0.07,6.15,6.24,6.14,6.12,552320.0,342154118.0,0.64,1.92,17.01,0.94,53456761350.0,53456761350.0
2026-07-20T10:45:28,600655.SH,豫园股份,4.46,1.13,0.05,4.42,4.49,4.39,4.41,95115.0,42332672.0,0.24,1.76,27.64,0.58,17354789388.0,17348714378.0
2026-07-20T10:45:28,300494.SZ,盛天网络,8.09,1.13,0.09,7.98,8.24,7.98,8.0,42002.0,34150160.8,1.05,1.09,222.85,2.74,3968226515.0,3222635870.0
2026-07-20T10:45:28,000533.SZ,顺钠股份,8.06,1.13,0.09,7.91,8.25,7.89,7.97,135895.0,110283435.0,1.98,2.36,82.3,5.65,5567976960.0,5520313344.0
2026-07-20T10:45:28,002565.SZ,顺灏股份,8.96,1.13,0.1,9.09,9.24,8.87,8.86,267462.0,243016983.1,2.52,1.54,118.82,5.17,9497500741.0,9497198341.0
2026-07-20T10:45:28,688005.SH,容百科技,24.25,1.13,0.27,24.39,24.98,24.12,23.98,78526.0,192566603.0,1.1,1.7,373.52,2.23,17332092648.0,17329504736.0
2026-07-20T10:45:28,688232.SH,新点软件,17.96,1.13,0.2,17.84,18.18,17.7,17.76,13697.0,24652142.0,0.43,1.26,-60.16,1.08,5782796271.0,5782796271.0
2026-07-20T10:45:28,000159.SZ,国际实业,5.38,1.13,0.06,5.32,5.48,5.32,5.32,57484.0,31095732.0,1.2,1.76,88.64,1.26,2586090642.0,2585996492.0
2026-07-20T10:45:28,002660.SZ,茂硕电源,6.27,1.13,0.07,6.17,6.42,6.15,6.2,33652.0,21232547.0,0.98,1.78,-19.22,2.24,2236045139.0,2150526672.0
2026-07-20T10:45:28,002848.SZ,高斯贝尔,12.56,1.13,0.14,12.42,12.75,12.37,12.42,21231.0,26694872.0,1.28,1.34,90.39,25.13,2099404000.0,2077686014.0
2026-07-20T10:45:28,300185.SZ,通裕重工,2.7,1.12,0.03,2.67,2.72,2.66,2.67,280203.0,75678695.83,0.73,1.44,65.98,1.54,10897744436.0,10385438547.0
2026-07-20T10:45:28,300226.SZ,上海钢联,15.39,1.12,0.17,15.36,15.57,15.26,15.22,37105.0,57231199.63,1.01,1.16,27.75,2.64,5886147215.0,5658854768.0
2026-07-20T10:45:28,002700.SZ,万憬能源,5.43,1.12,0.06,5.4,5.59,5.38,5.37,55977.0,30736089.0,1.37,1.59,46.69,1.62,2246001045.0,2222829953.0
2026-07-20T10:45:28,002884.SZ,凌霄泵业,16.22,1.12,0.18,16.08,16.28,16.0,16.04,12584.0,20397147.0,0.46,1.62,14.82,2.69,5801610296.0,4429235755.0
2026-07-20T10:45:28,601000.SH,唐山港,4.52,1.12,0.05,4.46,4.59,4.46,4.47,242987.0,109514920.0,0.41,2.14,14.22,1.29,26785197335.0,26785197335.0
2026-07-20T10:45:28,300715.SZ,凯伦股份,12.66,1.12,0.14,12.77,13.17,12.52,12.52,76818.0,98530895.6,2.45,1.95,82.56,2.73,4786181744.0,3962056610.0
2026-07-20T10:45:28,688006.SH,杭可科技,20.94,1.11,0.23,21.15,21.5,20.58,20.71,99652.0,209766289.0,1.65,2.62,24.67,2.33,12640894863.0,12640894863.0
2026-07-20T10:45:28,688151.SH,华强科技,14.62,1.11,0.16,14.7,14.99,14.53,14.46,12963.0,19078457.0,0.38,1.74,196.51,1.2,5036590000.0,5036590000.0
2026-07-20T10:45:28,600116.SH,三峡水利,6.36,1.11,0.07,6.23,6.4,6.18,6.29,244560.0,154632932.0,1.28,2.43,94.06,1.07,12161228869.0,12161228869.0
2026-07-20T10:45:28,688653.SH,康希通信,11.81,1.11,0.13,12.28,12.64,11.7,11.68,153503.0,187020062.0,4.85,2.08,257.08,3.48,5013108800.0,3736820961.0
2026-07-20T10:45:28,002012.SZ,凯恩股份,5.45,1.11,0.06,5.36,5.6,5.36,5.39,73475.0,40479122.0,1.57,1.99,154.92,1.64,2548558812.0,2548558812.0
2026-07-20T10:45:28,000592.SZ,平潭发展,5.47,1.11,0.06,5.47,5.61,5.42,5.41,419433.0,230980314.88,2.19,1.44,-1461.04,5.96,10566841479.0,10475555696.0
2026-07-20T10:45:28,300955.SZ,嘉亨家化,33.68,1.11,0.37,33.97,34.11,33.24,33.31,11099.0,37374565.73,1.1,1.7,-202.85,3.92,3394944000.0,3394944000.0
2026-07-20T10:45:28,002340.SZ,格林美,6.37,1.11,0.07,6.34,6.4,6.3,6.3,446284.0,283486970.54,0.88,1.54,15.55,1.52,32502031041.0,32334004588.0
2026-07-20T10:45:28,002394.SZ,联发股份,8.25,1.1,0.09,8.2,8.44,8.17,8.16,30631.0,25442762.0,0.95,1.7,59.61,0.64,2670525000.0,2665750775.0
2026-07-20T10:45:28,688261.SH,东微半导,63.68,1.1,0.69,66.0,67.09,62.51,62.99,42905.0,278730358.0,3.51,1.31,351.1,2.66,7805574408.0,7775110788.0
2026-07-20T10:45:28,601956.SH,东贝集团,4.59,1.1,0.05,4.54,4.67,4.52,4.54,36205.0,16693383.0,0.58,1.57,-42.48,1.19,2853220148.0,2853220148.0
2026-07-20T10:45:28,300409.SZ,道氏技术,16.6,1.1,0.18,16.6,16.95,16.5,16.42,97124.0,162653960.6,1.41,1.69,30.15,1.64,12985332620.0,11412376612.0
2026-07-20T10:45:28,603199.SH,九华旅游,32.19,1.1,0.35,31.88,32.24,31.71,31.84,5513.0,17643188.0,0.5,1.27,12.81,2.18,3562789200.0,3562789200.0
2026-07-20T10:45:28,600502.SH,安徽建工,4.59,1.1,0.05,4.54,4.63,4.53,4.54,142857.0,65471901.0,0.83,1.45,5.91,0.66,7878890775.0,7878890775.0
2026-07-20T10:45:28,603900.SH,莱绅通灵,5.52,1.1,0.06,5.45,5.63,5.42,5.46,44891.0,24910117.0,1.31,1.41,8.85,0.95,1893160397.0,1891835597.0
2026-07-20T10:45:28,002263.SZ,大东南,2.75,1.1,0.03,2.75,2.8,2.73,2.72,279465.0,77300519.77,1.49,1.58,298.89,1.86,5165490275.0,5165449025.0
2026-07-20T10:45:28,301047.SZ,义翘神州,70.53,1.1,0.77,69.08,71.24,68.6,69.76,15127.0,106160187.36,1.27,1.23,66.72,1.65,8579039413.0,8434021199.0
2026-07-20T10:45:28,300582.SZ,英飞特,10.09,1.1,0.11,10.08,10.41,10.0,9.98,45178.0,46072218.0,2.04,2.26,89.64,3.43,3012233164.0,2235586753.0
2026-07-20T10:45:28,000728.SZ,国元证券,7.36,1.1,0.08,7.26,7.39,7.26,7.28,173604.0,127617450.1,0.4,1.71,14.81,0.84,32117405278.0,32117405278.0
2026-07-20T10:45:28,301429.SZ,森泰股份,15.71,1.09,0.17,15.55,16.15,15.55,15.54,11711.0,18645518.0,2.66,2.84,29.24,1.39,1857236200.0,691570083.0
2026-07-20T10:45:28,688281.SH,华秦科技,43.45,1.09,0.47,43.2,44.59,42.9,42.98,17510.0,76655819.0,0.46,1.24,52.43,3.5,16580474160.0,16580474160.0
2026-07-20T10:45:28,000523.SZ,红棉股份,2.79,1.09,0.03,2.76,2.81,2.74,2.76,96243.0,26804162.72,0.73,1.27,26.97,2.61,5120957006.0,3697196830.0
2026-07-20T10:45:28,300595.SZ,欧普康视,11.13,1.09,0.12,11.0,11.22,10.95,11.01,62675.0,69618891.4,0.94,1.38,17.04,2.02,9964567939.0,7440346679.0
2026-07-20T10:45:28,000620.SZ,盈新发展,2.79,1.09,0.03,2.8,2.84,2.76,2.76,1417799.0,396505211.17,3.03,1.1,-34.31,4.47,16382363962.0,13034179194.0
2026-07-20T10:45:28,603721.SH,中广天择,15.77,1.09,0.17,15.72,16.22,15.7,15.6,15499.0,24742172.0,1.19,1.98,-67.98,4.27,2050100000.0,2050100000.0
2026-07-20T10:45:28,600847.SH,万里股份,11.15,1.09,0.12,11.03,11.7,11.0,11.03,15503.0,17583872.0,1.01,1.67,-29.66,3.57,1709154510.0,1709154510.0
2026-07-20T10:45:28,002033.SZ,丽江股份,8.36,1.09,0.09,8.27,8.39,8.25,8.27,61069.0,50965753.0,1.11,1.32,17.23,1.89,4593742344.0,4593654313.0
2026-07-20T10:45:28,600817.SH,宇通重工,9.24,1.09,0.1,9.14,9.35,9.14,9.14,14502.0,13430791.0,0.27,2.3,27.55,2.04,4916297657.0,4890217757.0
2026-07-20T10:45:28,688025.SH,杰普特,326.29,1.09,3.51,339.0,352.85,316.0,322.78,26937.0,906701729.0,2.83,2.05,79.38,13.37,31013676231.0,31013676231.0
2026-07-20T10:45:28,601518.SH,吉林高速,2.82,1.08,0.03,2.8,2.84,2.79,2.79,85465.0,24077487.0,0.45,1.5,11.57,0.95,5331359937.0,5331359937.0
2026-07-20T10:45:28,000565.SZ,渝三峡Ａ,5.6,1.08,0.06,5.54,5.71,5.47,5.54,54846.0,30912454.0,1.26,1.97,24.44,1.9,2428116432.0,2428116432.0
2026-07-20T10:45:28,300265.SZ,通光线缆,13.05,1.08,0.14,13.05,13.47,12.83,12.91,137678.0,181863405.09,2.95,1.61,380.17,2.6,6102197422.0,6098267741.0
2026-07-20T10:45:28,002454.SZ,松芝股份,4.69,1.08,0.05,4.67,4.78,4.64,4.64,70201.0,33107245.86,0.8,2.1,14.44,1.04,4122855559.0,4114789988.0
2026-07-20T10:45:28,002513.SZ,蓝丰生化,4.66,1.08,0.05,4.61,4.76,4.56,4.61,52452.0,24535255.0,1.81,1.55,-29.48,43.66,1750267937.0,1346932467.0
2026-07-20T10:45:28,603013.SH,亚普股份,15.92,1.08,0.17,15.79,16.16,15.77,15.75,15164.0,24199318.0,0.3,1.63,12.49,1.82,8090855459.0,8090855459.0
2026-07-20T10:45:28,002671.SZ,龙泉股份,3.74,1.08,0.04,3.7,3.82,3.69,3.7,71150.0,26829947.0,1.29,1.58,-71.4,1.28,2100349764.0,2062221313.0
2026-07-20T10:45:28,600210.SH,紫江企业,6.56,1.08,0.07,6.5,6.6,6.48,6.49,104323.0,68210600.0,0.69,1.66,11.39,1.56,9949789196.0,9949789196.0
2026-07-20T10:45:28,600208.SH,衢州发展,2.81,1.08,0.03,2.8,2.83,2.78,2.78,369137.0,103666663.0,0.43,1.22,19.01,0.57,23910123648.0,23907413507.0
2026-07-20T10:45:28,002697.SZ,红旗连锁,4.67,1.08,0.05,4.61,4.69,4.59,4.62,82979.0,38527772.62,0.72,1.33,11.14,1.33,6351200000.0,5348738968.0
2026-07-20T10:45:28,300011.SZ,鼎汉技术,5.69,1.07,0.06,5.63,5.78,5.63,5.63,21931.0,12553334.0,0.43,1.28,-57.15,2.28,3445610152.0,2886286663.0
2026-07-20T10:45:28,600061.SH,国投资本,6.6,1.07,0.07,6.54,6.63,6.51,6.53,222911.0,146808768.0,0.35,1.63,13.78,0.79,42200380200.0,42200380200.0
2026-07-20T10:45:28,600388.SH,龙净环保,16.05,1.07,0.17,16.04,16.25,15.81,15.88,85907.0,137577034.0,0.68,1.7,20.87,1.9,20384243003.0,20384243003.0
2026-07-20T10:45:28,000713.SZ,国投丰乐,5.7,1.06,0.06,5.65,5.75,5.64,5.64,25797.0,14713108.76,0.42,1.36,-67.9,1.47,4549851002.0,3499885386.0
2026-07-20T10:45:28,000595.SZ,新能股份,4.78,1.06,0.05,4.76,4.81,4.66,4.73,100838.0,47816710.0,0.89,1.26,690.51,11.24,5442777429.0,5442777429.0
2026-07-20T10:45:28,301012.SZ,扬电科技,20.99,1.06,0.22,20.9,21.8,20.82,20.77,41470.0,88463606.0,2.11,1.93,50.29,3.49,4134193800.0,4134193800.0
2026-07-20T10:45:28,603055.SH,台华新材,8.58,1.06,0.09,8.5,8.7,8.48,8.49,24610.0,21120307.0,0.28,1.11,14.5,1.46,7638720306.0,7610897082.0
2026-07-20T10:45:28,603708.SH,家家悦,9.57,1.06,0.1,9.49,9.64,9.41,9.47,17055.0,16242963.0,0.27,1.24,10.06,2.64,6108901120.0,6108901120.0
2026-07-20T10:45:28,001325.SZ,元创股份,34.23,1.06,0.36,33.8,34.88,33.8,33.87,5394.0,18576172.0,2.75,2.1,26.23,1.51,2683632000.0,670908000.0
2026-07-20T10:45:28,300012.SZ,华测检测,13.4,1.06,0.14,13.22,13.55,13.11,13.26,174634.0,232915721.05,1.22,1.23,31.62,2.95,22549898068.0,19178644984.0
2026-07-20T10:45:28,002540.SZ,亚太科技,4.77,1.06,0.05,4.73,4.82,4.72,4.72,47996.0,22926683.0,0.56,1.4,37.63,1.09,5967957176.0,4093620478.0
2026-07-20T10:45:28,002627.SZ,三峡旅游,5.74,1.06,0.06,5.67,5.78,5.67,5.68,49852.0,28575298.0,0.71,1.4,71.37,1.32,4050600204.0,4007427747.0
2026-07-20T10:45:28,301301.SZ,川宁生物,8.58,1.06,0.09,8.43,8.63,8.4,8.49,76549.0,65385367.0,1.23,1.31,43.24,2.45,19153073940.0,5319446478.0
2026-07-20T10:45:28,000488.SZ,ST晨鸣,1.91,1.06,0.02,1.88,1.93,1.87,1.89,49525.0,9415385.0,0.29,1.6,-2.74,13.49,5618181342.0,3235959723.0
2026-07-20T10:45:28,002398.SZ,垒知集团,3.82,1.06,0.04,3.8,3.88,3.77,3.78,79698.0,30565942.0,1.33,1.95,23.34,0.74,2629226185.0,2291008905.0
2026-07-20T10:45:28,600104.SH,上汽集团,10.5,1.06,0.11,10.3,10.52,10.3,10.39,266659.0,278634866.0,0.23,1.47,9.97,0.4,120700413792.0,120700413792.0
2026-07-20T10:45:28,600056.SH,中国医药,9.56,1.06,0.1,9.38,9.58,9.35,9.46,123410.0,117286492.0,0.83,1.23,19.62,1.2,14300610391.0,14295560130.0
2026-07-20T10:45:28,601878.SH,浙商证券,9.64,1.05,0.1,9.54,9.68,9.52,9.54,181899.0,175124517.0,0.4,2.0,14.67,1.17,44091399600.0,44091399600.0
2026-07-20T10:45:28,300807.SZ,天迈科技,33.76,1.05,0.35,33.75,34.55,33.45,33.41,6577.0,22356418.0,1.27,1.78,-65.76,5.12,2297016457.0,1753494029.0
2026-07-20T10:45:28,002249.SZ,大洋电机,6.72,1.05,0.07,6.67,6.79,6.62,6.65,200259.0,134420020.63,1.08,1.35,13.86,1.71,16569864958.0,12512206473.0
2026-07-20T10:45:28,002307.SZ,北新路桥,2.88,1.05,0.03,2.86,2.93,2.85,2.85,110667.0,32068293.98,0.68,1.38,-19.24,1.1,4748483681.0,4691874347.0
2026-07-20T10:45:28,688060.SH,云涌科技,31.67,1.05,0.33,31.34,32.56,30.3,31.34,3983.0,12695122.0,0.66,2.41,-47.68,2.15,1906240356.0,1906240356.0
2026-07-20T10:45:28,600153.SH,建发股份,8.69,1.05,0.09,8.65,8.73,8.56,8.6,90851.0,78496957.0,0.31,1.51,8.98,0.61,25196990008.0,25196990008.0
2026-07-20T10:45:28,600764.SH,中国海防,17.33,1.05,0.18,17.26,17.54,17.15,17.15,23329.0,40496441.0,0.33,1.42,118.96,1.5,12315207259.0,12315207259.0
2026-07-20T10:45:28,301004.SZ,嘉益股份,34.72,1.05,0.36,34.4,34.98,33.7,34.36,5485.0,18872486.8,0.4,2.02,20.61,2.82,5062393417.0,4725648060.0
2026-07-20T10:45:28,002847.SZ,盐津铺子,49.11,1.05,0.51,48.26,49.5,48.19,48.6,20744.0,101662300.94,0.85,1.17,14.38,6.98,13268905129.0,11974921602.0
2026-07-20T10:45:28,603639.SH,海利尔,10.61,1.05,0.11,10.59,10.68,10.46,10.5,10397.0,11017292.0,0.31,2.12,12.32,1.09,3709767784.0,3606109145.0
2026-07-20T10:45:28,300887.SZ,谱尼测试,6.71,1.05,0.07,6.59,6.84,6.59,6.64,44888.0,30184669.25,1.24,1.1,-13.17,1.33,3661896699.0,2430343346.0
2026-07-20T10:45:28,002600.SZ,领益智造,11.53,1.05,0.12,11.69,11.83,11.37,11.41,784642.0,910400654.94,1.09,1.14,59.76,3.86,93626014693.0,83014889257.0
2026-07-20T10:45:28,000750.SZ,国海证券,3.85,1.05,0.04,3.8,3.89,3.79,3.81,389927.0,150058531.01,0.67,2.02,23.93,1.09,24586771736.0,22315385311.0
2026-07-20T10:45:28,601311.SH,骆驼股份,7.8,1.04,0.08,7.75,7.84,7.68,7.72,58403.0,45435702.0,0.5,1.58,14.36,0.93,9150539720.0,9150539720.0
2026-07-20T10:45:28,300063.SZ,天龙集团,7.78,1.04,0.08,7.74,7.96,7.74,7.7,165018.0,129531454.86,2.63,1.32,85.31,3.34,5901341227.0,4874301817.0
2026-07-20T10:45:28,301667.SZ,纳百川,55.42,1.04,0.57,56.9,57.1,55.02,54.85,7770.0,43513692.13,3.27,1.44,213.47,4.84,6188729232.0,1315104962.0
2026-07-20T10:45:28,300339.SZ,润和软件,34.98,1.04,0.36,34.66,35.39,34.66,34.62,96810.0,339376791.12,1.24,1.12,90.15,7.76,27858451218.0,27203474365.0
2026-07-20T10:45:28,600894.SH,广日股份,7.8,1.04,0.08,7.91,7.91,7.73,7.72,18448.0,14429858.0,0.22,1.48,182.18,0.77,6608208586.0,6576526671.0
2026-07-20T10:45:28,920982.BJ,锦波生物,131.54,1.04,1.35,126.01,134.5,126.0,130.19,10377.0,134908236.61,1.87,1.72,26.94,7.65,15135694824.0,7295880043.0
2026-07-20T10:45:28,600738.SH,丽尚国潮,3.88,1.04,0.04,3.83,3.93,3.82,3.84,56241.0,21822926.0,0.74,1.66,12.03,1.42,2953980716.0,2951384840.0
2026-07-20T10:45:28,600391.SH,航发科技,27.2,1.04,0.28,27.29,27.98,27.08,26.92,49295.0,135554627.0,1.49,1.05,-197.83,5.06,8979518782.0,8979518782.0
2026-07-20T10:45:28,688013.SH,天臣医疗,23.62,1.03,0.24,23.33,24.24,23.1,23.38,8242.0,19565104.0,1.02,1.79,49.44,3.74,1916895272.0,1916895272.0
2026-07-20T10:45:28,688302.SH,海创药业-U,37.38,1.03,0.38,37.0,38.3,36.11,37.0,14552.0,54192719.0,1.47,1.44,-30.97,3.58,3701203053.0,3701203053.0
2026-07-20T10:45:28,688330.SH,宏力达,31.41,1.03,0.32,31.56,31.66,31.09,31.09,4005.0,12575287.0,0.29,1.46,77.49,1.02,4397400000.0,4397400000.0
2026-07-20T10:45:28,300303.SZ,聚飞光电,6.85,1.03,0.07,6.9,6.99,6.76,6.78,245839.0,169407099.44,1.85,1.39,47.48,2.64,9705117860.0,9101230142.0
2026-07-20T10:45:28,301023.SZ,奕帆传动,27.49,1.03,0.28,27.2,28.38,26.81,27.21,12778.0,35318491.8,2.47,1.65,48.86,3.16,2565384394.0,1423012070.0
2026-07-20T10:45:28,002923.SZ,润都股份,10.76,1.03,0.11,10.36,10.88,10.3,10.65,99082.0,105753568.96,3.84,1.18,57.73,3.42,3603451757.0,2776992803.0
2026-07-20T10:45:28,002284.SZ,亚太股份,8.93,1.02,0.09,8.9,9.05,8.82,8.84,75070.0,67042952.0,1.03,1.5,11.61,1.92,6600166108.0,6538441948.0
2026-07-20T10:45:28,688479.SH,友车科技,30.6,1.02,0.31,31.79,32.53,30.13,30.29,18437.0,58216648.0,2.13,1.1,143.86,3.34,6160525416.0,2647645416.0
2026-07-20T10:45:28,000541.SZ,佛山照明,4.96,1.02,0.05,4.91,4.98,4.91,4.91,38217.0,18908087.83,0.31,1.51,72.84,1.12,7617460021.0,6103254317.0
2026-07-20T10:45:28,300705.SZ,九典制药,10.9,1.02,0.11,10.69,10.97,10.64,10.79,50573.0,54786667.0,1.37,1.08,24.03,2.22,5453174015.0,4032415280.0
2026-07-20T10:45:28,600886.SH,国投电力,14.91,1.02,0.15,14.61,14.94,14.59,14.76,329046.0,487166974.0,0.44,1.77,14.09,1.73,119347009446.0,111141820773.0
2026-07-20T10:45:28,300257.SZ,开山股份,20.78,1.02,0.21,21.56,21.89,20.48,20.57,77550.0,165119173.01,0.81,2.14,64.8,3.16,20647735674.0,19838462356.0
2026-07-20T10:45:28,600613.SH,神奇制药,4.95,1.02,0.05,4.9,5.01,4.86,4.9,52688.0,26147246.0,1.1,1.11,51.3,1.15,2643654559.0,2372633891.0
2026-07-20T10:45:28,300482.SZ,万孚生物,16.9,1.02,0.17,16.76,17.07,16.71,16.73,30431.0,51464496.94,0.71,0.98,23.43,1.49,7910701379.0,7268122278.0
2026-07-20T10:45:28,601599.SH,浙文影业,2.98,1.02,0.03,2.96,3.01,2.94,2.95,83672.0,24918564.0,0.72,1.36,48.34,2.26,3458416510.0,3458416510.0
2026-07-20T10:45:28,002139.SZ,拓邦股份,9.9,1.02,0.1,9.75,9.95,9.75,9.8,100320.0,98957686.47,0.94,1.53,59.47,1.79,12343666381.0,10603789485.0
2026-07-20T10:45:28,002917.SZ,金奥博,9.91,1.02,0.1,9.9,10.03,9.81,9.81,15517.0,15439602.0,0.6,1.39,22.45,2.03,3444856692.0,2581998284.0
2026-07-20T10:45:28,600250.SH,南京商旅,7.91,1.02,0.08,7.93,8.03,7.86,7.83,29085.0,23109153.0,0.93,1.34,134.05,3.96,2474180006.0,2474180006.0
2026-07-20T10:45:28,000880.SZ,潍柴重机,21.02,1.01,0.21,21.03,21.58,20.82,20.81,58712.0,124557823.88,2.59,1.27,44.65,4.52,9750102617.0,4772103336.0
2026-07-20T10:45:28,920029.BJ,开发科技,32.13,1.01,0.32,32.8,32.9,31.81,31.81,3271.0,10535326.71,0.16,1.41,31.11,1.87,6649018603.0,6469851281.0
2026-07-20T10:45:28,920726.BJ,朱老六,17.0,1.01,0.17,16.53,17.5,16.36,16.83,20790.0,34907261.9,3.72,1.76,22.61,3.78,1722270000.0,950528735.0
2026-07-20T10:45:28,605337.SH,李子园,8.99,1.01,0.09,8.71,9.06,8.71,8.9,17608.0,15768547.0,0.45,1.78,16.38,2.22,3507022850.0,3507022850.0
2026-07-20T10:45:28,601061.SH,中信金属,10.0,1.01,0.1,9.92,10.13,9.86,9.9,63352.0,63307115.0,0.13,1.25,8.9,2.06,49000000000.0,49000000000.0
2026-07-20T10:45:28,000045.SZ,深纺织Ａ,9.02,1.01,0.09,8.92,9.18,8.92,8.93,32345.0,29349988.59,0.71,2.03,51.43,1.53,4568827078.0,4122337078.0
2026-07-20T10:45:28,600015.SH,华夏银行,6.98,1.01,0.07,6.9,6.98,6.88,6.91,407925.0,282777284.0,0.27,1.89,5.57,0.35,111086200707.0,107402823401.0
2026-07-20T10:45:28,300228.SZ,富瑞特装,6.99,1.01,0.07,6.92,7.09,6.92,6.92,63073.0,44266371.0,1.13,1.07,18.32,1.69,4176004588.0,3906739303.0
2026-07-20T10:45:28,300533.SZ,冰川网络,14.05,1.01,0.14,14.15,14.25,13.73,13.91,36051.0,50400490.4,1.56,0.8,-118.1,3.58,4611866950.0,3245032243.0
2026-07-20T10:45:28,002861.SZ,瀛通通讯,16.95,1.01,0.17,16.63,17.5,16.19,16.78,43776.0,73962563.0,2.92,2.0,-29.15,3.06,3157513156.0,2545350143.0
2026-07-20T10:45:28,603759.SH,海天股份,7.02,1.01,0.07,6.93,7.1,6.92,6.95,25268.0,17771053.0,0.55,1.61,209.49,1.13,3241555200.0,3241555200.0
2026-07-20T10:45:28,600422.SH,昆药集团,9.04,1.01,0.09,8.8,9.05,8.76,8.95,83108.0,74152039.0,1.1,1.06,-12.07,1.31,6843060843.0,6843060843.0
2026-07-20T10:45:28,000809.SZ,和展能源,3.02,1.0,0.03,3.04,3.08,2.99,2.99,80249.0,24418682.0,0.97,1.54,186.51,0.94,2490869705.0,2490869705.0
2026-07-20T10:45:28,300897.SZ,山科智能,13.16,1.0,0.13,13.15,13.48,13.03,13.03,13410.0,17785903.6,1.1,2.25,95.38,2.65,2577336439.0,1608890052.0
2026-07-20T10:45:28,600866.SH,星湖科技,5.06,1.0,0.05,4.99,5.07,4.93,5.01,131265.0,65989009.0,1.05,1.64,-44.82,1.11,8407051437.0,6354192779.0
2026-07-20T10:45:28,000501.SZ,武商集团,7.07,1.0,0.07,7.0,7.11,6.96,7.0,45529.0,32084112.0,0.59,1.57,11.02,0.5,5436778608.0,5431837809.0
2026-07-20T10:45:28,002314.SZ,南山控股,2.02,1.0,0.02,1.99,2.06,1.99,2.0,126828.0,25799000.0,0.95,1.71,-9.56,0.81,5469720676.0,2703414559.0
2026-07-20T10:45:28,688285.SH,高铁电气,7.05,1.0,0.07,7.02,7.19,6.92,6.98,20184.0,14250850.0,0.54,2.6,54.04,1.56,2652843887.0,2652843887.0
2026-07-20T10:45:28,601456.SH,国联民生,9.06,1.0,0.09,9.02,9.11,9.0,8.97,126250.0,114421328.0,0.29,1.81,25.9,0.96,51466170822.0,39655453450.0
2026-07-20T10:45:28,600169.SH,ST太重,2.02,1.0,0.02,2.0,2.05,1.99,2.0,80722.0,16335250.0,0.24,2.28,65.44,1.29,6732945830.0,6732945830.0
2026-07-20T10:45:28,002101.SZ,广东鸿图,9.13,1.0,0.09,9.01,9.2,9.01,9.04,32868.0,29989089.35,0.5,1.16,-214.89,0.78,6051574090.0,6045997377.0
2026-07-20T10:45:28,301058.SZ,中粮科工,8.18,0.99,0.08,8.11,8.27,8.1,8.1,17777.0,14563652.02,0.35,1.37,28.67,1.84,4260168581.0,4190403324.0
2026-07-20T10:45:28,603280.SH,南方路机,24.55,0.99,0.24,24.31,25.03,24.23,24.31,5500.0,13567297.0,0.51,2.07,59.33,1.96,2661383675.0,2661383675.0
2026-07-20T10:45:28,300139.SZ,晓程科技,33.71,0.99,0.33,33.41,34.25,32.94,33.38,99570.0,334169067.92,4.26,1.32,51.42,7.93,9236540000.0,7876652475.0
2026-07-20T10:45:28,600468.SH,百利电气,5.11,0.99,0.05,5.07,5.19,5.06,5.06,110960.0,57026905.0,1.02,1.87,54.43,2.76,5558327490.0,5558327490.0
2026-07-20T10:45:28,600959.SH,江苏有线,3.05,0.99,0.03,3.02,3.08,3.02,3.02,178207.0,54353590.0,0.36,1.35,60.22,0.67,15252188942.0,15252188942.0
2026-07-20T10:45:28,001390.SZ,古麒绒材,17.4,0.99,0.17,17.23,17.57,17.14,17.23,4770.0,8286111.38,0.4,0.86,21.76,2.12,3480000000.0,2066758950.0
2026-07-20T10:45:28,002639.SZ,雪人集团,11.25,0.99,0.11,11.2,11.47,11.16,11.14,138864.0,157172158.91,2.11,1.53,611.11,3.42,8763246135.0,7420878450.0
2026-07-20T10:45:28,300834.SZ,星辉环材,33.54,0.99,0.33,33.42,35.2,33.22,33.21,13726.0,46904617.0,0.71,2.01,77.58,2.27,6497112320.0,6453994168.0
2026-07-20T10:45:28,601098.SH,中南传媒,10.2,0.99,0.1,10.08,10.23,10.05,10.1,50716.0,51558129.0,0.28,1.41,12.07,1.16,18319200000.0,18319200000.0
2026-07-20T10:45:28,601228.SH,广州港,3.06,0.99,0.03,3.03,3.07,3.01,3.03,145571.0,44440273.0,0.19,1.6,24.76,1.08,23086265934.0,23086265934.0
2026-07-20T10:45:28,300402.SZ,宝色股份,13.27,0.99,0.13,13.24,13.53,13.22,13.14,13752.0,18396249.0,0.56,1.45,50.88,2.16,3274909895.0,3232817455.0
2026-07-20T10:45:28,688651.SH,盛邦安全,20.49,0.99,0.2,20.66,21.08,20.27,20.29,7000.0,14490429.0,1.59,1.39,-33.38,2.3,2100080750.0,903370066.0
2026-07-20T10:45:28,600794.SH,保税科技,3.08,0.98,0.03,3.03,3.11,3.03,3.05,57898.0,17796878.0,0.48,1.59,39.9,1.49,3696468644.0,3696468644.0
2026-07-20T10:45:28,000409.SZ,云鼎科技,8.27,0.98,0.08,8.18,8.37,8.16,8.19,28080.0,23234742.51,0.48,1.43,70.91,3.41,5604276359.0,4883219434.0
2026-07-20T10:45:28,300881.SZ,盛德鑫泰,32.9,0.98,0.32,32.58,33.5,32.11,32.58,10212.0,33570603.8,1.78,1.85,20.62,2.92,3619000000.0,1888665625.0
2026-07-20T10:45:28,920809.BJ,安达科技,7.24,0.98,0.07,7.38,7.5,7.19,7.17,63081.0,46229804.73,1.37,1.64,16.65,2.66,4337122000.0,3330665332.0
2026-07-20T10:45:28,601399.SH,国机重装,3.08,0.98,0.03,3.06,3.12,3.04,3.05,465352.0,143776255.0,0.65,1.9,43.74,1.49,22217752141.0,22217752141.0
2026-07-20T10:45:28,300051.SZ,琏升科技,7.2,0.98,0.07,7.19,7.55,7.13,7.13,101150.0,74221121.0,2.75,2.46,-32.21,28.03,2678527368.0,2645392248.0
2026-07-20T10:45:28,601009.SH,南京银行,11.29,0.98,0.11,11.18,11.3,11.11,11.18,227723.0,256239493.0,0.18,1.36,5.29,0.75,139584674196.0,139584674196.0
2026-07-20T10:45:28,301185.SZ,鸥玛软件,15.53,0.98,0.15,15.36,15.88,15.34,15.38,7897.0,12333625.0,0.57,1.08,155.66,2.25,2382575328.0,2153504303.0
2026-07-20T10:45:28,603883.SH,老百姓,12.39,0.98,0.12,12.28,12.48,12.17,12.27,64546.0,79680016.0,0.85,1.15,8.91,1.43,9402650024.0,9402650024.0
2026-07-20T10:45:28,002548.SZ,金新农,4.13,0.98,0.04,4.08,4.14,4.01,4.09,181838.0,74300852.4,2.26,1.12,-4.63,3.27,3420357208.0,3322467262.0
2026-07-20T10:45:28,600527.SH,江南高纤,2.07,0.98,0.02,2.05,2.11,2.04,2.05,259142.0,53993139.0,1.5,1.53,114.25,1.77,3584745067.0,3584745067.0
2026-07-20T10:45:28,603686.SH,福龙马,12.31,0.98,0.12,12.05,12.53,12.05,12.19,79446.0,98277998.0,1.91,1.51,19.58,1.48,5113948273.0,5113948273.0
2026-07-20T10:45:28,688184.SH,ST帕瓦,10.36,0.97,0.1,10.27,10.44,10.27,10.26,1473.0,1528606.0,0.15,0.58,20.13,1.51,1623701396.0,1017019796.0
2026-07-20T10:45:28,301535.SZ,浙江华远,12.49,0.97,0.12,12.29,12.77,12.29,12.37,14019.0,17678322.02,0.83,1.99,48.62,4.56,5311923534.0,2120753514.0
2026-07-20T10:45:28,002206.SZ,海 利 得,5.23,0.97,0.05,5.18,5.3,5.18,5.18,35694.0,18693593.28,0.34,1.25,12.34,1.56,6077402361.0,5527958257.0
2026-07-20T10:45:28,600848.SH,上海临港,8.29,0.97,0.08,8.23,8.4,8.23,8.21,51690.0,42925335.0,0.22,1.37,62.34,1.29,20911417263.0,19845532743.0
2026-07-20T10:45:28,300797.SZ,钢研纳克,11.46,0.97,0.11,11.48,11.67,11.38,11.35,19304.0,22248402.5,0.51,1.75,46.49,3.38,4386065287.0,4374217641.0
2026-07-20T10:45:28,600660.SH,福耀玻璃,54.4,0.97,0.52,53.74,54.96,53.56,53.88,69898.0,380017018.0,0.35,1.56,20.74,3.94,141970048141.0,108962456461.0
2026-07-20T10:45:28,301036.SZ,双乐股份,19.84,0.97,0.19,20.09,20.49,19.66,19.65,7968.0,16041515.0,1.13,1.96,-92.5,1.22,1984000000.0,1397413238.0
2026-07-20T10:45:28,000002.SZ,万  科Ａ,3.13,0.97,0.03,3.09,3.15,3.07,3.1,649427.0,202562106.78,0.67,1.3,-1.57,0.34,37343120644.0,30414009257.0
2026-07-20T10:45:28,601158.SH,重庆水务,4.2,0.96,0.04,4.16,4.22,4.15,4.16,59471.0,24932774.0,0.12,2.11,18.7,1.18,20160126500.0,20160126500.0
2026-07-20T10:45:28,600073.SH,光明肉业,5.28,0.96,0.05,5.22,5.32,5.19,5.23,55385.0,29127903.0,0.59,1.7,24.95,1.06,4951211612.0,4951211612.0
2026-07-20T10:45:28,002151.SZ,北斗星通,27.35,0.96,0.26,27.2,27.49,26.96,27.09,80528.0,219556154.7,1.82,0.93,273.85,3.07,14848613471.0,12110993313.0
2026-07-20T10:45:28,601818.SH,光大银行,3.16,0.96,0.03,3.12,3.17,3.11,3.13,1132048.0,356335225.0,0.24,1.61,4.07,0.37,186710341353.0,146645537173.0
2026-07-20T10:45:28,301163.SZ,宏德股份,21.13,0.96,0.2,21.11,21.84,20.85,20.93,10488.0,22445020.0,1.92,1.65,127.57,1.52,1724208000.0,1156352752.0
2026-07-20T10:45:28,300981.SZ,中红医疗,10.51,0.96,0.1,10.5,10.68,10.26,10.41,24338.0,25463327.97,0.62,1.27,228.56,0.88,4507370719.0,4130402453.0
2026-07-20T10:45:28,300510.SZ,金冠股份,3.15,0.96,0.03,3.12,3.22,3.11,3.12,100840.0,32080166.92,1.22,1.86,-21.25,1.35,2597775705.0,2597775705.0
2026-07-20T10:45:28,301296.SZ,新巨丰,6.33,0.96,0.06,6.31,6.45,6.27,6.27,15088.0,9611543.0,0.35,1.31,112.16,1.02,2703679184.0,2703617466.0
2026-07-20T10:45:28,605500.SH,森林包装,6.32,0.96,0.06,6.17,6.44,6.17,6.26,28420.0,18057435.0,0.69,1.7,-222.53,1.03,2619008000.0,2619008000.0
2026-07-20T10:45:28,600326.SH,西藏天路,6.32,0.96,0.06,6.26,6.42,6.24,6.26,123820.0,78657181.0,0.91,1.71,-57.95,2.2,8610775153.0,8610775153.0
2026-07-20T10:45:28,300298.SZ,三诺生物,15.8,0.96,0.15,15.57,15.89,15.49,15.65,55411.0,87086434.45,1.24,1.49,22.52,2.96,8798165109.0,7078416732.0
2026-07-20T10:45:28,003030.SZ,祖名股份,22.18,0.96,0.21,22.01,22.3,21.51,21.97,23115.0,50616716.72,2.86,0.89,-206.85,2.81,2767620400.0,1795668957.0
2026-07-20T10:45:28,002247.SZ,聚力文化,2.12,0.95,0.02,2.11,2.18,2.1,2.1,130837.0,28071875.0,2.03,1.49,525.84,2.68,1803844504.0,1364306225.0
2026-07-20T10:45:28,688021.SH,奥福科技,18.02,0.95,0.17,17.77,18.94,17.77,17.85,13281.0,24377845.0,1.74,2.61,31.5,1.57,1376975180.0,1376975180.0
2026-07-20T10:45:28,600429.SH,三元股份,4.25,0.95,0.04,4.2,4.29,4.18,4.21,63083.0,26792643.0,0.42,1.54,15.9,1.32,6383878526.0,6364619061.0
2026-07-20T10:45:28,301499.SZ,维科精密,23.27,0.95,0.22,23.7,24.35,23.05,23.05,23640.0,56123245.82,6.84,2.37,61.74,2.48,3217190732.0,804297695.0
2026-07-20T10:45:28,301329.SZ,信音电子,17.98,0.95,0.17,17.99,18.65,17.8,17.81,24787.0,45315053.0,3.75,1.82,26.81,1.96,3060196000.0,1187399200.0
2026-07-20T10:45:28,300676.SZ,华大基因,36.28,0.95,0.34,35.61,36.49,35.27,35.94,33115.0,119609606.12,0.8,0.97,-398.52,1.8,15176543481.0,15093784266.0
2026-07-20T10:45:28,300284.SZ,苏交科,5.34,0.95,0.05,5.23,5.41,5.23,5.29,75656.0,40591117.81,0.64,1.53,41.0,0.82,6743500313.0,6289365444.0
2026-07-20T10:45:28,300160.SZ,秀强股份,4.26,0.95,0.04,4.26,4.31,4.23,4.22,29887.0,12760199.0,0.39,1.41,21.99,1.26,3292751204.0,3246799542.0
2026-07-20T10:45:28,300025.SZ,华星创业,4.26,0.95,0.04,4.21,4.4,4.18,4.22,79915.0,34468213.0,1.58,1.73,-115.61,5.08,2167457848.0,2158343991.0
2026-07-20T10:45:28,603511.SH,爱慕股份,11.71,0.95,0.11,11.65,11.79,11.57,11.6,8177.0,9555432.0,0.2,1.38,12.74,1.1,4778120437.0,4706100424.0
2026-07-20T10:45:28,300796.SZ,贝斯美,6.37,0.95,0.06,6.33,6.46,6.28,6.31,30605.0,19542662.6,0.85,2.22,194.03,1.35,2300480095.0,2300480095.0
2026-07-20T10:45:28,600496.SH,精工钢构,3.22,0.94,0.03,3.2,3.25,3.2,3.19,115977.0,37430399.0,0.58,1.36,10.58,0.72,6408204429.0,6408204429.0
2026-07-20T10:45:28,300899.SZ,上海凯鑫,25.89,0.94,0.24,25.53,26.79,25.41,25.65,6862.0,17929028.0,1.68,2.67,-36.64,2.7,1651353935.0,1059834749.0
2026-07-20T10:45:28,000915.SZ,华特达因,25.69,0.94,0.24,25.45,25.95,25.38,25.45,14739.0,37878508.3,0.63,1.44,13.61,2.41,6019975850.0,6016146755.0
2026-07-20T10:45:28,600010.SH,包钢股份,2.14,0.94,0.02,2.14,2.16,2.13,2.12,1720736.0,369165678.0,0.55,0.99,-52.29,1.88,96783710509.0,67020973438.0
2026-07-20T10:45:28,600864.SH,哈投股份,5.38,0.94,0.05,5.33,5.42,5.33,5.33,176972.0,95168899.0,0.85,1.96,35.21,0.87,11193469398.0,11193469398.0
2026-07-20T10:45:28,600609.SH,金杯汽车,3.23,0.94,0.03,3.2,3.27,3.19,3.2,89060.0,28793000.0,0.68,1.42,20.32,2.53,4213724142.0,4213724142.0
2026-07-20T10:45:28,603615.SH,茶花股份,15.08,0.94,0.14,15.2,15.6,14.9,14.94,33483.0,51079517.0,1.38,1.8,181.8,3.19,3646645600.0,3646645600.0
2026-07-20T10:45:28,003002.SZ,壶化股份,16.13,0.94,0.15,15.94,16.41,15.91,15.98,11384.0,18431396.0,0.62,1.58,50.44,2.13,3226000000.0,2949326546.0
2026-07-20T10:45:28,600158.SH,中体产业,6.42,0.94,0.06,6.4,6.49,6.39,6.36,170663.0,109867460.0,1.78,1.36,-268.63,2.57,6160073890.0,6160073890.0
2026-07-20T10:45:28,603086.SH,先达股份,5.38,0.94,0.05,5.25,5.47,5.25,5.33,38331.0,20673493.0,0.88,1.92,26.62,1.12,2339294709.0,2339294709.0
2026-07-20T10:45:28,601882.SH,海天精工,18.3,0.94,0.17,18.41,18.59,18.13,18.13,25663.0,46940491.0,0.49,1.19,21.45,3.29,9552600000.0,9552600000.0
2026-07-20T10:45:28,300147.SZ,*ST香雪,6.48,0.93,0.06,6.41,6.59,6.39,6.42,49899.0,32368640.0,0.76,0.64,-9.61,-9.09,4285088212.0,4259737233.0
2026-07-20T10:45:28,000717.SZ,中南股份,2.18,0.93,0.02,2.14,2.2,2.14,2.16,83857.0,18247983.33,0.35,1.53,-22.91,0.79,5283983386.0,5283362904.0
2026-07-20T10:45:28,002978.SZ,安宁股份,25.95,0.93,0.24,25.74,26.26,25.71,25.71,14036.0,36584848.19,0.38,1.45,20.02,1.42,12248139410.0,9582804530.0
2026-07-20T10:45:28,603689.SH,皖天然气,7.56,0.93,0.07,7.5,7.66,7.5,7.49,15906.0,12083873.0,0.3,1.21,8.67,1.1,3975148888.0,3957266615.0
2026-07-20T10:45:28,300172.SZ,中电环保,4.32,0.93,0.04,4.27,4.38,4.26,4.28,73776.0,31929896.0,1.41,1.74,27.17,1.55,2923387200.0,2259082112.0
2026-07-20T10:45:28,002146.SZ,荣盛发展,1.09,0.93,0.01,1.08,1.11,1.07,1.08,603992.0,65754311.0,1.54,1.82,-1.8,0.93,4739498598.0,4263558273.0
2026-07-20T10:45:28,601298.SH,青岛港,8.67,0.93,0.08,8.57,8.71,8.55,8.59,63845.0,55084393.0,0.12,1.26,10.24,1.2,56277837000.0,46749290250.0
2026-07-20T10:45:28,600252.SH,中恒集团,2.17,0.93,0.02,2.16,2.21,2.12,2.15,419770.0,90863892.0,1.32,1.17,-51.52,1.31,6909633862.0,6909633862.0
2026-07-20T10:45:28,002357.SZ,富临运业,8.8,0.92,0.08,8.77,8.94,8.67,8.72,45826.0,40363814.0,1.46,0.97,10.52,1.56,2758703517.0,2758604517.0
2026-07-20T10:45:28,002339.SZ,积成电子,6.55,0.92,0.06,6.48,6.69,6.48,6.49,78273.0,51731478.34,1.64,1.99,-11.25,1.9,3301804395.0,3135619137.0
2026-07-20T10:45:28,600079.SH,ST人福,17.61,0.92,0.16,17.4,17.66,17.4,17.45,46028.0,80789083.0,0.3,0.97,12.22,1.48,28743499244.0,27175378140.0
2026-07-20T10:45:28,600501.SH,航天晨光,13.17,0.92,0.12,13.09,13.51,13.09,13.05,37209.0,49577950.0,0.87,1.2,-22.73,3.85,5634444714.0,5634444714.0
2026-07-20T10:45:28,603301.SH,振德医疗,85.5,0.92,0.78,84.65,85.82,82.48,84.72,9903.0,83294608.0,0.38,1.46,103.59,4.0,22561417238.0,22561417238.0
2026-07-20T10:45:28,000813.SZ,德展健康,3.3,0.92,0.03,3.26,3.33,3.24,3.27,186080.0,61409937.53,0.89,1.21,-50.26,1.5,6920448282.0,6919309782.0
2026-07-20T10:45:28,600283.SH,钱江水利,7.7,0.92,0.07,7.6,7.74,7.6,7.63,13025.0,10005730.0,0.23,0.73,28.55,1.42,4318351715.0,4318351715.0
2026-07-20T10:45:28,000505.SZ,京粮控股,5.47,0.92,0.05,5.4,5.51,5.39,5.42,40592.0,22206036.0,0.64,1.82,122.16,1.39,3976417873.0,3459120438.0
2026-07-20T10:45:28,300062.SZ,中能电气,5.48,0.92,0.05,5.34,5.58,5.34,5.43,117994.0,65121371.09,2.57,2.44,307.82,2.24,3452056788.0,2511803210.0
2026-07-20T10:45:28,002932.SZ,*ST明德,14.46,0.91,0.13,14.33,14.65,14.22,14.33,7578.0,10962431.11,0.49,1.68,-2227.24,0.61,3362253038.0,2257133628.0
2026-07-20T10:45:28,301598.SZ,博科测试,46.74,0.91,0.42,46.48,47.96,46.48,46.32,2535.0,11965612.0,1.44,1.14,38.93,2.91,2752856203.0,820180573.0
2026-07-20T10:45:28,002362.SZ,汉王科技,14.38,0.91,0.13,14.25,14.64,14.25,14.25,12955.0,18723340.78,0.62,1.04,-20.79,3.87,3515257809.0,2985200742.0
2026-07-20T10:45:28,600841.SH,动力新科,5.57,0.91,0.05,5.52,5.71,5.52,5.52,65632.0,36938626.0,0.63,1.23,53.39,1.2,7730167337.0,5809646376.0
2026-07-20T10:45:28,301159.SZ,三维天地,27.8,0.91,0.25,27.69,28.7,27.6,27.55,12008.0,33811759.0,2.27,0.91,-35.01,3.31,2150330000.0,1473816333.0
2026-07-20T10:45:28,688221.SH,前沿生物-U,21.14,0.91,0.19,21.24,21.88,20.58,20.95,153415.0,328036509.0,4.1,1.72,8.71,7.14,7918592724.0,7918592724.0
2026-07-20T10:45:28,300589.SZ,江龙船艇,11.03,0.91,0.1,10.96,11.29,10.91,10.93,44366.0,49284219.0,1.89,1.13,325.33,6.0,4165677996.0,2585747646.0
2026-07-20T10:45:28,601966.SH,玲珑轮胎,11.09,0.91,0.1,11.0,11.18,10.95,10.99,55640.0,61624555.0,0.38,1.37,240.19,0.71,16230244754.0,16230244754.0
2026-07-20T10:45:28,600372.SH,中航机载,11.03,0.91,0.1,11.0,11.12,10.95,10.93,140360.0,155108206.0,0.29,1.26,74.11,1.42,53373029829.0,53373029829.0
2026-07-20T10:45:28,600159.SH,大龙地产,2.25,0.9,0.02,2.24,2.34,2.23,2.23,107853.0,24737863.0,1.3,1.8,-29.69,1.28,1867507272.0,1867507272.0
2026-07-20T10:45:28,600820.SH,隧道股份,5.59,0.9,0.05,5.55,5.63,5.54,5.54,94541.0,52821044.0,0.3,1.42,14.78,0.55,17575497165.0,17575497165.0
2026-07-20T10:45:28,002535.SZ,林州重机,2.24,0.9,0.02,2.23,2.34,2.23,2.22,93526.0,21228300.77,1.25,1.71,85.23,3.02,1795770086.0,1671708662.0
2026-07-20T10:45:28,301106.SZ,骏成科技,15.68,0.9,0.14,15.76,16.2,15.47,15.54,15763.0,24933483.6,1.1,1.56,69.33,1.78,2241624858.0,2241624858.0
2026-07-20T10:45:28,000020.SZ,深华发Ａ,10.08,0.9,0.09,10.06,10.48,10.0,9.99,28617.0,29268535.0,1.58,2.57,137.14,6.42,2854265168.0,1826147141.0
2026-07-20T10:45:28,603230.SH,内蒙新华,9.01,0.9,0.08,8.96,9.11,8.94,8.93,8665.0,7813357.0,0.25,1.35,12.81,1.15,3185242230.0,3185242230.0
2026-07-20T10:45:28,603209.SH,兴通股份,13.47,0.9,0.12,13.27,13.55,13.27,13.35,12721.0,17113962.0,0.4,1.22,9.82,1.29,4377750000.0,4330491812.0
2026-07-20T10:45:28,000599.SZ,青岛双星,4.49,0.9,0.04,4.44,4.57,4.41,4.45,91416.0,41257175.09,1.12,1.85,64.85,1.0,10969577904.0,3667172083.0
2026-07-20T10:45:28,600529.SH,山东药玻,18.97,0.9,0.17,18.8,19.1,18.8,18.8,60776.0,115308405.0,0.92,1.44,15.64,1.5,12588759724.0,12588759724.0
2026-07-20T10:45:28,600935.SH,华塑股份,2.25,0.9,0.02,2.23,2.27,2.23,2.23,64447.0,14505639.0,0.18,1.26,-129.94,1.36,8088160626.0,7891654077.0
2026-07-20T10:45:28,300378.SZ,鼎捷数智,27.89,0.9,0.25,27.92,28.41,27.66,27.64,36462.0,102136133.19,1.35,1.15,-235.64,3.31,7573659523.0,7516722088.0
2026-07-20T10:45:28,688510.SH,航亚科技,21.19,0.9,0.19,21.18,21.76,20.91,21.0,27272.0,58035896.0,1.05,1.31,68.73,4.67,5507760064.0,5507760064.0
2026-07-20T10:45:28,002528.SZ,*ST英飞,4.48,0.9,0.04,4.45,4.66,4.44,4.44,61317.0,27848830.6,0.58,2.77,-68.67,-40.98,5370064367.0,4704970193.0
2026-07-20T10:45:28,300605.SZ,恒锋信息,8.93,0.9,0.08,8.93,9.23,8.87,8.85,33737.0,30531802.0,2.67,1.62,-26.72,3.38,1474737036.0,1128599744.0
2026-07-20T10:45:28,688100.SH,威胜信息,28.16,0.9,0.25,28.18,28.49,27.91,27.91,17886.0,50502229.0,0.37,1.6,23.34,3.91,13845854528.0,13726697628.0
2026-07-20T10:45:28,003038.SZ,鑫铂股份,10.07,0.9,0.09,9.98,10.28,9.96,9.98,20350.0,20615195.9,1.24,1.4,-77.27,0.87,2453653834.0,1651198342.0
2026-07-20T10:45:28,603092.SH,德力佳,48.36,0.9,0.43,47.71,48.86,47.68,47.93,5300.0,25620162.0,1.53,1.34,22.76,3.53,19344004836.0,1671885187.0
2026-07-20T10:45:28,002183.SZ,怡 亚 通,4.52,0.89,0.04,4.49,4.57,4.48,4.48,242343.0,109702094.83,0.93,1.31,174.53,1.3,11738481091.0,11738413291.0
2026-07-20T10:45:28,002590.SZ,万安科技,9.04,0.89,0.08,8.96,9.19,8.96,8.96,33050.0,30045769.0,0.67,1.54,38.13,1.54,4692234392.0,4474410060.0
2026-07-20T10:45:28,688201.SH,ST信安,6.77,0.89,0.06,6.75,6.9,6.75,6.71,9551.0,6514318.0,0.3,1.44,-37.42,1.67,2147131334.0,2147131334.0
2026-07-20T10:45:28,301238.SZ,瑞泰新材,14.78,0.89,0.13,14.9,15.13,14.68,14.65,69547.0,103491785.14,0.95,1.64,21.45,1.5,10838666174.0,10838666174.0
2026-07-20T10:45:28,300957.SZ,贝泰妮,31.85,0.89,0.28,31.61,32.02,31.35,31.57,47661.0,151502268.05,1.13,1.89,51.13,2.21,13491660000.0,13418178292.0
2026-07-20T10:45:28,300427.SZ,红相股份,5.68,0.89,0.05,5.67,5.88,5.63,5.63,114568.0,66010844.0,2.28,1.64,203.16,2.4,2888395293.0,2857067764.0
2026-07-20T10:45:28,002286.SZ,保龄宝,7.91,0.89,0.07,7.88,8.0,7.81,7.84,22368.0,17733347.2,0.61,1.53,13.88,1.33,3005621076.0,2924244483.0
2026-07-20T10:45:28,000990.SZ,诚志股份,9.1,0.89,0.08,9.04,9.22,9.0,9.02,218738.0,199328396.82,1.8,1.04,11.87,0.62,11058661569.0,11058653379.0
2026-07-20T10:45:28,600981.SH,苏豪汇鸿,2.26,0.89,0.02,2.21,2.3,2.21,2.24,97750.0,22189990.0,0.44,1.46,-38.44,1.02,5067899014.0,5067899014.0
2026-07-20T10:45:28,600425.SH,青松建化,3.43,0.88,0.03,3.42,3.47,3.38,3.4,79884.0,27408629.0,0.5,1.86,-51.44,0.88,5504133715.0,5504133715.0
2026-07-20T10:45:28,002054.SZ,德美化工,6.85,0.88,0.06,6.8,6.91,6.76,6.79,48310.0,33057814.94,1.26,1.33,17.52,1.28,3302490846.0,2630484447.0
2026-07-20T10:45:28,600161.SH,天坛生物,12.63,0.88,0.11,12.55,12.74,12.39,12.52,99769.0,125637958.0,0.5,1.51,49.6,2.12,24974201363.0,24974201363.0
2026-07-20T10:45:28,688787.SH,海天瑞声,101.27,0.88,0.88,107.31,108.0,99.88,100.39,19198.0,201297128.0,3.18,2.27,181.75,8.2,6109130979.0,6109130979.0
2026-07-20T10:45:28,688677.SH,海泰新光,72.12,0.88,0.63,73.18,76.3,71.01,71.49,30024.0,223280996.0,2.5,2.03,45.79,6.58,8645529240.0,8645529240.0
2026-07-20T10:45:28,600478.SH,科力远,4.58,0.88,0.04,4.55,4.66,4.51,4.54,121461.0,55951597.0,0.72,1.7,50.05,2.55,7758148635.0,7758148635.0
2026-07-20T10:45:28,002591.SZ,恒大高新,5.72,0.88,0.05,5.66,5.96,5.66,5.67,104334.0,60811781.0,4.67,2.29,69.05,2.68,1717141048.0,1278491283.0
2026-07-20T10:45:28,300376.SZ,易事特,4.61,0.88,0.04,4.65,4.69,4.56,4.57,97154.0,44956331.0,0.42,1.39,180.08,1.65,10733188594.0,10729474894.0
2026-07-20T10:45:28,300470.SZ,中密控股,28.77,0.88,0.25,28.49,28.94,28.35,28.52,7663.0,21988481.0,0.39,1.33,22.48,2.09,5982282383.0,5677318887.0
2026-07-20T10:45:28,605268.SH,王力安防,9.16,0.88,0.08,9.07,9.26,9.05,9.08,14470.0,13240456.0,0.33,1.44,34.99,2.5,4035438000.0,4035438000.0
2026-07-20T10:45:28,600663.SH,陆家嘴,6.9,0.88,0.06,6.83,7.03,6.82,6.84,71400.0,49492506.0,0.23,1.83,43.59,1.39,34742560385.0,21774217268.0
2026-07-20T10:45:28,920471.BJ,美邦科技,11.42,0.88,0.1,11.25,11.9,11.25,11.32,6219.0,7129129.19,1.17,1.2,43.19,1.89,950144000.0,605609532.0
2026-07-20T10:45:28,603786.SH,科博达,39.97,0.88,0.35,39.56,40.33,39.5,39.62,7523.0,30049778.0,0.19,1.2,26.69,2.93,16142152299.0,16142152299.0
2026-07-20T10:45:28,300504.SZ,天邑股份,13.7,0.88,0.12,13.81,14.26,13.5,13.58,54633.0,75733637.0,2.5,1.6,40.55,1.77,3713036746.0,2990045975.0
2026-07-20T10:45:28,300618.SZ,寒锐钴业,32.25,0.88,0.28,32.18,32.7,32.0,31.97,19075.0,61671957.28,0.7,1.25,38.56,1.82,9987731185.0,8788017221.0
2026-07-20T10:45:28,688553.SH,汇宇制药-W,11.61,0.87,0.1,11.44,11.8,11.31,11.51,98453.0,114024077.0,1.94,1.19,83.07,1.97,7266708973.0,5891049280.0
2026-07-20T10:45:28,688032.SH,禾迈股份,75.16,0.87,0.65,74.44,76.84,74.21,74.51,6389.0,48337771.0,0.51,1.89,-37.49,1.64,9325367642.0,9325367642.0
2026-07-20T10:45:28,300543.SZ,朗科智能,6.97,0.87,0.06,6.89,7.16,6.89,6.91,33468.0,23612465.81,1.34,1.85,-64.55,1.52,2135408198.0,1743885692.0
2026-07-20T10:45:28,002236.SZ,大华股份,16.16,0.87,0.14,16.09,16.23,15.99,16.02,168553.0,271719848.0,0.7,1.24,18.93,1.42,52831275116.0,38640611754.0
2026-07-20T10:45:28,603107.SH,上海汽配,11.65,0.87,0.1,11.65,11.8,11.5,11.55,12353.0,14438148.0,0.57,2.42,21.94,1.89,3929952750.0,2541727077.0
2026-07-20T10:45:28,600382.SH,广东明珠,5.8,0.87,0.05,5.81,5.89,5.76,5.75,53678.0,31262231.0,0.77,1.4,17.15,1.34,4027566916.0,4027566916.0
2026-07-20T10:45:28,300466.SZ,赛摩智能,6.97,0.87,0.06,6.91,7.12,6.91,6.91,34639.0,24320989.8,0.77,1.67,179.44,5.39,3732643459.0,3128638969.0
2026-07-20T10:45:28,600679.SH,上海凤凰,9.28,0.87,0.08,9.26,9.35,9.18,9.2,12536.0,11623613.0,0.36,1.27,95.0,2.19,4596330891.0,3189482705.0
2026-07-20T10:45:28,002716.SZ,湖南白银,6.97,0.87,0.06,6.92,7.05,6.89,6.91,422894.0,294750734.66,1.82,1.54,31.63,4.85,19676927863.0,16187655448.0
2026-07-20T10:45:28,000008.SZ,神州高铁,2.31,0.87,0.02,2.29,2.33,2.27,2.29,184181.0,42447270.0,0.68,1.0,-51.6,2.91,6274832448.0,6274645959.0
2026-07-20T10:45:28,600298.SH,安琪酵母,38.81,0.86,0.33,38.54,39.09,37.75,38.48,67449.0,260275186.0,0.79,1.67,19.77,2.81,33681206922.0,33266009780.0
2026-07-20T10:45:28,603111.SH,康尼机电,5.85,0.86,0.05,5.84,5.91,5.8,5.8,36059.0,21120208.0,0.43,1.91,22.6,1.31,5042879431.0,4899931897.0
2026-07-20T10:45:28,002121.SZ,科陆电子,4.68,0.86,0.04,4.64,4.8,4.63,4.64,201509.0,95276685.88,1.43,1.5,-48.46,22.06,7827536845.0,6606545746.0
2026-07-20T10:45:28,920056.BJ,能之光,16.45,0.86,0.14,16.5,16.63,16.32,16.31,2065.0,3410440.43,0.67,1.41,22.68,2.49,1343828465.0,507381842.0
2026-07-20T10:45:28,600748.SH,上实发展,3.5,0.86,0.03,3.47,3.59,3.46,3.47,73281.0,25905021.0,0.4,1.53,-13.81,0.62,6455970122.0,6455970122.0
2026-07-20T10:45:28,300288.SZ,朗玛信息,9.43,0.86,0.08,9.33,9.59,9.33,9.35,25039.0,23669948.27,0.98,1.17,-191.19,2.96,3186787421.0,2419449357.0
2026-07-20T10:45:28,603585.SH,苏利股份,9.42,0.86,0.08,9.34,9.6,9.33,9.34,18544.0,17552175.0,0.68,1.48,30.12,0.95,2593851740.0,2550898424.0
2026-07-20T10:45:28,603248.SH,锡华科技,17.65,0.86,0.15,17.5,18.0,17.46,17.5,19235.0,34218647.0,2.69,1.71,70.39,3.59,8119000000.0,1262062385.0
2026-07-20T10:45:28,603229.SH,奥翔药业,8.17,0.86,0.07,8.11,8.25,8.02,8.1,46958.0,38262571.0,0.57,1.28,17.54,2.93,6783527675.0,6783527675.0
2026-07-20T10:45:28,603878.SH,武进不锈,4.68,0.86,0.04,4.64,4.79,4.64,4.64,81468.0,38593855.0,1.45,1.82,-37.4,1.02,2626181934.0,2626181934.0
2026-07-20T10:45:28,002813.SZ,路畅科技,18.76,0.86,0.16,18.7,19.19,18.6,18.6,12161.0,22955815.0,1.01,2.59,-30.47,10.9,2251200000.0,2248499967.0
2026-07-20T10:45:28,603733.SH,仙鹤股份,18.72,0.86,0.16,18.7,19.06,18.47,18.56,55344.0,103799643.0,0.76,1.46,13.52,1.42,13562318297.0,13562318297.0
2026-07-20T10:45:28,002991.SZ,甘源食品,42.15,0.86,0.36,41.77,42.41,41.54,41.79,3578.0,15039638.0,0.72,1.31,14.81,2.33,3929047277.0,2104705708.0
2026-07-20T10:45:28,603207.SH,小方制药,23.35,0.86,0.2,23.15,23.72,23.0,23.15,8780.0,20567647.0,1.61,1.34,16.75,3.44,3751720668.0,1274978789.0
2026-07-20T10:45:28,688351.SH,微电生理,19.87,0.86,0.17,19.99,20.05,19.42,19.7,30031.0,59381126.0,0.64,1.58,80.38,5.2,9350822000.0,9350822000.0
2026-07-20T10:45:28,600771.SH,广誉远,15.17,0.86,0.13,14.99,15.26,14.8,15.04,77010.0,115978107.0,1.57,1.43,27.82,4.37,7425580609.0,7425580609.0
2026-07-20T10:45:28,601366.SH,利群股份,3.52,0.86,0.03,3.47,3.57,3.47,3.49,46318.0,16348933.0,0.48,1.27,125.77,0.79,3378288718.0,3378288718.0
2026-07-20T10:45:28,603101.SH,汇嘉时代,7.05,0.86,0.06,6.86,7.11,6.84,6.99,48694.0,34141685.0,1.04,1.31,12.87,2.31,3316320000.0,3316320000.0
2026-07-20T10:45:28,920344.BJ,三元基因,18.96,0.85,0.16,18.76,19.31,18.69,18.8,6421.0,12190709.22,0.56,0.87,540.29,3.68,2309517600.0,2156285895.0
2026-07-20T10:45:28,600009.SH,上海机场,23.79,0.85,0.2,23.56,23.9,23.46,23.59,56777.0,134644276.0,0.28,1.29,25.61,1.39,59196967222.0,48680989662.0
2026-07-20T10:45:28,600138.SH,中青旅,7.1,0.85,0.06,7.06,7.15,7.02,7.04,37869.0,26877795.0,0.52,1.28,-34.81,0.82,5139264000.0,5139264000.0
2026-07-20T10:45:28,000529.SZ,广弘控股,4.72,0.85,0.04,4.75,4.79,4.67,4.68,24057.0,11361580.28,0.42,1.48,-313.58,0.87,2755490358.0,2689854259.0
2026-07-20T10:45:28,920111.BJ,聚星科技,27.18,0.85,0.23,27.21,27.74,26.81,26.95,11432.0,31184969.16,1.52,1.03,11.5,4.18,4217099310.0,2046331238.0
2026-07-20T10:45:28,300771.SZ,智莱科技,10.67,0.85,0.09,10.5,10.95,10.4,10.58,18443.0,19808881.0,0.98,1.22,40.65,1.32,2560800000.0,2017454503.0
2026-07-20T10:45:28,300057.SZ,万顺新材,5.92,0.85,0.05,6.02,6.23,5.86,5.87,290815.0,176806871.02,3.5,2.21,67.71,1.06,5941143061.0,4919377849.0
2026-07-20T10:45:28,002864.SZ,盘龙药业,29.75,0.85,0.25,29.06,30.0,28.6,29.5,27280.0,79899298.0,3.6,1.16,35.94,1.86,3128348160.0,2256348171.0
2026-07-20T10:45:28,002732.SZ,燕塘乳业,13.11,0.85,0.11,13.0,13.33,12.9,13.0,9297.0,12226194.0,0.59,1.66,10418.44,1.38,2062858500.0,2052582502.0
2026-07-20T10:45:28,300993.SZ,玉马科技,9.51,0.85,0.08,9.43,9.68,9.43,9.43,14147.0,13486743.98,0.58,1.48,26.29,1.91,2930327712.0,2300044321.0
2026-07-20T10:45:28,002556.SZ,辉隆股份,4.75,0.85,0.04,4.71,4.79,4.68,4.71,42150.0,20015689.0,0.45,1.63,20.98,1.26,4495960880.0,4491218955.0
2026-07-20T10:45:28,920639.BJ,晨光电缆,6.0,0.84,0.05,5.98,6.06,5.92,5.95,6944.0,4169250.46,0.58,1.87,43.54,1.45,1209600000.0,712521804.0
2026-07-20T10:45:28,301011.SZ,华立科技,14.46,0.84,0.12,14.51,14.79,14.31,14.34,23193.0,33670834.26,1.58,2.51,-53.27,2.41,2233450042.0,2120870266.0
2026-07-20T10:45:28,688357.SH,建龙微纳,24.05,0.84,0.2,24.18,24.85,23.88,23.85,4814.0,11753453.0,0.48,1.37,36.6,1.39,2406439994.0,2406439994.0
2026-07-20T10:45:28,600410.SH,华胜天成,13.23,0.84,0.11,13.26,13.77,13.08,13.12,370061.0,496398471.0,3.37,1.26,-39.29,3.37,14506624656.0,14506624656.0
2026-07-20T10:45:28,601005.SH,重庆钢铁,1.2,0.84,0.01,1.19,1.22,1.19,1.19,626797.0,75509969.0,0.75,2.05,-14.48,0.78,11531207429.0,9976363880.0
2026-07-20T10:45:28,000420.SZ,吉林化纤,3.6,0.84,0.03,3.59,3.66,3.57,3.57,211666.0,76483921.4,0.86,1.27,81.21,1.99,8851926035.0,8848928315.0
2026-07-20T10:45:28,000402.SZ,金 融 街,2.41,0.84,0.02,2.39,2.44,2.38,2.39,162616.0,39198204.0,0.54,1.09,5.22,0.36,7203321076.0,7202656012.0
2026-07-20T10:45:28,000757.SZ,浩物股份,3.6,0.84,0.03,3.6,3.7,3.58,3.57,79543.0,28977293.12,1.49,1.86,57.93,1.19,1917777942.0,1917777942.0
2026-07-20T10:45:28,300144.SZ,宋城演艺,5.98,0.84,0.05,5.9,6.01,5.9,5.93,146137.0,87166662.91,0.57,1.16,18.45,2.18,15601071292.0,15437956004.0
2026-07-20T10:45:28,600456.SH,宝钛股份,27.58,0.84,0.23,27.77,28.19,27.42,27.35,32179.0,89321047.0,0.67,1.21,55.91,1.86,13177104526.0,13177104526.0
2026-07-20T10:45:28,605266.SH,健之佳,16.74,0.84,0.14,16.62,17.01,16.52,16.6,10898.0,18343998.0,0.71,1.35,17.99,1.03,2587048615.0,2587048615.0
2026-07-20T10:45:28,002722.SZ,物产金轮,12.04,0.84,0.1,11.98,12.23,11.95,11.94,19127.0,23098255.16,0.86,1.77,16.23,0.91,2677359000.0,2677178400.0
2026-07-20T10:45:28,688468.SH,科美诊断,6.03,0.84,0.05,6.01,6.12,5.96,5.98,18351.0,11119665.0,0.46,1.37,67.48,1.7,2418681240.0,2418681240.0
2026-07-20T10:45:28,301533.SZ,威马农机,23.88,0.84,0.2,23.85,24.49,23.61,23.68,5015.0,12065069.55,1.76,1.64,72.47,2.14,2347563996.0,679068396.0
2026-07-20T10:45:28,002310.SZ,东方新能,2.4,0.84,0.02,2.33,2.45,2.28,2.38,1546965.0,366138450.0,3.52,3.16,-260.25,6.01,14398373081.0,10557622685.0
2026-07-20T10:45:28,002135.SZ,东南网架,6.01,0.84,0.05,6.05,6.25,5.94,5.96,75238.0,45550979.0,0.72,1.37,109.88,1.08,6704290189.0,6273671177.0
2026-07-20T10:45:28,002014.SZ,永新股份,10.9,0.83,0.09,10.81,10.96,10.8,10.81,7892.0,8589849.2,0.13,1.1,18.39,2.78,6676161339.0,6569368230.0
2026-07-20T10:45:28,002006.SZ,精工科技,13.3,0.83,0.11,13.25,13.48,13.17,13.19,39139.0,52125227.88,0.75,1.41,34.68,2.89,6913252752.0,6913252752.0
2026-07-20T10:45:28,000719.SZ,中原传媒,12.1,0.83,0.1,11.95,12.2,11.88,12.0,36616.0,44150982.58,0.55,2.47,27.85,1.06,12380765363.0,8072485270.0
2026-07-20T10:45:28,000060.SZ,中金岭南,6.05,0.83,0.05,6.05,6.15,5.99,6.0,466368.0,282604748.44,1.05,1.34,13.34,1.36,26869093371.0,26868753058.0
2026-07-20T10:45:28,002482.SZ,广田集团,1.22,0.83,0.01,1.21,1.24,1.2,1.21,306840.0,37510827.73,0.82,1.34,-45.16,10.28,4576174083.0,4567325957.0
2026-07-20T10:45:28,603310.SH,巍华新材,14.57,0.83,0.12,14.56,14.68,14.45,14.45,8358.0,12176429.0,0.43,1.46,30.58,1.26,5031603800.0,2826725700.0
2026-07-20T10:45:28,600628.SH,新世界,6.07,0.83,0.05,6.0,6.12,5.98,6.02,44040.0,26722682.0,0.68,1.59,43.79,0.92,3926533581.0,3926533581.0
2026-07-20T10:45:28,300247.SZ,融捷健康,3.63,0.83,0.03,3.61,3.69,3.6,3.6,42620.0,15562929.0,0.53,1.19,30.74,2.52,2918666336.0,2918666336.0
2026-07-20T10:45:28,000790.SZ,华神科技,3.7,0.82,0.03,3.66,3.8,3.62,3.67,98277.0,36487762.07,1.58,1.43,238.68,3.21,2307761647.0,2303674072.0
2026-07-20T10:45:28,301110.SZ,青木科技,35.64,0.82,0.29,35.61,36.18,35.14,35.35,13356.0,47668923.48,1.47,1.11,27.4,3.07,4617142968.0,3247464088.0
2026-07-20T10:45:28,002471.SZ,中超控股,4.89,0.82,0.04,4.9,5.01,4.85,4.85,293503.0,145173837.0,2.18,1.54,-353.33,3.71,6693236400.0,6569768668.0
2026-07-20T10:45:28,002438.SZ,江苏神通,12.24,0.82,0.1,12.27,12.62,12.13,12.14,36152.0,44697851.4,0.77,1.99,18.17,1.68,6212258523.0,5739099364.0
2026-07-20T10:45:28,000538.SZ,云南白药,51.84,0.82,0.42,51.08,51.98,50.65,51.42,71705.0,369490220.09,0.4,1.27,11.35,2.36,92496173340.0,91908865901.0
2026-07-20T10:45:28,002455.SZ,百川股份,6.18,0.82,0.05,6.18,6.33,6.11,6.13,153165.0,95493591.41,2.32,1.46,60.19,1.63,4464818250.0,4083817993.0
2026-07-20T10:45:28,600435.SH,北方导航,9.81,0.82,0.08,9.77,9.93,9.75,9.73,67483.0,66372674.0,0.45,0.92,-235.89,5.18,14836229518.0,14836229518.0
2026-07-20T10:45:28,300449.SZ,汉邦高科,6.18,0.82,0.05,6.16,6.4,6.12,6.13,64536.0,40518839.0,1.67,1.98,-80.44,8.57,2385702412.0,2385702412.0
2026-07-20T10:45:28,603855.SH,华荣股份,16.01,0.82,0.13,16.0,16.1,15.85,15.88,6421.0,10267656.0,0.19,1.14,14.32,2.83,5403551110.0,5371875325.0
2026-07-20T10:45:28,920419.BJ,路斯股份,9.78,0.82,0.08,9.86,9.88,9.64,9.7,4539.0,4426214.79,0.47,1.06,24.37,1.66,1010336592.0,945640660.0
2026-07-20T10:45:28,000025.SZ,特  力Ａ,13.75,0.81,0.11,13.71,13.84,13.58,13.64,20391.0,28013883.0,0.52,1.18,44.53,3.27,5927051900.0,5400701900.0
2026-07-20T10:45:28,300913.SZ,兆龙互连,33.49,0.81,0.27,33.81,34.42,33.05,33.22,37198.0,126044696.95,1.3,1.67,59.11,4.43,11479739709.0,9573261177.0
2026-07-20T10:45:28,600088.SH,中视传媒,11.22,0.81,0.09,11.33,11.41,11.12,11.13,33229.0,37431481.0,0.84,1.69,1648.24,3.56,4462265808.0,4462265808.0
2026-07-20T10:45:28,300015.SZ,爱尔眼科,8.75,0.81,0.07,8.59,8.82,8.55,8.68,585132.0,509323615.15,0.74,1.41,17.23,3.68,81371191423.0,69625258001.0
2026-07-20T10:45:28,000507.SZ,珠海港,4.96,0.81,0.04,4.92,5.0,4.9,4.92,50389.0,24987653.0,0.56,0.64,16.72,0.77,4561885079.0,4475678097.0
2026-07-20T10:45:28,600249.SH,两面针,4.96,0.81,0.04,4.95,5.03,4.91,4.92,42791.0,21278167.0,0.78,1.59,-17.82,1.28,2728000000.0,2728000000.0
2026-07-20T10:45:28,002190.SZ,成飞集成,21.16,0.81,0.17,21.0,21.52,21.0,20.99,18793.0,40022568.7,0.52,1.57,-92.37,1.75,7590712898.0,7590712898.0
2026-07-20T10:45:28,601360.SH,三六零,8.67,0.81,0.07,8.64,8.8,8.6,8.6,412860.0,358890252.0,0.59,1.22,138.85,2.13,60686166811.0,60686166811.0
2026-07-20T10:45:28,600495.SH,晋西车轴,3.77,0.8,0.03,3.71,3.82,3.71,3.74,62492.0,23622138.0,0.52,1.36,2551.92,1.4,4554879640.0,4554879640.0
2026-07-20T10:45:28,300621.SZ,维业股份,6.33,0.8,0.05,6.35,6.58,6.3,6.28,36857.0,23784569.0,1.82,2.31,-7.22,2.45,1316998911.0,1282008652.0
2026-07-20T10:45:28,603136.SH,天目湖,8.78,0.8,0.07,8.69,8.84,8.67,8.71,12486.0,10953115.0,0.46,1.37,56.7,1.79,2371712514.0,2371712514.0
2026-07-20T10:45:28,002688.SZ,金河生物,5.06,0.8,0.04,5.02,5.12,4.99,5.02,45550.0,23049810.0,0.61,1.27,15.63,1.76,3893692254.0,3782165902.0
2026-07-20T10:45:28,001323.SZ,慕思股份,16.32,0.8,0.13,16.19,16.45,16.04,16.19,9742.0,15851172.2,0.31,1.34,20.09,1.7,7100518068.0,5079567996.0
2026-07-20T10:45:28,000900.SZ,现代投资,3.78,0.8,0.03,3.76,3.81,3.74,3.75,82406.0,31166299.0,0.54,1.95,8.67,0.52,5737391103.0,5737050903.0
2026-07-20T10:45:28,600855.SH,航天长峰,11.31,0.8,0.09,11.29,11.62,11.24,11.22,41337.0,47195471.0,0.88,1.13,-35.55,3.79,5299218254.0,5289005324.0
2026-07-20T10:45:28,301600.SZ,慧翰股份,80.25,0.8,0.64,80.75,82.79,79.66,79.61,5595.0,45553239.59,1.73,1.64,51.14,6.89,8388010875.0,2588744625.0
2026-07-20T10:45:28,002526.SZ,山东矿机,2.53,0.8,0.02,2.51,2.56,2.51,2.51,103178.0,26206555.78,0.58,1.25,112.1,1.4,4510468405.0,4480843628.0
2026-07-20T10:45:28,600444.SH,国机通用,12.69,0.79,0.1,12.6,13.04,12.55,12.59,13468.0,17252198.0,0.92,2.05,49.15,2.43,1858094317.0,1858094317.0
2026-07-20T10:45:28,300581.SZ,晨曦航空,8.91,0.79,0.07,8.86,9.11,8.85,8.84,55761.0,50063493.59,1.01,1.46,-114.94,5.35,4901476055.0,4901476055.0
2026-07-20T10:45:28,300577.SZ,开润股份,20.52,0.79,0.16,20.36,22.38,19.78,20.36,208027.0,440206962.59,14.63,12.4,12.46,2.31,4921439788.0,2917221511.0
2026-07-20T10:45:28,301589.SZ,诺瓦星云,136.55,0.79,1.07,136.71,137.87,135.0,135.48,3501.0,47759406.06,1.02,1.13,33.11,3.37,12623774400.0,4706190288.0
2026-07-20T10:45:28,600420.SH,国药现代,8.93,0.79,0.07,8.95,8.99,8.75,8.86,68849.0,61512623.0,0.51,1.41,21.63,0.88,11976672140.0,11976672140.0
2026-07-20T10:45:28,600399.SH,抚顺特钢,3.83,0.79,0.03,3.83,3.89,3.8,3.8,181854.0,69942077.0,0.92,1.21,-12.89,1.41,7553143000.0,7553143000.0
2026-07-20T10:45:28,688475.SH,萤石网络,26.85,0.79,0.21,26.7,27.24,26.62,26.64,31211.0,83982220.0,0.4,1.6,28.94,3.74,21144375000.0,21144375000.0
2026-07-20T10:45:28,300406.SZ,九强生物,11.49,0.79,0.09,11.5,11.6,11.35,11.4,21925.0,25195170.0,0.52,1.15,15.95,2.02,6736686136.0,4875464502.0
2026-07-20T10:45:28,301090.SZ,华润材料,6.36,0.79,0.05,6.31,6.46,6.29,6.31,28827.0,18386431.0,0.2,1.42,112.0,1.42,9364854669.0,9355072163.0
2026-07-20T10:45:28,300818.SZ,耐普矿机,16.55,0.79,0.13,16.45,16.99,16.31,16.42,19921.0,33249478.0,1.4,1.44,-107.14,2.03,3631142572.0,2352240081.0
2026-07-20T10:45:28,600860.SH,京城股份,7.67,0.79,0.06,7.64,7.84,7.63,7.61,21415.0,16575509.0,0.48,1.19,-32.59,5.09,4199217528.0,3405792844.0
2026-07-20T10:45:28,600658.SH,电子城,3.83,0.79,0.03,3.81,3.91,3.81,3.8,64617.0,24934086.0,0.58,1.54,-9.14,1.06,4284180722.0,4284180722.0
2026-07-20T10:45:28,300829.SZ,金丹科技,14.03,0.79,0.11,14.0,14.26,13.89,13.92,15101.0,21288672.8,0.96,1.97,26.82,1.32,3188669751.0,2199110337.0
2026-07-20T10:45:28,003027.SZ,同兴科技,15.4,0.79,0.12,15.39,15.78,15.29,15.28,16244.0,25163278.0,1.55,2.13,48.52,1.19,2013137280.0,1614858907.0
2026-07-20T10:45:28,600375.SH,汉马科技,3.82,0.79,0.03,3.77,3.9,3.77,3.79,84363.0,32431216.0,0.58,1.05,56.4,1.8,6123732622.0,5587459603.0
2026-07-20T10:45:28,001238.SZ,浙江正特,25.37,0.79,0.2,25.38,25.68,24.7,25.17,3677.0,9271662.4,0.25,0.85,23.13,3.41,3936104760.0,3682046282.0
2026-07-20T10:45:28,600590.SH,泰豪科技,7.76,0.78,0.06,7.68,8.08,7.68,7.7,177331.0,139819504.0,2.1,1.99,33.54,2.05,6618269260.0,6546099498.0
2026-07-20T10:45:28,603829.SH,洛凯股份,14.16,0.78,0.11,14.04,14.62,13.92,14.05,22682.0,32550044.0,1.22,1.74,203.8,1.8,2637528811.0,2637528811.0
2026-07-20T10:45:28,300425.SZ,中建环能,3.88,0.78,0.03,3.85,3.96,3.85,3.85,43570.0,17041716.59,0.64,1.72,5307.64,1.12,2647032430.0,2641264918.0
2026-07-20T10:45:28,002901.SZ,大博医疗,45.05,0.78,0.35,44.69,45.46,44.03,44.7,17854.0,80123207.8,0.62,1.4,31.81,5.36,18651578745.0,12992970646.0
2026-07-20T10:45:28,601186.SH,中国铁建,6.45,0.78,0.05,6.41,6.46,6.38,6.4,388683.0,249918576.0,0.34,2.48,4.99,0.32,87588042675.0,74195933475.0
2026-07-20T10:45:28,300206.SZ,理邦仪器,11.6,0.78,0.09,11.62,11.75,11.52,11.51,27430.0,31931464.0,0.81,1.19,16.0,3.18,6724094814.0,3925202954.0
2026-07-20T10:45:28,603578.SH,三星新材,11.64,0.78,0.09,11.68,12.18,11.55,11.55,31881.0,37892190.0,1.77,1.66,-225.73,1.92,2724464965.0,2099355852.0
2026-07-20T10:45:28,300123.SZ,ST亚光,3.86,0.78,0.03,3.82,3.91,3.79,3.83,142956.0,55131140.62,1.44,1.54,-33.39,12.64,3944279715.0,3836918678.0
2026-07-20T10:45:28,300150.SZ,世纪瑞尔,3.88,0.78,0.03,3.88,3.96,3.85,3.85,33536.0,13099346.74,0.72,1.33,-46.38,1.44,2270211486.0,1799013340.0
2026-07-20T10:45:28,002453.SZ,华软科技,3.9,0.78,0.03,3.91,4.02,3.87,3.87,78998.0,31202091.0,1.31,1.76,-20.68,4.25,3168231791.0,2350336385.0
2026-07-20T10:45:28,301001.SZ,凯淳股份,22.03,0.78,0.17,21.92,22.62,21.79,21.86,7098.0,15777649.0,1.41,1.73,995.6,2.29,1762400000.0,1108109000.0
2026-07-20T10:45:28,300539.SZ,横河精密,18.19,0.78,0.14,18.0,18.72,17.93,18.05,43827.0,80262429.0,2.01,1.62,121.98,4.27,4876751042.0,3963387031.0
2026-07-20T10:45:28,002327.SZ,富安娜,6.5,0.78,0.05,6.43,6.54,6.42,6.45,20992.0,13622602.0,0.43,1.36,20.97,1.57,5420140954.0,3191391899.0
2026-07-20T10:45:28,688192.SH,迪哲医药-U,61.9,0.78,0.48,58.01,64.66,58.01,61.42,116238.0,725983235.0,2.52,2.16,-75.33,23.23,28793765620.0,28549152295.0
2026-07-20T10:45:28,301208.SZ,中亦科技,27.6,0.77,0.21,27.42,28.39,27.36,27.39,9204.0,25621614.0,1.39,1.17,128.22,2.14,3312001656.0,1823588856.0
2026-07-20T10:45:28,002908.SZ,德生科技,6.51,0.77,0.05,6.48,6.6,6.43,6.46,29514.0,19214582.0,0.92,1.44,-72.79,2.61,2808622893.0,2095143454.0
2026-07-20T10:45:28,002659.SZ,凯文教育,3.94,0.77,0.03,3.93,4.02,3.9,3.91,91760.0,36436164.13,1.53,1.63,3054.65,1.1,2357224713.0,2357213634.0
2026-07-20T10:45:28,600182.SH,S佳通,13.1,0.77,0.1,13.09,13.24,13.05,13.0,9518.0,12503712.0,0.56,1.78,23.48,4.22,4454000000.0,2227000000.0
2026-07-20T10:45:28,603587.SH,地素时尚,11.84,0.77,0.09,11.7,11.88,11.64,11.75,10849.0,12766582.0,0.23,1.81,13.9,1.5,5596800998.0,5596800998.0
2026-07-20T10:45:28,002030.SZ,达安基因,5.21,0.77,0.04,5.16,5.29,5.13,5.17,107716.0,56254866.42,0.77,1.42,-18.62,1.04,7311953827.0,7311953827.0
2026-07-20T10:45:28,301680.SZ,固德电材,89.18,0.77,0.68,88.2,90.0,88.2,88.5,3105.0,27689266.78,1.85,0.98,37.61,3.96,7384104000.0,1498445166.0
2026-07-20T10:45:28,002316.SZ,亚联发展,3.95,0.77,0.03,3.93,4.06,3.91,3.92,86114.0,34410614.0,2.53,2.13,271.79,19.83,1552824000.0,1346100750.0
2026-07-20T10:45:28,301491.SZ,汉桑科技,37.94,0.77,0.29,37.1,38.55,37.1,37.65,3285.0,12485169.55,1.15,1.59,41.97,2.27,4894260000.0,1084456093.0
2026-07-20T10:45:28,000788.SZ,北大医药,5.31,0.76,0.04,5.21,5.39,5.2,5.27,100707.0,53536990.0,1.69,1.16,29.31,2.13,3164693227.0,3164693227.0
2026-07-20T10:45:28,002007.SZ,华兰生物,13.28,0.76,0.1,13.14,13.36,13.1,13.18,77102.0,102132626.25,0.49,1.34,26.31,2.24,24245176294.0,20896651757.0
2026-07-20T10:45:28,688543.SH,国科军工,34.26,0.76,0.26,34.33,35.18,34.03,34.0,29163.0,101087826.0,1.16,1.53,108.7,3.8,8585913435.0,8585913435.0
2026-07-20T10:45:28,300865.SZ,大宏立,21.34,0.76,0.16,21.11,22.07,20.9,21.18,9197.0,19875643.0,1.6,1.76,48.08,2.35,2041811200.0,1226671002.0
2026-07-20T10:45:28,688190.SH,云路股份,64.68,0.76,0.49,65.29,66.29,64.2,64.19,8713.0,56865663.0,0.73,1.73,31.34,2.96,7761600000.0,7761600000.0
2026-07-20T10:45:28,000999.SZ,华润三九,25.35,0.76,0.19,24.76,25.47,24.7,25.16,117092.0,295465037.14,0.7,1.55,12.62,1.84,42187922700.0,42149292976.0
2026-07-20T10:45:28,001337.SZ,四川黄金,33.25,0.76,0.25,32.9,33.64,32.69,33.0,47180.0,156278013.0,1.12,1.31,13.15,7.38,13965000000.0,13965000000.0
2026-07-20T10:45:28,600438.SH,通威股份,10.56,0.76,0.08,10.44,10.67,10.36,10.48,211930.0,223422531.0,0.47,1.34,-4.86,1.36,47541024326.0,47541024326.0
2026-07-20T10:45:28,601799.SH,星宇股份,87.72,0.75,0.65,87.46,89.58,86.85,87.07,14133.0,124700808.0,0.49,1.42,17.64,2.27,25059798635.0,25059798635.0
2026-07-20T10:45:28,002826.SZ,易明医药,16.19,0.75,0.12,16.07,16.53,15.8,16.07,27064.0,43845999.0,1.47,1.26,39.28,3.81,3087072773.0,2990767545.0
2026-07-20T10:45:28,002833.SZ,弘亚数控,16.21,0.75,0.12,16.37,16.39,16.02,16.09,20382.0,33061156.21,0.7,1.08,11.98,2.27,6955219172.0,4750609716.0
2026-07-20T10:45:28,000789.SZ,万年青,4.05,0.75,0.03,4.0,4.1,4.0,4.02,18786.0,7619546.0,0.24,1.19,-39.99,0.51,3229551871.0,3229551871.0
2026-07-20T10:45:28,301668.SZ,昊创瑞通,30.82,0.75,0.23,30.58,31.46,30.48,30.59,5224.0,16217508.0,2.15,1.95,105.57,3.35,3390200000.0,749806620.0
2026-07-20T10:45:28,603128.SH,华贸物流,5.35,0.75,0.04,5.35,5.42,5.29,5.31,47831.0,25605230.0,0.37,1.81,19.02,1.11,7003398743.0,7003398743.0
2026-07-20T10:45:28,600731.SH,湖南海利,5.34,0.75,0.04,5.3,5.41,5.27,5.3,39598.0,21173292.0,0.73,1.71,16.57,0.92,2957571901.0,2892585431.0
2026-07-20T10:45:28,600567.SH,山鹰国际,1.34,0.75,0.01,1.33,1.35,1.33,1.33,253745.0,33990268.0,0.4,1.32,-4.25,0.57,8451987430.0,8451987430.0
2026-07-20T10:45:28,600195.SH,中牧股份,6.68,0.75,0.05,6.56,6.75,6.54,6.63,48542.0,32305038.0,0.48,1.53,70.53,1.21,6821270377.0,6821270377.0
2026-07-20T10:45:28,002298.SZ,中电鑫龙,6.82,0.74,0.05,6.78,6.98,6.76,6.77,130964.0,90004400.18,1.98,1.65,29.38,2.71,5047556345.0,4506362651.0
2026-07-20T10:45:28,688459.SH,哈铁科技,8.17,0.74,0.06,8.17,8.21,8.11,8.11,5145.0,4206729.0,0.11,1.35,-56.99,1.16,3921600000.0,3921600000.0
2026-07-20T10:45:28,002338.SZ,奥普光电,39.55,0.74,0.29,39.96,40.87,38.88,39.26,37090.0,147544771.99,1.55,1.45,76.31,6.64,9492000000.0,9492000000.0
2026-07-20T10:45:28,000421.SZ,南京公用,5.42,0.74,0.04,5.38,5.54,5.34,5.38,52080.0,28341365.0,0.91,2.3,10.75,1.12,3113333278.0,3112685930.0
2026-07-20T10:45:28,605577.SH,龙版传媒,9.49,0.74,0.07,9.43,9.61,9.37,9.42,17362.0,16477124.0,0.39,1.51,8.55,1.07,4217777783.0,4217777783.0
2026-07-20T10:45:28,603035.SH,常熟汽饰,10.95,0.74,0.08,10.84,11.09,10.81,10.87,20154.0,22083187.0,0.55,1.84,14.01,0.75,4011500526.0,4011500526.0
2026-07-20T10:45:28,600518.SH,康美药业,1.36,0.74,0.01,1.33,1.37,1.33,1.35,1075477.0,145373562.0,0.78,0.93,-283.86,2.59,18807299498.0,18798398976.0
2026-07-20T10:45:28,000795.SZ,英洛华,8.21,0.74,0.06,8.17,8.24,8.08,8.15,59043.0,48251310.86,0.53,1.07,33.04,3.55,9164418362.0,9164404512.0
2026-07-20T10:45:28,300869.SZ,康泰医学,10.95,0.74,0.08,10.98,11.1,10.86,10.87,21538.0,23649246.0,0.82,1.24,-133.46,2.6,4399754358.0,2887897330.0
2026-07-20T10:45:28,603810.SH,丰山集团,10.89,0.74,0.08,10.85,11.17,10.81,10.81,9965.0,10935834.0,0.6,1.45,33.59,1.18,1800576329.0,1800576329.0
2026-07-20T10:45:28,301006.SZ,迈拓股份,12.27,0.74,0.09,12.21,12.71,12.21,12.18,9550.0,11907781.52,1.14,1.82,127.56,1.32,1708965600.0,1028482443.0
2026-07-20T10:45:28,688385.SH,复旦微电,52.34,0.73,0.38,53.56,54.2,51.57,51.96,112381.0,596077226.0,2.08,1.31,72.68,6.91,43113465545.0,28231633345.0
2026-07-20T10:45:28,002392.SZ,北京利尔,6.91,0.73,0.05,6.95,7.03,6.83,6.86,79091.0,54763521.0,0.68,1.24,15.77,1.39,8226291697.0,7998646806.0
2026-07-20T10:45:28,301503.SZ,智迪科技,26.23,0.73,0.19,26.35,26.97,26.06,26.04,3264.0,8671220.0,0.74,1.4,115.16,1.91,2098400000.0,1163562800.0
2026-07-20T10:45:28,603298.SH,杭叉集团,26.33,0.73,0.19,26.05,26.4,25.7,26.14,23848.0,62269358.0,0.18,0.98,18.28,3.0,34487351250.0,34487351250.0
2026-07-20T10:45:28,300078.SZ,思创智联,2.75,0.73,0.02,2.73,2.83,2.73,2.73,123467.0,34441900.66,1.11,1.33,-84.57,6.1,3074148633.0,3061759657.0
2026-07-20T10:45:28,603982.SH,泉峰汽车,5.55,0.73,0.04,5.59,5.71,5.53,5.51,34469.0,19355376.0,1.02,1.92,-4.78,0.96,2026465922.0,1884522191.0
2026-07-20T10:45:28,920225.BJ,利通科技,13.75,0.73,0.1,13.88,14.32,13.49,13.65,10341.0,14293844.53,1.25,2.13,45.94,2.4,1745134793.0,1138254618.0
2026-07-20T10:45:28,301097.SZ,天益医疗,33.21,0.73,0.24,32.99,34.3,32.97,32.97,5648.0,18988353.09,1.44,1.44,72.9,2.49,2710247942.0,1300743044.0
2026-07-20T10:45:28,603866.SH,桃李面包,4.14,0.73,0.03,4.1,4.19,4.08,4.11,84281.0,34896458.0,0.53,1.65,31.94,1.34,6622837302.0,6622837302.0
2026-07-20T10:45:28,688569.SH,铁科轨道,16.68,0.72,0.12,16.56,17.06,16.43,16.56,5325.0,8972856.0,0.25,1.86,49.13,1.21,3513920556.0,3513920556.0
2026-07-20T10:45:28,920098.BJ,科隆新材,16.73,0.72,0.12,16.45,17.0,16.45,16.61,2088.0,3501574.46,0.38,1.08,41.36,1.47,1360489773.0,926434859.0
2026-07-20T10:45:28,688720.SH,艾森股份,67.04,0.72,0.48,69.3,74.27,65.15,66.56,62385.0,432035170.0,7.98,2.23,218.28,7.95,8221650246.0,5241814963.0
2026-07-20T10:45:28,003005.SZ,竞业达,12.52,0.72,0.09,12.59,12.83,12.44,12.43,19291.0,24327900.2,1.52,0.97,-18.78,1.62,2896986411.0,1589767139.0
2026-07-20T10:45:28,600292.SH,电投水电,12.58,0.72,0.09,12.3,12.69,12.01,12.49,130528.0,161185032.0,2.97,2.0,35.05,3.21,55102994009.0,5526187474.0
2026-07-20T10:45:28,000605.SZ,渤海股份,5.59,0.72,0.04,5.55,5.74,5.54,5.55,40534.0,22835358.2,1.15,2.31,26.5,0.92,1971361574.0,1971361574.0
2026-07-20T10:45:28,300915.SZ,海融科技,19.56,0.72,0.14,19.4,19.95,19.4,19.42,6497.0,12748798.7,1.13,1.75,33.53,1.66,2461416082.0,1125468473.0
2026-07-20T10:45:28,601021.SH,春秋航空,45.93,0.72,0.33,45.08,46.15,44.92,45.6,34626.0,157756579.0,0.35,1.63,11.43,2.41,44934854118.0,44934854118.0
2026-07-20T10:45:28,603363.SH,傲农生物,2.79,0.72,0.02,2.75,2.82,2.73,2.77,177685.0,49388760.0,0.83,1.4,-142.91,2.26,7619662495.0,5988985174.0
2026-07-20T10:45:28,300159.SZ,新研股份,2.85,0.71,0.02,2.86,2.92,2.83,2.83,154997.0,44604066.0,0.84,1.27,46.13,3.36,9377699938.0,5250689529.0
2026-07-20T10:45:28,002657.SZ,中科金财,14.11,0.71,0.1,14.02,14.47,14.0,14.01,70950.0,101163831.26,2.11,1.34,-34.81,2.82,4798133649.0,4742758178.0
2026-07-20T10:45:28,688105.SH,诺唯赞,17.0,0.71,0.12,17.22,17.34,16.8,16.88,32232.0,55030139.0,0.62,0.95,525.43,2.44,8788746088.0,8788746088.0
2026-07-20T10:45:28,600918.SH,中泰证券,5.68,0.71,0.04,5.66,5.75,5.63,5.64,279681.0,158898719.0,0.61,0.98,23.98,1.02,44976176857.0,25916840678.0
2026-07-20T10:45:28,002882.SZ,金龙羽,16.96,0.71,0.12,16.86,17.24,16.74,16.84,27347.0,46554259.5,1.11,2.01,240.38,3.53,7341984000.0,4185432048.0
2026-07-20T10:45:28,301078.SZ,孩子王,7.06,0.71,0.05,6.96,7.13,6.94,7.01,133997.0,94490564.47,1.06,1.36,45.91,2.11,8928390707.0,8919128304.0
2026-07-20T10:45:28,002863.SZ,今飞凯达,4.28,0.71,0.03,4.23,4.37,4.23,4.25,56202.0,24164408.78,0.94,1.56,21.82,0.91,2565789611.0,2565789611.0
2026-07-20T10:45:28,002481.SZ,双塔食品,4.24,0.71,0.03,4.19,4.27,4.15,4.21,49842.0,21038816.5,0.45,1.05,87.32,2.15,5230873160.0,4740967024.0
2026-07-20T10:45:28,300349.SZ,金卡智能,10.01,0.7,0.07,9.95,10.12,9.9,9.94,28651.0,28698259.4,0.77,1.56,35.13,0.94,4176305263.0,3700893727.0
2026-07-20T10:45:28,001277.SZ,速达股份,27.15,0.7,0.19,26.6,27.59,26.6,26.96,5488.0,14906538.97,1.2,1.72,35.91,1.34,2063400000.0,1236668626.0
2026-07-20T10:45:28,600577.SH,精达股份,7.24,0.7,0.05,7.3,7.4,7.17,7.19,354030.0,258465490.0,1.64,1.78,28.61,2.52,15636405851.0,15636405851.0
2026-07-20T10:45:28,002562.SZ,兄弟科技,4.3,0.7,0.03,4.25,4.37,4.25,4.27,85816.0,37119608.08,1.05,1.14,34.88,1.38,4914134243.0,3498132973.0
2026-07-20T10:45:28,002869.SZ,金溢科技,14.3,0.7,0.1,14.24,14.73,14.2,14.2,14683.0,21240773.0,0.93,1.62,-25.08,1.25,2529884371.0,2252496017.0
2026-07-20T10:45:28,002578.SZ,闽发铝业,2.86,0.7,0.02,2.84,2.92,2.82,2.84,120962.0,34775130.0,1.4,1.39,63.7,1.78,2684482323.0,2462924924.0
2026-07-20T10:45:28,301311.SZ,昆船智能,12.87,0.7,0.09,12.8,13.12,12.78,12.78,7493.0,9720696.0,0.31,1.2,-30.41,1.8,3088800000.0,3088800000.0
2026-07-20T10:45:28,600336.SH,澳柯玛,5.73,0.7,0.04,5.7,5.82,5.68,5.69,32188.0,18486080.0,0.4,1.26,30.5,2.02,4572624626.0,4572624626.0
2026-07-20T10:45:28,600179.SH,安通控股,4.29,0.7,0.03,4.26,4.31,4.21,4.26,158691.0,67747532.0,0.41,1.43,17.88,1.5,18153250740.0,16569174744.0
2026-07-20T10:45:28,002702.SZ,海欣食品,4.38,0.69,0.03,4.4,4.47,4.35,4.35,91140.0,40187470.0,1.99,1.8,53.18,2.35,2434228800.0,2009297625.0
2026-07-20T10:45:28,002282.SZ,博深股份,5.81,0.69,0.04,5.78,5.87,5.76,5.77,23369.0,13605156.09,0.46,1.68,21.26,0.86,3060930802.0,2934077237.0
2026-07-20T10:45:28,002752.SZ,昇兴股份,5.86,0.69,0.04,5.82,5.95,5.8,5.82,68486.0,40210449.0,0.7,1.25,9.44,1.6,5724742222.0,5716587159.0
2026-07-20T10:45:28,002337.SZ,赛象科技,4.39,0.69,0.03,4.37,4.48,4.35,4.36,50989.0,22535086.6,0.87,1.85,86.67,1.96,2584023143.0,2581304775.0
2026-07-20T10:45:28,300851.SZ,交大思诺,21.82,0.69,0.15,21.89,22.6,21.73,21.67,11286.0,25057964.0,2.29,2.68,143.25,1.48,1896886788.0,1076584813.0
2026-07-20T10:45:28,920284.BJ,灵鸽科技,15.95,0.69,0.11,16.1,16.91,15.71,15.84,12850.0,20886128.0,1.92,2.06,261.35,5.3,1671331038.0,1069618181.0
2026-07-20T10:45:28,600742.SH,富维股份,7.26,0.69,0.05,7.25,7.35,7.23,7.21,25956.0,18942525.0,0.35,1.45,16.45,0.64,5394600209.0,5394600209.0
2026-07-20T10:45:28,920242.BJ,建邦科技,13.2,0.69,0.09,13.07,13.5,13.07,13.11,3486.0,4641496.85,0.66,2.73,17.55,1.86,1243620840.0,696076458.0
2026-07-20T10:45:28,601968.SH,宝钢包装,4.35,0.69,0.03,4.28,4.39,4.26,4.32,54689.0,23726746.0,0.43,1.17,21.22,1.23,5549640651.0,5549640651.0
2026-07-20T10:45:28,600665.SH,天地源,2.9,0.69,0.02,2.86,2.94,2.85,2.88,57698.0,16767291.0,0.67,1.06,-3.99,1.77,2505955311.0,2505955311.0
2026-07-20T10:45:28,001280.SZ,中国铀业,57.05,0.69,0.39,56.72,57.97,56.43,56.66,29272.0,167643010.25,1.68,1.54,137.78,7.16,117989772717.0,9911140925.0
2026-07-20T10:45:28,002157.SZ,正邦科技,2.92,0.69,0.02,2.88,2.93,2.86,2.9,551633.0,159929357.0,0.71,1.34,-16.3,2.59,27010474760.0,22740000619.0
2026-07-20T10:45:28,603325.SH,博隆技术,52.05,0.68,0.35,51.7,52.99,51.7,51.7,2124.0,11083582.0,0.62,0.81,31.66,1.55,4164208200.0,1779235560.0
2026-07-20T10:45:28,301575.SZ,艾芬达,26.79,0.68,0.18,26.61,27.34,26.29,26.61,4216.0,11330847.75,1.73,1.85,27.94,2.35,3250645020.0,652924541.0
2026-07-20T10:45:28,002663.SZ,普邦股份,1.49,0.68,0.01,1.48,1.53,1.46,1.48,213919.0,32047866.52,1.25,1.54,-107.77,1.33,2567789864.0,2543603108.0
2026-07-20T10:45:28,688489.SH,三未信安,22.21,0.68,0.15,22.12,22.88,21.88,22.06,6102.0,13626440.0,0.36,1.14,-41.64,2.08,3766339484.0,3737442098.0
2026-07-20T10:45:28,002148.SZ,北纬科技,5.96,0.68,0.04,5.93,6.11,5.92,5.92,90704.0,54464551.0,2.01,1.17,344.65,2.73,3330157927.0,2687457042.0
2026-07-20T10:45:28,688580.SH,伟思医疗,50.9,0.67,0.34,50.61,52.5,50.6,50.56,9441.0,48679506.0,0.99,0.91,19.79,2.95,4874758559.0,4874758559.0
2026-07-20T10:45:28,002179.SZ,中航光电,32.92,0.67,0.22,33.5,33.68,32.63,32.7,172582.0,569912973.99,0.82,1.18,43.4,2.94,69140108097.0,69014483632.0
2026-07-20T10:45:28,920445.BJ,龙竹科技,5.99,0.67,0.04,6.0,6.09,5.95,5.95,6922.0,4154634.34,0.64,1.53,45.77,2.86,887448600.0,646968705.0
2026-07-20T10:45:28,688410.SH,山外山,10.51,0.67,0.07,10.48,10.69,10.26,10.44,51245.0,53633365.0,1.15,1.04,21.58,2.66,4702603544.0,4702603544.0
2026-07-20T10:45:28,002624.SZ,完美世界,10.62,0.66,0.07,10.66,10.78,10.42,10.55,278697.0,295277926.92,1.52,1.04,50.16,3.14,20602464450.0,19410524895.0
2026-07-20T10:45:28,001333.SZ,光华股份,18.24,0.66,0.12,18.3,18.51,18.11,18.12,5628.0,10291329.0,0.44,1.44,23.74,1.35,2334720000.0,2334720000.0
2026-07-20T10:45:28,300153.SZ,科泰电源,19.93,0.66,0.13,20.01,20.49,19.8,19.8,47341.0,95514946.26,1.49,1.46,78.38,6.97,6377600000.0,6344319252.0
2026-07-20T10:45:28,300893.SZ,松原安全,15.18,0.66,0.1,15.14,15.51,15.1,15.08,8059.0,12321305.33,0.32,1.05,23.87,3.46,7180159218.0,3808340867.0
2026-07-20T10:45:28,603121.SH,华培动力,10.67,0.66,0.07,10.65,11.03,10.6,10.6,30992.0,33572840.0,0.92,1.5,-258.89,3.29,3612154739.0,3612154739.0
2026-07-20T10:45:28,600936.SH,北投科技,4.59,0.66,0.03,4.6,4.67,4.56,4.56,202807.0,93802105.0,1.21,1.17,76.82,7.72,7670010437.0,7670010437.0
2026-07-20T10:45:28,601168.SH,西部矿业,31.86,0.66,0.21,32.16,32.48,31.37,31.65,286364.0,912694942.0,1.2,1.22,11.97,3.83,75922380000.0,75922380000.0
2026-07-20T10:45:28,600638.SH,新黄浦,4.56,0.66,0.03,4.5,4.66,4.48,4.53,93208.0,42872162.0,1.38,2.15,5.55,0.66,3070689344.0,3070689344.0
2026-07-20T10:45:28,603429.SH,*ST集友,7.58,0.66,0.05,7.69,7.84,7.47,7.53,16816.0,12786751.0,0.32,1.48,-224.46,3.15,3975599825.0,3975599825.0
2026-07-20T10:45:28,002385.SZ,大北农,3.04,0.66,0.02,3.01,3.04,2.97,3.02,373171.0,112515212.03,1.08,1.45,-18.69,1.76,13072238838.0,10529336117.0
2026-07-20T10:45:28,000155.SZ,川能动力,10.89,0.65,0.07,10.77,11.0,10.65,10.82,232422.0,251737465.0,1.26,2.23,18.84,1.87,20104773244.0,20104773244.0
2026-07-20T10:45:28,688648.SH,中邮科技,29.22,0.65,0.19,28.68,30.4,28.68,29.03,7367.0,21714775.0,1.06,1.36,-32.7,1.84,3973920000.0,2031635159.0
2026-07-20T10:45:28,002103.SZ,广博股份,6.22,0.65,0.04,6.13,6.29,6.13,6.18,37574.0,23411564.0,0.97,1.33,40.85,2.64,3323177768.0,2414203357.0
2026-07-20T10:45:28,300988.SZ,津荣天宇,13.92,0.65,0.09,13.91,14.22,13.8,13.83,29440.0,41196970.78,1.82,1.8,22.47,2.14,2741656738.0,2256454063.0
2026-07-20T10:45:28,002777.SZ,久远银海,12.37,0.65,0.08,12.34,12.58,12.28,12.29,35843.0,44463190.72,0.89,1.47,107.58,3.04,5049817940.0,5003807144.0
2026-07-20T10:45:28,600733.SH,北汽蓝谷,4.65,0.65,0.03,4.61,4.7,4.61,4.62,280040.0,130408294.0,0.5,1.03,-8.5,4.92,29607265923.0,25833204233.0
2026-07-20T10:45:28,601872.SH,招商轮船,14.0,0.65,0.09,14.13,14.25,13.86,13.91,457804.0,642542245.0,0.57,1.31,10.23,2.63,113043539028.0,113043539028.0
2026-07-20T10:45:28,688390.SH,固德威,64.67,0.65,0.42,65.0,66.58,64.26,64.25,25868.0,168636012.0,1.06,1.3,38.74,5.53,15722772882.0,15722772882.0
2026-07-20T10:45:28,601811.SH,新华文轩,12.35,0.65,0.08,12.27,12.53,12.23,12.27,12673.0,15680645.0,0.16,1.51,14.81,1.01,15237936350.0,9780013165.0
2026-07-20T10:45:28,301489.SZ,思泉新材,117.38,0.65,0.76,122.0,127.96,115.27,116.62,60497.0,743460072.48,8.69,3.09,125.08,12.26,13270444378.0,8167390196.0
2026-07-20T10:45:28,600712.SH,南宁百货,4.7,0.64,0.03,4.63,4.8,4.6,4.67,48952.0,23050520.0,0.91,2.05,233.3,3.38,2559880192.0,2531647344.0
2026-07-20T10:45:28,300485.SZ,赛升药业,9.49,0.64,0.06,9.24,9.65,9.24,9.43,66879.0,63147454.64,2.44,1.01,245.05,1.36,4571014136.0,2598525057.0
2026-07-20T10:45:28,300182.SZ,捷成股份,4.73,0.64,0.03,4.68,4.8,4.68,4.7,380897.0,180507680.02,1.69,1.46,27.9,1.48,12599895239.0,10686806180.0
2026-07-20T10:45:28,300906.SZ,日月明,23.45,0.64,0.15,23.62,24.17,23.16,23.3,5278.0,12513479.0,0.73,1.23,31.14,2.03,1876000000.0,1692843775.0
2026-07-20T10:45:28,301179.SZ,泽宇智能,18.95,0.64,0.12,18.82,19.28,18.66,18.83,20439.0,38832238.35,0.86,1.6,75.23,3.11,7663523433.0,4500151800.0
2026-07-20T10:45:28,001220.SZ,世盟股份,28.52,0.64,0.18,28.35,28.95,28.26,28.34,2809.0,8038842.38,1.24,1.37,31.89,1.73,2632110800.0,644798641.0
2026-07-20T10:45:28,300224.SZ,正海磁材,11.05,0.64,0.07,11.05,11.25,10.98,10.98,66241.0,73576238.59,0.71,1.31,54.65,2.05,10284239608.0,10246373788.0
2026-07-20T10:45:28,000597.SZ,东北制药,4.74,0.64,0.03,4.66,4.76,4.65,4.71,81605.0,38552715.4,0.58,1.23,63.49,1.23,6763639976.0,6679625713.0
2026-07-20T10:45:28,002583.SZ,海能达,7.88,0.64,0.05,7.8,7.95,7.8,7.83,80160.0,63079737.0,0.62,1.48,-115.3,7.04,14330720722.0,10107840731.0
2026-07-20T10:45:28,002313.SZ,日海智能,7.83,0.64,0.05,7.96,8.03,7.65,7.78,77800.0,61077743.0,2.08,1.7,74.33,38.23,2931552000.0,2931345875.0
2026-07-20T10:45:28,605365.SH,立达信,12.65,0.64,0.08,12.57,12.9,12.44,12.57,28567.0,36423306.0,0.57,2.13,79.86,1.72,6350462881.0,6350462881.0
2026-07-20T10:45:28,000530.SZ,冰山冷热,4.82,0.63,0.03,4.79,4.89,4.78,4.79,57714.0,27949875.36,0.96,1.3,47.96,1.3,4064284284.0,2892562615.0
2026-07-20T10:45:28,301332.SZ,德尔玛,7.94,0.63,0.05,7.9,8.05,7.86,7.89,13072.0,10425487.0,0.49,1.77,42.08,1.26,3664806250.0,2102831506.0
2026-07-20T10:45:28,688152.SH,麒麟信安,25.47,0.63,0.16,25.17,26.36,25.17,25.31,7122.0,18350181.0,0.7,1.62,-75.21,2.14,2595343996.0,2595343996.0
2026-07-20T10:45:28,300220.SZ,金运激光,9.64,0.63,0.06,9.67,9.98,9.53,9.58,18294.0,17949696.0,1.21,1.95,-136.77,24.04,1457568000.0,1455826515.0
2026-07-20T10:45:28,001285.SZ,瑞立科密,40.08,0.63,0.25,39.83,40.51,39.79,39.83,4092.0,16420929.89,0.99,1.36,21.83,1.92,7221541615.0,1663190542.0
2026-07-20T10:45:28,600525.SH,ST长园,4.8,0.63,0.03,4.76,4.85,4.76,4.77,29360.0,14106448.0,0.22,0.9,143.86,2.25,6330144730.0,6330144730.0
2026-07-20T10:45:28,603707.SH,健友股份,7.95,0.63,0.05,7.91,8.0,7.83,7.9,93557.0,74197782.0,0.58,1.44,36.08,1.89,12844425609.0,12844425609.0
2026-07-20T10:45:28,002406.SZ,远东传动,6.36,0.63,0.04,6.33,6.46,6.32,6.32,67261.0,42979310.0,1.12,1.37,25.79,1.19,4644231522.0,3830074031.0
2026-07-20T10:45:28,300453.SZ,三鑫医疗,9.57,0.63,0.06,9.52,9.69,9.51,9.51,29160.0,27977767.0,0.81,1.1,18.27,3.51,4996346512.0,3443857473.0
2026-07-20T10:45:28,300127.SZ,银河磁体,22.51,0.63,0.14,22.6,22.88,22.28,22.37,17880.0,40363462.0,0.77,1.26,33.81,5.05,7274024564.0,5195671311.0
2026-07-20T10:45:28,000698.SZ,ST沈化,3.18,0.63,0.02,3.17,3.23,3.17,3.16,16694.0,5333540.0,0.21,1.3,79.12,1.87,2606055776.0,2498571776.0
2026-07-20T10:45:28,600282.SH,南钢股份,4.77,0.63,0.03,4.71,4.81,4.69,4.74,240272.0,114545374.0,0.39,2.14,12.31,1.07,29407484122.0,29407484122.0
2026-07-20T10:45:28,000333.SZ,美的集团,83.23,0.63,0.52,81.23,83.75,81.11,82.71,196425.0,1631870237.46,0.29,1.49,12.51,3.07,634356238833.0,572437822410.0
2026-07-20T10:45:28,300148.SZ,天舟文化,3.19,0.63,0.02,3.17,3.26,3.15,3.17,98589.0,31711843.0,1.21,1.09,66.79,2.61,2689678304.0,2597026518.0
2026-07-20T10:45:28,600653.SH,申华控股,1.61,0.63,0.01,1.6,1.63,1.59,1.6,92188.0,14869610.0,0.47,1.43,-35.21,5.01,3133672310.0,3133672310.0
2026-07-20T10:45:28,301066.SZ,万事利,11.33,0.62,0.07,11.26,11.56,11.2,11.26,20477.0,23252440.85,0.88,1.65,44.63,2.08,2661678848.0,2641211871.0
2026-07-20T10:45:28,300778.SZ,新城市,9.69,0.62,0.06,9.78,9.98,9.6,9.63,15001.0,14671923.45,0.74,1.11,-28.99,1.64,1973461931.0,1972935018.0
2026-07-20T10:45:28,688128.SH,中国电研,21.08,0.62,0.13,21.13,21.59,20.98,20.95,15533.0,33065210.0,0.38,1.77,15.91,2.45,8526860000.0,8526860000.0
2026-07-20T10:45:28,002561.SZ,徐家汇,6.53,0.62,0.04,6.5,6.62,6.46,6.49,20443.0,13370901.52,0.49,1.34,-1120.82,1.25,2714932390.0,2706290373.0
2026-07-20T10:45:28,002329.SZ,皇氏集团,3.25,0.62,0.02,3.2,3.29,3.14,3.23,217227.0,70443613.33,3.33,1.28,166.1,5.43,2705312951.0,2117677003.0
2026-07-20T10:45:28,002985.SZ,北摩高科,24.21,0.62,0.15,23.93,24.65,23.93,24.06,21515.0,52369436.54,0.65,1.37,29.87,2.96,8034175656.0,8012043867.0
2026-07-20T10:45:28,002205.SZ,国统股份,9.67,0.62,0.06,9.61,9.9,9.55,9.61,12547.0,12194985.0,0.68,1.17,-13.14,7.0,1797104015.0,1797104015.0
2026-07-20T10:45:28,688122.SH,西部超导,48.8,0.62,0.3,48.6,49.6,48.3,48.5,47684.0,233378243.0,0.73,1.23,180.81,4.58,31703627454.0,31703627454.0
2026-07-20T10:45:28,000936.SZ,华西股份,4.93,0.61,0.03,4.94,5.01,4.89,4.9,61173.0,30288810.02,0.69,1.31,170.76,0.86,4368043533.0,4367424571.0
2026-07-20T10:45:28,600814.SH,杭州解百,6.55,0.61,0.04,6.48,6.63,6.47,6.51,27965.0,18324130.0,0.38,1.36,13.31,1.28,4814764817.0,4814764817.0
2026-07-20T10:45:28,688707.SH,振华新材,9.93,0.61,0.06,10.15,10.22,9.88,9.87,49442.0,49748456.0,0.97,1.96,-13.21,1.3,5051790236.0,5051790236.0
2026-07-20T10:45:28,600231.SH,凌钢股份,1.64,0.61,0.01,1.62,1.68,1.62,1.63,67546.0,11170881.0,0.24,1.35,-2.46,1.32,4710183945.0,4651668745.0
2026-07-20T10:45:28,300411.SZ,金盾股份,6.65,0.61,0.04,6.65,6.81,6.62,6.61,37905.0,25467591.0,1.23,1.5,226.5,2.8,2703358047.0,2055618075.0
2026-07-20T10:45:28,300879.SZ,大叶股份,14.9,0.61,0.09,15.16,15.25,14.81,14.81,21973.0,33094006.4,1.09,2.16,32.19,2.44,3015742612.0,2995323875.0
2026-07-20T10:45:28,600917.SH,重庆燃气,4.91,0.61,0.03,4.9,4.96,4.89,4.88,21253.0,10469579.0,0.14,1.61,-48.68,1.34,7664705222.0,7664705222.0
2026-07-20T10:45:28,000590.SZ,古汉医药,8.26,0.61,0.05,8.22,8.42,8.13,8.21,23016.0,19014070.21,0.96,1.39,-72.58,3.66,1978032665.0,1977101433.0
2026-07-20T10:45:28,300978.SZ,东箭科技,8.25,0.61,0.05,8.16,8.4,8.16,8.2,14723.0,12216365.75,0.51,1.22,27.28,2.26,3487297597.0,2368486057.0
2026-07-20T10:45:28,002331.SZ,皖通科技,6.63,0.61,0.04,6.6,6.79,6.58,6.59,39242.0,26247562.0,0.97,1.37,-24.62,1.97,2840502496.0,2674761088.0
2026-07-20T10:45:28,601616.SH,广电电气,3.32,0.61,0.02,3.3,3.4,3.29,3.3,85359.0,28606398.0,1.0,1.59,-30.12,1.19,2834202059.0,2834202059.0
2026-07-20T10:45:28,002775.SZ,文科股份,3.28,0.61,0.02,3.35,3.49,3.27,3.26,127679.0,43110232.6,2.2,2.31,-41.31,-164.77,2116663123.0,1905083443.0
2026-07-20T10:45:28,688067.SH,爱威科技,19.78,0.61,0.12,19.81,20.38,19.55,19.66,7888.0,15784642.0,1.16,1.95,45.28,2.61,1345040000.0,1345040000.0
2026-07-20T10:45:28,300232.SZ,洲明科技,4.91,0.61,0.03,4.93,4.99,4.88,4.88,72669.0,35854971.0,0.82,1.46,-16.09,1.19,5339365511.0,4348502652.0
2026-07-20T10:45:28,300244.SZ,迪安诊断,18.37,0.6,0.11,18.63,18.92,18.14,18.26,182349.0,336891847.43,3.64,1.0,44.59,1.82,11480872239.0,9211802951.0
2026-07-20T10:45:28,000517.SZ,荣安地产,1.68,0.6,0.01,1.67,1.71,1.67,1.67,156167.0,26396799.0,0.63,1.77,-47.0,1.15,5348989775.0,4186537179.0
2026-07-20T10:45:28,002771.SZ,真视通,11.66,0.6,0.07,11.67,12.08,11.57,11.59,43462.0,51266104.0,2.49,1.32,-46.18,4.13,2445849406.0,2034840877.0
2026-07-20T10:45:28,688015.SH,交控科技,15.2,0.6,0.09,15.12,15.6,15.12,15.11,8916.0,13697755.0,0.47,1.98,43.91,1.1,2867947278.0,2867947278.0
2026-07-20T10:45:28,301229.SZ,纽泰格,11.66,0.6,0.07,11.79,11.99,11.6,11.59,11818.0,13959347.4,0.91,1.42,-54.59,1.71,2119560642.0,1507412262.0
2026-07-20T10:45:28,300451.SZ,创业慧康,3.34,0.6,0.02,3.34,3.4,3.3,3.32,108403.0,36349237.0,0.71,0.82,-16.28,1.32,5174076471.0,5099157192.0
2026-07-20T10:45:28,920037.BJ,广信科技,36.66,0.6,0.22,36.4,37.38,36.09,36.44,4327.0,15854357.35,0.55,1.29,20.51,5.54,4694242283.0,2870035514.0
2026-07-20T10:45:28,000663.SZ,永安林业,5.04,0.6,0.03,5.04,5.2,5.0,5.01,53857.0,27499395.0,1.76,2.69,-34.11,1.86,1696887002.0,1543758028.0
2026-07-20T10:45:28,301293.SZ,三博脑科,48.8,0.6,0.29,48.0,49.29,47.53,48.51,33112.0,160977757.7,1.61,1.21,167.15,4.26,10052164966.0,10052164966.0
2026-07-20T10:45:28,605368.SH,蓝天燃气,6.74,0.6,0.04,6.68,6.81,6.67,6.7,22629.0,15282188.0,0.32,1.21,14.03,1.45,4816646067.0,4816646067.0
2026-07-20T10:45:28,002672.SZ,东江环保,3.36,0.6,0.02,3.35,3.44,3.35,3.34,52379.0,17778525.0,0.58,1.29,-6.18,1.67,3713659495.0,3041197495.0
2026-07-20T10:45:28,300231.SZ,银信科技,8.51,0.59,0.05,8.38,8.86,8.23,8.46,285767.0,244727315.34,6.43,2.03,73.98,2.39,3784793149.0,3784598993.0
2026-07-20T10:45:28,300838.SZ,浙江力诺,11.87,0.59,0.07,11.83,12.23,11.72,11.8,20521.0,24666300.0,2.02,1.92,315.24,1.72,1637798860.0,1207684959.0
2026-07-20T10:45:28,600624.SH,ST复华,3.43,0.59,0.02,3.41,3.48,3.37,3.41,21449.0,7369456.0,0.32,1.36,-53.27,5.48,2330160011.0,2330160011.0
2026-07-20T10:45:28,688631.SH,莱斯信息,39.08,0.59,0.23,38.8,39.66,38.6,38.85,5917.0,23160996.0,0.36,1.0,-125.18,3.41,6388407600.0,6388407600.0
2026-07-20T10:45:28,002982.SZ,湘佳股份,12.01,0.59,0.07,11.84,12.14,11.75,11.94,19877.0,23830744.0,1.53,1.33,38.97,1.52,2440360961.0,1562395888.0
2026-07-20T10:45:28,300413.SZ,芒果超媒,15.23,0.59,0.09,15.12,15.42,15.0,15.14,99773.0,151909619.0,0.98,1.35,35.73,1.23,28491078012.0,15560490360.0
2026-07-20T10:45:28,603309.SH,维力医疗,12.03,0.59,0.07,11.91,12.18,11.91,11.96,18019.0,21727765.0,0.62,1.16,14.64,2.02,3511213159.0,3511213159.0
2026-07-20T10:45:28,605100.SH,华丰股份,28.77,0.59,0.17,28.71,30.05,27.91,28.6,34479.0,100166683.0,1.45,2.4,133.33,3.82,6876662940.0,6844521096.0
2026-07-20T10:45:28,002252.SZ,上海莱士,5.12,0.59,0.03,5.03,5.14,5.0,5.09,595566.0,302203671.0,0.9,1.78,26.72,1.04,33754485171.0,33731890611.0
2026-07-20T10:45:28,605303.SH,园林股份,18.91,0.59,0.11,19.27,20.18,18.62,18.8,28763.0,56137760.0,1.78,1.48,-65.82,3.6,3048999385.0,3048999385.0
2026-07-20T10:45:28,002458.SZ,益生股份,8.57,0.59,0.05,8.57,8.64,8.28,8.52,229161.0,194199988.65,2.37,1.23,29.7,2.77,12265324344.0,8281924361.0
2026-07-20T10:45:28,300882.SZ,万胜智能,13.68,0.59,0.08,13.54,13.9,13.54,13.6,11789.0,16203917.76,0.44,1.22,43.89,3.17,3915232252.0,3643353770.0
2026-07-20T10:45:28,002510.SZ,天汽模,5.18,0.58,0.03,5.16,5.26,5.16,5.15,77137.0,40209922.0,0.77,1.25,89.51,2.07,5258418507.0,5205107180.0
2026-07-20T10:45:28,002420.SZ,毅昌科技,5.17,0.58,0.03,5.16,5.3,5.12,5.14,49744.0,25947302.0,1.23,1.6,28.53,2.68,2126369300.0,2092335707.0
2026-07-20T10:45:28,300493.SZ,润欣科技,12.08,0.58,0.07,12.15,12.35,11.9,12.01,90749.0,109867196.25,1.79,1.46,91.86,5.39,6191254248.0,6119864468.0
2026-07-20T10:45:28,002375.SZ,亚厦股份,3.45,0.58,0.02,3.43,3.5,3.42,3.43,100736.0,34869412.0,0.76,2.39,17.6,0.57,4622987918.0,4591937790.0
2026-07-20T10:45:28,002670.SZ,国盛证券,12.04,0.58,0.07,12.19,12.33,11.94,11.97,261674.0,316916049.34,1.61,2.99,3965.93,2.06,23298419222.0,19545141633.0
2026-07-20T10:45:28,600569.SH,安阳钢铁,1.72,0.58,0.01,1.72,1.74,1.7,1.71,65733.0,11345391.0,0.23,1.24,-1.8,3.39,4940564784.0,4940564784.0
2026-07-20T10:45:28,300387.SZ,富邦科技,6.93,0.58,0.04,6.89,7.06,6.89,6.89,28675.0,20000413.0,0.99,1.53,18.83,1.39,2003165135.0,2002469550.0
2026-07-20T10:45:28,600681.SH,百川能源,3.44,0.58,0.02,3.4,3.47,3.39,3.42,97504.0,33570459.0,0.73,1.64,10.28,1.28,4612540546.0,4608942176.0
2026-07-20T10:45:28,002877.SZ,智能自控,6.93,0.58,0.04,6.92,7.1,6.89,6.89,28708.0,20091933.0,1.19,1.61,101.48,2.05,2465996806.0,1666766538.0
2026-07-20T10:45:28,002763.SZ,汇洁股份,6.92,0.58,0.04,6.88,7.0,6.84,6.88,35060.0,24270608.0,1.15,1.78,7.73,1.82,2836674080.0,2101010264.0
2026-07-20T10:45:28,600824.SH,益民集团,3.49,0.58,0.02,3.47,3.53,3.45,3.47,37775.0,13199096.0,0.36,1.18,48.76,1.45,3678554485.0,3678554485.0
2026-07-20T10:45:28,600198.SH,大唐电信,6.88,0.58,0.04,6.87,6.99,6.81,6.84,84660.0,58292299.0,0.65,0.94,-34.27,46.6,8968792362.0,8957414652.0
2026-07-20T10:45:28,300296.SZ,利亚德,5.22,0.58,0.03,5.21,5.29,5.18,5.19,258428.0,135319174.79,1.12,1.29,208.03,1.81,14156521099.0,12090770080.0
2026-07-20T10:45:28,603381.SH,永臻股份,13.8,0.58,0.08,13.79,14.06,13.72,13.72,14966.0,20791042.0,1.05,1.25,33.6,0.98,3274137299.0,1961500067.0
2026-07-20T10:45:28,603396.SH,金辰股份,22.54,0.58,0.13,22.53,23.06,22.36,22.41,16774.0,38143030.0,1.21,1.98,35.81,1.2,3122409354.0,3122409354.0
2026-07-20T10:45:28,601018.SH,宁波港,3.44,0.58,0.02,3.4,3.45,3.39,3.42,341978.0,117122183.0,0.18,1.62,14.3,0.83,66923096093.0,66923096093.0
2026-07-20T10:45:28,600018.SH,上港集团,5.2,0.58,0.03,5.16,5.22,5.15,5.17,294517.0,153079890.0,0.13,1.33,7.55,0.85,121055794621.0,120882935420.0
2026-07-20T10:45:28,300122.SZ,智飞生物,12.34,0.57,0.07,12.27,12.49,12.18,12.27,131347.0,162342009.36,0.93,1.17,-19.02,1.91,29539365478.0,17452531227.0
2026-07-20T10:45:28,688599.SH,天合光能,12.4,0.57,0.07,12.23,12.46,12.16,12.33,156553.0,193191870.0,0.67,1.62,-25.65,1.42,29047839306.0,29047839306.0
2026-07-20T10:45:28,603882.SH,金域医学,26.52,0.57,0.15,26.3,26.85,26.0,26.37,47455.0,125381586.0,1.03,0.87,71.78,1.94,12285609453.0,12202768982.0
2026-07-20T10:45:28,688560.SH,明冠新材,10.63,0.57,0.06,10.6,10.96,10.57,10.57,21271.0,22873796.0,1.06,1.75,-33.24,0.83,2139839388.0,2139839388.0
2026-07-20T10:45:28,300977.SZ,深圳瑞捷,14.18,0.57,0.08,14.13,14.65,14.11,14.1,8883.0,12767441.0,0.94,1.55,-155.88,1.59,2158574989.0,1344293537.0
2026-07-20T10:45:28,603096.SH,新经典,14.02,0.57,0.08,13.9,14.3,13.88,13.94,8310.0,11731449.0,0.54,1.7,26.19,1.21,2162369428.0,2162369428.0
2026-07-20T10:45:28,688132.SH,邦彦技术,12.25,0.57,0.07,12.43,12.61,12.05,12.18,9280.0,11431731.0,0.61,2.21,-10.75,1.58,1864758749.0,1864758749.0
2026-07-20T10:45:28,000821.SZ,ST京机,7.01,0.57,0.04,7.04,7.17,6.99,6.97,45417.0,32012602.0,0.75,1.71,45.86,1.05,4366352194.0,4238601856.0
2026-07-20T10:45:28,300324.SZ,旋极信息,3.5,0.57,0.02,3.48,3.58,3.48,3.48,133312.0,47030270.0,0.78,0.95,-49.61,2.44,6046567083.0,5984967968.0
2026-07-20T10:45:28,300651.SZ,金陵体育,15.79,0.57,0.09,15.86,16.15,15.7,15.7,27238.0,43393272.0,2.63,1.76,1017.44,2.06,2229700974.0,1632327014.0
2026-07-20T10:45:28,002306.SZ,ST云网,1.77,0.57,0.01,1.77,1.81,1.76,1.76,29767.0,5300724.0,0.37,1.19,-52.64,22.2,1539479625.0,1438458721.0
2026-07-20T10:45:28,301289.SZ,国缆检测,41.56,0.56,0.23,41.3,42.49,41.3,41.33,2501.0,10468940.0,0.32,1.38,32.12,3.24,3241680000.0,3220937404.0
2026-07-20T10:45:28,002607.SZ,中公教育,1.8,0.56,0.01,1.79,1.81,1.78,1.79,502920.0,90334032.28,0.91,1.04,58.64,13.8,11101318900.0,9978192382.0
2026-07-20T10:45:28,688041.SH,海光信息,306.59,0.56,1.71,311.0,317.91,300.34,304.88,176237.0,5465846494.0,0.76,1.69,259.29,30.78,712618815320.0,712618815320.0
2026-07-20T10:45:28,000056.SZ,*ST皇庭,1.79,0.56,0.01,1.85,1.87,1.76,1.78,130215.0,23727490.52,1.44,1.43,-16.38,-0.88,2116725514.0,1617682442.0
2026-07-20T10:45:28,603018.SH,华设集团,5.37,0.56,0.03,5.38,5.47,5.35,5.34,31495.0,17046022.0,0.38,1.46,16.15,0.82,4398823294.0,4398823294.0
2026-07-20T10:45:28,002586.SZ,ST围海,3.62,0.56,0.02,3.56,3.7,3.56,3.6,11698.0,4259646.0,0.11,1.04,-275.38,1.29,4142089845.0,3936815171.0
2026-07-20T10:45:28,600035.SH,楚天高速,3.58,0.56,0.02,3.56,3.61,3.55,3.56,106241.0,38076695.0,0.66,2.39,6.02,0.65,5764214926.0,5764214926.0
2026-07-20T10:45:28,000637.SZ,茂化实华,3.61,0.56,0.02,3.6,3.73,3.57,3.59,78150.0,28606182.0,2.14,2.1,-16.61,3.92,1876750035.0,1316167391.0
2026-07-20T10:45:28,000892.SZ,欢瑞世纪,3.61,0.56,0.02,3.58,3.85,3.51,3.59,589028.0,214905069.1,8.29,1.67,-22.18,5.86,3541339508.0,2566119599.0
2026-07-20T10:45:28,600960.SH,渤海汽车,3.61,0.56,0.02,3.59,3.68,3.58,3.59,59775.0,21701436.0,0.63,1.29,-126.99,0.97,3431361020.0,3431361020.0
2026-07-20T10:45:28,000949.SZ,新乡化纤,5.42,0.56,0.03,5.42,5.5,5.33,5.39,203441.0,110209969.5,1.23,1.08,19.35,1.33,8980397577.0,8977931483.0
2026-07-20T10:45:28,300306.SZ,远方信息,9.05,0.56,0.05,9.07,9.29,9.0,9.0,15014.0,13729460.0,0.95,1.58,58.87,1.7,2434076941.0,1426302535.0
2026-07-20T10:45:28,301345.SZ,涛涛车业,243.67,0.56,1.36,244.99,257.99,236.64,242.31,9668.0,234961279.06,2.76,1.6,37.68,7.35,26571987131.0,8535698208.0
2026-07-20T10:45:28,300608.SZ,思特奇,8.99,0.56,0.05,9.07,9.36,8.93,8.94,89548.0,82063450.96,2.94,2.11,-11.55,2.19,3128781717.0,2736250861.0
2026-07-20T10:45:28,000878.SZ,云南铜业,14.4,0.56,0.08,14.46,14.59,14.22,14.32,166492.0,239659500.49,0.83,1.52,12.93,1.95,34922650176.0,28852139664.0
2026-07-20T10:45:28,001213.SZ,中铁特货,3.57,0.56,0.02,3.55,3.6,3.54,3.55,51092.0,18283749.0,0.11,1.43,32.56,0.83,15866666665.0,15866666665.0
2026-07-20T10:45:28,603305.SH,旭升集团,10.78,0.56,0.06,10.76,10.95,10.73,10.72,94418.0,102358408.0,0.82,1.39,24.88,1.36,12458538234.0,12458538234.0
2026-07-20T10:45:28,603889.SH,新澳股份,5.42,0.56,0.03,5.37,5.48,5.34,5.39,55084.0,29860963.0,0.58,1.6,10.71,1.45,5144689344.0,5106384470.0
2026-07-20T10:45:28,002259.SZ,升达林业,3.56,0.56,0.02,3.61,3.65,3.54,3.54,76503.0,27602712.0,1.02,1.25,8.7,5.85,2678288631.0,2678288631.0
2026-07-20T10:45:28,688681.SH,科汇股份,14.33,0.56,0.08,14.28,14.83,14.28,14.25,11537.0,16812551.0,1.1,1.96,146.72,2.5,1499921100.0,1499921100.0
2026-07-20T10:45:28,002154.SZ,报 喜 鸟,3.68,0.55,0.02,3.68,3.72,3.64,3.66,163305.0,59981456.45,1.38,1.86,5.67,1.16,5370348123.0,4341565847.0
2026-07-20T10:45:28,002088.SZ,鲁阳节能,7.25,0.55,0.04,7.24,7.38,7.21,7.21,11476.0,8365746.87,0.23,1.18,316.84,1.55,3694826099.0,3668243589.0
2026-07-20T10:45:28,603988.SH,中电电机,14.5,0.55,0.08,14.42,14.87,14.4,14.42,18928.0,27747620.0,0.8,1.44,189.41,5.2,3410400000.0,3410400000.0
2026-07-20T10:45:28,002184.SZ,海得控制,9.16,0.55,0.05,9.19,9.33,9.08,9.11,29550.0,27223638.0,1.23,1.47,263.3,2.54,3223480669.0,2201792873.0
2026-07-20T10:45:28,688315.SH,诺禾致源,12.78,0.55,0.07,12.76,12.98,12.58,12.71,17886.0,22886077.0,0.43,1.1,45.15,2.0,5319036000.0,5319036000.0
2026-07-20T10:45:28,300719.SZ,安达维尔,10.9,0.55,0.06,10.87,11.09,10.83,10.84,18115.0,19866096.0,1.01,1.58,-50.44,2.74,2771075935.0,1957586939.0
2026-07-20T10:45:28,603039.SH,泛微网络,29.18,0.55,0.16,29.62,29.76,29.02,29.02,40431.0,118720754.0,1.31,1.04,36.12,3.42,8976910280.0,8976910280.0
2026-07-20T10:45:28,300403.SZ,汉宇集团,9.08,0.55,0.05,9.05,9.25,9.0,9.03,54137.0,49369420.95,1.27,1.53,41.14,2.5,5475240000.0,3877694721.0
2026-07-20T10:45:28,603877.SH,太平鸟,12.89,0.55,0.07,12.73,13.12,12.73,12.82,15315.0,19839251.0,0.33,2.96,11.11,1.37,6072166224.0,6049580688.0
2026-07-20T10:45:28,300129.SZ,泰胜风能,7.31,0.55,0.04,7.39,7.46,7.24,7.27,102507.0,75380465.09,1.43,0.92,148.86,1.41,8105717221.0,5253771460.0
2026-07-20T10:45:28,920227.BJ,美登科技,47.96,0.55,0.26,47.36,49.63,47.36,47.7,2953.0,14208524.77,1.67,1.47,40.24,4.8,1867634340.0,849765687.0
2026-07-20T10:45:28,000017.SZ,深中华A,5.51,0.55,0.03,5.5,5.59,5.42,5.48,52083.0,28727604.0,1.18,1.06,155.23,9.73,3797408981.0,2428928950.0
2026-07-20T10:45:28,601069.SH,西部黄金,21.8,0.55,0.12,21.68,22.06,21.32,21.68,64262.0,139415683.0,0.72,0.92,9.5,3.88,19859780881.0,19340708057.0
2026-07-20T10:45:28,300272.SZ,开能健康,5.52,0.55,0.03,5.48,5.63,5.47,5.49,43151.0,23973599.0,0.93,1.32,157.92,2.74,3375311485.0,2563747523.0
2026-07-20T10:45:28,300898.SZ,熊猫乳品,19.95,0.55,0.11,19.55,20.18,19.46,19.84,24332.0,48488813.0,2.12,2.53,36.61,2.56,2473800000.0,2289133783.0
2026-07-20T10:45:28,600983.SH,惠而浦,7.4,0.54,0.04,7.35,7.48,7.32,7.36,10148.0,7524556.0,0.13,1.19,14.89,2.22,5671648600.0,5671648600.0
2026-07-20T10:45:28,600845.SH,宝信软件,18.75,0.54,0.1,18.82,19.01,18.52,18.65,86269.0,161724127.0,0.4,1.12,35.14,4.98,53585702569.0,40013515369.0
2026-07-20T10:45:28,000718.SZ,苏宁环球,1.85,0.54,0.01,1.84,1.88,1.83,1.84,106320.0,19759475.59,0.47,1.37,282.19,0.61,5614077310.0,4221385078.0
2026-07-20T10:45:28,000959.SZ,首钢股份,3.75,0.54,0.02,3.7,3.79,3.65,3.73,297313.0,110721681.2,0.4,1.62,41.77,0.58,29081127638.0,27943527765.0
2026-07-20T10:45:28,920106.BJ,林泰新材,35.51,0.54,0.19,35.68,36.34,35.12,35.32,3345.0,11965488.81,0.77,1.68,21.68,3.51,2009635185.0,1550433288.0
2026-07-20T10:45:28,300419.SZ,ST浩丰,7.49,0.54,0.04,7.45,7.78,7.37,7.45,50154.0,38192058.0,1.36,2.24,-76.12,8.27,2754475737.0,2754475737.0
2026-07-20T10:45:28,003032.SZ,传智教育,5.62,0.54,0.03,5.68,5.74,5.56,5.59,104045.0,58655777.0,3.66,1.51,387.83,1.93,2261754950.0,1598786637.0
2026-07-20T10:45:28,688499.SH,利元亨,33.43,0.54,0.18,33.66,34.51,33.0,33.25,22748.0,76796435.0,1.35,1.72,74.7,2.41,5640594089.0,5640594089.0
2026-07-20T10:45:28,688168.SH,安博通,44.29,0.54,0.24,47.0,47.0,43.41,44.05,23521.0,106623146.0,2.18,1.81,98.89,4.78,4785933331.0,4785933331.0
2026-07-20T10:45:28,002642.SZ,荣联科技,7.39,0.54,0.04,7.23,7.62,7.23,7.35,274665.0,204372207.26,4.15,2.88,1498.39,4.11,4889078513.0,4889078513.0
2026-07-20T10:45:28,603037.SH,凯众股份,9.28,0.54,0.05,9.23,9.52,9.23,9.23,23846.0,22388387.0,0.9,2.1,64.92,2.63,2473472621.0,2469871239.0
2026-07-20T10:45:28,601162.SH,天风证券,3.8,0.53,0.02,3.72,3.85,3.7,3.78,1690903.0,643009634.0,1.97,1.48,42809.75,1.4,38281143889.0,32672287801.0
2026-07-20T10:45:28,000960.SZ,锡业股份,30.17,0.53,0.16,30.77,31.12,29.6,30.01,255466.0,774628157.2,1.55,1.41,14.3,2.44,49642681992.0,49642681992.0
2026-07-20T10:45:28,603528.SH,多伦科技,5.71,0.53,0.03,5.75,5.84,5.65,5.68,75649.0,43439192.0,1.07,1.84,-49.95,2.14,4030861048.0,4030861048.0
2026-07-20T10:45:28,300213.SZ,佳讯飞鸿,5.7,0.53,0.03,5.69,5.85,5.66,5.67,74435.0,42811236.0,1.35,1.48,1083.64,1.65,3387878562.0,3147664648.0
2026-07-20T10:45:28,300193.SZ,佳士科技,7.65,0.53,0.04,7.55,7.71,7.55,7.61,23678.0,18083210.82,0.56,1.66,35.2,1.62,3643311008.0,3208225635.0
2026-07-20T10:45:28,300824.SZ,北鼎股份,7.59,0.53,0.04,7.43,7.72,7.43,7.55,24713.0,18840235.0,0.78,1.9,18.9,3.32,2476933366.0,2402313230.0
2026-07-20T10:45:28,002959.SZ,小熊电器,33.88,0.53,0.18,33.51,34.09,33.42,33.7,6339.0,21461761.15,0.45,1.7,16.59,1.84,5279640471.0,4736233933.0
2026-07-20T10:45:28,688509.SH,正元地信,3.76,0.53,0.02,3.71,3.82,3.71,3.74,27479.0,10353783.0,0.71,1.43,-22.26,2.63,2895200000.0,1446818672.0
2026-07-20T10:45:28,301399.SZ,英特科技,15.11,0.53,0.08,15.1,15.59,15.0,15.03,14824.0,22673894.25,2.71,2.28,-249.66,2.15,2795652200.0,826268984.0
2026-07-20T10:45:28,301355.SZ,南王科技,9.49,0.53,0.05,9.4,9.79,9.35,9.44,16098.0,15455393.0,1.15,1.75,242.78,1.25,1851479337.0,1325923137.0
2026-07-20T10:45:28,002292.SZ,奥飞娱乐,7.54,0.53,0.04,7.43,7.71,7.33,7.5,297954.0,223548239.54,2.93,1.2,50.94,3.75,11149395715.0,7674841447.0
2026-07-20T10:45:28,600111.SH,北方稀土,37.65,0.53,0.2,37.85,38.18,37.31,37.45,305530.0,1155220623.0,0.85,1.38,37.08,5.42,136107228951.0,136107228951.0
2026-07-20T10:45:28,301459.SZ,丰茂股份,33.87,0.53,0.18,34.05,34.34,32.9,33.69,5394.0,18216394.72,2.07,1.82,40.64,2.81,3526606043.0,883972825.0
2026-07-20T10:45:28,002130.SZ,沃尔核材,15.32,0.52,0.08,15.4,15.5,15.21,15.24,126311.0,194261477.4,1.1,1.29,23.18,2.4,21446274386.0,17571308531.0
2026-07-20T10:45:28,300713.SZ,英可瑞,11.65,0.52,0.06,11.58,12.1,11.58,11.59,17502.0,20718883.0,1.96,1.95,-24.07,4.16,1850495437.0,1041595406.0
2026-07-20T10:45:28,688039.SH,当虹科技,33.17,0.52,0.17,33.26,34.2,32.8,33.0,9563.0,31989975.0,0.86,1.06,-60.28,3.53,3668649234.0,3668649234.0
2026-07-20T10:45:28,603210.SH,泰鸿万立,13.5,0.52,0.07,13.41,13.61,13.38,13.43,10044.0,13579479.0,0.43,1.26,20.47,2.42,4595400000.0,3141146250.0
2026-07-20T10:45:28,301187.SZ,欧圣电气,13.57,0.52,0.07,13.5,13.9,13.45,13.5,15578.0,21280619.2,0.61,2.38,77.79,2.45,3459447934.0,3459447934.0
2026-07-20T10:45:28,002162.SZ,悦心健康,3.86,0.52,0.02,3.84,3.9,3.78,3.84,119538.0,46174459.11,1.3,1.05,-263.59,4.35,3550045725.0,3545387307.0
2026-07-20T10:45:28,300340.SZ,科恒股份,7.69,0.52,0.04,7.64,7.87,7.64,7.65,25999.0,20184489.58,0.95,1.62,-24.71,32.9,2118708158.0,2102930947.0
2026-07-20T10:45:28,300155.SZ,安居宝,3.85,0.52,0.02,3.81,3.97,3.81,3.83,45993.0,17915363.0,1.4,1.51,-63.4,1.81,2160726814.0,1268356185.0
2026-07-20T10:45:28,603569.SH,长久物流,5.8,0.52,0.03,5.82,5.96,5.77,5.77,23298.0,13617567.0,0.39,1.35,920.92,1.43,3500342056.0,3500342056.0
2026-07-20T10:45:28,300250.SZ,初灵信息,13.51,0.52,0.07,13.44,14.05,13.41,13.44,27593.0,37812749.0,1.75,1.33,-300.49,5.23,2887755461.0,2126804563.0
2026-07-20T10:45:28,600586.SH,金晶科技,3.95,0.51,0.02,3.93,4.0,3.93,3.93,62447.0,24745858.0,0.44,1.35,-8.97,1.11,5598483915.0,5598483915.0
2026-07-20T10:45:28,000678.SZ,襄阳轴承,7.91,0.51,0.04,7.87,8.1,7.83,7.87,50125.0,39949774.0,1.09,1.38,-47.84,4.67,3635529314.0,3635529314.0
2026-07-20T10:45:28,600533.SH,栖霞建设,1.96,0.51,0.01,1.95,2.02,1.95,1.95,84302.0,16717979.0,0.8,1.65,-9.3,1.55,2058000000.0,2058000000.0
2026-07-20T10:45:28,300350.SZ,华鹏飞,3.97,0.51,0.02,3.97,4.1,3.96,3.95,64939.0,26170747.0,1.38,1.16,-81.43,2.54,2231188748.0,1872114705.0
2026-07-20T10:45:28,000096.SZ,广聚能源,7.92,0.51,0.04,7.89,8.07,7.82,7.88,92770.0,73667108.0,1.82,2.8,85.49,1.52,4181760000.0,4045916160.0
2026-07-20T10:45:28,300292.SZ,吴通控股,3.98,0.51,0.02,3.98,4.08,3.94,3.96,279974.0,112439706.16,2.51,1.64,32.31,3.63,5340224597.0,4441460356.0
2026-07-20T10:45:28,603357.SH,设计总院,5.93,0.51,0.03,5.87,6.03,5.86,5.9,21965.0,13107949.0,0.39,1.26,41.72,0.85,3324021490.0,3324021490.0
2026-07-20T10:45:28,000710.SZ,贝瑞基因,7.88,0.51,0.04,7.83,8.04,7.75,7.84,45604.0,36010989.0,1.38,1.14,-35.28,1.92,2785749144.0,2596695793.0
2026-07-20T10:45:28,000798.SZ,中水渔业,7.88,0.51,0.04,7.8,7.97,7.73,7.84,45211.0,35565840.0,1.24,1.44,-27.56,7.12,2882966651.0,2882789351.0
2026-07-20T10:45:28,603022.SH,新通联,7.89,0.51,0.04,7.87,8.2,7.87,7.85,24927.0,19955586.0,1.25,2.05,31.91,1.89,1578000000.0,1578000000.0
2026-07-20T10:45:28,002666.SZ,德联集团,3.91,0.51,0.02,3.92,4.02,3.89,3.89,65476.0,25890685.0,1.31,1.81,24.59,0.87,3081077267.0,1957611602.0
2026-07-20T10:45:28,300358.SZ,楚天科技,7.98,0.5,0.04,7.9,8.08,7.89,7.94,103544.0,82765456.1,1.48,1.31,21.04,1.03,5706438788.0,5596376969.0
2026-07-20T10:45:28,003003.SZ,天元股份,10.03,0.5,0.05,9.97,10.27,9.94,9.98,21445.0,21675223.0,1.82,1.64,28.08,1.38,1772501600.0,1181497140.0
2026-07-20T10:45:28,688223.SH,晶科能源,4.03,0.5,0.02,4.03,4.08,3.99,4.01,538881.0,217344615.0,0.52,1.67,-7.66,1.66,41385730779.0,41385730779.0
2026-07-20T10:45:28,688185.SH,康希诺,49.8,0.5,0.25,49.33,50.73,49.1,49.55,9739.0,48665482.0,0.85,1.22,-76.09,2.5,12302781290.0,5695770470.0
2026-07-20T10:45:28,600332.SH,白云山,22.29,0.5,0.11,22.11,22.48,22.01,22.18,73523.0,163671672.0,0.52,1.37,5.08,0.93,36238880253.0,31337309253.0
2026-07-20T10:45:28,603138.SH,海量数据,11.95,0.5,0.06,11.89,12.37,11.82,11.89,38365.0,46440009.0,1.33,1.74,-21.0,4.34,3508647985.0,3445697058.0
2026-07-20T10:45:28,002248.SZ,华东数控,8.08,0.5,0.04,8.08,8.27,8.02,8.04,34867.0,28408310.85,1.13,1.41,76.42,21.66,2484564448.0,2484564448.0
2026-07-20T10:45:28,920018.BJ,宏远股份,14.2,0.5,0.07,14.23,14.37,13.89,14.13,9152.0,12883367.41,1.59,2.55,20.79,2.55,2350503749.0,816371348.0
2026-07-20T10:45:28,600622.SH,光大嘉宝,2.03,0.5,0.01,2.02,2.08,2.0,2.02,97742.0,20053744.0,0.65,1.29,-6.82,1.52,3044361366.0,3044361366.0
2026-07-20T10:45:28,000926.SZ,福星股份,2.01,0.5,0.01,2.0,2.04,1.96,2.0,155058.0,31081243.43,0.99,1.51,-6.02,0.61,3201859196.0,3162150381.0
2026-07-20T10:45:28,600616.SH,金枫酒业,4.04,0.5,0.02,4.0,4.12,3.99,4.02,45804.0,18626163.0,0.68,1.8,557.82,1.42,2702779998.0,2702779998.0
2026-07-20T10:45:28,600830.SH,香溢融通,8.04,0.5,0.04,8.03,8.14,8.0,8.0,19429.0,15681646.0,0.43,1.37,36.14,1.61,3652754886.0,3652754886.0
2026-07-20T10:45:28,603408.SH,建霖家居,10.0,0.5,0.05,10.04,10.09,9.93,9.95,8705.0,8712466.0,0.19,1.65,11.86,1.35,4475730000.0,4475730000.0
2026-07-20T10:45:28,603333.SH,福华尚纬,8.01,0.5,0.04,7.97,8.08,7.85,7.97,58678.0,46812351.0,0.94,1.63,2271.8,2.44,4978435964.0,4978435964.0
2026-07-20T10:45:28,002363.SZ,隆基机械,6.13,0.49,0.03,6.08,6.25,6.08,6.1,33941.0,20971134.4,0.82,1.7,36.44,1.19,2555568195.0,2548597564.0
2026-07-20T10:45:28,688288.SH,鸿泉技术,16.5,0.49,0.08,16.59,17.11,16.42,16.42,7414.0,12406887.0,0.74,1.45,-53.68,2.22,1646926116.0,1646926116.0
2026-07-20T10:45:28,600058.SH,五矿发展,8.17,0.49,0.04,8.13,8.26,8.11,8.13,49462.0,40427823.0,0.46,0.88,128.79,1.81,8757510509.0,8757510509.0
2026-07-20T10:45:28,002791.SZ,坚朗五金,14.42,0.49,0.07,14.38,14.62,14.29,14.35,17344.0,25052760.0,0.8,0.88,-26.47,0.95,5103021887.0,3139299496.0
2026-07-20T10:45:28,002996.SZ,顺博合金,6.13,0.49,0.03,6.17,6.23,6.09,6.1,34876.0,21482888.0,0.76,1.11,8.12,1.27,4103647805.0,2809854020.0
2026-07-20T10:45:28,002427.SZ,尤夫股份,4.1,0.49,0.02,4.1,4.17,4.07,4.08,54641.0,22512396.0,0.56,0.99,-50.37,4.27,4040274386.0,4036523743.0
2026-07-20T10:45:28,000881.SZ,中广核技,6.22,0.48,0.03,6.14,6.28,6.14,6.19,54972.0,34251198.0,0.61,1.91,-24.96,1.18,5880548569.0,5621215223.0
2026-07-20T10:45:28,600854.SH,春兰股份,4.22,0.48,0.02,4.18,4.31,4.17,4.2,33887.0,14414787.0,0.65,1.44,373.44,0.91,2192115030.0,2192115030.0
2026-07-20T10:45:28,600604.SH,市北高新,4.22,0.48,0.02,4.2,4.28,4.14,4.2,68329.0,28755849.0,0.49,1.19,-25.85,1.31,7905346273.0,5939459273.0
2026-07-20T10:45:28,605077.SH,华康股份,10.41,0.48,0.05,10.35,10.6,10.32,10.36,20525.0,21476768.0,0.69,1.39,35.57,1.06,3154751708.0,3117062303.0
2026-07-20T10:45:28,300994.SZ,久祺股份,10.41,0.48,0.05,10.38,10.64,10.36,10.36,10730.0,11264178.75,0.92,1.75,35.54,2.2,2426446080.0,1214472240.0
2026-07-20T10:45:28,000050.SZ,深天马Ａ,6.22,0.48,0.03,6.2,6.3,6.17,6.19,204303.0,127207376.74,0.84,1.12,-27.21,0.56,15150524226.0,15150405268.0
2026-07-20T10:45:28,002553.SZ,南方精工,14.6,0.48,0.07,14.7,14.89,14.47,14.53,35750.0,52491647.54,1.4,1.44,4987.3,3.36,5159780729.0,3740660729.0
2026-07-20T10:45:28,301277.SZ,新天地,10.43,0.48,0.05,10.38,10.7,10.2,10.38,58229.0,60615165.17,1.49,0.93,28.32,2.71,4089377712.0,4089377712.0
2026-07-20T10:45:28,300960.SZ,通业科技,14.76,0.48,0.07,14.73,15.24,14.68,14.69,6963.0,10415068.0,0.53,1.28,-44.33,3.36,2131997351.0,1931763191.0
2026-07-20T10:45:28,600999.SH,招商证券,19.01,0.48,0.09,18.95,19.28,18.8,18.92,554451.0,1054883485.0,0.75,1.64,12.64,1.37,165320974582.0,141092320221.0
2026-07-20T10:45:28,000919.SZ,金陵药业,6.3,0.48,0.03,6.22,6.35,6.2,6.27,68225.0,42963425.0,1.1,1.09,34.98,1.05,3918124526.0,3917130386.0
2026-07-20T10:45:28,600279.SH,重庆港,4.18,0.48,0.02,4.16,4.23,4.14,4.16,38757.0,16225406.0,0.33,0.85,1333.88,0.74,4961101063.0,4961101063.0
2026-07-20T10:45:28,002566.SZ,益盛药业,6.37,0.47,0.03,6.32,6.54,6.26,6.34,46705.0,30014387.0,2.01,1.39,32.65,0.95,2108161692.0,1476505281.0
2026-07-20T10:45:28,002593.SZ,日上集团,4.25,0.47,0.02,4.24,4.32,4.22,4.23,85123.0,36360304.0,1.52,1.08,26.49,1.4,3416396623.0,2382143398.0
2026-07-20T10:45:28,000415.SZ,渤海租赁,4.24,0.47,0.02,4.22,4.29,4.19,4.22,321584.0,136352354.0,0.6,1.42,7.22,0.88,26222370236.0,22865954864.0
2026-07-20T10:45:28,002332.SZ,仙琚制药,8.62,0.47,0.04,8.58,8.67,8.51,8.58,79922.0,68739792.0,0.81,1.26,22.71,1.45,8526945945.0,8487025389.0
2026-07-20T10:45:28,603167.SH,渤海轮渡,8.62,0.47,0.04,8.55,8.65,8.5,8.58,22491.0,19304947.0,0.48,1.45,21.25,1.22,4044025616.0,4044025616.0
2026-07-20T10:45:28,300698.SZ,万马科技,23.67,0.47,0.11,23.61,24.44,23.5,23.56,18090.0,43219968.0,1.53,2.22,130.81,5.93,3171780000.0,2805982471.0
2026-07-20T10:45:28,600439.SH,瑞贝卡,2.13,0.47,0.01,2.12,2.17,2.12,2.12,70763.0,15196586.0,0.63,1.28,157.26,0.96,2411128987.0,2411128987.0
2026-07-20T10:45:28,000516.SZ,国际医学,4.27,0.47,0.02,4.24,4.32,4.18,4.25,174300.0,74445175.16,0.79,1.15,-49.44,2.92,9560089135.0,9414595751.0
2026-07-20T10:45:28,920266.BJ,生物谷,8.47,0.47,0.04,7.9,8.75,7.6,8.43,71669.0,58114528.21,6.05,1.43,-55.92,1.2,1050280059.0,1003614171.0
2026-07-20T10:45:28,603091.SH,众鑫股份,44.96,0.47,0.21,44.55,45.58,44.4,44.75,3473.0,15627379.0,0.79,0.97,17.15,2.95,6435318578.0,1979061284.0
2026-07-20T10:45:28,002769.SZ,普路通,6.4,0.47,0.03,6.37,6.56,6.34,6.37,30651.0,19775969.0,0.82,1.23,160.17,2.04,2389235546.0,2387265472.0
2026-07-20T10:45:28,601727.SH,上海电气,6.42,0.47,0.03,6.4,6.46,6.38,6.39,304248.0,195393262.0,0.24,1.41,65.56,1.82,99767580903.0,80992406463.0
2026-07-20T10:45:28,601828.SH,美凯龙,2.17,0.46,0.01,2.17,2.2,2.14,2.16,225042.0,48809067.0,0.62,1.68,49.54,0.42,9447502684.0,7838912859.0
2026-07-20T10:45:28,300965.SZ,恒宇信通,37.52,0.46,0.17,37.5,38.6,37.0,37.35,4511.0,17052084.82,0.83,1.43,-165.96,1.86,2251200000.0,2029597500.0
2026-07-20T10:45:28,600054.SH,黄山旅游,10.95,0.46,0.05,10.87,11.0,10.84,10.9,22198.0,24297283.0,0.43,1.42,57.66,1.68,7986704868.0,5620635000.0
2026-07-20T10:45:28,301105.SZ,鸿铭股份,41.29,0.46,0.19,41.52,43.95,40.89,41.1,1979.0,8307525.0,1.0,1.29,-132.37,2.69,2064500000.0,818058042.0
2026-07-20T10:45:28,002801.SZ,微光股份,26.2,0.46,0.12,26.1,26.63,26.01,26.08,6125.0,16149798.0,0.53,1.28,10.89,3.07,6016358400.0,3034030740.0
2026-07-20T10:45:28,605177.SH,东亚药业,15.42,0.46,0.07,15.35,15.87,15.33,15.35,13504.0,21095394.0,1.19,1.78,-12.56,1.06,1768988028.0,1752518682.0
2026-07-20T10:45:28,688781.SH,视涯科技-UW,37.3,0.46,0.17,37.59,38.8,36.94,37.13,11046.0,41969405.0,2.7,1.5,-204.87,9.2,37300000000.0,1523149118.0
2026-07-20T10:45:28,688389.SH,普门科技,10.95,0.46,0.05,10.88,11.1,10.88,10.9,11194.0,12323045.0,0.26,1.0,36.11,2.31,4691918744.0,4691918744.0
2026-07-20T10:45:28,000705.SZ,浙江震元,6.51,0.46,0.03,6.46,6.59,6.43,6.48,32847.0,21410225.12,1.16,1.1,-24.93,1.12,2175142592.0,1835594598.0
2026-07-20T10:45:28,600467.SH,好当家,2.17,0.46,0.01,2.16,2.2,2.15,2.16,108400.0,23598023.0,0.74,1.16,101.12,0.93,3170357640.0,3170357640.0
2026-07-20T10:45:28,605289.SH,罗曼股份,103.15,0.46,0.47,108.2,110.66,101.6,102.68,36378.0,389309432.0,2.39,2.37,84.58,11.79,15741773075.0,15719903625.0
2026-07-20T10:45:28,920670.BJ,数字人,13.02,0.46,0.06,12.6,13.3,12.5,12.96,13910.0,17972979.37,2.09,2.53,-46.42,5.86,1382494848.0,867569576.0
2026-07-20T10:45:28,600383.SH,金地集团,2.2,0.46,0.01,2.2,2.24,2.16,2.19,419587.0,92661934.0,0.93,1.7,-3.65,0.22,9932083858.0,9932083858.0
2026-07-20T10:45:28,603106.SH,恒银科技,6.49,0.46,0.03,6.52,6.66,6.44,6.46,26764.0,17558508.0,0.51,1.13,296.73,2.57,3378174800.0,3378174800.0
2026-07-20T10:45:28,002349.SZ,精华制药,6.77,0.45,0.03,6.71,6.83,6.65,6.74,76563.0,51714981.92,0.94,1.28,21.35,2.04,5626738645.0,5512004747.0
2026-07-20T10:45:28,300664.SZ,鹏鹞环保,4.43,0.45,0.02,4.41,4.49,4.41,4.41,39004.0,17377191.0,0.54,1.38,11.46,0.77,3335171271.0,3212546895.0
2026-07-20T10:45:28,600117.SH,西宁特钢,2.23,0.45,0.01,2.22,2.26,2.21,2.22,54266.0,12139666.0,0.17,0.98,-7.18,2.11,7258906131.0,7258906131.0
2026-07-20T10:45:28,600371.SH,万向德农,6.68,0.45,0.03,6.63,6.78,6.62,6.65,22835.0,15301216.0,0.78,1.55,467.48,3.85,1954421040.0,1954421040.0
2026-07-20T10:45:28,603368.SH,柳药集团,15.7,0.45,0.07,15.62,15.78,15.53,15.63,20829.0,32670559.0,0.52,1.13,6.94,0.81,6236218274.0,6236218274.0
2026-07-20T10:45:28,002186.SZ,全 聚 德,8.99,0.45,0.04,8.97,9.1,8.78,8.95,24765.0,22238284.0,0.81,1.95,101.73,3.23,2759225076.0,2758146276.0
2026-07-20T10:45:28,300471.SZ,厚普股份,8.98,0.45,0.04,8.94,9.15,8.9,8.94,32322.0,29190408.0,0.88,1.19,-461.15,2.7,4222025404.0,3291636834.0
2026-07-20T10:45:28,688435.SH,英方软件,26.81,0.45,0.12,26.5,27.9,26.5,26.69,12048.0,32749449.0,2.15,1.91,-46.76,2.07,2238635000.0,1502650902.0
2026-07-20T10:45:28,603737.SH,三棵树,22.18,0.45,0.1,22.32,22.8,21.92,22.08,58984.0,131684425.0,0.67,1.75,46.02,6.66,19637749870.0,19637749870.0
2026-07-20T10:45:28,300747.SZ,锐科激光,31.49,0.45,0.14,31.99,32.55,30.91,31.35,126882.0,404682177.62,2.43,1.8,105.68,5.17,17684784000.0,16437084701.0
2026-07-20T10:45:28,002576.SZ,通达动力,13.36,0.45,0.06,13.32,13.68,13.31,13.3,15942.0,21526253.0,0.98,1.74,25.16,1.69,2205736000.0,2164688349.0
2026-07-20T10:45:28,300457.SZ,赢合科技,17.85,0.45,0.08,17.74,18.23,17.67,17.77,56009.0,100710954.6,0.88,1.73,46.51,1.67,11516452790.0,11332005313.0
2026-07-20T10:45:28,000727.SZ,冠捷科技,2.21,0.45,0.01,2.21,2.23,2.2,2.2,243740.0,54097001.0,0.54,1.15,-8.85,5.55,10010343026.0,10010343026.0
2026-07-20T10:45:28,600241.SH,时代万恒,6.67,0.45,0.03,6.52,6.81,6.52,6.64,28653.0,19207673.0,0.97,1.49,-41.68,1.92,1962995107.0,1962995107.0
2026-07-20T10:45:28,001356.SZ,富岭股份,8.85,0.45,0.04,8.81,8.95,8.78,8.81,16019.0,14219064.0,0.8,1.74,88.35,2.58,5215482000.0,1775723738.0
2026-07-20T10:45:28,300388.SZ,节能国祯,6.76,0.45,0.03,6.77,6.82,6.69,6.73,24647.0,16672312.2,0.36,1.24,12.78,0.96,4603845482.0,4603845482.0
2026-07-20T10:45:28,000506.SZ,招金黄金,11.4,0.44,0.05,11.35,11.64,11.17,11.35,237725.0,270024905.0,2.56,1.34,14.13,11.91,10590802475.0,10587259355.0
2026-07-20T10:45:28,688303.SH,大全能源,15.87,0.44,0.07,15.73,16.03,15.72,15.8,37544.0,59615215.0,0.18,1.19,-10.63,0.89,34044414840.0,34044414840.0
2026-07-20T10:45:28,688280.SH,精进电动-W,4.58,0.44,0.02,4.59,4.72,4.54,4.56,54747.0,25385342.0,1.05,1.71,-7.39,4.19,2703215235.0,2384092184.0
2026-07-20T10:45:28,002424.SZ,ST百灵,4.52,0.44,0.02,4.49,4.58,4.48,4.5,37984.0,17187287.0,0.33,1.0,56.02,1.98,6317144768.0,5206488293.0
2026-07-20T10:45:28,300043.SZ,星辉娱乐,4.52,0.44,0.02,4.59,4.68,4.38,4.5,357748.0,161335050.97,2.88,1.1,27.13,3.26,5623776773.0,5620798545.0
2026-07-20T10:45:28,601608.SH,中信重工,4.52,0.44,0.02,4.5,4.61,4.49,4.5,365279.0,165965762.0,0.8,0.76,54.43,2.2,20699581535.0,20699581535.0
2026-07-20T10:45:28,920953.BJ,国子软件,20.57,0.44,0.09,20.89,21.29,20.36,20.48,7141.0,14824243.78,1.19,1.17,522.13,4.49,2635345914.0,1231849939.0
2026-07-20T10:45:28,603676.SH,卫信康,9.03,0.44,0.04,9.0,9.17,8.96,8.99,13827.0,12544412.0,0.32,1.47,14.38,2.68,3929508345.0,3929508345.0
2026-07-20T10:45:28,300774.SZ,倍杰特,9.18,0.44,0.04,9.13,9.46,9.08,9.14,51229.0,47545783.0,2.51,1.98,-31.37,2.6,3752450399.0,1873431230.0
2026-07-20T10:45:28,300558.SZ,贝达药业,58.16,0.43,0.25,58.65,59.46,57.61,57.91,114240.0,669220974.66,2.72,1.27,25.93,3.63,24469880309.0,24391877106.0
2026-07-20T10:45:28,600727.SH,鲁北化工,6.93,0.43,0.03,6.92,7.03,6.88,6.9,60638.0,42168208.0,1.15,1.22,16.19,1.14,3663081126.0,3663081126.0
2026-07-20T10:45:28,002922.SZ,伊戈尔,23.4,0.43,0.1,23.93,24.24,23.05,23.3,92823.0,219614815.33,2.46,1.68,36.0,2.66,9888440422.0,8821801334.0
2026-07-20T10:45:28,003012.SZ,东鹏控股,4.71,0.43,0.02,4.72,4.76,4.63,4.69,57382.0,26996462.45,0.51,2.11,-27.26,0.75,5449381254.0,5343906197.0
2026-07-20T10:45:28,001360.SZ,南矿集团,14.03,0.43,0.06,14.2,14.47,13.88,13.97,18732.0,26630236.0,1.49,2.12,55.29,2.06,2862120000.0,1760545487.0
2026-07-20T10:45:28,688538.SH,和辉光电-U,2.32,0.43,0.01,2.31,2.35,2.31,2.31,448813.0,104407908.0,0.78,1.14,-17.04,4.22,32037895290.0,13345186882.0
2026-07-20T10:45:28,603667.SH,五洲新春,54.3,0.43,0.23,54.08,56.8,53.21,54.07,117081.0,643507204.0,3.2,2.26,168.87,5.27,20805149365.0,19884810411.0
2026-07-20T10:45:28,300101.SZ,振芯科技,14.06,0.43,0.06,13.9,14.25,13.87,14.0,41259.0,58064290.0,0.73,1.06,-489.43,4.53,7984754142.0,7957665049.0
2026-07-20T10:45:28,300800.SZ,力合科技,9.25,0.43,0.04,9.3,9.54,9.19,9.21,21118.0,19780559.5,0.9,2.35,36.69,1.08,2190020750.0,2167335125.0
2026-07-20T10:45:28,300888.SZ,稳健医疗,30.02,0.43,0.13,29.8,30.25,29.58,29.89,20633.0,61833933.8,0.36,1.08,17.4,1.51,17500787259.0,17422435779.0
2026-07-20T10:45:28,300825.SZ,阿尔特,9.31,0.43,0.04,9.53,10.05,9.19,9.27,189103.0,183092086.03,3.9,2.4,76.97,2.27,4607337278.0,4510582349.0
2026-07-20T10:45:28,001278.SZ,一彬科技,14.38,0.42,0.06,14.32,14.8,14.24,14.32,12546.0,18203339.0,1.47,1.53,-10.43,1.51,1779286292.0,1226770397.0
2026-07-20T10:45:28,000876.SZ,新 希 望,7.11,0.42,0.03,7.05,7.14,6.93,7.08,221780.0,156580255.98,0.49,1.43,-8.92,1.7,32014733272.0,31995046471.0
2026-07-20T10:45:28,000715.SZ,中兴商业,4.75,0.42,0.02,4.71,4.82,4.7,4.73,40223.0,19178163.05,0.83,1.41,31.09,1.28,2567064455.0,2310176418.0
2026-07-20T10:45:28,600858.SH,银座股份,4.73,0.42,0.02,4.68,4.78,4.67,4.71,29663.0,14036283.0,0.57,1.15,8.66,0.9,2459914966.0,2448002177.0
2026-07-20T10:45:28,301320.SZ,豪江智能,11.91,0.42,0.05,11.9,12.24,11.85,11.86,11534.0,13902396.0,1.01,1.74,262.27,2.07,2167739100.0,1360231274.0
2026-07-20T10:45:28,300864.SZ,南大环境,19.1,0.42,0.08,18.93,19.5,18.77,19.02,9837.0,18791560.0,0.62,1.99,16.38,2.38,3016094045.0,3016094045.0
2026-07-20T10:45:28,920675.BJ,秉扬科技,7.13,0.42,0.03,7.21,7.3,7.1,7.1,7462.0,5374081.96,0.94,1.28,23.1,2.06,1227529320.0,563397413.0
2026-07-20T10:45:28,002291.SZ,遥望科技,4.94,0.41,0.02,4.9,5.07,4.9,4.92,173590.0,86354850.36,2.0,1.58,5.08,1.55,4619543944.0,4293478834.0
2026-07-20T10:45:28,688334.SH,西高院,17.25,0.41,0.07,17.22,17.4,17.15,17.18,7197.0,12432435.0,0.23,1.38,20.56,1.88,5460995789.0,5384950940.0
2026-07-20T10:45:28,300158.SZ,振东制药,4.89,0.41,0.02,4.93,4.95,4.79,4.87,87025.0,42509567.0,0.88,0.94,-1159.84,1.45,4852361944.0,4848402990.0
2026-07-20T10:45:28,600815.SH,厦工股份,2.47,0.41,0.01,2.48,2.53,2.45,2.46,184147.0,45932853.0,1.04,1.27,-149.7,3.01,4382013366.0,4382013366.0
2026-07-20T10:45:28,600229.SH,城市传媒,4.86,0.41,0.02,4.78,4.94,4.78,4.84,20526.0,10007860.0,0.31,0.95,29.99,1.16,3211039830.0,3211039830.0
2026-07-20T10:45:28,688236.SH,春立医疗,14.59,0.41,0.06,14.5,14.85,14.48,14.53,15723.0,23039601.0,0.55,1.29,22.67,1.87,5596264415.0,4208164520.0
2026-07-20T10:45:28,002491.SZ,通鼎互联,17.23,0.41,0.07,17.86,18.88,16.42,17.16,1106111.0,1960354224.52,9.4,2.89,103.33,8.41,21192805235.0,20270558647.0
2026-07-20T10:45:28,688373.SH,盟科药业-U,4.94,0.41,0.02,4.97,5.1,4.87,4.92,116372.0,57939004.0,1.77,1.48,-37.78,17.82,3241768197.0,3241768197.0
2026-07-20T10:45:28,000544.SZ,中原环保,7.42,0.41,0.03,7.41,7.47,7.32,7.39,18931.0,14035642.0,0.19,1.23,5.2,0.79,7232158901.0,7232158901.0
2026-07-20T10:45:28,603108.SH,润达医疗,9.73,0.41,0.04,9.65,9.88,9.5,9.69,165253.0,160105551.0,2.73,1.72,-27.46,1.59,5882795208.0,5882795208.0
2026-07-20T10:45:28,300404.SZ,博济医药,9.77,0.41,0.04,9.65,9.93,9.51,9.73,154279.0,150549155.22,5.4,1.36,57.24,3.55,3768767124.0,2789487529.0
2026-07-20T10:45:28,600071.SH,凤凰光学,14.76,0.41,0.06,14.76,15.05,14.66,14.7,11824.0,17587534.0,0.42,1.49,-583.01,8.16,4156030602.0,4156030602.0
2026-07-20T10:45:28,002393.SZ,力生制药,14.7,0.41,0.06,14.7,14.83,14.46,14.64,19531.0,28673597.52,0.65,0.94,21.88,1.02,4541773961.0,4413189356.0
2026-07-20T10:45:28,600819.SH,耀皮玻璃,4.97,0.4,0.02,4.95,5.06,4.95,4.95,46864.0,23490525.0,0.59,1.12,50.17,1.26,4854482653.0,3922607643.0
2026-07-20T10:45:28,600212.SH,绿能慧充,4.98,0.4,0.02,4.97,5.07,4.95,4.96,47115.0,23637986.0,0.89,1.29,-40.78,6.08,3506668061.0,2645277461.0
2026-07-20T10:45:28,688408.SH,中信博,24.8,0.4,0.1,24.79,25.28,24.45,24.7,19503.0,48477958.0,0.89,1.57,-28.01,1.34,5432833973.0,5432833973.0
2026-07-20T10:45:28,002730.SZ,电光科技,22.85,0.4,0.09,23.49,24.06,22.31,22.76,96237.0,225426289.0,2.78,2.08,94.63,5.13,8273525258.0,7906782758.0
2026-07-20T10:45:28,300986.SZ,志特新材,10.1,0.4,0.04,10.3,10.48,10.05,10.06,114313.0,117150398.92,1.99,1.67,37.76,2.66,5814800694.0,5810701427.0
2026-07-20T10:45:28,600029.SH,南方航空,5.01,0.4,0.02,4.98,5.04,4.96,4.99,349906.0,174893762.0,0.26,1.5,15.33,2.45,90786057295.0,67519630782.0
2026-07-20T10:45:28,000521.SZ,长虹美菱,5.05,0.4,0.02,5.01,5.08,4.99,5.03,45271.0,22816319.0,0.52,0.8,18.51,0.88,5201114761.0,4419910591.0
2026-07-20T10:45:28,300259.SZ,新天科技,5.02,0.4,0.02,5.06,5.25,4.92,5.0,272757.0,138690732.66,2.36,1.37,74.6,1.93,5798627276.0,5797280485.0
2026-07-20T10:45:28,000100.SZ,TCL科技,5.02,0.4,0.02,5.01,5.1,4.96,5.0,4474092.0,2255199744.21,2.22,1.53,16.77,1.72,104420329484.0,100993998568.0
2026-07-20T10:45:28,301601.SZ,惠通科技,15.19,0.4,0.06,15.13,15.56,15.1,15.13,7270.0,11118941.0,0.86,1.2,-303.28,1.63,2133891200.0,1283251200.0
2026-07-20T10:45:28,603697.SH,有友食品,10.01,0.4,0.04,9.97,10.21,9.93,9.97,30322.0,30473306.0,0.71,1.28,16.27,2.44,4281197901.0,4281197901.0
2026-07-20T10:45:28,688188.SH,柏楚电子,90.66,0.4,0.36,91.16,91.7,89.9,90.3,16577.0,150165542.0,0.41,1.16,29.05,6.27,36767828716.0,36767828716.0
2026-07-20T10:45:28,000702.SZ,正虹科技,5.08,0.4,0.02,5.08,5.2,5.02,5.06,31681.0,16226589.0,1.19,1.14,-35.01,5.31,1760854736.0,1354503646.0
2026-07-20T10:45:28,000651.SZ,格力电器,40.11,0.4,0.16,39.8,40.25,39.73,39.95,236988.0,949969091.01,0.43,1.4,9.23,1.48,224672384272.0,221487800002.0
2026-07-20T10:45:28,600713.SH,南京医药,5.16,0.39,0.02,5.1,5.19,5.07,5.14,109969.0,56580739.0,0.85,1.2,9.67,0.95,6750126405.0,6655438754.0
2026-07-20T10:45:28,001248.SZ,华润新能,12.72,0.39,0.05,12.48,12.98,12.42,12.67,793170.0,1006620885.17,7.47,1.44,25.58,1.45,165430276219.0,13513776222.0
2026-07-20T10:45:28,002358.SZ,森源电气,5.18,0.39,0.02,5.14,5.28,5.13,5.16,104484.0,54487654.0,1.12,1.98,22.63,1.44,4816141141.0,4816134536.0
2026-07-20T10:45:28,300962.SZ,中金辐照,12.96,0.39,0.05,12.89,13.13,12.87,12.91,13052.0,16951245.0,0.49,1.3,36.2,3.33,3421464585.0,3421464585.0
2026-07-20T10:45:28,600448.SH,华纺股份,2.56,0.39,0.01,2.55,2.63,2.53,2.55,82628.0,21342310.0,1.31,1.41,-14.32,1.77,1612338335.0,1612338335.0
2026-07-20T10:45:28,688526.SH,科前生物,12.82,0.39,0.05,12.76,12.94,12.72,12.77,5585.0,7170680.0,0.12,0.8,18.85,1.49,5975761678.0,5975761678.0
2026-07-20T10:45:28,301608.SZ,博实结,43.69,0.39,0.17,44.01,44.75,43.0,43.52,7453.0,32726227.49,1.25,1.71,26.28,2.65,5793079919.0,2599832563.0
2026-07-20T10:45:28,002516.SZ,旷达科技,5.19,0.39,0.02,5.15,5.23,5.12,5.17,86374.0,44669927.0,0.59,1.26,34.89,2.06,7633652760.0,7579988160.0
2026-07-20T10:45:28,002155.SZ,湖南黄金,20.84,0.39,0.08,20.76,20.98,20.55,20.76,167631.0,347936516.11,1.07,1.18,13.67,3.95,32565653425.0,32562727302.0
2026-07-20T10:45:28,300279.SZ,和晶科技,5.13,0.39,0.02,5.18,5.31,5.08,5.11,67034.0,35026693.0,1.38,1.76,60.99,2.4,2509080384.0,2498023756.0
2026-07-20T10:45:28,920370.BJ,新安洁,2.57,0.39,0.01,2.56,2.61,2.52,2.56,10724.0,2754741.98,0.41,1.43,-26.49,1.37,771728192.0,674332534.0
2026-07-20T10:45:28,002413.SZ,雷科防务,7.63,0.39,0.03,7.68,7.85,7.56,7.6,254916.0,197043086.05,1.97,1.15,-157.87,3.06,10066569732.0,9884134692.0
2026-07-20T10:45:28,301278.SZ,快可电子,25.43,0.39,0.1,25.25,26.09,25.25,25.33,6412.0,16505754.4,1.25,1.61,101.07,1.61,2281278076.0,1307151945.0
2026-07-20T10:45:28,000559.SZ,万向钱潮,10.58,0.38,0.04,10.56,10.83,10.47,10.54,204265.0,217915630.72,0.62,1.75,35.53,4.32,35076492338.0,35065810717.0
2026-07-20T10:45:28,002377.SZ,国创高新,2.67,0.38,0.01,2.67,2.76,2.66,2.66,145850.0,39492871.12,1.67,1.42,89.57,6.15,2446588287.0,2329368532.0
2026-07-20T10:45:28,002880.SZ,卫光生物,21.01,0.38,0.08,21.0,21.18,20.71,20.93,6939.0,14554361.0,0.31,1.4,38.45,1.99,4765068000.0,4765068000.0
2026-07-20T10:45:28,300837.SZ,浙矿股份,20.98,0.38,0.08,21.02,21.66,20.8,20.9,17262.0,36550210.0,2.28,3.42,43.85,1.49,2098141867.0,1585967617.0
2026-07-20T10:45:28,688089.SH,嘉必优,10.65,0.38,0.04,10.68,10.98,10.59,10.61,13836.0,14893945.0,0.82,1.55,-10.29,1.13,1792492128.0,1792492128.0
2026-07-20T10:45:28,301022.SZ,海泰科,21.1,0.38,0.08,20.87,21.75,20.7,21.02,5992.0,12780170.59,0.89,1.51,-97.74,1.53,2099115059.0,1417623292.0
2026-07-20T10:45:28,600103.SH,青山纸业,2.64,0.38,0.01,2.65,2.7,2.62,2.63,357304.0,95115956.0,1.62,1.49,97.54,1.49,5915782612.0,5840548684.0
2026-07-20T10:45:28,000969.SZ,安泰科技,15.78,0.38,0.06,16.08,16.15,15.53,15.72,197140.0,313401967.84,1.89,1.63,41.77,2.92,16577196085.0,16432500964.0
2026-07-20T10:45:28,301136.SZ,招标股份,10.56,0.38,0.04,10.51,10.87,10.48,10.52,34955.0,37353061.04,1.27,1.35,134.82,2.01,2906162899.0,2902915699.0
2026-07-20T10:45:28,002181.SZ,粤 传 媒,7.9,0.38,0.03,7.87,8.08,7.83,7.87,162569.0,129578776.16,1.43,1.35,130.94,2.16,9172359575.0,8962843122.0
2026-07-20T10:45:28,603583.SH,捷昌驱动,23.73,0.38,0.09,23.88,24.17,23.6,23.64,23041.0,55050524.0,0.6,1.25,45.34,2.0,9154107462.0,9070720242.0
2026-07-20T10:45:28,688366.SH,昊海生科,32.1,0.38,0.12,32.5,32.5,31.66,31.98,2853.0,9177061.0,0.15,0.72,24.96,1.38,7345513460.0,6229064546.0
2026-07-20T10:45:28,920819.BJ,颖泰生物,2.7,0.37,0.01,2.75,2.76,2.67,2.69,25952.0,7030102.0,0.21,1.54,-41.9,0.7,3309660000.0,3271387500.0
2026-07-20T10:45:28,301386.SZ,未来电器,19.14,0.37,0.07,19.39,19.6,19.05,19.07,6487.0,12556587.0,1.44,1.67,44.42,1.84,2679600000.0,861300000.0
2026-07-20T10:45:28,002819.SZ,东方中科,19.14,0.37,0.07,19.1,19.56,19.0,19.07,10257.0,19793503.0,0.43,1.3,-40.0,1.47,5734537314.0,4550372042.0
2026-07-20T10:45:28,300805.SZ,电声股份,8.21,0.37,0.03,8.34,8.59,8.04,8.18,221993.0,183134034.66,7.7,3.09,336.52,2.25,3484670068.0,2367364600.0
2026-07-20T10:45:28,300110.SZ,华仁药业,2.73,0.37,0.01,2.72,2.78,2.7,2.72,137098.0,37684586.27,1.16,1.31,50.56,3.78,3227441441.0,3224614867.0
2026-07-20T10:45:28,300946.SZ,恒而达,35.57,0.37,0.13,35.62,36.61,35.38,35.44,6041.0,21763076.6,0.8,1.37,96.58,4.72,5549197446.0,2696358951.0
2026-07-20T10:45:28,600097.SH,开创国际,8.1,0.37,0.03,8.06,8.27,8.05,8.07,23118.0,18805103.0,0.96,2.26,-13.87,0.88,1951586128.0,1951586128.0
2026-07-20T10:45:28,002421.SZ,达实智能,2.72,0.37,0.01,2.75,2.8,2.69,2.71,707988.0,194890499.55,3.53,1.56,-88.89,2.12,5767982058.0,5449185946.0
2026-07-20T10:45:28,002374.SZ,中锐股份,2.72,0.37,0.01,2.72,2.78,2.7,2.71,73651.0,20189156.75,0.68,1.24,-6.11,5.52,2951769250.0,2951769250.0
2026-07-20T10:45:28,002274.SZ,华昌化工,5.44,0.37,0.02,5.41,5.55,5.39,5.42,187258.0,102335446.0,2.0,1.63,26.75,1.0,5180863674.0,5101899267.0
2026-07-20T10:45:28,301360.SZ,荣旗科技,47.81,0.36,0.17,48.27,50.77,47.19,47.64,18060.0,88478575.14,5.3,2.79,-1513.83,2.8,3336447624.0,1628481654.0
2026-07-20T10:45:28,603815.SH,交建股份,5.63,0.36,0.02,5.7,5.8,5.61,5.61,80812.0,46152982.0,1.31,1.09,15.19,2.21,3484543443.0,3484543443.0
2026-07-20T10:45:28,600354.SH,敦煌种业,5.62,0.36,0.02,5.56,5.69,5.53,5.6,141862.0,79625252.0,2.69,1.18,15.69,3.96,2966247690.0,2966247690.0
2026-07-20T10:45:28,600865.SH,百大集团,8.25,0.36,0.03,8.12,8.37,8.08,8.22,47557.0,39180044.0,1.26,1.78,28.06,1.34,3103982607.0,3103982607.0
2026-07-20T10:45:28,300100.SZ,双林股份,22.42,0.36,0.08,22.6,22.86,22.21,22.34,37286.0,84050808.54,0.67,1.44,38.42,3.95,12981111395.0,12514172140.0
2026-07-20T10:45:28,002933.SZ,新兴装备,24.94,0.36,0.09,25.22,25.43,24.73,24.85,6290.0,15748211.0,0.54,1.39,-329.67,1.91,2926709000.0,2911587454.0
2026-07-20T10:45:28,002242.SZ,九阳股份,8.41,0.36,0.03,8.41,8.54,8.35,8.38,23140.0,19517225.19,0.3,1.27,19.36,1.9,6416972970.0,6405776947.0
2026-07-20T10:45:28,600510.SH,黑牡丹,5.78,0.35,0.02,5.76,5.96,5.7,5.76,62677.0,36690793.0,0.61,1.77,26.63,0.57,5965107141.0,5965107141.0
2026-07-20T10:45:28,300141.SZ,和顺电气,8.62,0.35,0.03,8.64,8.92,8.53,8.59,26443.0,23195732.0,1.04,1.55,-83.18,3.59,2222620452.0,2194813711.0
2026-07-20T10:45:28,603126.SH,中材节能,5.81,0.35,0.02,5.75,5.92,5.73,5.79,54060.0,31515172.0,0.89,2.13,82.97,1.73,3547005000.0,3547005000.0
2026-07-20T10:45:28,301113.SZ,雅艺科技,14.45,0.35,0.05,14.47,14.92,14.33,14.4,7646.0,11201891.94,1.07,1.45,-164.16,2.55,1709435000.0,1035547849.0
2026-07-20T10:45:28,603017.SH,中衡设计,8.71,0.35,0.03,8.65,8.95,8.62,8.68,30003.0,26445939.0,1.09,1.05,28.7,1.66,2405617452.0,2405617452.0
2026-07-20T10:45:28,300500.SZ,启迪设计,8.58,0.35,0.03,8.74,8.82,8.52,8.55,21645.0,18806124.0,1.29,1.81,16.53,1.5,1492704376.0,1437990454.0
2026-07-20T10:45:28,603072.SH,天和磁材,31.92,0.35,0.11,31.91,32.29,31.69,31.81,10712.0,34301670.0,0.85,1.28,44.05,3.9,8435817600.0,4029261600.0
2026-07-20T10:45:28,601188.SH,龙江交通,2.91,0.34,0.01,2.9,2.94,2.88,2.9,64917.0,18906725.0,0.5,1.65,17.7,0.85,3798917453.0,3798917453.0
2026-07-20T10:45:28,300215.SZ,电科院,5.84,0.34,0.02,5.82,5.98,5.8,5.82,60973.0,35959460.52,0.81,1.72,538.07,2.2,4374710052.0,4374710052.0
2026-07-20T10:45:28,300652.SZ,雷迪克,29.63,0.34,0.1,29.8,30.67,29.41,29.53,13263.0,39894469.4,1.11,1.69,36.9,2.58,3952362648.0,3547242177.0
2026-07-20T10:45:28,603387.SH,基蛋生物,8.82,0.34,0.03,8.76,8.89,8.67,8.79,99082.0,87070724.0,1.95,1.52,14.66,1.62,4473094020.0,4473094020.0
2026-07-20T10:45:28,603321.SH,梅轮电梯,5.83,0.34,0.02,5.82,5.98,5.81,5.81,34650.0,20423415.0,1.01,2.53,77.27,1.42,2034025604.0,2008810854.0
2026-07-20T10:45:28,605123.SH,派克新材,73.98,0.34,0.25,74.54,75.79,73.06,73.73,11961.0,89423680.0,0.99,1.33,26.16,1.94,8964222590.0,8964222590.0
2026-07-20T10:45:28,600523.SH,贵航股份,11.71,0.34,0.04,11.59,11.79,11.45,11.67,31109.0,36222410.0,0.77,1.73,28.05,1.48,4734485557.0,4731362500.0
2026-07-20T10:45:28,300381.SZ,溢多利,5.82,0.34,0.02,5.81,5.92,5.77,5.8,39868.0,23281229.42,0.83,1.29,42.38,1.1,2794611871.0,2784597473.0
2026-07-20T10:45:28,300600.SZ,国瑞科技,8.89,0.34,0.03,8.9,9.13,8.86,8.86,31107.0,27992297.0,1.06,1.44,-155.87,2.18,2615744527.0,2615744527.0
2026-07-20T10:45:28,002544.SZ,普天科技,15.39,0.33,0.05,15.35,15.55,15.2,15.34,69880.0,107291373.64,1.03,0.96,-158.01,2.82,10473416567.0,10472407999.0
2026-07-20T10:45:28,688228.SH,开普云,63.7,0.33,0.21,63.33,66.0,63.15,63.49,9423.0,60868397.0,1.39,1.8,-127.6,3.45,4302983412.0,4302983412.0
2026-07-20T10:45:28,920981.BJ,晶赛科技,30.67,0.33,0.1,31.1,31.57,30.03,30.57,11585.0,35923609.43,3.01,1.23,147.43,4.58,2345273560.0,1179650917.0
2026-07-20T10:45:28,688162.SH,巨一科技,21.17,0.33,0.07,21.72,21.76,21.03,21.1,8822.0,18860844.0,0.64,1.87,34.97,1.21,2902423407.0,2902423407.0
2026-07-20T10:45:28,300389.SZ,艾比森,11.99,0.33,0.04,12.1,12.2,11.87,11.95,22353.0,26930997.16,1.02,1.24,28.17,2.63,4425512801.0,2631054474.0
2026-07-20T10:45:28,300514.SZ,友讯达,8.99,0.33,0.03,8.97,9.28,8.91,8.96,13405.0,12228450.0,0.84,1.6,-13.95,1.8,1798000000.0,1440722342.0
2026-07-20T10:45:28,300058.SZ,蓝色光标,12.18,0.33,0.04,12.23,12.64,11.86,12.14,1630895.0,1998098175.91,4.69,1.64,86.69,5.52,43728894545.0,42361190835.0
2026-07-20T10:45:28,002390.SZ,信邦制药,3.05,0.33,0.01,3.04,3.07,2.98,3.04,188569.0,57199145.48,0.98,1.32,30.46,0.88,5928748197.0,5879761510.0
2026-07-20T10:45:28,603222.SH,济民健康,9.19,0.33,0.03,8.93,9.8,8.9,9.16,205996.0,192275189.0,3.92,1.38,-46.54,4.34,4825582752.0,4825582752.0
2026-07-20T10:45:28,300549.SZ,优德精密,12.7,0.32,0.04,12.66,13.12,12.59,12.66,14128.0,18196645.0,1.4,1.66,614.79,3.11,1693418000.0,1283387705.0
2026-07-20T10:45:28,300697.SZ,电工合金,12.69,0.32,0.04,12.78,12.88,12.6,12.65,23989.0,30609700.9,0.72,1.33,21.99,4.42,5490201600.0,4203435600.0
2026-07-20T10:45:28,000803.SZ,山高环能,6.2,0.32,0.02,6.27,6.33,6.15,6.18,50181.0,31383280.0,1.09,1.8,16.52,1.94,2891036149.0,2850684236.0
2026-07-20T10:45:28,603600.SH,永艺股份,9.33,0.32,0.03,9.26,9.56,9.26,9.3,24341.0,22830162.0,0.74,1.74,10.7,1.37,3082941476.0,3082941476.0
2026-07-20T10:45:28,002810.SZ,山东赫达,19.01,0.32,0.06,18.94,19.23,18.38,18.95,37721.0,70792184.98,1.17,1.53,16.18,3.08,6647103382.0,6138307443.0
2026-07-20T10:45:28,688317.SH,之江生物,15.66,0.32,0.05,15.65,15.92,15.52,15.61,12607.0,19847013.0,0.66,1.43,-29.13,0.9,2972952530.0,2972952530.0
2026-07-20T10:45:28,600798.SH,宁波海运,3.12,0.32,0.01,3.1,3.15,3.1,3.11,74411.0,23283881.0,0.62,1.84,-113.68,0.96,3764386707.0,3764386707.0
2026-07-20T10:45:28,600790.SH,轻纺城,3.17,0.32,0.01,3.14,3.21,3.13,3.16,100427.0,31902447.0,0.69,1.68,3.33,0.8,4646557242.0,4646557242.0
2026-07-20T10:45:28,002172.SZ,澳洋健康,3.1,0.32,0.01,3.08,3.18,3.08,3.09,131326.0,41126883.56,1.72,1.29,113.34,13.1,2373770316.0,2371936263.0
2026-07-20T10:45:28,300173.SZ,ST福能,3.09,0.32,0.01,3.07,3.14,3.07,3.08,20356.0,6315994.0,0.28,1.09,-22.21,2.8,2270302407.0,2270302407.0
2026-07-20T10:45:28,000965.SZ,天保基建,3.09,0.32,0.01,3.09,3.14,3.07,3.08,67255.0,20882423.47,0.61,1.55,13.41,0.62,3429377466.0,3429377466.0
2026-07-20T10:45:28,000403.SZ,派林生物,9.76,0.31,0.03,9.74,9.88,9.62,9.73,66037.0,64521065.6,0.7,1.31,100.96,1.14,9275878487.0,9181074659.0
2026-07-20T10:45:28,920694.BJ,中裕科技,12.95,0.31,0.04,13.03,13.48,12.86,12.91,4749.0,6263963.33,0.76,2.45,12.77,1.94,1710545764.0,809251211.0
2026-07-20T10:45:28,601121.SH,宝地矿业,6.54,0.31,0.02,6.55,6.62,6.44,6.52,80904.0,52833052.0,1.01,1.19,43.54,1.49,6436947572.0,5232000000.0
2026-07-20T10:45:28,600689.SH,上海三毛,9.56,0.31,0.03,9.54,9.8,9.52,9.53,16048.0,15488352.0,1.05,2.31,120.87,4.08,1921477239.0,1455071607.0
2026-07-20T10:45:28,000558.SZ,天府文旅,3.2,0.31,0.01,3.18,3.24,3.16,3.19,101795.0,32653169.0,0.79,0.98,250.71,3.93,4125516637.0,4123790746.0
2026-07-20T10:45:28,600376.SH,首开股份,3.2,0.31,0.01,3.21,3.26,3.17,3.19,365845.0,117425955.0,1.42,1.22,-2.73,3.51,8254608774.0,8254608774.0
2026-07-20T10:45:28,300792.SZ,壹网壹创,22.46,0.31,0.07,22.44,23.2,22.34,22.39,39490.0,89463065.85,1.85,1.67,42.51,1.81,5337894315.0,4789666894.0
2026-07-20T10:45:28,002289.SZ,宇顺电子,35.41,0.31,0.11,35.74,38.12,34.7,35.3,36778.0,133048055.0,1.34,1.6,50.37,37.4,9923784686.0,9717609961.0
2026-07-20T10:45:28,600853.SH,龙建股份,3.21,0.31,0.01,3.21,3.26,3.19,3.2,51486.0,16603600.0,0.51,1.58,21.98,0.77,3253964308.0,3253964308.0
2026-07-20T10:45:28,301050.SZ,雷电微力,29.44,0.31,0.09,29.35,29.88,29.32,29.35,16999.0,50332694.56,0.81,1.05,-33.44,2.38,7288731412.0,6208044330.0
2026-07-20T10:45:28,301089.SZ,拓新药业,22.58,0.31,0.07,22.34,23.08,22.3,22.51,13948.0,31652296.54,1.54,1.08,-67.97,1.94,2857374810.0,2042814023.0
2026-07-20T10:45:28,002328.SZ,新朋股份,6.55,0.31,0.02,6.56,6.78,6.5,6.53,190130.0,126717558.53,3.33,1.71,12.04,1.52,5055093500.0,3738682327.0
2026-07-20T10:45:28,600843.SH,上工申贝,6.47,0.31,0.02,6.49,6.6,6.45,6.45,33532.0,21902804.0,0.71,1.14,1018.08,1.7,4614187126.0,3035871063.0
2026-07-20T10:45:28,601007.SH,金陵饭店,6.42,0.31,0.02,6.41,6.49,6.35,6.4,22606.0,14538607.0,0.58,1.47,75.16,1.6,2503800000.0,2503800000.0
2026-07-20T10:45:28,688298.SH,东方生物,19.56,0.31,0.06,19.51,19.8,19.25,19.5,9641.0,18889606.0,0.48,1.4,-10.51,0.67,3943296000.0,3943296000.0
2026-07-20T10:45:28,601113.SH,华鼎股份,3.29,0.3,0.01,3.27,3.34,3.27,3.28,35656.0,11798673.0,0.32,0.88,127.92,0.94,4455160824.0,3632660824.0
2026-07-20T10:45:28,300258.SZ,精锻科技,9.96,0.3,0.03,9.98,10.1,9.9,9.93,35481.0,35449685.28,0.62,1.38,495.7,1.25,5827070540.0,5676119220.0
2026-07-20T10:45:28,603273.SH,天元智能,13.23,0.3,0.04,13.18,13.61,13.11,13.19,14529.0,19438067.0,2.59,1.87,95.8,3.2,2835366282.0,741652632.0
2026-07-20T10:45:28,301221.SZ,光庭信息,26.31,0.3,0.08,26.54,26.97,26.0,26.23,8177.0,21665959.0,0.92,1.42,-246.19,1.68,3457141367.0,2350556343.0
2026-07-20T10:45:28,688701.SH,卓锦股份,6.66,0.3,0.02,6.64,7.0,6.6,6.64,19229.0,13094920.0,1.43,2.12,-22.86,6.88,894287298.0,894287298.0
2026-07-20T10:45:28,600540.SH,新赛股份,3.3,0.3,0.01,3.29,3.38,3.27,3.29,100568.0,33419277.0,1.73,1.42,11.47,4.99,1918543968.0,1918543968.0
2026-07-20T10:45:28,301122.SZ,采纳股份,26.43,0.3,0.08,26.35,27.45,26.15,26.35,14153.0,37956333.0,1.87,1.36,61.62,1.75,3230952741.0,1999182591.0
2026-07-20T10:45:28,600351.SH,亚宝药业,6.58,0.3,0.02,6.55,6.68,6.54,6.56,113323.0,74964340.0,1.64,1.23,10.67,1.66,4553360303.0,4553360303.0
2026-07-20T10:45:28,300908.SZ,仲景食品,23.55,0.3,0.07,23.37,23.72,23.2,23.48,5079.0,11926015.4,0.41,1.34,16.0,2.02,3438300000.0,2906151813.0
2026-07-20T10:45:28,605050.SH,福然德,10.18,0.3,0.03,10.15,10.43,10.1,10.15,23342.0,23989279.0,0.47,1.5,14.49,1.15,5017001063.0,5017001063.0
2026-07-20T10:45:28,301358.SZ,湖南裕能,59.65,0.3,0.18,60.01,61.2,59.16,59.47,99571.0,598894837.49,1.3,1.65,9.32,2.69,50567193400.0,45592259149.0
2026-07-20T10:45:28,688562.SH,航天软件,13.55,0.3,0.04,13.54,13.88,13.51,13.51,16928.0,23181102.0,0.42,1.14,-23.08,3.25,5420000000.0,5420000000.0
2026-07-20T10:45:28,688356.SH,键凯科技,78.13,0.3,0.23,76.85,79.8,75.0,77.9,7312.0,56774561.0,1.21,1.09,52.85,3.59,4738639191.0,4738639191.0
2026-07-20T10:45:28,300270.SZ,中威电子,10.46,0.29,0.03,10.61,10.85,10.32,10.43,87285.0,92686297.0,3.35,1.65,390.45,5.75,3167351053.0,2729330394.0
2026-07-20T10:45:28,688037.SH,芯源微,311.49,0.29,0.9,320.0,327.99,305.03,310.59,40601.0,1291219587.0,2.01,1.7,4477.79,22.4,62848245839.0,62848245839.0
2026-07-20T10:45:28,000652.SZ,泰达股份,3.49,0.29,0.01,3.48,3.53,3.45,3.48,64005.0,22381277.66,0.44,1.85,122.58,0.94,5093075531.0,5089196420.0
2026-07-20T10:45:28,688219.SH,会通股份,10.27,0.29,0.03,10.25,10.35,10.14,10.24,37255.0,38164005.0,0.68,1.43,25.61,1.9,5644392000.0,5644392000.0
2026-07-20T10:45:28,002459.SZ,晶澳科技,6.98,0.29,0.02,6.96,7.07,6.91,6.96,144211.0,100883344.08,0.44,1.08,-5.41,1.11,23101829630.0,23081288425.0
2026-07-20T10:45:28,601065.SH,江盐集团,6.84,0.29,0.02,6.82,6.92,6.8,6.82,27384.0,18793060.0,0.43,2.19,41.8,0.99,4396588380.0,4396588380.0
2026-07-20T10:45:28,603885.SH,吉祥航空,10.33,0.29,0.03,10.24,10.39,10.15,10.3,82082.0,84402674.0,0.38,1.33,12.72,2.26,22405824418.0,22405824418.0
2026-07-20T10:45:28,603117.SH,万林物流,3.51,0.29,0.01,3.48,3.6,3.48,3.5,58537.0,20760878.0,0.98,1.76,-86.54,2.05,2103184074.0,2103184074.0
2026-07-20T10:45:28,000532.SZ,华金资本,10.33,0.29,0.03,10.33,10.48,10.24,10.3,25773.0,26718958.81,0.75,1.53,-165.16,2.24,3560837152.0,3548868876.0
2026-07-20T10:45:28,300597.SZ,吉大通信,7.0,0.29,0.02,7.0,7.18,6.95,6.98,30259.0,21371809.0,1.12,1.69,-90.74,2.04,1907990210.0,1899605666.0
2026-07-20T10:45:28,002371.SZ,北方华创,678.93,0.29,1.93,704.0,716.66,666.0,677.0,94191.0,6557726397.59,1.3,1.97,75.35,12.72,492692168556.0,492298829103.0
2026-07-20T10:45:28,002397.SZ,梦洁股份,3.42,0.29,0.01,3.41,3.5,3.39,3.41,91432.0,31608459.9,1.41,1.72,40.38,2.09,2557412535.0,2215640495.0
2026-07-20T10:45:28,920375.BJ,派诺科技,7.03,0.29,0.02,6.96,7.15,6.91,7.01,13605.0,9551475.78,1.5,1.3,-17.03,1.4,1069371192.0,638905121.0
2026-07-20T10:45:28,300788.SZ,中信出版,23.95,0.29,0.07,24.0,24.43,23.81,23.88,16427.0,39581138.28,0.86,1.71,27.37,2.03,4554128784.0,4554128784.0
2026-07-20T10:45:28,688198.SH,佰仁医疗,79.79,0.29,0.23,78.5,80.49,78.05,79.56,3858.0,30531167.0,0.28,1.23,66.41,8.73,10990923532.0,10990923532.0
2026-07-20T10:45:28,003008.SZ,开普检测,17.29,0.29,0.05,17.43,17.72,17.22,17.24,9066.0,15852280.0,1.17,2.17,64.46,1.77,1798160000.0,1343834197.0
2026-07-20T10:45:28,688269.SH,凯立新材,29.13,0.28,0.08,29.45,29.8,28.9,29.05,5828.0,17089279.0,0.45,1.4,19.69,3.59,3807407520.0,3807407520.0
2026-07-20T10:45:28,001231.SZ,农心科技,18.14,0.28,0.05,18.17,18.62,18.01,18.09,7201.0,13194900.88,1.41,1.75,23.39,1.77,1808188579.0,924467641.0
2026-07-20T10:45:28,300527.SZ,ST应急,7.18,0.28,0.02,7.16,7.21,7.12,7.16,27486.0,19728560.0,0.27,1.14,-64.23,2.53,7300411271.0,7300411271.0
2026-07-20T10:45:28,002920.SZ,德赛西威,82.37,0.28,0.23,82.17,83.48,81.17,82.14,29727.0,245033820.89,0.5,1.02,26.63,3.24,49159181547.0,49143737172.0
2026-07-20T10:45:28,300143.SZ,盈康生命,7.1,0.28,0.02,7.14,7.2,6.99,7.08,87606.0,62127991.03,1.05,1.44,67.05,2.74,6907815397.0,5908992459.0
2026-07-20T10:45:28,300963.SZ,中洲特材,10.82,0.28,0.03,10.79,11.1,10.73,10.79,35082.0,38289446.16,1.04,1.43,64.54,4.47,4962484800.0,3639763106.0
2026-07-20T10:45:28,920351.BJ,华光源海,10.84,0.28,0.03,10.99,11.22,10.83,10.81,3303.0,3646333.0,0.83,0.96,33.95,2.19,954304159.0,431869286.0
2026-07-20T10:45:28,605222.SH,起帆电缆,17.75,0.28,0.05,18.31,18.34,17.61,17.7,37319.0,67296313.0,0.9,1.62,19.22,1.57,7329112616.0,7329112616.0
2026-07-20T10:45:28,600668.SH,尖峰集团,7.24,0.28,0.02,7.22,7.36,7.15,7.22,26652.0,19349286.0,0.65,1.48,-40.79,0.55,2989400301.0,2989400301.0
2026-07-20T10:45:28,300707.SZ,威唐工业,10.78,0.28,0.03,10.76,11.06,10.68,10.75,22978.0,25026047.03,1.6,1.81,-40.61,1.69,1879141400.0,1547796658.0
2026-07-20T10:45:28,300967.SZ,晓鸣股份,14.59,0.27,0.04,14.5,14.78,14.33,14.55,22208.0,32370205.0,1.78,1.39,-30.12,4.2,2736718331.0,1820784116.0
2026-07-20T10:45:28,688517.SH,金冠电气,15.0,0.27,0.04,15.2,15.53,14.83,14.96,10698.0,16295152.0,0.78,1.23,35.86,2.76,2049197760.0,2049197760.0
2026-07-20T10:45:28,000665.SZ,湖北广电,3.75,0.27,0.01,3.72,3.84,3.71,3.74,73402.0,27787924.62,0.65,1.35,-9.28,1.34,4264310606.0,4264199175.0
2026-07-20T10:45:28,301560.SZ,众捷汽车,22.43,0.27,0.06,22.35,23.21,22.35,22.37,7937.0,18106310.1,1.3,1.53,-162.1,2.86,2727488000.0,1369575800.0
2026-07-20T10:45:28,688276.SH,百克生物,14.78,0.27,0.04,14.74,14.98,14.51,14.74,15408.0,22791542.0,0.37,1.71,-439.95,1.59,6113859298.0,6113859298.0
2026-07-20T10:45:28,001379.SZ,腾达科技,14.99,0.27,0.04,14.8,15.28,14.8,14.95,11367.0,17148051.0,1.69,1.75,39.99,2.01,2998000000.0,1008792148.0
2026-07-20T10:45:28,002191.SZ,劲嘉股份,3.65,0.27,0.01,3.67,3.69,3.63,3.64,50750.0,18582256.0,0.36,1.59,35.32,0.83,5161022744.0,5119911706.0
2026-07-20T10:45:28,603987.SH,康德莱,7.35,0.27,0.02,7.33,7.44,7.3,7.33,28258.0,20808331.0,0.65,1.75,14.84,1.16,3210412968.0,3210412968.0
2026-07-20T10:45:28,300375.SZ,鹏翎股份,3.78,0.27,0.01,3.8,3.86,3.76,3.77,38253.0,14577926.0,0.72,1.37,189.66,1.39,2871812732.0,1996776321.0
2026-07-20T10:45:28,300069.SZ,金利华电,33.01,0.27,0.09,33.58,35.02,32.44,32.92,81795.0,274936087.0,6.99,1.27,317.65,14.16,3862170000.0,3862170000.0
2026-07-20T10:45:28,000012.SZ,南  玻Ａ,3.82,0.26,0.01,3.82,3.88,3.79,3.81,136077.0,52055064.45,0.69,1.09,-29.46,0.9,11622230858.0,7484589404.0
2026-07-20T10:45:28,000520.SZ,凤凰航运,3.79,0.26,0.01,3.83,3.88,3.78,3.78,115546.0,44269469.0,1.14,1.56,290.42,9.11,3835796294.0,3835796294.0
2026-07-20T10:45:28,603797.SH,联泰环保,3.91,0.26,0.01,3.9,4.0,3.88,3.9,33792.0,13354624.0,0.59,2.08,11.68,0.67,2254526293.0,2254526293.0
2026-07-20T10:45:28,688084.SH,晶品特装,41.76,0.26,0.11,41.89,43.34,41.5,41.65,6099.0,25873829.0,0.81,1.2,-376.22,2.06,3159522596.0,3159522596.0
2026-07-20T10:45:28,301665.SZ,泰禾股份,23.0,0.26,0.06,22.85,23.19,22.67,22.94,10320.0,23737442.45,0.99,0.58,19.31,2.91,10350000000.0,2395910000.0
2026-07-20T10:45:28,300950.SZ,德固特,15.26,0.26,0.04,15.22,15.68,15.18,15.22,8877.0,13724849.5,0.91,1.38,108.22,2.94,2344607440.0,1496220492.0
2026-07-20T10:45:28,603188.SH,亚邦股份,3.85,0.26,0.01,3.79,3.95,3.79,3.84,66801.0,25907793.0,1.17,1.56,39.24,3.11,2195154500.0,2195154500.0
2026-07-20T10:45:28,301616.SZ,浙江华业,34.48,0.26,0.09,34.61,35.3,34.3,34.39,3107.0,10800959.15,1.09,1.25,46.75,1.93,2758400000.0,979293754.0
2026-07-20T10:45:28,300024.SZ,机器人,15.21,0.26,0.04,15.13,15.35,14.91,15.17,227306.0,345120592.92,1.45,1.22,-64.36,5.89,23813079440.0,23806535443.0
2026-07-20T10:45:28,002330.SZ,得利斯,3.8,0.26,0.01,3.77,3.87,3.72,3.79,76918.0,29309770.51,1.21,1.82,65.75,1.05,2414198102.0,2413566922.0
2026-07-20T10:45:28,002966.SZ,苏州银行,8.06,0.25,0.02,7.95,8.08,7.88,8.04,361704.0,288796642.35,0.82,1.62,5.36,0.7,36033535809.0,35427573983.0
2026-07-20T10:45:28,600099.SH,林海股份,8.09,0.25,0.02,8.03,8.34,8.03,8.07,22573.0,18507444.0,1.03,2.05,106.48,3.28,1772680800.0,1772680800.0
2026-07-20T10:45:28,301167.SZ,建研设计,12.2,0.25,0.03,12.2,12.59,12.16,12.17,13656.0,16940537.76,1.29,1.79,33.02,1.44,1366400000.0,1289717132.0
2026-07-20T10:45:28,301103.SZ,何氏眼科,15.95,0.25,0.04,15.92,16.25,15.76,15.91,13343.0,21394043.67,1.1,1.62,19.28,1.33,2520522212.0,1940056175.0
2026-07-20T10:45:28,601566.SH,九牧王,7.97,0.25,0.02,7.95,8.09,7.92,7.95,31338.0,25060573.0,0.55,1.6,16.49,1.21,4579858086.0,4579858086.0
2026-07-20T10:45:28,003042.SZ,中农联合,12.21,0.25,0.03,12.29,12.48,12.14,12.18,13504.0,16590312.0,1.1,1.36,217.69,1.42,1739680800.0,1505505149.0
2026-07-20T10:45:28,603352.SH,至信股份,24.49,0.25,0.06,24.44,24.83,24.35,24.43,5681.0,13959480.0,1.25,1.35,57.32,1.88,5551066675.0,1110213350.0
2026-07-20T10:45:28,000736.SZ,中交发展,3.99,0.25,0.01,3.98,4.05,3.95,3.98,52569.0,21001784.76,0.7,1.45,216.96,2.46,2980922620.0,2980922620.0
2026-07-20T10:45:28,001332.SZ,锡装股份,28.32,0.25,0.07,28.62,29.19,28.03,28.25,12808.0,36817388.58,1.91,1.67,12.0,1.68,4380707520.0,1903242796.0
2026-07-20T10:45:28,300555.SZ,ST路通,12.21,0.25,0.03,12.48,12.62,12.1,12.18,3733.0,4615235.0,0.19,1.27,-85.28,5.93,2442000000.0,2417395177.0
2026-07-20T10:45:28,300789.SZ,唐源电气,15.97,0.25,0.04,16.07,16.62,15.8,15.93,14412.0,23322880.0,1.69,1.67,40.21,2.17,2297269440.0,1362797730.0
2026-07-20T10:45:28,603828.SH,*ST利达,4.19,0.24,0.01,4.14,4.23,4.1,4.18,6346.0,2659455.0,0.11,0.95,204.9,4.88,2497073062.0,2496987029.0
2026-07-20T10:45:28,001373.SZ,翔腾新材,25.48,0.24,0.06,25.7,26.68,25.16,25.42,11736.0,30526178.0,2.8,1.89,-46.22,2.07,1750141906.0,1069153081.0
2026-07-20T10:45:28,688098.SH,申联生物,8.42,0.24,0.02,8.15,8.64,8.15,8.4,16634.0,14091107.0,0.41,1.08,-499.38,2.49,3457622480.0,3457622480.0
2026-07-20T10:45:28,301267.SZ,华厦眼科,16.38,0.24,0.04,16.38,16.56,16.24,16.34,30242.0,49552715.59,0.47,1.22,20.04,2.6,13759200000.0,10621518994.0
2026-07-20T10:45:28,603579.SH,荣泰健康,16.84,0.24,0.04,17.26,17.26,16.77,16.8,13779.0,23471015.0,0.69,1.72,12.14,1.22,3385721810.0,3385721810.0
2026-07-20T10:45:28,300592.SZ,华凯易佰,17.06,0.24,0.04,17.4,17.63,16.78,17.02,77657.0,133168498.8,2.26,1.28,23.32,2.9,6674372353.0,5866697275.0
2026-07-20T10:45:28,301367.SZ,瑞迈特,46.87,0.24,0.11,46.52,48.74,46.1,46.76,17734.0,83311188.96,1.81,1.06,38.2,1.95,5872077719.0,4597911285.0
2026-07-20T10:45:28,000030.SZ,富奥股份,4.19,0.24,0.01,4.15,4.26,4.14,4.18,70341.0,29551694.0,0.42,1.54,14.45,0.87,7206007441.0,7001096433.0
2026-07-20T10:45:28,002016.SZ,世荣兆业,4.24,0.24,0.01,4.23,4.34,4.2,4.23,67635.0,28809265.98,0.84,1.92,41.63,0.7,3430565480.0,3430565480.0
2026-07-20T10:45:28,600178.SH,东安动力,8.49,0.24,0.02,8.43,8.65,8.43,8.47,19011.0,16237441.0,0.41,1.19,-49.74,1.56,3960382607.0,3960382607.0
2026-07-20T10:45:28,920608.BJ,丰安股份,13.28,0.23,0.03,13.27,13.51,12.97,13.25,5080.0,6751774.66,1.05,3.24,19.43,1.75,826547200.0,640346833.0
2026-07-20T10:45:28,600585.SH,海螺水泥,17.71,0.23,0.04,17.49,17.82,17.41,17.67,153705.0,271522101.0,0.39,1.38,15.92,0.49,93456733379.0,70440817379.0
2026-07-20T10:45:28,002953.SZ,日丰股份,8.76,0.23,0.02,8.74,8.92,8.72,8.74,24967.0,22016579.84,0.89,1.81,24.05,1.97,4306237716.0,2464089608.0
2026-07-20T10:45:28,002910.SZ,庄园牧场,8.78,0.23,0.02,8.87,9.1,8.63,8.76,72679.0,64787308.0,4.25,1.11,-13.62,1.73,1716835467.0,1501923921.0
2026-07-20T10:45:28,301552.SZ,科力装备,21.79,0.23,0.05,21.74,22.36,21.66,21.74,5675.0,12500756.2,1.83,1.77,26.72,2.42,2696730400.0,674182600.0
2026-07-20T10:45:28,600287.SH,苏豪时尚,4.42,0.23,0.01,4.41,4.56,4.41,4.41,28584.0,12861106.0,0.65,2.27,80.35,0.85,1930638647.0,1930638647.0
2026-07-20T10:45:28,600526.SH,菲达环保,4.35,0.23,0.01,4.36,4.42,4.33,4.34,48370.0,21161178.0,0.55,1.9,18.62,0.84,3865857354.0,3797581059.0
2026-07-20T10:45:28,300910.SZ,瑞丰新材,27.57,0.22,0.06,27.42,27.8,27.19,27.51,15592.0,42937085.8,0.58,1.21,18.87,3.0,10560475577.0,7396372242.0
2026-07-20T10:45:28,301391.SZ,卡莱特,45.39,0.22,0.1,44.98,47.35,44.64,45.29,9833.0,45302749.92,1.06,2.15,146.97,2.06,4312722271.0,4213808837.0
2026-07-20T10:45:28,605300.SH,佳禾食品,9.19,0.22,0.02,9.15,9.29,9.08,9.17,16428.0,15129564.0,0.36,1.19,58.57,1.46,4175923106.0,4175923106.0
2026-07-20T10:45:28,600202.SH,哈空调,4.5,0.22,0.01,4.49,4.63,4.46,4.49,39208.0,17827230.0,1.02,1.6,-14.12,2.13,1725033024.0,1725033024.0
2026-07-20T10:45:28,002950.SZ,奥美医疗,9.03,0.22,0.02,8.99,9.14,8.89,9.01,37878.0,34163149.0,0.88,1.1,13.12,1.59,5718386625.0,3879516053.0
2026-07-20T10:45:28,603486.SH,科沃斯,53.51,0.22,0.12,53.9,54.72,52.85,53.39,26881.0,144224505.0,0.47,1.29,19.12,3.54,30960795568.0,30680099499.0
2026-07-20T10:45:28,300006.SZ,莱美药业,4.57,0.22,0.01,4.61,4.72,4.53,4.56,123027.0,56706646.0,1.17,1.22,-80.36,2.77,4825514207.0,4825101504.0
2026-07-20T10:45:28,605598.SH,上海港湾,26.9,0.22,0.06,27.54,28.18,26.73,26.84,32234.0,88792073.0,1.33,1.65,409.43,3.86,6537152162.0,6537152162.0
2026-07-20T10:45:28,300594.SZ,ST朗进,13.46,0.22,0.03,13.4,13.64,13.2,13.43,6105.0,8227815.0,0.67,1.55,-25.61,1.62,1236616637.0,1224764098.0
2026-07-20T10:45:28,301299.SZ,卓创资讯,41.08,0.22,0.09,40.76,42.32,40.76,40.99,4675.0,19422495.0,1.04,1.52,33.44,4.41,2492020430.0,1839529906.0
2026-07-20T10:45:28,300169.SZ,天晟新材,4.52,0.22,0.01,4.53,4.69,4.5,4.51,41580.0,19119326.0,1.38,1.58,-599.88,14.32,1534514417.0,1363845735.0
2026-07-20T10:45:28,002614.SZ,奥佳华,4.67,0.21,0.01,4.66,4.75,4.64,4.66,38675.0,18156431.25,0.88,1.45,-11.01,0.68,2912862083.0,2060711571.0
2026-07-20T10:45:28,002035.SZ,华帝股份,4.82,0.21,0.01,4.86,4.88,4.76,4.81,59125.0,28531247.0,0.76,1.62,10.1,1.08,4085690439.0,3769421555.0
2026-07-20T10:45:28,920146.BJ,华阳变速,4.87,0.21,0.01,4.88,4.98,4.86,4.86,4381.0,2150917.09,0.4,0.87,-13.09,3.59,657403457.0,528848602.0
2026-07-20T10:45:28,603901.SH,永创智能,9.33,0.21,0.02,9.27,9.55,9.25,9.31,53787.0,50461692.0,0.99,1.44,18.87,1.58,5381129720.0,5059910537.0
2026-07-20T10:45:28,300318.SZ,博晖创新,4.72,0.21,0.01,4.68,4.8,4.65,4.71,56097.0,26608792.0,0.71,1.03,-132.32,3.01,3855770336.0,3740218374.0
2026-07-20T10:45:28,600694.SH,大商股份,14.65,0.21,0.03,14.6,14.77,14.49,14.62,25487.0,37274282.0,0.67,2.02,5.05,0.63,5549326401.0,5549326401.0
2026-07-20T10:45:28,301449.SZ,天溯计量,33.28,0.21,0.07,33.35,34.15,33.01,33.21,3938.0,13242272.51,1.92,1.4,200.65,2.73,3038608701.0,683686981.0
2026-07-20T10:45:28,002681.SZ,奋达科技,4.67,0.21,0.01,4.67,4.74,4.63,4.66,194871.0,91347056.43,1.24,0.91,-131.98,3.93,8381025923.0,7328466700.0
2026-07-20T10:45:28,300417.SZ,南华仪器,9.47,0.21,0.02,9.54,9.91,9.4,9.45,28005.0,27077071.2,3.35,2.25,-107.82,2.87,1274313504.0,791601088.0
2026-07-20T10:45:28,002778.SZ,中晟高科,14.65,0.21,0.03,14.62,15.12,14.61,14.62,12739.0,18977574.0,1.03,1.88,-80.86,5.7,1827635845.0,1808231041.0
2026-07-20T10:45:28,688348.SH,昱能科技,30.05,0.2,0.06,29.99,30.6,29.81,29.99,8951.0,27039678.0,0.57,1.75,-19.05,1.41,4696136922.0,4696136922.0
2026-07-20T10:45:28,300241.SZ,瑞丰光电,5.02,0.2,0.01,5.03,5.12,4.98,5.01,100811.0,50910365.0,1.68,1.25,30.94,1.59,3597584240.0,3017298570.0
2026-07-20T10:45:28,605007.SH,五洲特纸,15.34,0.2,0.03,15.32,15.5,14.97,15.31,26603.0,40463640.0,0.56,1.27,18.34,2.07,7297698246.0,7280012760.0
2026-07-20T10:45:28,002351.SZ,漫步者,10.27,0.2,0.02,10.19,10.35,10.1,10.25,82074.0,84050527.82,1.58,1.86,22.33,3.15,9131128890.0,5351253079.0
2026-07-20T10:45:28,603168.SH,莎普爱思,5.05,0.2,0.01,5.01,5.19,4.98,5.04,48122.0,24525337.0,1.29,1.54,-18.09,1.43,1889338850.0,1881195725.0
2026-07-20T10:45:28,600697.SH,欧亚集团,9.98,0.2,0.02,9.95,10.18,9.91,9.96,16059.0,16154855.0,1.03,1.36,110.38,0.72,1587698989.0,1550652630.0
2026-07-20T10:45:28,300176.SZ,鸿特科技,4.96,0.2,0.01,4.97,5.1,4.94,4.95,48578.0,24404965.0,1.25,1.65,64.75,1.97,1920912768.0,1920912768.0
2026-07-20T10:45:28,688011.SH,新光光电,55.75,0.2,0.11,56.0,57.46,55.11,55.64,9362.0,52604675.0,0.94,1.43,-90.02,5.29,5547125000.0,5528310657.0
2026-07-20T10:45:28,600778.SH,友好集团,5.06,0.2,0.01,5.05,5.2,5.01,5.05,46725.0,23910456.0,1.5,1.72,18.65,6.24,1576146241.0,1574747303.0
2026-07-20T10:45:28,600561.SH,江西长运,5.08,0.2,0.01,5.08,5.25,5.05,5.07,32045.0,16515249.0,1.13,1.87,-12.89,1.59,1445142144.0,1445142144.0
2026-07-20T10:45:28,920068.BJ,天工股份,14.96,0.2,0.03,15.07,15.23,14.82,14.93,4444.0,6669973.02,0.26,1.05,24641.16,7.68,9807776224.0,2598290783.0
2026-07-20T10:45:28,300329.SZ,海伦钢琴,10.17,0.2,0.02,10.18,10.48,10.12,10.15,14258.0,14674277.0,0.57,1.91,-31.19,4.24,2571878893.0,2564268183.0
2026-07-20T10:45:28,002322.SZ,理工能科,10.25,0.2,0.02,10.28,10.38,10.18,10.23,18565.0,19082103.0,0.53,1.65,40.5,1.38,3746661693.0,3601846710.0
2026-07-20T10:45:28,600455.SH,博通股份,21.45,0.19,0.04,21.6,22.12,21.4,21.41,9570.0,20840435.0,1.53,1.84,19.68,3.92,1339724100.0,1339724100.0
2026-07-20T10:45:28,002271.SZ,东方雨虹,10.76,0.19,0.02,10.73,10.9,10.52,10.74,226892.0,243880537.0,1.19,1.39,15.99,1.25,25702410558.0,20599932844.0
2026-07-20T10:45:28,603332.SH,苏州龙杰,10.52,0.19,0.02,10.55,10.76,10.46,10.5,23811.0,25252581.0,1.1,2.0,29.43,1.81,2275972376.0,2275972376.0
2026-07-20T10:45:28,000910.SZ,大亚圣象,5.25,0.19,0.01,5.26,5.34,5.21,5.24,16169.0,8542957.0,0.3,0.99,-7.43,0.45,2873836875.0,2872700250.0
2026-07-20T10:45:28,000906.SZ,浙商中拓,5.4,0.19,0.01,5.36,5.48,5.33,5.39,46270.0,24961035.0,0.66,1.65,5.12,0.79,3832181167.0,3786694726.0
2026-07-20T10:45:28,601686.SH,友发集团,5.15,0.19,0.01,5.1,5.19,5.09,5.14,41222.0,21220335.0,0.28,2.08,14.75,1.14,7618638729.0,7618638729.0
2026-07-20T10:45:28,301636.SZ,泽润新能,36.72,0.19,0.07,36.61,37.96,35.81,36.65,6482.0,24054897.57,1.72,1.88,2124.73,2.24,2375568197.0,1386415853.0
2026-07-20T10:45:28,300240.SZ,飞力达,5.24,0.19,0.01,5.23,5.36,5.2,5.23,30902.0,16291850.0,0.85,1.34,-70.05,1.37,1946989858.0,1903967881.0
2026-07-20T10:45:28,300639.SZ,凯普生物,5.25,0.19,0.01,5.18,5.35,5.18,5.24,66418.0,35068541.65,1.05,1.2,-303.43,0.89,3394128539.0,3334612948.0
2026-07-20T10:45:28,301269.SZ,华大九天,97.69,0.19,0.19,100.0,100.79,95.0,97.5,76793.0,745402806.65,1.41,1.31,-182.47,10.41,53283799926.0,53283799926.0
2026-07-20T10:45:28,002533.SZ,金杯电工,10.5,0.19,0.02,10.49,10.6,10.34,10.48,52220.0,54870052.85,0.82,2.37,14.64,1.84,7706381151.0,6695277047.0
2026-07-20T10:45:28,001209.SZ,洪兴股份,15.83,0.19,0.03,15.8,16.19,15.69,15.8,10391.0,16541754.0,1.08,1.98,23.15,1.61,2082004658.0,1521178088.0
2026-07-20T10:45:28,002878.SZ,元隆雅图,11.36,0.18,0.02,11.21,11.55,11.13,11.34,42497.0,48466580.0,1.8,1.77,-246.13,2.38,2976226019.0,2679804904.0
2026-07-20T10:45:28,688233.SH,神工股份,114.46,0.18,0.2,119.48,123.0,110.52,114.26,75577.0,890306004.0,4.44,2.11,191.97,10.34,19493194543.0,19493194543.0
2026-07-20T10:45:28,603116.SH,红蜻蜓,5.44,0.18,0.01,5.4,5.57,5.4,5.43,32258.0,17702897.0,0.56,1.32,84.91,1.3,3134532352.0,3134532352.0
2026-07-20T10:45:28,000952.SZ,广济药业,5.59,0.18,0.01,5.56,5.75,5.46,5.58,54343.0,30626517.6,1.58,1.74,-15.19,3.08,1922959659.0,1922929451.0
2026-07-20T10:45:28,003037.SZ,三和管桩,5.57,0.18,0.01,5.55,5.67,5.54,5.56,16269.0,9127472.0,0.27,0.85,38.06,1.21,3336845956.0,3336845956.0
2026-07-20T10:45:28,300629.SZ,新劲刚,16.38,0.18,0.03,16.5,16.75,16.28,16.35,27344.0,45170615.0,1.26,1.14,96.04,2.35,4118315685.0,3550997579.0
2026-07-20T10:45:28,002560.SZ,通达股份,5.6,0.18,0.01,5.66,5.74,5.55,5.59,186379.0,105778092.77,2.94,1.57,35.61,1.53,4117521380.0,3546749248.0
2026-07-20T10:45:28,301581.SZ,黄山谷捷,33.92,0.18,0.06,34.27,34.76,33.82,33.86,2996.0,10278406.0,0.71,1.24,82.96,2.74,2713600000.0,1434629440.0
2026-07-20T10:45:28,300612.SZ,宣亚国际,10.93,0.18,0.02,10.92,11.28,10.85,10.91,44357.0,48977560.0,2.44,1.89,-25.37,4.67,2000036936.0,1989380186.0
2026-07-20T10:45:28,920682.BJ,球冠电缆,5.68,0.18,0.01,5.73,5.78,5.64,5.67,12087.0,6877112.22,0.54,2.16,82.49,2.01,2211655680.0,1282582544.0
2026-07-20T10:45:28,603656.SH,泰禾智能,16.85,0.18,0.03,17.0,17.12,16.65,16.82,9958.0,16749227.0,0.54,1.19,137.32,2.34,3082629282.0,3082629282.0
2026-07-20T10:45:28,000777.SZ,中核科技,16.35,0.18,0.03,16.26,16.56,16.15,16.32,47169.0,77133561.0,1.23,1.75,-146.35,2.6,6268877646.0,6268767021.0
2026-07-20T10:45:28,601999.SH,出版传媒,5.89,0.17,0.01,5.88,5.98,5.84,5.88,24467.0,14450160.0,0.44,1.57,122.22,1.21,3244887583.0,3244887583.0
2026-07-20T10:45:28,001201.SZ,东瑞股份,11.8,0.17,0.02,11.77,11.83,11.58,11.78,18047.0,21178239.36,0.9,1.59,-4.03,1.0,3041851212.0,2376992413.0
2026-07-20T10:45:28,002125.SZ,湘潭电化,11.92,0.17,0.02,12.09,12.09,11.53,11.9,134450.0,158129249.56,2.14,1.87,21.0,2.25,7503912980.0,7503912980.0
2026-07-20T10:45:28,601111.SH,中国国航,5.85,0.17,0.01,5.8,5.92,5.79,5.84,343640.0,201304398.0,0.3,1.65,17.48,1.87,119881482026.0,68082940423.0
2026-07-20T10:45:28,688590.SH,新致软件,11.59,0.17,0.02,11.71,11.86,11.46,11.57,27526.0,32071642.0,0.98,1.37,521.96,2.03,3626107031.0,3262784163.0
2026-07-20T10:45:28,002906.SZ,华阳集团,23.25,0.17,0.04,23.4,23.53,23.0,23.21,29240.0,68066181.24,0.56,1.64,18.41,1.77,12204367703.0,12197242555.0
2026-07-20T10:45:28,603050.SH,科林电气,17.75,0.17,0.03,17.68,18.32,17.62,17.72,15099.0,26969798.0,0.37,1.56,42.22,3.89,7158915676.0,7158915676.0
2026-07-20T10:45:28,300455.SZ,航天智装,17.25,0.17,0.03,17.35,17.79,17.11,17.22,36330.0,63262065.8,0.51,0.95,1019.84,7.42,12381496896.0,12223737021.0
2026-07-20T10:45:28,002037.SZ,保利联合,6.02,0.17,0.01,6.06,6.15,5.98,6.01,37886.0,22995857.74,0.78,1.75,-8.91,2.84,2912979067.0,2912979067.0
2026-07-20T10:45:28,920570.BJ,坤博精工,23.41,0.17,0.04,23.26,24.1,23.21,23.37,2808.0,6621854.92,1.1,1.83,51.43,3.34,1174475510.0,596737662.0
2026-07-20T10:45:28,002592.SZ,ST八菱,5.91,0.17,0.01,5.91,6.04,5.88,5.9,13737.0,8198394.0,0.52,1.46,17.3,1.75,1674487138.0,1552653747.0
2026-07-20T10:45:28,688393.SH,安必平,17.7,0.17,0.03,17.65,18.41,17.64,17.67,11655.0,21020669.0,1.25,1.7,-225.68,1.41,1656148272.0,1656148272.0
2026-07-20T10:45:28,688136.SH,科兴制药,19.23,0.16,0.03,19.12,19.84,19.0,19.2,26972.0,52368596.0,1.34,1.14,-54.14,2.3,3884171550.0,3884171550.0
2026-07-20T10:45:28,603191.SH,望变电气,12.79,0.16,0.02,12.69,13.14,12.69,12.77,39369.0,51013708.0,1.19,1.64,85.87,1.7,4220247733.0,4220247733.0
2026-07-20T10:45:28,600736.SH,苏州高新,6.25,0.16,0.01,6.28,6.34,6.2,6.24,130692.0,81905478.0,1.14,1.24,8.36,0.97,7195580669.0,7195580669.0
2026-07-20T10:45:28,001219.SZ,青岛食品,12.28,0.16,0.02,12.19,12.43,12.17,12.26,12400.0,15211868.19,0.65,1.69,19.0,2.3,2394400450.0,2335625300.0
2026-07-20T10:45:28,002997.SZ,瑞鹄模具,25.73,0.16,0.04,25.95,26.61,25.53,25.69,16785.0,43761075.78,0.8,1.45,12.61,2.14,5385837692.0,5385837692.0
2026-07-20T10:45:28,002765.SZ,蓝黛科技,6.41,0.16,0.01,6.4,6.56,6.38,6.4,47991.0,31020757.0,0.81,1.09,54.85,1.59,4180141057.0,3819772780.0
2026-07-20T10:45:28,600876.SH,凯盛新能,6.46,0.16,0.01,6.46,6.6,6.44,6.45,14222.0,9277236.0,0.36,1.0,-2.95,1.52,4171060261.0,2556060261.0
2026-07-20T10:45:28,002449.SZ,国星光电,6.14,0.16,0.01,6.17,6.24,6.1,6.13,41465.0,25581414.2,0.67,1.24,-28.28,1.01,3797449818.0,3797449818.0
2026-07-20T10:45:28,000576.SZ,甘化科工,6.47,0.15,0.01,6.46,6.62,6.41,6.46,59912.0,39087735.0,1.38,1.31,365.07,1.71,2823625845.0,2806784739.0
2026-07-20T10:45:28,300441.SZ,鲍斯股份,6.66,0.15,0.01,6.65,6.8,6.58,6.65,70782.0,47416102.8,1.13,2.46,53.26,1.73,4291809681.0,4168720846.0
2026-07-20T10:45:28,688050.SH,爱博医疗,41.33,0.15,0.06,41.07,41.97,40.9,41.27,19353.0,80328188.0,1.0,1.21,22.39,2.85,7994781588.0,7994781588.0
2026-07-20T10:45:28,920735.BJ,德源药业,26.0,0.15,0.04,25.5,26.44,25.5,25.96,26324.0,68316757.29,2.31,1.32,15.11,2.55,3355237314.0,2967456804.0
2026-07-20T10:45:28,603788.SH,宁波高发,13.41,0.15,0.02,13.44,13.65,13.36,13.39,7358.0,9957223.0,0.33,1.47,15.94,1.5,2991302562.0,2991302562.0
2026-07-20T10:45:28,002368.SZ,太极股份,13.35,0.15,0.02,13.15,13.42,13.1,13.33,40529.0,53788703.32,0.65,1.11,-17.39,2.09,8320137668.0,8279908805.0
2026-07-20T10:45:28,688395.SH,正弦电气,19.87,0.15,0.03,19.86,20.56,19.61,19.84,8572.0,17226300.0,0.99,2.01,35.88,2.21,1720696696.0,1720696696.0
2026-07-20T10:45:28,300722.SZ,新余国科,20.71,0.15,0.03,20.69,21.15,20.62,20.68,14505.0,30212685.64,0.52,0.98,405.18,9.17,5731626701.0,5731626701.0
2026-07-20T10:45:28,301439.SZ,泓淋电力,13.46,0.15,0.02,13.42,13.69,13.31,13.44,36995.0,49956170.96,2.02,1.79,23.73,1.77,5237310349.0,2466503597.0
2026-07-20T10:45:28,603969.SH,银龙股份,7.11,0.14,0.01,7.24,7.24,7.05,7.1,95456.0,68233060.0,1.12,1.08,23.61,2.24,6196605318.0,6054547518.0
2026-07-20T10:45:28,002809.SZ,红墙股份,7.4,0.14,0.01,7.39,7.6,7.35,7.39,42776.0,32040301.64,2.52,2.39,-39.73,0.99,1777925576.0,1257780102.0
2026-07-20T10:45:28,300045.SZ,华力创通,14.46,0.14,0.02,14.62,14.9,14.35,14.44,66663.0,97406726.17,1.29,1.05,-200.35,6.32,9582283913.0,7465888525.0
2026-07-20T10:45:28,002234.SZ,民和股份,7.2,0.14,0.01,7.19,7.32,7.12,7.19,24265.0,17544162.0,0.81,1.24,-9.3,1.48,2512513526.0,2170142201.0
2026-07-20T10:45:28,301305.SZ,朗坤科技,20.75,0.14,0.03,20.98,21.68,20.51,20.72,33982.0,71834196.29,2.73,1.71,13.45,1.31,5020686683.0,2579127558.0
2026-07-20T10:45:28,600838.SH,上海九百,7.09,0.14,0.01,7.02,7.23,7.01,7.08,37006.0,26427758.0,0.92,1.18,72.04,1.84,2842253245.0,2842253245.0
2026-07-20T10:45:28,688363.SH,华熙生物,36.24,0.14,0.05,35.71,36.9,35.62,36.19,27668.0,100564682.0,0.57,1.56,67.5,2.48,17456019490.0,17456019490.0
2026-07-20T10:45:28,600356.SH,恒丰纸业,7.75,0.13,0.01,7.76,7.91,7.69,7.74,29217.0,22811782.0,0.98,1.81,11.22,0.85,2553907906.0,2315168180.0
2026-07-20T10:45:28,002995.SZ,天地在线,15.37,0.13,0.02,15.39,15.82,15.3,15.35,43718.0,67985543.0,3.89,1.74,-2003.12,3.4,2727475358.0,1727852487.0
2026-07-20T10:45:28,600128.SH,苏豪弘业,7.71,0.13,0.01,7.7,7.86,7.66,7.7,25995.0,20172828.0,1.05,1.62,36.97,0.91,1940596977.0,1902577425.0
2026-07-20T10:45:28,301272.SZ,英华特,31.04,0.13,0.04,31.49,31.84,30.72,31.0,4180.0,13097304.35,1.13,1.68,-367.13,1.81,1815911392.0,1148907793.0
2026-07-20T10:45:28,300022.SZ,吉峰科技,7.68,0.13,0.01,7.59,7.85,7.5,7.67,35944.0,27677202.0,0.73,1.4,224.74,7.43,3795766118.0,3795653990.0
2026-07-20T10:45:28,001255.SZ,博菲电气,22.92,0.13,0.03,22.89,23.58,22.7,22.89,6770.0,15689934.0,0.88,1.61,-312.38,2.22,1994227577.0,1770977609.0
2026-07-20T10:45:28,002283.SZ,天润工业,7.62,0.13,0.01,7.76,7.9,7.56,7.61,136549.0,105531768.62,1.36,1.39,14.92,1.45,8682663696.0,7641538151.0
2026-07-20T10:45:28,002487.SZ,大金重工,37.42,0.13,0.05,38.04,38.46,37.08,37.37,115915.0,439006212.14,1.84,1.52,15.93,3.2,27694012470.0,23609036354.0
2026-07-20T10:45:28,688687.SH,凯因科技,16.41,0.12,0.02,16.2,16.73,16.02,16.39,22959.0,37672906.0,1.34,1.26,114.33,1.67,2805197965.0,2805197965.0
2026-07-20T10:45:28,603920.SH,世运电路,34.24,0.12,0.04,36.31,36.38,33.75,34.2,136627.0,482671039.0,1.9,1.93,168.38,3.92,24673080934.0,24673080934.0
2026-07-20T10:45:28,600085.SH,同仁堂,26.07,0.12,0.03,25.6,26.36,25.31,26.04,112058.0,288949867.0,0.82,1.43,18.97,2.67,35754229730.0,35754229730.0
2026-07-20T10:45:28,600775.SH,南京熊猫,8.47,0.12,0.01,8.46,8.61,8.41,8.46,51364.0,43681715.0,0.76,1.1,-145.11,2.5,7740212341.0,5690472341.0
2026-07-20T10:45:28,300932.SZ,三友联众,8.85,0.11,0.01,8.89,9.11,8.77,8.84,91026.0,81349502.53,2.85,1.28,65.65,2.31,3966088533.0,2824843155.0
2026-07-20T10:45:28,605305.SH,中际联合,37.29,0.11,0.04,37.65,38.3,37.01,37.25,19675.0,74240642.0,0.93,1.17,15.38,2.66,7924870800.0,7924870800.0
2026-07-20T10:45:28,688607.SH,康众医疗,38.02,0.11,0.04,37.07,39.73,37.07,37.98,13375.0,51513078.0,1.69,1.62,-51.69,3.99,3350665607.0,3016089607.0
2026-07-20T10:45:28,920087.BJ,秋乐种业,9.14,0.11,0.01,9.08,9.35,9.07,9.13,11967.0,10940199.85,0.73,0.92,-47.47,2.85,1509928000.0,1499381583.0
2026-07-20T10:45:28,688429.SH,时创能源,9.29,0.11,0.01,9.27,9.53,9.16,9.28,12204.0,11440190.0,0.31,1.66,-8.75,2.88,3716007432.0,3716007432.0
2026-07-20T10:45:28,301116.SZ,益客食品,8.86,0.11,0.01,8.79,9.03,8.75,8.85,22926.0,20409950.0,0.51,2.1,31.73,2.54,3977959194.0,3977932614.0
2026-07-20T10:45:28,301102.SZ,兆讯传媒,9.28,0.11,0.01,9.25,9.45,9.16,9.27,14438.0,13434327.5,0.36,1.75,164.49,1.27,3767680000.0,3767680000.0
2026-07-20T10:45:28,605117.SH,德业股份,80.24,0.11,0.09,80.15,81.87,79.22,80.15,79461.0,640001486.0,0.62,1.64,21.5,10.26,102164058329.0,102164058329.0
2026-07-20T10:45:28,300460.SZ,ST惠伦,8.72,0.11,0.01,8.81,9.04,8.67,8.71,14095.0,12467010.0,0.5,0.84,-73.24,5.33,2448613069.0,2448613069.0
2026-07-20T10:45:28,000888.SZ,峨眉山Ａ,9.53,0.11,0.01,9.53,9.64,9.42,9.52,40585.0,38682677.0,0.77,0.98,21.2,1.9,5021481862.0,5021481862.0
2026-07-20T10:45:28,300616.SZ,尚品宅配,9.43,0.11,0.01,9.45,9.69,9.33,9.42,30827.0,29417643.0,1.99,1.74,-5.45,0.75,2117185691.0,1463689162.0
2026-07-20T10:45:28,300314.SZ,戴维医疗,9.73,0.1,0.01,9.7,9.94,9.66,9.72,19201.0,18825194.24,1.34,1.43,70.87,2.3,2802240000.0,1398604289.0
2026-07-20T10:45:28,600560.SH,金自天正,10.38,0.1,0.01,10.35,10.7,10.35,10.37,12579.0,13231286.0,0.56,1.52,91.5,2.39,2321440290.0,2321440290.0
2026-07-20T10:45:28,002527.SZ,新时达,10.11,0.1,0.01,10.11,10.39,10.01,10.1,51648.0,52710059.6,0.98,1.12,-223.08,5.39,6703549652.0,5347064080.0
2026-07-20T10:45:28,600650.SH,锦江在线,10.1,0.1,0.01,10.01,10.2,9.97,10.09,18405.0,18583395.0,0.47,1.29,100.83,1.33,5571262081.0,3944656758.0
2026-07-20T10:45:28,300690.SZ,双一科技,20.0,0.1,0.02,19.96,20.39,19.89,19.98,14113.0,28441913.0,1.27,1.59,38.9,2.13,3306978380.0,2217055160.0
2026-07-20T10:45:28,000922.SZ,佳电股份,10.64,0.09,0.01,10.67,10.83,10.54,10.63,54781.0,58527872.28,0.78,1.15,27.58,1.92,8873570438.0,7500446720.0
2026-07-20T10:45:28,301156.SZ,美农生物,10.92,0.09,0.01,10.86,11.15,10.86,10.91,14918.0,16432625.64,1.27,1.58,37.14,2.78,1998579241.0,1279885862.0
2026-07-20T10:45:28,603992.SH,松霖科技,22.49,0.09,0.02,22.71,22.98,22.26,22.47,15161.0,34268737.0,0.34,1.2,26.11,2.81,9964010532.0,9964010532.0
2026-07-20T10:45:28,603596.SH,伯特利,23.14,0.09,0.02,23.14,23.55,22.96,23.12,64707.0,150518698.0,0.72,0.95,19.33,2.65,20771428660.0,20771428660.0
2026-07-20T10:45:28,002462.SZ,嘉事堂,11.73,0.09,0.01,11.72,11.9,11.64,11.72,22212.0,26149066.0,0.76,1.53,22.46,0.78,3421724518.0,3418948015.0
2026-07-20T10:45:28,601155.SH,新城控股,11.16,0.09,0.01,11.36,11.38,10.95,11.15,102713.0,114820588.0,0.46,1.57,20.19,0.41,25172751073.0,25172751073.0
2026-07-20T10:45:28,920027.BJ,交大铁发,10.89,0.09,0.01,10.83,11.03,10.73,10.88,4840.0,5274392.21,0.67,1.62,48.75,2.48,1121283950.0,784612793.0
2026-07-20T10:45:28,688327.SH,云从科技-UW,10.93,0.09,0.01,11.1,11.24,10.79,10.92,117983.0,130204475.0,1.41,1.58,-218.32,14.92,11366930346.0,9125105590.0
2026-07-20T10:45:28,002879.SZ,长缆科技,12.63,0.08,0.01,12.62,12.94,12.57,12.62,21931.0,28033528.0,1.6,1.48,449.98,1.45,2438949493.0,1731876385.0
2026-07-20T10:45:28,300848.SZ,美瑞新材,12.14,0.08,0.01,12.28,12.43,12.04,12.13,18263.0,22346149.0,0.72,1.52,47.74,3.38,5194555792.0,3072907296.0
2026-07-20T10:45:28,002365.SZ,永安药业,12.61,0.08,0.01,11.72,12.93,11.6,12.6,318526.0,394051334.45,12.99,3.6,120.08,1.89,3715946325.0,3093087569.0
2026-07-20T10:45:28,301571.SZ,国科天成,59.17,0.08,0.05,59.88,61.43,58.03,59.12,21925.0,130960533.88,1.84,1.3,106.5,5.19,10616630976.0,7051087130.0
2026-07-20T10:45:28,920174.BJ,五新智能,26.62,0.08,0.02,26.75,27.44,26.52,26.6,4336.0,11660799.28,0.78,1.4,24.56,2.22,5774008198.0,1471460057.0
2026-07-20T10:45:28,300557.SZ,理工光科,23.62,0.08,0.02,24.08,24.5,23.48,23.6,20308.0,48789162.74,1.3,1.52,106.23,3.75,3711369052.0,3692908038.0
2026-07-20T10:45:28,002612.SZ,朗姿股份,11.93,0.08,0.01,11.83,12.09,11.7,11.92,26262.0,31331468.8,1.03,1.26,26.75,1.88,5278373324.0,3035698578.0
2026-07-20T10:45:28,300233.SZ,金城医药,12.95,0.08,0.01,12.82,13.18,12.81,12.94,72954.0,94682489.78,1.97,1.12,21.5,1.36,4971175902.0,4789106361.0
2026-07-20T10:45:28,300703.SZ,创源股份,12.46,0.08,0.01,12.45,12.71,12.36,12.45,22611.0,28341662.0,1.36,1.41,-29.34,2.96,2247682326.0,2071754827.0
2026-07-20T10:45:28,603153.SH,上海建科,13.46,0.07,0.01,13.45,13.61,13.33,13.45,7967.0,10742515.0,0.2,1.54,103.59,1.42,5516730487.0,5434881075.0
2026-07-20T10:45:28,600783.SH,鲁信创投,14.36,0.07,0.01,14.48,14.83,14.27,14.35,67386.0,97815096.0,0.91,1.09,-171.89,2.46,10688999462.0,10688999462.0
2026-07-20T10:45:28,002112.SZ,三变科技,13.77,0.07,0.01,13.8,14.17,13.61,13.76,55379.0,77136386.36,2.11,2.05,48.06,4.7,4050187753.0,3608835404.0
2026-07-20T10:45:28,605005.SH,合兴股份,15.01,0.07,0.01,15.22,15.27,14.92,15.0,6102.0,9224250.0,0.15,1.62,33.75,2.94,6019010000.0,6019010000.0
2026-07-20T10:45:28,300711.SZ,广哈通信,14.37,0.07,0.01,14.36,14.79,14.27,14.36,14819.0,21488735.0,0.6,1.28,-121.42,2.72,4029831292.0,3569877223.0
2026-07-20T10:45:28,605033.SH,美邦股份,17.11,0.06,0.01,16.95,17.53,16.95,17.1,11753.0,20313371.0,0.87,2.18,16.24,1.97,2313272000.0,2313272000.0
2026-07-20T10:45:28,300584.SZ,海辰药业,31.36,0.06,0.02,30.95,32.03,30.4,31.34,25730.0,80706826.0,3.13,1.39,54.18,3.55,3763200000.0,2574967907.0
2026-07-20T10:45:28,603172.SH,万丰股份,15.56,0.06,0.01,15.42,16.09,15.42,15.55,11830.0,18659405.0,0.89,2.14,37.18,1.88,2075392800.0,2075392800.0
2026-07-20T10:45:28,603216.SH,梦天家居,19.49,0.05,0.01,19.6,19.99,19.06,19.48,18569.0,36454695.0,0.83,2.01,128.28,2.46,4340228100.0,4340228100.0
2026-07-20T10:45:28,603271.SH,永杰新材,43.12,0.05,0.02,43.0,44.25,42.77,43.1,12758.0,55329101.0,1.35,1.27,17.9,2.86,8543581200.0,4078116948.0
2026-07-20T10:45:28,688368.SH,晶丰明源,128.06,0.05,0.06,133.0,138.58,125.06,128.0,24698.0,326085201.0,2.0,2.19,177.35,5.34,26077515772.0,15819922962.0
2026-07-20T10:45:28,688343.SH,云天励飞-U,69.78,0.04,0.03,71.78,73.26,68.44,69.75,98759.0,700103176.0,2.75,1.69,-46.81,6.75,25093123856.0,25093123856.0
2026-07-20T10:45:28,300566.SZ,激智科技,27.1,0.04,0.01,28.12,28.21,25.88,27.09,114260.0,310666451.71,5.04,1.44,31.18,3.27,7103035283.0,6143039680.0
2026-07-20T10:45:28,300611.SZ,美力科技,24.16,0.04,0.01,24.42,25.17,23.9,24.15,31556.0,77618223.14,2.13,2.42,73.61,4.06,5099564269.0,3582999997.0
2026-07-20T10:45:28,603860.SH,中公高科,24.04,0.04,0.01,24.09,24.63,23.99,24.03,6940.0,16883947.0,1.04,1.86,587.49,1.94,1602987200.0,1602987200.0
2026-07-20T10:45:28,603496.SH,恒为科技,24.51,0.04,0.01,24.55,25.54,24.03,24.5,156510.0,388680045.0,4.89,2.14,337.3,5.65,7848328546.0,7848328546.0
2026-07-20T10:45:28,920058.BJ,华洋赛车,24.11,0.04,0.01,23.8,24.41,23.03,24.1,8668.0,20424640.88,3.14,1.83,44.06,4.02,1351512812.0,665300695.0
2026-07-20T10:45:28,301280.SZ,珠城科技,39.44,0.03,0.01,40.09,41.68,38.97,39.43,23921.0,96479917.93,2.41,2.15,33.48,3.87,7552452210.0,3921655110.0
2026-07-20T10:45:28,688663.SH,新风光,64.52,0.03,0.02,65.95,70.0,63.0,64.5,22733.0,151584730.0,1.61,2.24,545.23,6.58,9127941192.0,9127941192.0
2026-07-20T10:45:28,002594.SZ,比亚迪,93.48,0.01,0.01,93.49,95.28,93.02,93.47,222628.0,2088787080.13,0.64,1.26,52.16,3.67,852275628376.0,325928629980.0
2026-07-20T10:45:28,603611.SH,诺力股份,16.5,0.0,0.0,16.6,16.85,16.37,16.5,12876.0,21403611.0,0.5,2.01,14.23,1.4,4250413052.0,4250413052.0
2026-07-20T10:45:28,603277.SH,银都股份,10.41,0.0,0.0,10.41,10.6,10.35,10.41,10368.0,10848026.0,0.17,1.9,38.59,2.42,6388609765.0,6347456120.0
2026-07-20T10:45:28,600715.SH,文投控股,1.49,0.0,0.0,1.48,1.52,1.47,1.49,169230.0,25379781.0,0.59,1.56,-466.97,5.6,6049181715.0,4264934639.0
2026-07-20T10:45:28,688660.SH,电气风电,7.77,0.0,0.0,7.85,7.92,7.66,7.77,115835.0,90381169.0,0.87,1.14,-9.59,2.67,10360000518.0,10360000518.0
2026-07-20T10:45:28,300071.SZ,福石控股,4.09,0.0,0.0,4.21,4.41,3.96,4.09,895710.0,375269896.56,9.47,1.68,-1489.87,24.49,3942286934.0,3866485042.0
2026-07-20T10:45:28,000751.SZ,锌业股份,4.3,0.0,0.0,4.32,4.37,4.25,4.3,195257.0,84217539.08,1.38,1.17,23.56,1.89,6947211559.0,6062435750.0
2026-07-20T10:45:28,002333.SZ,罗普斯金,4.75,0.0,0.0,4.75,4.83,4.72,4.75,19271.0,9197730.0,0.29,1.38,76.75,1.66,3205892800.0,3165919949.0
2026-07-20T10:45:28,002343.SZ,慈文传媒,4.67,0.0,0.0,4.62,4.78,4.61,4.67,112543.0,52876737.0,2.38,1.76,-42.11,2.31,2212086936.0,2212086936.0
2026-07-20T10:45:28,600620.SH,天宸股份,4.09,0.0,0.0,4.06,4.16,4.06,4.09,47285.0,19440018.0,0.69,1.8,-73.41,1.97,2808509392.0,2808509392.0
2026-07-20T10:45:28,600148.SH,长春一东,14.36,0.0,0.0,14.4,14.8,14.23,14.36,11178.0,16266741.0,0.79,2.11,109.14,4.27,2032176222.0,2032176222.0
2026-07-20T10:45:28,600135.SH,乐凯胶片,6.8,0.0,0.0,6.83,6.99,6.76,6.8,39294.0,26993875.0,0.71,1.45,-39.65,1.6,3762488273.0,3762488273.0
2026-07-20T10:45:28,920834.BJ,三维装备,8.02,0.0,0.0,8.09,8.15,8.0,8.02,2878.0,2320187.38,0.46,1.06,34.54,3.26,962400040.0,503627441.0
2026-07-20T10:45:28,603948.SH,建业股份,18.95,0.0,0.0,19.17,19.4,18.81,18.95,10525.0,20199093.0,0.65,1.18,14.54,1.5,3079169715.0,3079169715.0
2026-07-20T10:45:28,000153.SZ,丰原药业,5.54,0.0,0.0,5.52,5.63,5.49,5.54,49018.0,27272771.6,1.07,1.08,17.39,1.21,2574357792.0,2542131473.0
2026-07-20T10:45:28,600136.SH,ST明诚,1.4,0.0,0.0,1.41,1.42,1.39,1.4,42427.0,5947855.0,0.22,0.94,-338.85,12.62,2857156303.0,2720325292.0
2026-07-20T10:45:28,300414.SZ,中光防雷,9.6,0.0,0.0,9.67,9.86,9.54,9.6,25111.0,24403124.85,0.8,1.44,95.61,3.14,3129786874.0,3009982368.0
2026-07-20T10:45:28,002999.SZ,天禾股份,5.55,0.0,0.0,5.52,5.67,5.46,5.55,36729.0,20495573.0,1.07,2.0,57.2,1.6,1929135600.0,1906668506.0
2026-07-20T10:45:28,000014.SZ,沙河股份,9.37,0.0,0.0,9.41,9.59,9.32,9.37,70026.0,66304019.53,2.89,2.17,-66.79,1.64,2267973119.0,2267973119.0
2026-07-20T10:45:28,300343.SZ,联创股份,5.61,0.0,0.0,5.73,5.73,5.5,5.61,170183.0,95663393.8,1.6,2.0,184.16,3.06,5993583071.0,5981490772.0
2026-07-20T10:45:28,300245.SZ,ST天玑,5.25,0.0,0.0,5.24,5.36,5.23,5.25,28475.0,15074934.0,0.94,1.33,-22.49,1.33,1601512337.0,1597987403.0
2026-07-20T10:45:28,002269.SZ,美邦服饰,1.35,0.0,0.0,1.35,1.37,1.33,1.35,249452.0,33775579.65,1.06,1.11,545.72,15.85,3391875000.0,3164034251.0
2026-07-20T10:45:28,001369.SZ,双欣材料,12.95,0.0,0.0,12.72,13.25,12.63,12.95,160855.0,207866880.69,7.75,4.89,29.07,2.16,14853650000.0,2686521957.0
2026-07-20T10:45:28,600261.SH,阳光照明,3.02,0.0,0.0,3.03,3.06,3.01,3.02,52704.0,16001449.0,0.39,1.77,139.2,1.2,4031859957.0,4031859957.0
2026-07-20T10:45:28,600284.SH,浦东建设,5.01,0.0,0.0,5.03,5.08,4.96,5.01,81417.0,40947721.0,0.84,1.48,25.34,0.61,4860982560.0,4860982560.0
2026-07-20T10:45:28,600281.SH,华阳新材,3.85,0.0,0.0,3.88,3.97,3.82,3.85,51270.0,20037378.0,1.0,1.53,5484.28,35.2,1980447796.0,1980447796.0
2026-07-20T10:45:28,002295.SZ,精艺股份,8.03,0.0,0.0,8.03,8.25,7.96,8.03,16993.0,13806042.06,0.68,1.58,69.83,1.55,2012446480.0,2010928810.0
2026-07-20T10:45:28,300565.SZ,科信技术,8.67,0.0,0.0,8.69,8.92,8.58,8.67,51426.0,45030325.0,2.25,1.41,-35.69,4.15,2164938986.0,1978538607.0
2026-07-20T10:45:28,300067.SZ,安诺其,4.5,0.0,0.0,4.48,4.62,4.47,4.5,181069.0,82338879.24,1.93,1.65,128.99,2.09,5194685583.0,4217686560.0
2026-07-20T10:45:28,603029.SH,天鹅股份,14.03,0.0,0.0,14.03,14.37,13.9,14.03,11990.0,16984508.0,0.99,1.95,57.48,1.82,1702428260.0,1702428260.0
2026-07-20T10:45:28,001330.SZ,博纳影业,4.63,0.0,0.0,4.63,4.73,4.6,4.63,386566.0,179729248.15,3.32,1.41,-35.94,1.67,6364022896.0,5383983101.0
2026-07-20T10:45:28,300871.SZ,回盛生物,21.54,0.0,0.0,21.61,21.9,21.1,21.54,30334.0,65414264.42,1.5,0.91,13.99,1.96,4346435050.0,4346435050.0
2026-07-20T10:45:28,002042.SZ,华孚时尚,3.69,0.0,0.0,3.73,3.78,3.67,3.69,174913.0,65225393.12,1.03,1.74,61.95,1.07,6275514200.0,6275514200.0
2026-07-20T10:45:28,300218.SZ,安利股份,12.09,0.0,0.0,12.09,12.33,12.01,12.09,10990.0,13396827.0,0.51,1.36,117.04,1.73,2623372830.0,2614781603.0
2026-07-20T10:45:28,300194.SZ,福安药业,3.76,0.0,0.0,3.75,3.79,3.7,3.76,101109.0,37980359.0,1.04,1.08,20.36,1.02,4473318556.0,3640974252.0
2026-07-20T10:45:28,000793.SZ,*ST华闻,2.43,0.0,0.0,2.44,2.45,2.41,2.43,52350.0,12705390.0,0.2,1.17,-95.47,3.01,10677274212.0,6475228686.0
2026-07-20T10:45:28,600479.SH,千金药业,9.88,0.0,0.0,9.82,9.94,9.77,9.88,31000.0,30602318.0,0.74,1.08,16.21,1.67,4863034958.0,4134850316.0
2026-07-20T10:45:28,688292.SH,浩瀚深度,15.76,0.0,0.0,16.21,16.55,15.68,15.76,14107.0,22734110.0,0.89,1.59,-22.36,2.59,2495610988.0,2495610988.0
2026-07-20T10:45:28,600368.SH,五洲交通,3.82,0.0,0.0,3.82,3.88,3.79,3.82,82374.0,31559979.0,0.51,1.19,7.8,0.86,6148877738.0,6148877738.0
2026-07-20T10:45:28,300198.SZ,*ST纳川,2.04,0.0,0.0,2.04,2.06,2.03,2.04,36680.0,7506875.0,0.36,1.37,-14.51,4.38,2104359022.0,2093481682.0
2026-07-20T10:45:28,001368.SZ,通达创智,20.67,0.0,0.0,20.66,21.12,20.51,20.67,7442.0,15509452.0,0.69,1.53,18.11,1.67,2338193790.0,2234025981.0
2026-07-20T10:45:28,300423.SZ,昇辉科技,5.33,0.0,0.0,5.35,5.49,5.31,5.33,51488.0,27837622.4,1.55,1.72,-28.04,2.3,2651735176.0,1775900557.0
2026-07-20T10:45:28,002567.SZ,唐人神,3.74,0.0,0.0,3.7,3.76,3.66,3.74,113278.0,42156460.31,0.79,1.37,-2.14,1.29,5359612210.0,5354432415.0
2026-07-20T10:45:28,603660.SH,苏州科达,8.28,0.0,0.0,8.5,8.6,8.21,8.28,108278.0,90939746.0,1.89,1.8,-7.21,6.63,4731959523.0,4731959523.0
2026-07-20T10:45:28,603609.SH,禾丰股份,6.55,0.0,0.0,6.6,6.62,6.47,6.55,16562.0,10828635.0,0.18,1.44,170.92,0.93,5921309601.0,5921309601.0
2026-07-20T10:45:28,002495.SZ,佳隆股份,2.16,0.0,0.0,2.16,2.22,2.15,2.16,151885.0,33192966.0,2.19,2.02,206.0,1.84,2020951296.0,1498863327.0
2026-07-20T10:45:28,000903.SZ,ST云动,1.67,0.0,0.0,1.69,1.71,1.66,1.67,78364.0,13149078.0,0.41,1.01,-20.82,5.25,3231190165.0,3206836952.0
2026-07-20T10:45:28,300724.SZ,捷佳伟创,53.81,0.0,0.0,53.88,55.18,52.84,53.81,67547.0,364717508.06,2.35,2.08,17.34,1.42,18741592843.0,15481914501.0
2026-07-20T10:45:28,002634.SZ,*ST棒杰,3.74,0.0,0.0,3.74,3.8,3.71,3.74,23466.0,8820567.0,0.53,1.3,-7.64,-2.21,1717978399.0,1653959697.0
2026-07-20T10:45:28,002644.SZ,佛慈制药,7.81,0.0,0.0,7.74,7.85,7.64,7.81,47577.0,36913176.0,0.93,1.64,44.0,2.17,3988231170.0,3988231170.0
2026-07-20T10:45:28,300278.SZ,华昌达,3.51,0.0,0.0,3.54,3.58,3.48,3.51,89165.0,31509798.29,0.63,1.33,779.97,2.97,4962741643.0,4947152582.0
2026-07-20T10:45:28,300366.SZ,ST创意,4.45,0.0,0.0,4.47,4.53,4.44,4.45,28481.0,12746682.0,0.54,1.39,-12.69,2.35,2703713868.0,2360736081.0
2026-07-20T10:45:28,002425.SZ,凯撒文化,2.58,0.0,0.0,2.6,2.66,2.56,2.58,117470.0,30693689.0,1.28,1.32,52.05,1.0,2468195870.0,2374079681.0
2026-07-20T10:45:28,002622.SZ,皓宸医疗,2.14,0.0,0.0,2.14,2.22,2.11,2.14,153346.0,33201604.0,1.83,1.48,-53.88,6.72,1797600000.0,1797547035.0
2026-07-20T10:45:28,002024.SZ,ST易购,1.19,0.0,0.0,1.19,1.2,1.18,1.19,120912.0,14387922.4,0.13,1.36,95.36,0.89,11025073465.0,11011415775.0
2026-07-20T10:45:28,600358.SH,国旅联合,5.02,0.0,0.0,5.02,5.11,5.0,5.02,30453.0,15370793.0,0.6,1.83,-100.1,52.35,2534782033.0,2534782033.0
2026-07-20T10:45:28,920407.BJ,驰诚股份,9.97,0.0,0.0,10.39,10.39,9.85,9.97,2279.0,2280697.53,0.5,0.95,313.08,4.17,1106662024.0,450535965.0
2026-07-20T10:45:28,600503.SH,华丽家族,2.01,0.0,0.0,2.0,2.06,2.0,2.01,112055.0,22788290.0,0.7,1.1,-155.95,0.93,3220602900.0,3220602900.0
2026-07-20T10:45:28,301370.SZ,国科恒泰,8.71,0.0,0.0,8.72,8.84,8.63,8.71,21977.0,19176674.0,0.47,1.21,823.72,1.67,4098926000.0,4098926000.0
2026-07-20T10:45:28,688038.SH,中科通达,16.3,0.0,0.0,16.25,17.05,16.21,16.3,11139.0,18548625.0,0.96,1.41,-204.71,3.2,1896886420.0,1896886420.0
2026-07-20T10:45:28,600359.SH,新农开发,5.81,0.0,0.0,5.76,5.91,5.76,5.81,40700.0,23772868.0,1.07,1.87,24.79,3.29,2216589484.0,2216589484.0
2026-07-20T10:45:28,300393.SZ,中来股份,5.54,0.0,0.0,5.56,5.71,5.48,5.54,136287.0,76394842.64,1.43,1.76,-6.01,3.41,6036535563.0,5295713977.0
2026-07-20T10:45:28,000626.SZ,远大控股,6.44,0.0,0.0,6.42,6.55,6.38,6.44,53426.0,34574918.78,1.06,1.02,13.97,1.49,3262677004.0,3243902195.0
2026-07-20T10:45:28,600975.SH,新五丰,5.12,0.0,0.0,5.11,5.14,4.95,5.12,105985.0,53480365.0,0.85,1.73,-4.24,3.58,6398268109.0,6398268109.0
2026-07-20T10:45:28,600228.SH,返利科技,6.18,0.0,0.0,6.11,6.41,6.11,6.18,104948.0,65866345.0,2.52,1.17,-45.91,6.74,2575035599.0,2571109754.0
2026-07-20T10:45:28,600340.SH,*ST华幸,1.11,0.0,0.0,1.11,1.12,1.1,1.11,193303.0,21480334.0,0.5,1.44,-0.64,-0.23,4321624119.0,4321624119.0
2026-07-20T10:45:28,002069.SZ,獐子岛,3.16,0.0,0.0,3.19,3.23,3.11,3.16,70040.0,22276762.0,0.99,1.78,219.58,81.85,2247114533.0,2244283173.0
2026-07-20T10:45:28,301353.SZ,普莱得,16.48,0.0,0.0,16.48,17.02,16.34,16.48,7535.0,12549856.64,1.85,2.03,35.61,1.65,2093238067.0,672826867.0
2026-07-20T10:45:28,605188.SH,国光连锁,11.55,0.0,0.0,11.34,11.81,11.28,11.55,32856.0,38144366.0,0.65,2.04,55.2,4.82,5864472075.0,5864472075.0
2026-07-20T10:45:28,601500.SH,通用股份,3.92,0.0,0.0,3.92,3.96,3.89,3.92,92415.0,36318272.0,0.58,1.6,12.31,1.02,6230117681.0,6205362881.0
2026-07-20T10:45:28,600706.SH,曲江文旅,6.98,0.0,0.0,7.0,7.16,6.95,6.98,31876.0,22480373.0,1.25,1.24,-30.86,3.97,1780317299.0,1773130691.0
2026-07-20T10:45:28,300995.SZ,奇德新材,24.16,0.0,0.0,24.15,24.98,23.85,24.16,8648.0,21110495.0,1.42,2.18,81.01,2.47,2225400528.0,1467230567.0
2026-07-20T10:45:28,601177.SH,杭齿前进,12.39,0.0,0.0,12.39,12.7,12.33,12.39,27339.0,34229481.0,0.68,1.15,20.12,1.75,5051570265.0,4985940435.0
2026-07-20T10:45:28,688708.SH,佳驰科技,44.09,0.0,0.0,44.1,44.69,43.81,44.09,4345.0,19258556.0,0.3,0.91,171.31,5.28,17657057384.0,6293580756.0
2026-07-20T10:45:28,605068.SH,明新旭腾,14.55,0.0,0.0,14.72,15.04,14.49,14.55,16089.0,23797659.0,0.99,1.51,-38.27,1.53,2359988102.0,2359988102.0
2026-07-20T10:45:28,002790.SZ,瑞尔特,5.54,0.0,0.0,5.54,5.66,5.51,5.54,21385.0,11973805.0,0.82,1.85,649.41,1.12,2315012542.0,1444264150.0
2026-07-20T10:45:28,301088.SZ,戎美股份,11.77,0.0,0.0,11.83,12.04,11.75,11.77,5515.0,6567290.0,0.29,1.37,48.94,1.11,2682383000.0,2212760000.0
2026-07-20T10:45:28,601279.SH,英利汽车,3.03,0.0,0.0,3.03,3.1,3.01,3.03,65617.0,20009151.0,0.41,1.55,-43.9,1.16,4804931535.0,4804931535.0
2026-07-20T10:45:28,300016.SZ,北陆药业,7.78,0.0,0.0,7.8,7.94,7.7,7.78,88992.0,69447237.0,1.58,1.0,25.16,1.84,4525546107.0,4373634465.0
2026-07-20T10:45:28,300010.SZ,ST豆神,2.04,0.0,0.0,2.04,2.07,2.03,2.04,187495.0,38372405.36,1.13,1.55,-18.58,2.43,4215889824.0,3393196619.0
2026-07-20T10:45:28,002928.SZ,华夏航空,6.01,0.0,0.0,5.92,6.07,5.92,6.01,137705.0,82710578.79,1.08,1.47,14.33,1.93,7682231716.0,7682192801.0
2026-07-20T10:45:28,603880.SH,南卫股份,6.36,0.0,0.0,6.47,6.64,6.28,6.36,46355.0,29967526.0,1.6,1.93,-90.28,10.68,1838307120.0,1838307120.0
2026-07-20T10:45:28,002416.SZ,爱施德,9.1,0.0,0.0,9.06,9.24,8.95,9.1,135149.0,122822924.95,1.1,1.24,22.03,2.1,11277464435.0,11137529166.0
2026-07-20T10:45:28,002412.SZ,汉森制药,6.43,0.0,0.0,6.49,6.5,6.29,6.43,127361.0,81537833.0,2.56,1.07,21.06,1.42,3235576000.0,3201143350.0
2026-07-20T10:45:28,603535.SH,嘉诚国际,6.07,0.0,0.0,6.03,6.2,6.03,6.07,24219.0,14830296.0,0.47,1.64,42.09,1.25,3101274269.0,3101274269.0
2026-07-20T10:45:28,603179.SH,新泉股份,41.04,0.0,0.0,42.0,42.0,40.5,41.04,100566.0,414348772.0,1.41,1.85,36.01,3.96,29310712596.0,29310712596.0
2026-07-20T10:45:28,002662.SZ,峰璟股份,3.23,0.0,0.0,3.24,3.31,3.2,3.23,64534.0,21052521.0,0.43,1.1,58.14,1.1,4845000000.0,4844938953.0
2026-07-20T10:45:28,002753.SZ,永东股份,5.98,0.0,0.0,5.99,6.1,5.91,5.98,20654.0,12455949.0,0.7,1.74,480.37,0.97,2563503571.0,1768817640.0
2026-07-20T10:45:28,688620.SH,安凯微,13.89,0.0,0.0,14.34,14.71,13.6,13.89,131585.0,185916260.0,3.36,1.86,-69.34,4.27,5444880000.0,5444880000.0
2026-07-20T10:45:28,600743.SH,华远控股,2.01,0.0,0.0,2.02,2.05,2.01,2.01,103541.0,20972322.0,0.44,1.22,-121.7,8.51,4715662757.0,4715662757.0
2026-07-20T10:45:28,002099.SZ,海翔药业,5.0,0.0,0.0,4.95,5.07,4.94,5.0,106492.0,53351592.0,0.66,1.13,76.51,1.64,8093576265.0,8084216265.0
2026-07-20T10:45:28,000010.SZ,*ST美丽,1.68,0.0,0.0,1.67,1.74,1.67,1.68,79687.0,13542155.0,0.91,1.36,17.84,6.56,1931415851.0,1466732345.0
2026-07-20T10:45:28,600067.SH,冠城新材,2.69,0.0,0.0,2.7,2.76,2.68,2.69,103957.0,28321075.0,0.75,1.28,-45.46,0.67,3743588908.0,3743588908.0
2026-07-20T10:45:28,600802.SH,福建水泥,4.14,0.0,0.0,4.15,4.26,4.11,4.14,29537.0,12358323.0,0.64,1.28,-11.24,2.07,1897148376.0,1897148376.0
2026-07-20T10:45:28,603385.SH,惠达卫浴,4.88,0.0,0.0,4.88,5.02,4.84,4.88,26343.0,13012753.0,0.69,1.95,-15.24,0.53,1857645044.0,1857645044.0
2026-07-20T10:45:28,300290.SZ,ST荣科,4.15,0.0,0.0,4.15,4.23,4.13,4.15,104619.0,43686602.0,1.64,1.09,-37.07,3.61,2654890161.0,2654101143.0
2026-07-20T10:45:28,920964.BJ,润农节水,4.36,0.0,0.0,4.35,4.42,4.34,4.36,6327.0,2766670.51,0.43,0.87,95.7,1.3,1138866880.0,643959953.0
2026-07-20T10:45:28,603863.SH,松炀资源,11.71,0.0,0.0,11.64,12.03,11.47,11.71,23247.0,27327398.0,1.14,1.57,-117.69,9.9,2396451500.0,2396451500.0
2026-07-20T10:45:28,002543.SZ,万和电气,6.63,0.0,0.0,6.63,6.73,6.57,6.63,25489.0,16945274.0,0.39,1.43,15.48,1.06,4930068000.0,4386528010.0
2026-07-20T10:45:28,920985.BJ,海泰新能,4.55,0.0,0.0,4.53,4.63,4.52,4.55,13637.0,6235420.88,0.62,1.66,-9.13,2.24,1408116710.0,997896258.0
2026-07-20T10:45:28,600106.SH,重庆路桥,4.32,0.0,0.0,4.31,4.41,4.29,4.32,75888.0,32972007.0,0.57,1.67,54.07,1.09,5741388268.0,5741388268.0
2026-07-20T10:45:28,920992.BJ,中科美菱,11.69,0.0,0.0,11.71,11.94,11.42,11.69,6854.0,7994462.37,1.4,1.49,46.72,1.82,1130784618.0,573012038.0
2026-07-20T10:45:28,601138.SH,工业富联,57.57,-0.03,-0.02,58.88,59.69,55.87,57.59,806968.0,4695937043.0,0.41,2.1,26.96,6.48,1142424392790.0,1142424392790.0
2026-07-20T10:45:28,688035.SH,德邦科技,62.11,-0.03,-0.02,64.65,66.89,60.79,62.13,46275.0,296467350.0,3.25,2.12,64.18,3.77,8834526400.0,8834526400.0
2026-07-20T10:45:28,603059.SH,倍加洁,23.07,-0.04,-0.01,23.16,23.51,22.85,23.08,5783.0,13402334.0,0.58,1.6,29.61,2.12,2321250339.0,2317351509.0
2026-07-20T10:45:28,920640.BJ,富士达,24.8,-0.04,-0.01,25.17,25.6,24.61,24.81,14710.0,36907683.0,0.81,1.06,92.05,5.11,4655654400.0,4479333989.0
2026-07-20T10:45:28,301052.SZ,果麦文化,21.85,-0.05,-0.01,21.72,22.5,21.72,21.86,16569.0,36641898.0,2.07,1.36,-65.7,3.15,2162261557.0,1752280830.0
2026-07-20T10:45:28,605338.SH,巴比食品,18.96,-0.05,-0.01,18.87,19.2,18.56,18.97,11237.0,21240011.0,0.47,1.39,24.05,2.17,4542183912.0,4542183912.0
2026-07-20T10:45:28,301170.SZ,锡南科技,21.11,-0.05,-0.01,21.12,21.65,21.0,21.12,6222.0,13299861.0,1.64,1.83,22.33,1.19,2111000000.0,802258635.0
2026-07-20T10:45:28,920533.BJ,骏创科技,17.57,-0.06,-0.01,17.75,18.07,17.43,17.58,6136.0,10872707.33,0.84,1.44,72.83,6.24,2297406253.0,1285019427.0
2026-07-20T10:45:28,605259.SH,绿田机械,17.55,-0.06,-0.01,17.4,17.72,17.4,17.56,3527.0,6189083.0,0.2,1.27,16.83,1.65,3027024000.0,3027024000.0
2026-07-20T10:45:28,601595.SH,上海电影,17.33,-0.06,-0.01,17.22,17.79,16.92,17.34,86684.0,149956806.0,1.93,2.17,149.3,4.59,7767306000.0,7767306000.0
2026-07-20T10:45:28,603345.SH,安井食品,85.7,-0.06,-0.05,85.74,86.49,84.2,85.75,31048.0,265361357.0,1.06,1.44,12.68,1.83,28562861472.0,25135315682.0
2026-07-20T10:45:28,301049.SZ,超越科技,17.9,-0.06,-0.01,18.04,18.53,17.82,17.91,8913.0,16214769.0,2.08,1.62,-23.76,3.2,1687134679.0,766591826.0
2026-07-20T10:45:28,301135.SZ,瑞德智能,14.84,-0.07,-0.01,14.85,15.32,14.72,14.85,8667.0,13034482.96,0.86,1.66,-132.87,1.61,1926066771.0,1498603332.0
2026-07-20T10:45:28,688186.SH,广大特材,13.73,-0.07,-0.01,13.8,14.06,13.51,13.74,15460.0,21380660.0,0.55,1.23,182.81,0.81,3851118858.0,3851118858.0
2026-07-20T10:45:28,603282.SH,亚光股份,13.85,-0.07,-0.01,14.01,14.31,13.75,13.86,7083.0,9916942.0,0.53,1.55,-142.16,1.44,1853407000.0,1853407000.0
2026-07-20T10:45:28,002734.SZ,利民股份,14.23,-0.07,-0.01,14.32,14.46,14.03,14.24,49643.0,70865887.61,1.14,1.24,12.81,1.74,6771197850.0,6180740663.0
2026-07-20T10:45:28,603170.SH,宝立食品,12.41,-0.08,-0.01,12.48,12.54,12.19,12.42,16344.0,20229330.0,0.41,1.64,18.92,3.48,4964124100.0,4964124100.0
2026-07-20T10:45:28,300667.SZ,必创科技,13.31,-0.08,-0.01,13.59,13.77,13.18,13.32,30235.0,40814956.0,1.75,1.23,-574.09,2.64,2723705679.0,2297711609.0
2026-07-20T10:45:28,605108.SH,同庆楼,12.0,-0.08,-0.01,11.9,12.17,11.86,12.01,14496.0,17401987.0,0.56,1.74,46.53,1.36,3120000000.0,3120000000.0
2026-07-20T10:45:28,603915.SH,国茂股份,12.6,-0.08,-0.01,12.8,12.85,12.54,12.61,32334.0,41067638.0,0.49,1.31,38.24,2.21,8415319248.0,8273569248.0
2026-07-20T10:45:28,605339.SH,南侨食品,12.27,-0.08,-0.01,12.4,12.42,12.16,12.28,5390.0,6608762.0,0.13,1.33,431.0,1.53,5206045858.0,5206045858.0
2026-07-20T10:45:28,002841.SZ,视源股份,47.47,-0.08,-0.04,48.21,48.66,46.25,47.51,110432.0,521916231.17,2.12,1.34,33.61,2.53,33190385291.0,24748268322.0
2026-07-20T10:45:28,300947.SZ,德必集团,12.76,-0.08,-0.01,12.75,13.1,12.53,12.77,14435.0,18578869.0,0.96,1.82,-252.11,1.63,1928517001.0,1927751848.0
2026-07-20T10:45:28,300642.SZ,透景生命,12.57,-0.08,-0.01,12.5,12.89,12.5,12.58,18199.0,23126377.0,1.32,1.06,-91.7,1.45,2039762069.0,1730959027.0
2026-07-20T10:45:28,603239.SH,浙江仙通,13.19,-0.08,-0.01,13.2,13.46,13.13,13.2,20364.0,27047139.0,0.75,1.89,18.19,2.76,3570796800.0,3570796800.0
2026-07-20T10:45:28,600846.SH,同济科技,11.02,-0.09,-0.01,11.19,11.29,10.96,11.03,24241.0,27005806.0,0.39,1.13,29.98,1.58,6884871906.0,6884871906.0
2026-07-20T10:45:28,603062.SH,麦加芯彩,34.82,-0.09,-0.03,34.86,35.53,34.5,34.85,2376.0,8323325.0,0.64,1.16,93.39,1.89,3760560000.0,1290885342.0
2026-07-20T10:45:28,002150.SZ,正泰电源,21.6,-0.09,-0.02,22.09,22.09,21.22,21.62,32446.0,70310099.0,0.91,1.41,129.49,3.66,7794766145.0,7743697135.0
2026-07-20T10:45:28,300092.SZ,科新机电,10.82,-0.09,-0.01,10.83,11.09,10.75,10.83,23313.0,25515251.0,1.11,1.48,28.99,1.82,2963849792.0,2270752890.0
2026-07-20T10:45:28,002115.SZ,三维通信,11.5,-0.09,-0.01,11.4,11.89,11.2,11.51,762093.0,884575125.09,10.21,2.1,107.11,4.48,9257929318.0,8582061381.0
2026-07-20T10:45:28,301298.SZ,东利机械,11.52,-0.09,-0.01,11.66,11.88,11.49,11.53,10669.0,12477209.12,0.99,1.69,97.52,1.86,1691136000.0,1246270948.0
2026-07-20T10:45:28,300490.SZ,华自科技,10.61,-0.09,-0.01,10.78,10.98,10.53,10.62,86383.0,92959166.76,2.2,2.24,12.74,1.9,4229895851.0,4172410213.0
2026-07-20T10:45:28,301509.SZ,金凯生科,30.13,-0.1,-0.03,29.79,30.77,29.54,30.16,17251.0,52222985.09,3.04,1.1,54.51,1.72,3629058137.0,1709604161.0
2026-07-20T10:45:28,920163.BJ,方大新材,10.09,-0.1,-0.01,10.24,10.24,9.95,10.1,3689.0,3707353.12,0.61,0.62,19.75,2.58,1297979214.0,612276688.0
2026-07-20T10:45:28,301380.SZ,挖金客,29.09,-0.1,-0.03,28.88,30.12,28.7,29.12,14776.0,43262625.8,1.83,1.75,65.15,4.01,2949505876.0,2348686252.0
2026-07-20T10:45:28,301500.SZ,飞南资源,20.41,-0.1,-0.02,20.71,20.97,20.17,20.43,46507.0,95828338.35,3.23,1.38,7.07,2.22,11469440381.0,2940074134.0
2026-07-20T10:45:28,300956.SZ,英力股份,9.77,-0.1,-0.01,9.83,10.07,9.72,9.78,33340.0,33020096.64,1.58,1.5,-92.61,1.56,2104728238.0,2056119909.0
2026-07-20T10:45:28,001234.SZ,泰慕士,19.23,-0.1,-0.02,19.25,19.7,19.11,19.25,5296.0,10260213.0,0.58,1.28,37.8,2.29,2088178008.0,1759266165.0
2026-07-20T10:45:28,600699.SH,均胜电子,19.98,-0.1,-0.02,20.44,20.61,19.87,20.0,140229.0,283465155.0,1.0,1.6,19.26,1.8,30984395849.0,27885497849.0
2026-07-20T10:45:28,603758.SH,秦安股份,9.07,-0.11,-0.01,9.06,9.28,9.04,9.08,21161.0,19403603.0,0.49,1.73,41.9,1.51,3928362564.0,3928362564.0
2026-07-20T10:45:28,688575.SH,亚辉龙,9.35,-0.11,-0.01,9.36,9.44,9.2,9.36,45251.0,42223177.0,0.79,1.32,74.41,1.98,5342480605.0,5342480605.0
2026-07-20T10:45:28,301428.SZ,世纪恒通,26.87,-0.11,-0.03,27.23,27.95,26.59,26.9,16258.0,44425360.04,2.33,1.4,40.21,2.2,2651173342.0,1870889716.0
2026-07-20T10:45:28,002918.SZ,蒙娜丽莎,9.03,-0.11,-0.01,9.15,9.21,8.96,9.04,63939.0,58079726.0,2.98,1.68,-50.92,1.15,3691643814.0,1934270825.0
2026-07-20T10:45:28,300610.SZ,晨化股份,9.14,-0.11,-0.01,9.15,9.39,9.08,9.15,23051.0,21292053.0,1.39,2.14,18.74,1.68,1938477739.0,1513379520.0
2026-07-20T10:45:28,688247.SH,宣泰医药,8.9,-0.11,-0.01,9.02,9.11,8.75,8.91,35304.0,31534455.0,0.78,1.25,60.9,3.09,4034726000.0,4034726000.0
2026-07-20T10:45:28,300808.SZ,久量股份,18.06,-0.11,-0.02,18.1,18.71,18.0,18.08,7003.0,12871774.0,0.59,1.31,-42.29,3.08,2889600000.0,2147326379.0
2026-07-20T10:45:28,002129.SZ,TCL中环,9.11,-0.11,-0.01,9.35,9.41,9.0,9.12,809288.0,745264600.59,2.0,1.08,-5.59,1.84,36832784692.0,36802393978.0
2026-07-20T10:45:28,300701.SZ,森霸传感,8.88,-0.11,-0.01,8.99,9.13,8.85,8.89,17325.0,15555837.2,0.69,1.34,76.62,2.63,2482788744.0,2227474500.0
2026-07-20T10:45:28,300118.SZ,东方日升,9.15,-0.11,-0.01,9.3,9.4,9.08,9.16,153086.0,141807284.86,1.65,1.36,-7.22,1.26,10431126846.0,8480399157.0
2026-07-20T10:45:28,920009.BJ,丹娜生物,36.7,-0.11,-0.04,37.1,37.68,36.2,36.74,2193.0,8080397.81,2.18,0.97,38.83,4.26,2845938200.0,369936000.0
2026-07-20T10:45:28,920593.BJ,鼎智科技,26.59,-0.11,-0.03,26.71,27.44,26.44,26.62,11917.0,31957701.32,0.74,1.35,178.98,7.05,5058637736.0,4297217265.0
2026-07-20T10:45:28,002968.SZ,新大正,8.34,-0.12,-0.01,8.29,8.62,8.28,8.35,20018.0,16890745.0,0.94,1.56,13.84,1.51,1887156710.0,1776515560.0
2026-07-20T10:45:28,301025.SZ,读客文化,8.06,-0.12,-0.01,8.04,8.31,8.02,8.07,37491.0,30655984.0,1.35,1.95,264.93,5.22,3226493764.0,2233834964.0
2026-07-20T10:45:28,920403.BJ,康农种业,16.58,-0.12,-0.02,15.82,16.8,15.82,16.6,7463.0,12230008.42,1.15,1.38,60.47,3.33,1812147377.0,1077748712.0
2026-07-20T10:45:28,600615.SH,鑫源智造,8.54,-0.12,-0.01,8.55,8.79,8.44,8.55,8965.0,7736075.0,0.4,1.02,-115.24,2.67,1926834169.0,1923772067.0
2026-07-20T10:45:28,688418.SH,震有科技,32.79,-0.12,-0.04,33.27,34.34,32.38,32.83,25200.0,83987563.0,1.31,1.51,-35.15,7.73,6313866449.0,6313866449.0
2026-07-20T10:45:28,603536.SH,惠发食品,8.34,-0.12,-0.01,8.37,8.54,8.29,8.35,30866.0,25953074.0,1.28,1.83,721.01,5.77,2021455705.0,2006039048.0
2026-07-20T10:45:28,002749.SZ,国光股份,8.39,-0.12,-0.01,8.38,8.43,8.18,8.4,24494.0,20410587.0,0.45,2.29,19.41,2.63,4668796288.0,4566837652.0
2026-07-20T10:45:28,300699.SZ,光威复材,24.36,-0.12,-0.03,24.36,24.84,24.23,24.39,60998.0,149387899.82,0.74,1.09,41.7,3.76,20251734720.0,20009569500.0
2026-07-20T10:45:28,605166.SH,聚合顺,8.09,-0.12,-0.01,8.19,8.33,8.05,8.1,24832.0,20375804.0,0.79,1.81,18.69,1.29,2546197866.0,2546197866.0
2026-07-20T10:45:28,002508.SZ,老板电器,15.72,-0.13,-0.02,15.65,15.84,15.55,15.74,42127.0,66073351.17,0.45,1.59,12.11,1.31,14854439760.0,14675434092.0
2026-07-20T10:45:28,603518.SH,锦泓集团,7.78,-0.13,-0.01,7.82,7.89,7.71,7.79,31560.0,24568883.0,0.92,1.64,6.06,0.71,2686838436.0,2676895596.0
2026-07-20T10:45:28,605286.SH,同力天启,22.21,-0.13,-0.03,22.35,22.93,22.09,22.24,14714.0,33220881.0,0.88,2.03,102.57,1.74,3731280000.0,3731280000.0
2026-07-20T10:45:28,603811.SH,诚意药业,7.42,-0.13,-0.01,7.41,7.51,7.34,7.43,28505.0,21190799.0,0.62,0.95,19.19,2.51,3400037276.0,3400037276.0
2026-07-20T10:45:28,688169.SH,石头科技,99.04,-0.13,-0.13,99.66,101.0,97.07,99.17,35178.0,347971060.0,1.36,1.42,19.86,1.81,25677231625.0,25677231625.0
2026-07-20T10:45:28,600004.SH,白云机场,7.89,-0.13,-0.01,7.85,7.98,7.81,7.9,82378.0,64943867.0,0.35,2.0,30.32,0.99,20334459878.0,18673407253.0
2026-07-20T10:45:28,301206.SZ,三元生物,23.35,-0.13,-0.03,23.38,23.98,23.3,23.38,7591.0,17934188.5,0.58,1.34,45.27,1.13,4724305095.0,3041935797.0
2026-07-20T10:45:28,688193.SH,仁度生物,44.17,-0.14,-0.06,45.23,45.98,44.01,44.23,2441.0,11005078.0,0.61,2.22,88.58,2.01,1769886158.0,1769886158.0
2026-07-20T10:45:28,688226.SH,威腾电气,29.44,-0.14,-0.04,30.5,30.96,28.96,29.48,35100.0,105913541.0,1.86,1.71,206.97,2.88,5772764244.0,5557551309.0
2026-07-20T10:45:28,000856.SZ,冀东装备,7.2,-0.14,-0.01,7.21,7.43,7.15,7.21,26189.0,19105345.64,1.15,1.64,-29.69,3.99,1634400000.0,1634400000.0
2026-07-20T10:45:28,001233.SZ,海安集团,41.61,-0.14,-0.06,41.7,42.42,41.0,41.67,8521.0,35529034.71,2.26,0.86,36.41,1.64,7738350428.0,1569243214.0
2026-07-20T10:45:28,605086.SH,龙高股份,21.87,-0.14,-0.03,22.13,22.54,21.82,21.9,6744.0,14947252.0,0.38,1.47,51.95,2.45,3919104000.0,3919104000.0
2026-07-20T10:45:28,688750.SH,金天钛业,13.97,-0.14,-0.02,14.08,14.22,13.91,13.99,12415.0,17479020.0,0.53,1.25,167.03,2.61,6461125000.0,3253869014.0
2026-07-20T10:45:28,603806.SH,福斯特,13.81,-0.14,-0.02,13.99,14.08,13.52,13.83,173722.0,239587284.0,0.67,1.27,28.89,2.28,36026778145.0,36026778145.0
2026-07-20T10:45:28,688469.SH,芯联集成-U,6.92,-0.14,-0.01,7.06,7.19,6.81,6.93,1147587.0,805355069.0,1.96,1.5,-164.12,4.47,58008195230.0,40619016000.0
2026-07-20T10:45:28,600883.SH,博闻科技,6.9,-0.14,-0.01,6.97,7.1,6.81,6.91,29921.0,20850506.0,1.27,2.05,39.72,1.67,1629007200.0,1629007200.0
2026-07-20T10:45:28,001228.SZ,永泰运,26.96,-0.15,-0.04,26.73,27.7,26.4,27.0,9120.0,24758382.0,1.14,1.78,20.26,1.65,2800189859.0,2153149859.0
2026-07-20T10:45:28,002907.SZ,华森制药,13.14,-0.15,-0.02,13.16,13.35,12.94,13.16,42743.0,56188837.0,1.27,0.9,41.84,3.21,5487215566.0,4412631293.0
2026-07-20T10:45:28,300519.SZ,新光药业,13.38,-0.15,-0.02,13.3,13.87,13.1,13.4,49592.0,66633479.0,4.35,1.16,20.3,2.62,2140800000.0,1526658000.0
2026-07-20T10:45:28,000923.SZ,河钢资源,13.01,-0.15,-0.02,13.06,13.26,12.81,13.03,64229.0,83600818.51,1.02,0.93,93.84,0.88,8492003783.0,8168996616.0
2026-07-20T10:45:28,001279.SZ,强邦新材,25.41,-0.16,-0.04,25.51,25.86,25.3,25.45,3600.0,9204978.0,0.9,1.54,157.15,4.07,4065600000.0,1016400000.0
2026-07-20T10:45:28,605378.SH,野马电池,12.87,-0.16,-0.02,12.88,13.19,12.81,12.89,8901.0,11578296.0,0.34,1.44,-114.54,2.79,3363528168.0,3363528168.0
2026-07-20T10:45:28,002200.SZ,交投生态,6.41,-0.16,-0.01,6.39,6.57,6.36,6.42,25103.0,16257234.0,1.28,1.74,50.36,2.22,2891714974.0,1254603468.0
2026-07-20T10:45:28,688696.SH,极米科技,62.8,-0.16,-0.1,62.81,63.77,62.37,62.9,3982.0,25129667.0,0.57,1.08,21.87,1.51,4397256000.0,4397256000.0
2026-07-20T10:45:28,603839.SH,安正时尚,6.31,-0.16,-0.01,6.3,6.45,6.21,6.32,57934.0,36662970.0,1.5,2.09,20.09,1.45,2442072222.0,2442072222.0
2026-07-20T10:45:28,001208.SZ,华菱线缆,12.61,-0.16,-0.02,12.86,13.08,12.51,12.63,94638.0,121532465.94,2.97,0.98,66.1,2.78,8049598948.0,4019231415.0
2026-07-20T10:45:28,603326.SH,我乐家居,6.15,-0.16,-0.01,6.27,6.35,6.14,6.16,18684.0,11657641.0,0.59,1.79,54.47,1.76,1962938120.0,1962938120.0
2026-07-20T10:45:28,002817.SZ,黄山胶囊,6.1,-0.16,-0.01,6.07,6.24,6.06,6.11,44700.0,27483672.16,1.54,1.92,26.27,1.9,1824498837.0,1769239700.0
2026-07-20T10:45:28,002870.SZ,香山股份,37.98,-0.16,-0.06,38.54,38.83,37.53,38.04,12357.0,46942736.0,0.96,0.97,-119.75,3.1,5016232655.0,4897960808.0
2026-07-20T10:45:28,300942.SZ,易瑞生物,6.2,-0.16,-0.01,6.21,6.38,6.14,6.21,43699.0,27478614.0,1.08,1.42,-61.2,3.05,2511482949.0,2511482949.0
2026-07-20T10:45:28,920576.BJ,天力复合,42.55,-0.16,-0.07,42.77,44.38,41.8,42.62,7696.0,33133239.45,0.71,0.73,762.43,10.62,4635822500.0,4589875053.0
2026-07-20T10:45:28,600835.SH,上海机电,18.93,-0.16,-0.03,19.01,19.28,18.5,18.96,54951.0,103952163.0,0.68,2.85,26.71,1.36,19068089523.0,15267126399.0
2026-07-20T10:45:28,300030.SZ,阳普医疗,6.21,-0.16,-0.01,6.24,6.38,6.18,6.22,49902.0,31241078.0,1.83,1.5,22.14,2.99,1920053226.0,1690533086.0
2026-07-20T10:45:28,688187.SH,时代电气,45.65,-0.17,-0.08,45.99,46.44,45.42,45.73,39791.0,182943414.0,0.46,1.09,23.61,1.41,60746610758.0,39665627923.0
2026-07-20T10:45:28,603182.SH,嘉华股份,11.75,-0.17,-0.02,11.77,12.05,11.72,11.77,11694.0,13871562.0,0.71,1.83,17.7,1.76,1933462500.0,1933462500.0
2026-07-20T10:45:28,002875.SZ,安奈儿,11.94,-0.17,-0.02,11.85,12.34,11.8,11.96,35887.0,43210069.0,1.69,1.48,42.23,4.11,2536182803.0,2536182803.0
2026-07-20T10:45:28,300345.SZ,华民股份,5.96,-0.17,-0.01,6.05,6.17,5.92,5.97,139555.0,84314774.0,2.91,1.44,-14.27,8.59,3459654512.0,2858393322.0
2026-07-20T10:45:28,600051.SH,宁波联合,5.93,-0.17,-0.01,5.92,6.04,5.9,5.94,26861.0,16043308.0,0.86,1.83,85.49,0.54,1843518400.0,1843518400.0
2026-07-20T10:45:28,601199.SH,江南水务,5.99,-0.17,-0.01,6.03,6.12,5.93,6.0,104239.0,62842914.0,1.11,1.22,16.24,1.21,5601909649.0,5601909649.0
2026-07-20T10:45:28,600223.SH,福瑞达,5.49,-0.18,-0.01,5.44,5.6,5.39,5.5,54726.0,30126679.0,0.54,1.54,43.74,1.33,5580962575.0,5580962575.0
2026-07-20T10:45:28,600692.SH,亚通股份,5.53,-0.18,-0.01,5.52,5.68,5.46,5.54,45192.0,25270553.0,1.77,1.56,277.87,2.0,1945255274.0,1410208159.0
2026-07-20T10:45:28,603801.SH,志邦家居,5.63,-0.18,-0.01,5.64,5.74,5.59,5.64,24218.0,13717579.0,0.56,1.16,-6.48,0.82,2445398849.0,2445398849.0
2026-07-20T10:45:28,600184.SH,光电股份,16.67,-0.18,-0.03,17.18,17.33,16.44,16.7,105594.0,179300523.0,1.81,1.76,2165.16,2.86,9714066892.0,9714066892.0
2026-07-20T10:45:28,300958.SZ,建工修复,11.12,-0.18,-0.02,11.14,11.44,10.95,11.14,19736.0,22159010.0,2.17,1.82,-20.72,1.44,1742910758.0,1012469628.0
2026-07-20T10:45:28,002182.SZ,宝武镁业,11.11,-0.18,-0.02,11.19,11.38,11.02,11.13,100642.0,112814676.73,1.16,1.22,541.29,2.09,11018804154.0,9615764050.0
2026-07-20T10:45:28,603070.SH,万控智造,10.94,-0.18,-0.02,11.04,11.18,10.9,10.96,15024.0,16572679.0,0.37,1.65,-57.39,2.06,4386940000.0,4386940000.0
2026-07-20T10:45:28,300238.SZ,冠昊生物,11.28,-0.18,-0.02,11.25,11.5,11.19,11.3,23753.0,26948506.58,0.9,0.99,73.58,5.16,2990956307.0,2990712445.0
2026-07-20T10:45:28,605580.SH,恒盛能源,16.89,-0.18,-0.03,16.94,17.39,16.75,16.92,38761.0,66323241.0,1.38,1.7,24.33,4.78,4729200000.0,4729200000.0
2026-07-20T10:45:28,002434.SZ,万里扬,5.48,-0.18,-0.01,5.51,5.57,5.43,5.49,88622.0,48825259.0,0.68,1.47,25.01,1.23,7193048000.0,7186035244.0
2026-07-20T10:45:28,688638.SH,誉辰智能,27.74,-0.18,-0.05,27.54,28.6,27.47,27.79,3519.0,9871616.0,1.33,1.78,-8.49,2.03,1553440000.0,734028750.0
2026-07-20T10:45:28,603312.SH,西典新能,31.96,-0.19,-0.06,32.15,32.58,31.72,32.02,2631.0,8466712.0,0.52,1.03,21.39,2.87,5113584020.0,1627387220.0
2026-07-20T10:45:28,603331.SH,百达精工,10.46,-0.19,-0.02,10.48,10.83,10.38,10.48,30609.0,32550916.0,1.51,1.45,871.6,2.03,2114757153.0,2114757153.0
2026-07-20T10:45:28,688581.SH,安杰思,51.75,-0.19,-0.1,52.12,52.5,51.41,51.85,2442.0,12664008.0,0.59,1.32,18.39,1.68,4178328948.0,2130975887.0
2026-07-20T10:45:28,002916.SZ,深南电路,333.37,-0.19,-0.63,344.02,354.99,322.33,334.0,84105.0,2875579238.22,1.27,1.59,66.77,13.8,227080507775.0,221627526347.0
2026-07-20T10:45:28,002858.SZ,力盛体育,10.49,-0.19,-0.02,10.52,10.77,10.4,10.51,26186.0,27692890.0,1.78,1.54,81.16,2.33,1958257024.0,1546356212.0
2026-07-20T10:45:28,300328.SZ,宜安科技,10.47,-0.19,-0.02,10.79,10.89,10.33,10.49,184318.0,196789310.65,2.68,1.66,-94.23,7.03,7228735092.0,7193335237.0
2026-07-20T10:45:28,002022.SZ,科华生物,5.13,-0.19,-0.01,5.08,5.22,5.06,5.14,44429.0,22902393.0,0.86,1.44,-13.61,1.04,2638641832.0,2638266701.0
2026-07-20T10:45:28,603937.SH,丽岛新材,9.86,-0.2,-0.02,9.98,10.15,9.81,9.88,39741.0,39795755.0,1.9,1.4,19.88,1.33,2059675031.0,2059675031.0
2026-07-20T10:45:28,600833.SH,第一医药,9.95,-0.2,-0.02,9.95,10.09,9.81,9.97,21965.0,21857556.0,0.98,1.26,23.85,1.91,2219709153.0,2219709153.0
2026-07-20T10:45:28,002724.SZ,海洋王,4.92,-0.2,-0.01,4.91,5.02,4.87,4.93,31836.0,15807813.56,0.56,1.42,-39.63,1.42,3795770130.0,2793453502.0
2026-07-20T10:45:28,002811.SZ,郑中设计,9.97,-0.2,-0.02,10.01,10.31,9.89,9.99,23655.0,23903216.0,0.84,1.84,21.48,2.16,3070460950.0,2817391971.0
2026-07-20T10:45:28,301077.SZ,星华新材,19.79,-0.2,-0.04,19.79,20.32,19.61,19.83,6795.0,13586889.38,0.71,1.26,25.64,2.93,3365862242.0,1888018028.0
2026-07-20T10:45:28,600825.SH,新华传媒,4.88,-0.2,-0.01,4.89,5.02,4.86,4.89,113410.0,55979563.0,1.09,2.37,967.02,2.05,5099052708.0,5099052708.0
2026-07-20T10:45:28,002465.SZ,海格通信,9.75,-0.2,-0.02,9.87,10.08,9.63,9.77,336652.0,331344514.46,1.36,0.97,1038.09,2.15,24197880993.0,24159399313.0
2026-07-20T10:45:28,600530.SH,交大昂立,5.03,-0.2,-0.01,5.04,5.13,5.0,5.04,37921.0,19220536.0,0.49,1.29,-154.51,12.4,3897847600.0,3897847600.0
2026-07-20T10:45:28,002708.SZ,光洋股份,9.77,-0.2,-0.02,9.95,10.07,9.61,9.79,93107.0,91681152.68,1.8,1.29,42.83,3.1,5491697138.0,5047734503.0
2026-07-20T10:45:28,301287.SZ,康力源,32.73,-0.21,-0.07,32.58,33.79,32.53,32.8,3542.0,11713524.0,2.08,1.47,62.96,1.88,2182109100.0,557436086.0
2026-07-20T10:45:28,002031.SZ,巨轮智能,4.79,-0.21,-0.01,4.8,4.87,4.74,4.8,241373.0,115907027.47,1.26,1.2,-73.48,5.43,10535105259.0,9166242559.0
2026-07-20T10:45:28,920720.BJ,吉冈精密,9.41,-0.21,-0.02,9.57,9.62,9.36,9.43,6889.0,6522766.05,0.93,1.55,61.53,4.79,2492627509.0,696501598.0
2026-07-20T10:45:28,002927.SZ,泰永长征,14.32,-0.21,-0.03,14.63,14.86,14.18,14.35,41636.0,60729569.49,1.89,1.87,74.58,3.17,3196112018.0,3160576694.0
2026-07-20T10:45:28,002444.SZ,巨星科技,28.87,-0.21,-0.06,28.68,29.17,28.5,28.93,32622.0,94025378.25,0.28,0.59,16.73,1.85,34484585114.0,33106067038.0
2026-07-20T10:45:28,601002.SH,晋亿实业,4.69,-0.21,-0.01,4.69,4.77,4.65,4.7,89813.0,42274431.0,0.94,0.77,15.54,1.04,4476326977.0,4476326977.0
2026-07-20T10:45:28,300165.SZ,天瑞仪器,4.71,-0.21,-0.01,4.74,4.89,4.65,4.72,82289.0,39410538.2,1.96,1.69,46.41,2.21,2333860225.0,1980718338.0
2026-07-20T10:45:28,002026.SZ,山东威达,9.67,-0.21,-0.02,9.68,9.91,9.6,9.69,29875.0,29196579.0,0.68,1.92,16.61,1.11,4259943850.0,4259576148.0
2026-07-20T10:45:28,603960.SH,克来机电,14.22,-0.21,-0.03,14.5,14.64,14.11,14.25,29031.0,41907551.0,1.11,1.71,329.84,3.32,3728454138.0,3728454138.0
2026-07-20T10:45:28,600538.SH,国发股份,4.74,-0.21,-0.01,4.77,4.82,4.7,4.75,55238.0,26317027.0,1.05,1.15,-82.28,3.65,2484700170.0,2484700170.0
2026-07-20T10:45:28,300784.SZ,利安科技,37.82,-0.21,-0.08,38.1,39.23,37.6,37.9,4240.0,16273462.0,2.52,1.93,68.18,2.65,2126906032.0,635944246.0
2026-07-20T10:45:28,301501.SZ,恒鑫生活,28.2,-0.21,-0.06,28.2,29.15,28.02,28.26,6860.0,19526551.67,1.58,1.36,32.29,2.02,4170780000.0,1226700000.0
2026-07-20T10:45:28,300066.SZ,三川智慧,4.71,-0.21,-0.01,4.74,4.82,4.69,4.72,59747.0,28444482.0,0.6,1.32,81.7,1.9,4898556664.0,4701047774.0
2026-07-20T10:45:28,603098.SH,森特股份,9.68,-0.21,-0.02,9.7,9.89,9.61,9.7,18278.0,17835844.0,0.34,1.04,60.78,1.86,5231265387.0,5215583787.0
2026-07-20T10:45:28,600558.SH,大西洋,4.67,-0.21,-0.01,4.68,4.76,4.67,4.68,53406.0,25196912.0,0.59,1.5,18.81,1.69,4191814561.0,4191814561.0
2026-07-20T10:45:28,920718.BJ,合肥高科,9.22,-0.22,-0.02,9.24,9.41,9.13,9.24,1982.0,1836113.48,0.43,1.04,155.81,1.46,835946974.0,428822836.0
2026-07-20T10:45:28,000716.SZ,黑芝麻,4.49,-0.22,-0.01,4.45,4.58,4.42,4.5,113069.0,51040635.32,1.54,1.45,25.69,1.34,3380449385.0,3303401375.0
2026-07-20T10:45:28,603390.SH,通达电气,9.19,-0.22,-0.02,9.15,9.39,9.13,9.21,35705.0,33059994.0,1.02,1.49,12.65,1.91,3231681733.0,3226369766.0
2026-07-20T10:45:28,301239.SZ,普瑞眼科,32.46,-0.22,-0.07,32.23,32.98,31.68,32.53,20812.0,67098076.43,1.47,1.76,17.19,2.3,4856634298.0,4610749798.0
2026-07-20T10:45:28,000989.SZ,九芝堂,9.01,-0.22,-0.02,8.98,9.11,8.77,9.03,349970.0,312872921.81,5.04,1.15,11.69,2.14,7712037528.0,6254325315.0
2026-07-20T10:45:28,002890.SZ,弘宇股份,12.95,-0.23,-0.03,13.11,13.49,12.84,12.98,8776.0,11577785.0,0.54,1.73,99.42,3.66,2199883322.0,2091123395.0
2026-07-20T10:45:28,688484.SH,南芯科技,35.13,-0.23,-0.08,36.82,36.85,34.66,35.21,72166.0,255839345.0,1.69,1.45,1125.11,3.69,15023807162.0,15023807162.0
2026-07-20T10:45:28,002883.SZ,*ST中设,8.51,-0.23,-0.02,8.42,8.61,8.42,8.53,5181.0,4420493.52,0.34,1.34,324.92,2.84,1328897483.0,1304719577.0
2026-07-20T10:45:28,603358.SH,华达科技,33.99,-0.23,-0.08,34.6,35.22,33.6,34.07,51077.0,176040900.0,1.11,1.46,-51.9,4.66,15966567153.0,15695584156.0
2026-07-20T10:45:28,002574.SZ,明牌珠宝,4.25,-0.23,-0.01,4.26,4.36,4.22,4.26,45543.0,19523009.0,0.86,1.61,45.57,0.83,2244000000.0,2244000000.0
2026-07-20T10:45:28,300447.SZ,全信股份,12.75,-0.23,-0.03,12.91,13.08,12.64,12.78,22099.0,28536384.4,1.1,1.37,85.36,2.0,3981957281.0,2568523391.0
2026-07-20T10:45:28,300452.SZ,山河药辅,12.44,-0.24,-0.03,12.43,12.58,12.32,12.47,25740.0,32034306.0,1.3,1.03,15.49,3.05,2916636185.0,2470953306.0
2026-07-20T10:45:28,603176.SH,汇通集团,4.18,-0.24,-0.01,4.17,4.33,4.16,4.19,25480.0,10809686.0,0.55,1.8,-8.19,1.87,1986492867.0,1930393087.0
2026-07-20T10:45:28,300217.SZ,东方电热,4.12,-0.24,-0.01,4.17,4.19,4.08,4.13,123670.0,51123867.0,1.0,1.39,53.27,1.44,6089264993.0,5114626455.0
2026-07-20T10:45:28,301029.SZ,怡合达,24.94,-0.24,-0.06,25.3,25.49,24.51,25.0,56562.0,141127749.0,1.22,1.24,30.63,3.78,15817015637.0,11519306379.0
2026-07-20T10:45:28,920124.BJ,南特科技,12.24,-0.24,-0.03,12.37,12.38,12.2,12.27,3227.0,3965102.76,0.42,1.04,18.52,1.72,1820495776.0,937356446.0
2026-07-20T10:45:28,603336.SH,宏辉果蔬,8.33,-0.24,-0.02,8.26,8.4,7.98,8.35,131574.0,108012839.0,2.16,1.31,421.31,3.54,5070628812.0,5070628812.0
2026-07-20T10:45:28,301230.SZ,泓博医药,28.65,-0.24,-0.07,28.59,29.78,28.08,28.72,92579.0,268217800.99,5.69,1.5,54.5,5.17,5183963260.0,4662727879.0
2026-07-20T10:45:28,688601.SH,力芯微,41.48,-0.24,-0.1,42.66,44.0,40.81,41.58,23227.0,98101446.0,1.74,1.12,-995.27,4.49,5545573196.0,5545573196.0
2026-07-20T10:45:28,601339.SH,百隆东方,7.88,-0.25,-0.02,7.82,8.01,7.67,7.9,78027.0,60904891.0,0.52,1.4,12.18,1.32,11816603720.0,11816603720.0
2026-07-20T10:45:28,600955.SH,维远股份,12.09,-0.25,-0.03,12.12,12.33,12.03,12.12,27726.0,33832367.0,0.5,1.13,23.31,0.87,6649500000.0,6649500000.0
2026-07-20T10:45:28,600885.SH,宏发股份,31.38,-0.25,-0.08,31.45,32.56,31.32,31.46,75879.0,242123098.0,0.49,1.2,25.07,3.87,48563509542.0,48563509542.0
2026-07-20T10:45:28,600405.SH,动力源,4.04,-0.25,-0.01,4.05,4.12,4.02,4.05,58477.0,23780155.0,0.95,0.72,-17.58,78.98,2475831536.0,2475831536.0
2026-07-20T10:45:28,688709.SH,成都华微,23.54,-0.25,-0.06,24.33,24.5,23.32,23.6,41913.0,100482775.0,1.89,1.32,-55.85,5.21,14991378992.0,5219906749.0
2026-07-20T10:45:28,002395.SZ,双象股份,11.88,-0.25,-0.03,11.91,12.16,11.82,11.91,13316.0,15969740.0,0.5,1.16,26.33,2.13,3186322920.0,3186046781.0
2026-07-20T10:45:28,920810.BJ,春光智能,7.95,-0.25,-0.02,7.88,8.11,7.86,7.97,2328.0,1854992.14,0.37,0.85,-125.57,3.34,762405000.0,496139983.0
2026-07-20T10:45:28,000955.SZ,欣龙控股,3.97,-0.25,-0.01,4.0,4.07,3.94,3.98,59977.0,24035717.48,1.11,1.09,-702.72,3.3,2137428150.0,2137102114.0
2026-07-20T10:45:28,603293.SH,埃泰克,35.61,-0.25,-0.09,35.76,36.7,35.36,35.7,10204.0,36892819.0,2.91,1.86,27.47,2.19,6377418331.0,1249786757.0
2026-07-20T10:45:28,002255.SZ,海陆重工,7.91,-0.25,-0.02,7.92,8.05,7.86,7.93,64462.0,51398393.0,1.01,1.59,15.88,1.43,6572269145.0,5046360442.0
2026-07-20T10:45:28,600007.SH,中国国贸,19.22,-0.26,-0.05,19.27,19.51,19.16,19.27,10059.0,19432356.0,0.1,1.38,15.84,2.16,19359970303.0,19359970303.0
2026-07-20T10:45:28,688063.SH,派能科技,41.59,-0.26,-0.11,41.3,42.79,41.2,41.7,33362.0,140109451.0,1.36,1.85,114.46,1.11,10204491166.0,10204491166.0
2026-07-20T10:45:28,000909.SZ,*ST数源,3.83,-0.26,-0.01,3.87,3.97,3.82,3.84,13857.0,5389241.0,0.32,1.51,-61.88,2.74,1676445558.0,1676431483.0
2026-07-20T10:45:28,605555.SH,德昌股份,11.32,-0.26,-0.03,11.29,11.56,11.28,11.35,20582.0,23470869.0,0.43,1.08,108.2,1.92,5479661533.0,5479661533.0
2026-07-20T10:45:28,002515.SZ,金字火腿,7.67,-0.26,-0.02,7.67,8.28,7.57,7.69,549827.0,435739526.37,4.99,1.87,179.93,3.55,9285410638.0,8451181247.0
2026-07-20T10:45:28,603238.SH,诺邦股份,11.5,-0.26,-0.03,11.59,11.79,11.45,11.53,21752.0,25252148.0,1.23,2.32,16.44,1.42,2041353500.0,2041353500.0
2026-07-20T10:45:28,920826.BJ,盖世食品,7.55,-0.26,-0.02,7.6,7.79,7.5,7.57,10431.0,7915033.88,1.67,1.8,27.92,2.81,1060894396.0,471682271.0
2026-07-20T10:45:28,002905.SZ,金逸影视,7.37,-0.27,-0.02,7.37,7.58,7.3,7.39,42998.0,31987331.97,1.23,1.37,-32.05,42.52,2773478400.0,2575372800.0
2026-07-20T10:45:28,920475.BJ,三友科技,11.2,-0.27,-0.03,11.29,11.5,11.04,11.23,3065.0,3466434.89,0.55,1.99,81.44,3.21,1131872000.0,629422371.0
2026-07-20T10:45:28,300653.SZ,正海生物,14.58,-0.27,-0.04,14.6,14.88,14.52,14.62,10756.0,15808520.0,0.6,1.44,44.48,3.07,2624400000.0,2624400000.0
2026-07-20T10:45:28,300082.SZ,奥克股份,7.01,-0.28,-0.02,7.01,7.2,6.95,7.03,42599.0,30194623.0,0.63,1.59,576.84,1.74,4767488382.0,4755033456.0
2026-07-20T10:45:28,603566.SH,普莱柯,10.67,-0.28,-0.03,10.72,10.83,10.58,10.7,16095.0,17236330.0,0.47,1.19,22.66,1.47,3692484453.0,3692484453.0
2026-07-20T10:45:28,301198.SZ,喜悦智行,10.52,-0.28,-0.03,10.73,10.99,10.45,10.55,35470.0,38266617.0,2.19,2.79,-3713.78,1.96,1777880000.0,1707155934.0
2026-07-20T10:45:28,603023.SH,威帝股份,3.51,-0.28,-0.01,3.49,3.63,3.49,3.52,58171.0,20744561.0,1.04,1.81,-155.08,2.54,1958992099.0,1958992099.0
2026-07-20T10:45:28,300364.SZ,中文在线,21.39,-0.28,-0.06,21.52,22.1,21.14,21.45,159872.0,344944474.77,2.42,1.26,-85.0,61.73,15582617524.0,14126500867.0
2026-07-20T10:45:28,002743.SZ,富煌钢构,3.6,-0.28,-0.01,3.7,3.72,3.58,3.61,64981.0,23781954.0,1.5,1.58,-8.69,0.68,1566966521.0,1564455521.0
2026-07-20T10:45:28,002783.SZ,凯龙股份,7.01,-0.28,-0.02,6.99,7.11,6.97,7.03,31206.0,22010361.24,0.68,1.39,90.72,1.34,3500215303.0,3232427268.0
2026-07-20T10:45:28,301516.SZ,中远通,17.88,-0.28,-0.05,18.53,18.64,17.3,17.93,64309.0,114252754.5,9.16,1.24,-153.28,3.96,5018947379.0,1254736849.0
2026-07-20T10:45:28,002652.SZ,扬子新材,3.57,-0.28,-0.01,3.63,3.74,3.53,3.58,157603.0,57528469.0,3.08,1.81,-142.2,7.79,1828068480.0,1828068480.0
2026-07-20T10:45:28,603886.SH,元祖股份,10.87,-0.28,-0.03,10.9,11.15,10.85,10.9,21630.0,23751643.0,0.9,1.54,-9.29,1.95,2608800000.0,2608800000.0
2026-07-20T10:45:28,600115.SH,中国东航,3.5,-0.28,-0.01,3.46,3.53,3.46,3.51,831789.0,290421535.0,0.49,1.51,11.84,5.48,77307078345.0,59587377126.0
2026-07-20T10:45:28,600130.SH,波导股份,3.59,-0.28,-0.01,3.62,3.72,3.55,3.6,141451.0,51621722.0,1.89,1.55,263.27,2.96,2692500000.0,2692500000.0
2026-07-20T10:45:28,688047.SH,龙芯中科,113.97,-0.29,-0.33,115.51,116.8,112.0,114.3,30863.0,353569387.0,0.77,1.14,-100.25,19.05,45701970000.0,45701970000.0
2026-07-20T10:45:28,001222.SZ,源飞宠物,13.85,-0.29,-0.04,13.85,14.01,13.59,13.89,35494.0,48916664.0,3.14,2.53,29.11,1.86,2643826500.0,1565031787.0
2026-07-20T10:45:28,688539.SH,高华科技,23.98,-0.29,-0.07,24.5,25.1,23.8,24.05,14420.0,35235838.0,0.78,0.9,-306.53,2.59,4458361600.0,4458361600.0
2026-07-20T10:45:28,605183.SH,确成股份,13.96,-0.29,-0.04,14.2,14.2,13.91,14.0,9372.0,13159306.0,0.23,1.91,18.34,1.6,5795974294.0,5757515052.0
2026-07-20T10:45:28,301131.SZ,聚赛龙,30.45,-0.29,-0.09,30.81,31.37,30.36,30.54,5564.0,17204879.7,1.42,1.63,44.94,1.52,1664471085.0,1192266005.0
2026-07-20T10:45:28,000756.SZ,新华制药,13.65,-0.29,-0.04,13.64,13.89,13.5,13.69,79904.0,109603398.95,1.6,1.04,28.34,1.78,9509728888.0,6809975595.0
2026-07-20T10:45:28,920363.BJ,莱赛激光,10.15,-0.29,-0.03,10.29,10.36,10.03,10.18,8095.0,8233409.95,1.15,1.35,480.65,3.76,1258823300.0,715700870.0
2026-07-20T10:45:28,920021.BJ,流金科技,6.85,-0.29,-0.02,6.87,7.07,6.81,6.87,48328.0,33626620.57,1.95,1.03,91.59,3.28,2116649884.0,1695749510.0
2026-07-20T10:45:28,920185.BJ,贝特瑞,20.96,-0.29,-0.06,21.23,21.29,20.81,21.02,23928.0,50308453.73,0.21,1.68,37.08,1.9,23856470742.0,23463875668.0
2026-07-20T10:45:28,603099.SH,长白山,36.28,-0.3,-0.11,36.2,36.84,35.97,36.39,23400.0,85009781.0,0.86,1.16,305.11,6.74,9881070601.0,9881070601.0
2026-07-20T10:45:28,000766.SZ,通化金马,16.7,-0.3,-0.05,16.74,17.04,16.44,16.75,116199.0,194009525.89,1.2,1.06,442.0,6.96,16140461607.0,16132328273.0
2026-07-20T10:45:28,600716.SH,凤凰股份,3.29,-0.3,-0.01,3.32,3.39,3.28,3.3,36337.0,12113940.0,0.39,1.57,-27.37,0.69,3079639341.0,3079639341.0
2026-07-20T10:45:28,605056.SH,咸亨国际,13.38,-0.3,-0.04,13.76,13.82,13.29,13.42,22962.0,31217963.0,0.57,1.44,52.67,3.2,5477681016.0,5397401016.0
2026-07-20T10:45:28,002949.SZ,华阳国际,9.9,-0.3,-0.03,9.9,10.26,9.87,9.93,19041.0,19179211.0,1.25,2.0,108.62,1.36,1940881130.0,1503674855.0
2026-07-20T10:45:28,000812.SZ,陕西金叶,3.28,-0.3,-0.01,3.29,3.35,3.27,3.29,66435.0,21985466.65,0.88,1.37,65.08,1.66,2480766293.0,2480105354.0
2026-07-20T10:45:28,300535.SZ,达威股份,13.21,-0.3,-0.04,13.29,13.71,13.15,13.25,12845.0,17311815.17,1.58,2.0,-43.82,1.5,1413732390.0,1072137418.0
2026-07-20T10:45:28,605336.SH,*ST帅电,9.92,-0.3,-0.03,10.11,10.11,9.88,9.95,4293.0,4274908.0,0.23,0.78,-63.16,1.01,1819451504.0,1819451504.0
2026-07-20T10:45:28,301656.SZ,联合动力,16.86,-0.3,-0.05,16.81,17.06,16.67,16.91,27530.0,46424240.02,1.35,1.03,208.84,4.25,40544774743.0,3433185227.0
2026-07-20T10:45:28,920914.BJ,远航精密,16.07,-0.31,-0.05,16.26,16.32,15.96,16.12,5229.0,8435706.0,0.52,1.24,21.98,1.64,1601905810.0,1600640298.0
2026-07-20T10:45:28,603998.SH,方盛制药,9.8,-0.31,-0.03,9.79,9.88,9.63,9.83,53590.0,52335135.0,1.22,1.06,12.17,2.58,4302997328.0,4302997328.0
2026-07-20T10:45:28,600308.SH,华泰股份,3.18,-0.31,-0.01,3.17,3.2,3.13,3.19,78588.0,24933806.0,0.52,2.35,52.71,0.53,4823647160.0,4823647160.0
2026-07-20T10:45:28,300585.SZ,奥联电子,12.86,-0.31,-0.04,13.05,13.34,12.74,12.9,22891.0,29920012.0,1.34,1.59,-96.97,3.47,2200488887.0,2200488887.0
2026-07-20T10:45:28,600386.SH,北巴传媒,3.22,-0.31,-0.01,3.24,3.31,3.21,3.23,54864.0,17879700.0,0.68,1.86,-69.38,1.55,2596608000.0,2596608000.0
2026-07-20T10:45:28,688602.SH,康鹏科技,6.34,-0.31,-0.02,6.37,6.49,6.29,6.36,33064.0,21162659.0,0.64,1.17,-65.41,1.21,3292837500.0,3292837500.0
2026-07-20T10:45:28,002789.SZ,*ST建艺,9.47,-0.32,-0.03,9.5,9.83,9.41,9.5,16519.0,16006579.0,1.06,2.17,-7.11,9.94,1511634678.0,1481799774.0
2026-07-20T10:45:28,300421.SZ,力星股份,15.78,-0.32,-0.05,16.08,16.21,15.64,15.83,39592.0,63153482.0,1.72,1.52,164.42,3.72,4639801038.0,3634178531.0
2026-07-20T10:45:28,605066.SH,天正电气,6.29,-0.32,-0.02,6.26,6.44,6.25,6.31,36092.0,22925361.0,0.72,1.16,40.89,1.82,3160304356.0,3160304356.0
2026-07-20T10:45:28,600862.SH,中航高科,18.5,-0.32,-0.06,18.6,18.84,18.36,18.56,80151.0,148910141.0,0.58,1.01,25.68,3.38,25771408480.0,25771408480.0
2026-07-20T10:45:28,301130.SZ,西点药业,24.68,-0.32,-0.08,24.73,25.45,24.55,24.76,7226.0,18045195.0,1.22,1.5,51.39,2.17,1887888826.0,1456548445.0
2026-07-20T10:45:28,002613.SZ,北玻股份,3.12,-0.32,-0.01,3.13,3.17,3.1,3.13,144446.0,45305773.0,1.87,1.39,498.01,1.56,3433774319.0,2413856378.0
2026-07-20T10:45:28,301202.SZ,朗威股份,30.76,-0.32,-0.1,30.96,32.0,30.26,30.86,13172.0,40930707.0,1.65,1.41,59.28,3.53,4195664000.0,2449034300.0
2026-07-20T10:45:28,605377.SH,华旺科技,9.37,-0.32,-0.03,9.22,9.48,9.12,9.4,63797.0,59351936.0,1.15,1.27,20.04,1.35,5216000411.0,5216000411.0
2026-07-20T10:45:28,600725.SH,云维股份,3.11,-0.32,-0.01,3.08,3.18,3.07,3.12,64190.0,20124860.0,0.52,1.2,-595.18,14.94,3832981700.0,3832981700.0
2026-07-20T10:45:28,300267.SZ,尔康制药,3.14,-0.32,-0.01,3.1,3.2,3.09,3.15,187189.0,59028247.7,1.32,1.25,123.52,1.61,6476579292.0,4466267206.0
2026-07-20T10:45:28,601231.SH,环旭电子,24.29,-0.33,-0.08,24.88,25.23,23.7,24.37,164526.0,405284602.0,0.69,1.62,34.77,2.63,58027247619.0,58027247619.0
2026-07-20T10:45:28,000536.SZ,华映科技,3.04,-0.33,-0.01,3.05,3.11,3.01,3.05,303449.0,92895748.52,1.1,1.41,-9.46,10.01,8408739721.0,8399748049.0
2026-07-20T10:45:28,000430.SZ,张家界,6.08,-0.33,-0.02,6.1,6.15,6.05,6.1,37843.0,23083526.0,1.02,1.1,4.02,2.71,4922583062.0,2252983435.0
2026-07-20T10:45:28,002324.SZ,普利特,8.96,-0.33,-0.03,9.01,9.2,8.89,8.99,89987.0,81333832.12,1.16,1.47,52.4,2.15,9966532782.0,6955432620.0
2026-07-20T10:45:28,688255.SH,凯尔达,23.9,-0.33,-0.08,24.01,24.99,23.6,23.98,31658.0,76989724.0,2.88,1.82,59.52,2.49,2625626993.0,2625626993.0
2026-07-20T10:45:28,002228.SZ,合兴包装,3.03,-0.33,-0.01,3.04,3.11,3.01,3.04,144437.0,44198446.0,1.19,1.98,22.59,1.25,3676558456.0,3664244778.0
2026-07-20T10:45:28,300886.SZ,华业香料,20.85,-0.33,-0.07,20.8,21.39,20.71,20.92,9524.0,20114235.44,2.02,1.3,89.38,2.63,1566210300.0,985148948.0
2026-07-20T10:45:28,603917.SH,合力科技,11.86,-0.34,-0.04,11.82,12.28,11.81,11.9,23882.0,28693465.0,1.17,1.87,-110.34,1.47,2417542400.0,2417542400.0
2026-07-20T10:45:28,301157.SZ,华塑科技,56.39,-0.34,-0.19,56.79,58.18,55.55,56.58,5056.0,28810430.0,2.45,1.5,86.52,3.07,3383400000.0,1164893624.0
2026-07-20T10:45:28,002836.SZ,新宏泽,8.76,-0.34,-0.03,8.79,8.99,8.67,8.79,22865.0,20244689.48,0.99,2.48,30.43,5.73,2018304000.0,2018304000.0
2026-07-20T10:45:28,603081.SH,大丰实业,8.69,-0.34,-0.03,8.73,8.86,8.67,8.72,19150.0,16782448.0,0.45,1.3,241.93,1.16,3671517605.0,3671517605.0
2026-07-20T10:45:28,002551.SZ,尚荣医疗,2.91,-0.34,-0.01,2.9,2.99,2.89,2.92,71673.0,21038180.6,1.17,1.47,-340.54,0.99,2460389222.0,1778540583.0
2026-07-20T10:45:28,920429.BJ,康比特,8.87,-0.34,-0.03,8.88,9.08,8.82,8.9,3066.0,2743429.02,0.27,0.76,-34.71,1.34,1104102120.0,1006748468.0
2026-07-20T10:45:28,600755.SH,厦门国贸,5.89,-0.34,-0.02,5.91,5.97,5.83,5.91,168316.0,99009735.0,0.79,3.17,12.37,0.66,12590588261.0,12558413488.0
2026-07-20T10:45:28,603718.SH,*ST海利,2.84,-0.35,-0.01,2.87,2.9,2.83,2.85,26346.0,7528147.0,0.41,1.32,73.05,2.09,1851409348.0,1843102348.0
2026-07-20T10:45:28,000509.SZ,华塑控股,2.82,-0.35,-0.01,2.87,3.02,2.8,2.83,371734.0,108554824.0,3.46,2.93,-301.69,25.03,3026221107.0,3026211959.0
2026-07-20T10:45:28,003025.SZ,思进智能,11.29,-0.35,-0.04,11.44,11.56,11.21,11.33,24980.0,28502453.6,1.1,1.22,20.58,2.58,3205835670.0,2556235827.0
2026-07-20T10:45:28,600648.SH,外高桥,8.52,-0.35,-0.03,8.62,8.64,8.5,8.55,10458.0,8960174.0,0.09,1.32,195.42,0.75,11586452097.0,9693806287.0
2026-07-20T10:45:28,688208.SH,道通科技,25.87,-0.35,-0.09,26.33,26.44,25.61,25.96,77168.0,200046954.0,1.15,1.59,22.27,4.92,17337655009.0,17337655009.0
2026-07-20T10:45:28,301211.SZ,亨迪药业,11.33,-0.35,-0.04,11.26,11.53,11.11,11.37,78178.0,88681084.89,1.87,0.94,128.32,2.1,4731408000.0,4731367212.0
2026-07-20T10:45:28,300858.SZ,科拓生物,14.13,-0.35,-0.05,14.33,14.51,14.05,14.18,18345.0,26149385.8,0.94,1.21,62.26,2.03,3723186017.0,2765808348.0
2026-07-20T10:45:28,301009.SZ,可靠股份,8.61,-0.35,-0.03,8.6,8.84,8.54,8.64,22669.0,19744495.0,1.5,2.05,311.3,1.78,2340714600.0,1300411591.0
2026-07-20T10:45:28,688267.SH,中触媒,17.19,-0.35,-0.06,17.25,17.49,16.95,17.25,6198.0,10644469.0,0.27,0.7,31.0,1.39,3921662894.0,3921662894.0
2026-07-20T10:45:28,603215.SH,比依股份,14.0,-0.36,-0.05,14.05,14.33,13.95,14.05,6704.0,9479692.0,0.36,1.34,-45.49,1.81,3004331092.0,2621197320.0
2026-07-20T10:45:28,000953.SZ,中哲精化,5.46,-0.36,-0.02,5.42,5.6,5.41,5.48,56337.0,31110370.0,1.54,2.22,524.06,12.95,1999027185.0,1999027185.0
2026-07-20T10:45:28,002605.SZ,姚记科技,19.62,-0.36,-0.07,19.72,19.96,19.38,19.69,52714.0,103408392.0,1.56,1.02,14.65,2.22,8192669582.0,6636120747.0
2026-07-20T10:45:28,002653.SZ,海思科,71.01,-0.36,-0.26,67.0,73.88,66.8,71.27,78405.0,555233668.91,1.46,1.37,35.85,17.5,79525375050.0,38117183304.0
2026-07-20T10:45:28,000426.SZ,兴业银锡,27.8,-0.36,-0.1,28.3,28.46,27.41,27.9,204913.0,571563233.89,1.15,1.29,9.23,4.56,49362673544.0,49350711899.0
2026-07-20T10:45:28,002969.SZ,嘉美包装,10.83,-0.37,-0.04,11.06,11.18,10.74,10.87,150055.0,164642277.92,1.37,1.41,44.43,3.65,11896708539.0,11834322693.0
2026-07-20T10:45:28,600605.SH,汇通能源,26.77,-0.37,-0.1,27.34,27.34,26.61,26.87,10889.0,29375221.0,0.53,1.39,158.94,3.89,5522180624.0,5522180624.0
2026-07-20T10:45:28,300044.SZ,*ST赛为,5.38,-0.37,-0.02,5.41,5.48,5.28,5.4,84267.0,45474173.0,1.18,1.11,-95.81,-3.59,4109616447.0,3848734732.0
2026-07-20T10:45:28,000519.SZ,中兵红箭,13.58,-0.37,-0.05,13.8,13.94,13.44,13.63,257141.0,352176830.27,1.85,1.19,86.54,1.82,18910950976.0,18910950976.0
2026-07-20T10:45:28,920175.BJ,东方碳素,8.02,-0.37,-0.03,8.06,8.25,7.97,8.05,10225.0,8228956.16,1.29,1.27,-17.16,1.47,954380000.0,635792397.0
2026-07-20T10:45:28,002871.SZ,伟隆股份,16.15,-0.37,-0.06,16.29,16.92,15.9,16.21,26292.0,43358778.46,1.76,1.96,45.1,3.75,4067439597.0,2410655961.0
2026-07-20T10:45:28,603048.SH,浙江黎明,16.14,-0.37,-0.06,16.51,16.59,16.01,16.2,9641.0,15681973.0,0.66,2.16,37.39,1.92,2370643200.0,2370643200.0
2026-07-20T10:45:28,000068.SZ,华控赛格,2.67,-0.37,-0.01,2.7,2.74,2.66,2.68,81798.0,22110858.0,0.81,1.86,-36.99,4.59,2687812809.0,2687812809.0
2026-07-20T10:45:28,300254.SZ,仟源医药,8.1,-0.37,-0.03,8.06,8.38,8.02,8.13,107683.0,88168078.0,4.77,1.43,155.84,4.66,2083389360.0,1829408304.0
2026-07-20T10:45:28,920599.BJ,同力股份,16.13,-0.37,-0.06,16.3,16.38,16.03,16.19,9578.0,15484749.37,0.27,1.23,9.88,2.14,7460528250.0,5654764201.0
2026-07-20T10:45:28,603767.SH,中马传动,13.41,-0.37,-0.05,13.4,13.79,13.31,13.46,22735.0,30811107.0,0.74,1.55,170.45,3.03,4138748415.0,4138748415.0
2026-07-20T10:45:28,603421.SH,鼎信通讯,5.33,-0.37,-0.02,5.36,5.51,5.29,5.35,51263.0,27718041.0,0.79,1.69,-9.28,1.44,3476175424.0,3476175424.0
2026-07-20T10:45:28,603089.SH,正裕工业,8.18,-0.37,-0.03,8.28,8.43,8.16,8.21,12829.0,10634324.0,0.53,1.54,-31.53,1.21,2255383310.0,1963472132.0
2026-07-20T10:45:28,301180.SZ,万祥科技,10.66,-0.37,-0.04,10.72,11.1,10.52,10.7,21518.0,23402124.83,1.31,1.62,-1034.8,3.26,4264106600.0,1749711101.0
2026-07-20T10:45:28,688218.SH,江苏北人,36.52,-0.38,-0.14,37.64,38.38,36.0,36.66,38711.0,143396178.0,3.32,2.26,280.19,4.99,4253679344.0,4253679344.0
2026-07-20T10:45:28,300338.SZ,*ST开元,2.65,-0.38,-0.01,2.65,2.72,2.64,2.66,24130.0,6450234.0,0.69,1.35,-11.66,-8.39,1066955434.0,927332366.0
2026-07-20T10:45:28,002029.SZ,七 匹 狼,7.77,-0.38,-0.03,7.92,7.96,7.69,7.8,99335.0,77697115.2,1.49,1.32,27.49,0.81,5478032882.0,5170204301.0
2026-07-20T10:45:28,600063.SH,皖维高新,5.29,-0.38,-0.02,5.35,5.41,5.25,5.31,240142.0,128270876.0,1.16,1.08,20.1,1.3,10945573115.0,10945573115.0
2026-07-20T10:45:28,301488.SZ,豪恩汽电,98.62,-0.38,-0.38,100.98,101.8,97.52,99.0,8719.0,87223987.0,2.1,2.09,159.98,4.2,10001320277.0,4097946110.0
2026-07-20T10:45:28,002381.SZ,双箭股份,5.25,-0.38,-0.02,5.28,5.39,5.23,5.27,26130.0,13867713.0,0.81,1.83,31.44,1.0,2160784080.0,1690639125.0
2026-07-20T10:45:28,002888.SZ,惠威科技,15.68,-0.38,-0.06,15.8,16.29,15.52,15.74,16174.0,25799701.0,2.16,1.39,-251.45,6.42,2315048700.0,1174792954.0
2026-07-20T10:45:28,300919.SZ,中伟新材,36.48,-0.38,-0.14,36.6,37.39,36.23,36.62,62838.0,231190065.61,0.69,1.44,17.15,1.63,38102127414.0,33368542149.0
2026-07-20T10:45:28,603219.SH,富佳股份,12.97,-0.38,-0.05,13.11,13.29,12.86,13.02,20151.0,26354989.0,0.36,1.35,1735.55,4.58,7281358000.0,7281358000.0
2026-07-20T10:45:28,001205.SZ,盛航股份,12.94,-0.38,-0.05,12.99,13.19,12.85,12.99,20585.0,26763409.96,1.24,1.72,15.46,1.14,2432765808.0,2154307217.0
2026-07-20T10:45:28,002057.SZ,中钢天源,7.79,-0.38,-0.03,7.9,8.09,7.69,7.82,190058.0,149304045.82,2.52,1.37,18.3,1.77,5872754070.0,5868315351.0
2026-07-20T10:45:28,003000.SZ,劲仔食品,10.26,-0.39,-0.04,10.25,10.42,10.12,10.3,32051.0,32942714.0,1.04,1.55,16.23,3.45,4626174071.0,3160698627.0
2026-07-20T10:45:28,920547.BJ,无锡晶海,17.83,-0.39,-0.07,17.85,18.2,17.72,17.9,3947.0,7077275.31,1.05,1.12,17.51,1.94,1385177040.0,673348167.0
2026-07-20T10:45:28,688076.SH,ST诺泰,27.89,-0.39,-0.11,27.95,28.2,27.7,28.0,11058.0,30916074.0,0.35,1.29,17.06,2.93,8835997152.0,8835997152.0
2026-07-20T10:45:28,300462.SZ,ST华铭,10.18,-0.39,-0.04,10.35,10.4,10.08,10.22,4608.0,4701409.0,0.33,1.44,-25.82,1.33,1844839329.0,1405186548.0
2026-07-20T10:45:28,300971.SZ,博亚精工,17.91,-0.39,-0.07,17.91,18.55,17.85,17.98,16252.0,29629097.96,1.76,1.86,43.13,2.0,2106216000.0,1652247648.0
2026-07-20T10:45:28,002852.SZ,道道全,7.58,-0.39,-0.03,7.61,7.69,7.52,7.61,15831.0,12058888.0,0.55,1.16,46.13,1.18,2607279752.0,2166371277.0
2026-07-20T10:45:28,600939.SH,重庆建工,2.56,-0.39,-0.01,2.57,2.6,2.53,2.57,114580.0,29371938.0,0.6,3.15,-32.42,0.69,4870335857.0,4870335857.0
2026-07-20T10:45:28,600235.SH,民丰特纸,5.15,-0.39,-0.02,5.17,5.27,5.12,5.17,32201.0,16710756.0,0.92,1.94,-369.95,1.2,1809195000.0,1809195000.0
2026-07-20T10:45:28,603196.SH,璞源材料,20.51,-0.39,-0.08,20.79,21.19,20.14,20.59,15191.0,31557830.0,0.64,0.99,90.69,4.31,8587279394.0,4860629664.0
2026-07-20T10:45:28,300638.SZ,广和通,19.83,-0.4,-0.08,20.31,20.5,19.6,19.91,217760.0,436162224.41,4.11,2.15,461.21,2.94,17832441687.0,10518797404.0
2026-07-20T10:45:28,301330.SZ,熵基科技,22.27,-0.4,-0.09,22.5,22.92,22.12,22.36,12511.0,28231835.0,0.64,1.44,103.62,1.56,5241279019.0,4327541163.0
2026-07-20T10:45:28,603073.SH,彩蝶实业,14.84,-0.4,-0.06,14.96,15.4,14.79,14.9,6129.0,9240027.0,1.2,1.41,32.51,1.25,1721440000.0,755249864.0
2026-07-20T10:45:28,603586.SH,金麒麟,12.59,-0.4,-0.05,12.88,12.89,12.55,12.64,8814.0,11234474.0,0.45,1.63,72.49,1.11,2468304500.0,2468304500.0
2026-07-20T10:45:28,600303.SH,曙光股份,2.47,-0.4,-0.01,2.48,2.56,2.46,2.48,116668.0,29361828.0,1.72,1.41,-7.01,1.79,1688502401.0,1673455161.0
2026-07-20T10:45:28,301056.SZ,森赫股份,9.96,-0.4,-0.04,10.0,10.38,9.93,10.0,12836.0,13074833.0,0.73,1.63,65.96,3.58,2657195203.0,1752918467.0
2026-07-20T10:45:28,600222.SH,太龙药业,7.42,-0.4,-0.03,7.5,7.53,7.33,7.45,105258.0,78180312.0,1.88,1.28,398.91,2.58,4150474818.0,4150474818.0
2026-07-20T10:45:28,600619.SH,海立股份,12.37,-0.4,-0.05,12.43,12.66,12.32,12.42,68947.0,85952640.0,0.87,1.13,45.83,2.16,13277270302.0,9762092251.0
2026-07-20T10:45:28,603577.SH,汇金通,9.79,-0.41,-0.04,9.83,10.08,9.71,9.83,28375.0,28097651.0,0.84,1.16,61.02,1.7,3320171789.0,3320171789.0
2026-07-20T10:45:28,688161.SH,威高骨科,21.67,-0.41,-0.09,21.76,22.08,21.52,21.76,5335.0,11618598.0,0.13,0.97,48.99,2.11,8668000000.0,8668000000.0
2026-07-20T10:45:28,920806.BJ,云星宇,9.71,-0.41,-0.04,9.72,9.95,9.63,9.75,8363.0,8182122.18,0.28,1.44,39.94,1.9,2920153037.0,2920153037.0
2026-07-20T10:45:28,000545.SZ,金浦钛业,2.45,-0.41,-0.01,2.41,2.5,2.41,2.46,194009.0,47737353.44,1.97,1.2,-21.28,3.88,2417741085.0,2414237585.0
2026-07-20T10:45:28,603990.SH,麦迪科技,17.21,-0.41,-0.07,17.1,18.28,16.79,17.28,139828.0,242965687.0,4.58,2.51,341.45,6.26,5253273868.0,5253273868.0
2026-07-20T10:45:28,300973.SZ,立高食品,24.23,-0.41,-0.1,24.35,24.71,23.56,24.33,18752.0,45235427.0,1.58,1.87,16.02,1.68,4103123853.0,2872800002.0
2026-07-20T10:45:28,920123.BJ,芭薇股份,9.71,-0.41,-0.04,9.64,9.98,9.64,9.75,5767.0,5649528.36,0.91,1.34,27.09,2.68,1083053400.0,617875420.0
2026-07-20T10:45:28,300134.SZ,大富科技,7.37,-0.41,-0.03,7.41,7.57,7.32,7.4,61995.0,46159362.5,0.81,1.51,-26.66,1.55,5656460304.0,5656460304.0
2026-07-20T10:45:28,301101.SZ,明月镜片,28.86,-0.41,-0.12,28.59,29.13,28.53,28.98,16958.0,48888980.82,0.87,1.53,25.9,3.38,5815639206.0,5601816707.0
2026-07-20T10:45:28,600724.SH,宁波富达,4.85,-0.41,-0.02,4.89,4.99,4.83,4.87,60583.0,29819936.0,0.42,1.93,29.18,2.55,7009419194.0,7007971920.0
2026-07-20T10:45:28,920019.BJ,铜冠矿建,14.2,-0.42,-0.06,14.72,14.72,14.12,14.26,9161.0,13128132.1,0.55,1.59,44.67,3.27,2985787140.0,2379006457.0
2026-07-20T10:45:28,600807.SH,济高发展,2.39,-0.42,-0.01,2.42,2.48,2.39,2.4,60760.0,14793312.0,0.77,1.35,-23.12,7.15,2114277007.0,1880974129.0
2026-07-20T10:45:28,300649.SZ,杭州园林,23.59,-0.42,-0.1,23.68,25.97,23.21,23.69,51823.0,126852158.0,4.88,2.1,-82.96,7.18,3123707806.0,2503228411.0
2026-07-20T10:45:28,920057.BJ,百甲科技,4.69,-0.42,-0.02,4.73,4.83,4.66,4.71,4248.0,2016686.58,0.36,0.91,116.83,1.19,850124863.0,546536698.0
2026-07-20T10:45:28,301255.SZ,通力科技,18.8,-0.42,-0.08,18.88,19.48,18.7,18.88,6965.0,13310527.0,0.52,1.43,106.46,2.73,2863616000.0,2513125494.0
2026-07-20T10:45:28,001225.SZ,和泰机电,35.95,-0.42,-0.15,36.1,37.22,35.64,36.1,5798.0,21217778.0,2.76,2.06,87.93,1.71,2357270260.0,756343889.0
2026-07-20T10:45:28,603180.SH,金牌家居,14.33,-0.42,-0.06,14.26,14.67,14.21,14.39,5444.0,7840150.0,0.35,1.27,-39.0,0.82,2210504816.0,2210504816.0
2026-07-20T10:45:28,920946.BJ,森萱医药,9.57,-0.42,-0.04,9.56,9.69,9.5,9.61,18238.0,17498842.23,0.43,1.03,21.71,3.28,4085608514.0,4084352451.0
2026-07-20T10:45:28,600265.SH,*ST景谷,21.4,-0.42,-0.09,21.5,21.76,21.16,21.49,2100.0,4505603.0,0.16,0.96,-662.3,13.12,2777720000.0,2777720000.0
2026-07-20T10:45:28,002102.SZ,ST能特,2.39,-0.42,-0.01,2.39,2.42,2.37,2.4,63447.0,15208249.0,0.29,0.96,62.39,1.91,5916748028.0,5193040359.0
2026-07-20T10:45:28,600201.SH,生物股份,11.53,-0.43,-0.05,11.59,11.7,11.43,11.58,82025.0,94757296.0,0.74,1.51,39.74,2.36,12818452434.0,12818452434.0
2026-07-20T10:45:28,300867.SZ,圣元环保,16.34,-0.43,-0.07,16.41,16.78,16.25,16.41,22162.0,36611805.75,1.16,1.64,9.88,1.11,4440248806.0,3131198611.0
2026-07-20T10:45:28,000701.SZ,厦门信达,4.6,-0.43,-0.02,4.59,4.73,4.5,4.62,91930.0,42847733.75,1.38,0.91,71.47,-5.01,3074240288.0,3071634503.0
2026-07-20T10:45:28,688252.SH,天德钰,16.4,-0.43,-0.07,16.78,16.8,16.18,16.47,37431.0,62017432.0,0.92,1.28,36.43,2.73,6707949992.0,6707949992.0
2026-07-20T10:45:28,920371.BJ,欧福蛋业,6.97,-0.43,-0.03,7.03,7.08,6.93,7.0,5836.0,4072947.26,0.3,0.93,21.05,2.33,1431955386.0,1357822940.0
2026-07-20T10:45:28,002442.SZ,龙星科技,4.61,-0.43,-0.02,4.66,4.72,4.56,4.63,59491.0,27670735.0,1.21,1.39,65.68,1.26,2320552692.0,2265864636.0
2026-07-20T10:45:28,605318.SH,法狮龙,76.33,-0.43,-0.33,77.36,79.83,75.56,76.66,11364.0,88194958.0,0.9,1.69,-2439.7,15.01,9596896707.0,9596896707.0
2026-07-20T10:45:28,002909.SZ,集泰股份,4.62,-0.43,-0.02,4.69,4.79,4.59,4.64,34022.0,16010748.2,0.89,1.39,-35.67,2.12,1801800000.0,1757433271.0
2026-07-20T10:45:28,688533.SH,上声电子,20.5,-0.44,-0.09,20.55,20.88,20.4,20.59,4318.0,8904182.0,0.26,1.47,34.76,1.97,3382235735.0,3382235735.0
2026-07-20T10:45:28,603348.SH,文灿股份,13.63,-0.44,-0.06,13.8,13.85,13.57,13.69,12090.0,16574322.0,0.38,1.41,-13.43,1.1,4286324127.0,4286324127.0
2026-07-20T10:45:28,001380.SZ,华纬科技,15.93,-0.44,-0.07,16.0,16.39,15.85,16.0,8363.0,13470189.41,0.36,1.3,25.87,2.23,4314707533.0,3707426574.0
2026-07-20T10:45:28,000547.SZ,航天发展,13.55,-0.44,-0.06,13.85,13.89,13.35,13.61,324055.0,443565234.74,2.04,0.94,-49.16,5.74,21659245045.0,21532590390.0
2026-07-20T10:45:28,300337.SZ,银邦股份,9.02,-0.44,-0.04,9.24,9.31,8.95,9.06,90398.0,82614973.49,1.27,1.1,33.91,4.21,7413977067.0,6416933633.0
2026-07-20T10:45:28,002855.SZ,捷荣技术,8.95,-0.44,-0.04,8.92,9.23,8.9,8.99,19770.0,17896235.0,0.8,1.44,-29.91,10.65,2205456154.0,2203733726.0
2026-07-20T10:45:28,301193.SZ,家联科技,15.98,-0.44,-0.07,16.05,16.35,15.8,16.05,13676.0,22071270.85,0.74,1.07,-9.76,1.85,3849286865.0,2943218916.0
2026-07-20T10:45:28,002023.SZ,海特高新,8.88,-0.45,-0.04,9.01,9.1,8.73,8.92,114863.0,102568350.21,1.55,1.12,64.48,1.77,6578838887.0,6578838887.0
2026-07-20T10:45:28,600987.SH,航民股份,6.57,-0.45,-0.03,6.61,6.67,6.54,6.6,27885.0,18396451.0,0.27,1.46,12.07,1.02,6706779996.0,6706779996.0
2026-07-20T10:45:28,300823.SZ,建科智能,13.41,-0.45,-0.06,13.53,14.03,13.3,13.47,28697.0,39479799.2,3.38,3.03,30.47,1.87,1756478369.0,1137026203.0
2026-07-20T10:45:28,300512.SZ,中亚股份,6.59,-0.45,-0.03,6.65,6.78,6.56,6.62,28833.0,19256312.0,0.89,2.39,30.85,1.66,2696874301.0,2134548455.0
2026-07-20T10:45:28,001260.SZ,坤泰股份,15.52,-0.45,-0.07,15.87,16.15,15.28,15.59,8811.0,13897911.0,0.77,2.09,175.9,2.21,1784800000.0,1784800000.0
2026-07-20T10:45:28,000837.SZ,秦川机床,8.89,-0.45,-0.04,8.95,9.08,8.81,8.93,91550.0,82132875.5,0.91,1.19,93.71,1.85,9095766491.0,8955815666.0
2026-07-20T10:45:28,600768.SH,宁波富邦,13.42,-0.45,-0.06,13.47,13.71,13.29,13.48,19946.0,26940025.0,1.49,1.32,16.03,3.92,1794887424.0,1794887424.0
2026-07-20T10:45:28,300269.SZ,联建光电,4.42,-0.45,-0.02,4.48,4.59,4.39,4.44,112167.0,50490506.0,2.13,1.26,-35.06,29.1,2417633164.0,2323352350.0
2026-07-20T10:45:28,603185.SH,弘元绿能,13.14,-0.45,-0.06,13.2,13.44,13.07,13.2,63480.0,84181408.0,0.93,1.58,-7.72,0.77,8975629178.0,8922351734.0
2026-07-20T10:45:28,301120.SZ,新特电气,13.25,-0.45,-0.06,13.24,13.73,13.12,13.31,48585.0,65545327.0,2.21,2.14,-658.46,3.19,4943917579.0,2917636247.0
2026-07-20T10:45:28,002174.SZ,游族网络,11.14,-0.45,-0.05,11.36,11.49,11.0,11.19,202768.0,226602594.3,2.07,1.1,26.3,2.41,10915094172.0,10908945728.0
2026-07-20T10:45:28,002615.SZ,哈尔斯,6.63,-0.45,-0.03,6.78,6.78,6.54,6.66,49086.0,32677862.0,1.62,1.18,768.09,1.56,3711551717.0,2003072911.0
2026-07-20T10:45:28,300439.SZ,美康生物,8.66,-0.46,-0.04,8.7,8.84,8.62,8.7,24899.0,21713860.0,0.85,1.54,24.64,1.12,3328200938.0,2531595562.0
2026-07-20T10:45:28,003016.SZ,欣贺股份,6.54,-0.46,-0.03,6.54,6.68,6.48,6.57,23489.0,15439144.0,0.57,1.12,38.09,1.02,2750211342.0,2687173787.0
2026-07-20T10:45:28,301283.SZ,聚胶股份,23.77,-0.46,-0.11,23.88,24.39,23.55,23.88,8373.0,20121351.75,0.92,2.05,17.38,1.73,2762614910.0,2171655772.0
2026-07-20T10:45:28,002664.SZ,信质集团,15.28,-0.46,-0.07,15.55,15.68,15.13,15.35,23399.0,36047983.0,0.58,1.18,56.0,1.76,6237296000.0,6151362625.0
2026-07-20T10:45:28,300810.SZ,中科海讯,21.59,-0.46,-0.1,22.0,22.35,21.49,21.69,9065.0,19902542.0,0.8,1.28,-45.48,3.32,2548699500.0,2461356615.0
2026-07-20T10:45:28,603409.SH,汇通控股,16.97,-0.47,-0.08,17.06,17.46,16.92,17.05,10480.0,18045938.0,1.95,1.7,19.15,2.1,3186590844.0,914309864.0
2026-07-20T10:45:28,002443.SZ,金洲管道,8.43,-0.47,-0.04,8.6,8.65,8.34,8.47,58063.0,49370736.0,1.12,1.04,27.48,1.26,4388114434.0,4388114434.0
2026-07-20T10:45:28,920101.BJ,志高机械,16.49,-0.48,-0.08,16.51,16.73,16.39,16.57,1062.0,1755755.55,0.27,1.18,22.88,1.95,2058074735.0,642218781.0
2026-07-20T10:45:28,688411.SH,海博思创,180.8,-0.48,-0.88,184.53,186.93,178.82,181.68,17411.0,319448635.0,1.31,1.48,40.49,6.98,32987834349.0,23969429101.0
2026-07-20T10:45:28,300102.SZ,乾照光电,16.55,-0.48,-0.08,17.01,17.29,16.36,16.63,168569.0,284433529.92,1.84,0.98,128.47,3.54,15231525433.0,15158537765.0
2026-07-20T10:45:28,688528.SH,秦川物联,8.21,-0.48,-0.04,8.29,8.55,8.18,8.25,10419.0,8695556.0,0.62,1.82,-14.65,3.1,1379280000.0,1379280000.0
2026-07-20T10:45:28,603122.SH,合富中国,10.26,-0.48,-0.05,10.06,10.56,10.0,10.31,102428.0,105762912.0,2.57,1.3,-123.23,3.91,4084020015.0,4084020015.0
2026-07-20T10:45:28,603208.SH,江山欧派,10.43,-0.48,-0.05,10.4,10.74,10.4,10.48,8809.0,9296596.0,0.5,1.29,-12.61,1.81,1834421589.0,1834421589.0
2026-07-20T10:45:28,600822.SH,上海物贸,8.29,-0.48,-0.04,8.26,8.41,8.2,8.33,24081.0,20014046.0,0.61,2.05,174.86,3.31,4111615457.0,3284066157.0
2026-07-20T10:45:28,300230.SZ,永利股份,4.14,-0.48,-0.02,4.17,4.21,4.12,4.16,49424.0,20602989.62,0.78,1.87,20.56,1.08,3366703646.0,2607465146.0
2026-07-20T10:45:28,688717.SH,艾罗能源,57.47,-0.48,-0.28,57.93,59.2,57.04,57.75,23752.0,138190670.0,2.4,1.53,34.49,2.07,9195200000.0,5692277526.0
2026-07-20T10:45:28,920076.BJ,国亮新材,12.44,-0.48,-0.06,12.5,12.61,12.41,12.5,2030.0,2535206.6,0.55,0.96,15.98,1.5,1456578290.0,458189271.0
2026-07-20T10:45:28,300412.SZ,迦南科技,4.08,-0.49,-0.02,4.1,4.2,4.03,4.1,63854.0,26338371.6,1.36,1.28,-55.04,2.0,2030847079.0,1908875516.0
2026-07-20T10:45:28,920304.BJ,迪尔化工,8.16,-0.49,-0.04,8.27,8.37,8.12,8.2,3896.0,3206101.86,0.29,1.4,38.06,2.68,1383430080.0,1113464901.0
2026-07-20T10:45:28,002698.SZ,博实股份,12.12,-0.49,-0.06,12.3,12.4,11.97,12.18,75640.0,91772272.26,0.9,1.4,39.51,2.93,12393446289.0,10230956499.0
2026-07-20T10:45:28,002611.SZ,东方精工,14.08,-0.49,-0.07,14.27,14.52,13.9,14.15,125529.0,178745248.7,1.25,1.04,-454.74,3.03,17139385585.0,14135790592.0
2026-07-20T10:45:28,002678.SZ,珠江钢琴,4.03,-0.49,-0.02,4.01,4.12,4.01,4.05,47485.0,19311458.0,0.35,1.37,-30.11,1.8,5474030902.0,5471025025.0
2026-07-20T10:45:28,920566.BJ,梓橦宫,9.94,-0.5,-0.05,9.9,10.1,9.83,9.99,18462.0,18381409.85,1.64,0.92,14.84,1.73,1435951087.0,1116724816.0
2026-07-20T10:45:28,920832.BJ,齐鲁华信,5.97,-0.5,-0.03,6.1,6.1,5.9,6.0,2278.0,1367324.49,0.18,0.78,-35.56,1.15,828420274.0,739477471.0
2026-07-20T10:45:28,603213.SH,镇洋发展,13.85,-0.5,-0.07,13.93,14.02,13.75,13.92,18326.0,25442912.0,0.41,1.29,47.15,3.35,6161776845.0,6161776845.0
2026-07-20T10:45:28,301192.SZ,泰祥股份,17.77,-0.5,-0.09,17.87,18.49,17.67,17.86,7936.0,14381339.5,1.61,1.75,46.87,2.77,1799070340.0,874475028.0
2026-07-20T10:45:28,688238.SH,和元生物,5.94,-0.5,-0.03,6.01,6.12,5.91,5.97,128467.0,77339085.0,1.98,1.02,-18.16,2.84,3855277998.0,3845752614.0
2026-07-20T10:45:28,603058.SH,永吉股份,7.96,-0.5,-0.04,8.0,8.18,7.92,8.0,21714.0,17492715.0,0.52,1.52,-61.16,2.79,3300960785.0,3300721985.0
2026-07-20T10:45:28,002623.SZ,亚玛顿,13.85,-0.5,-0.07,13.92,14.3,13.76,13.92,26993.0,38015802.5,1.4,1.35,-17.25,1.01,2673915805.0,2668010511.0
2026-07-20T10:45:28,603173.SH,福斯达,30.93,-0.51,-0.16,30.9,31.3,30.61,31.09,5012.0,15513911.0,0.31,1.38,13.38,2.54,4948800000.0,4948800000.0
2026-07-20T10:45:28,603085.SH,天成自控,9.77,-0.51,-0.05,9.82,10.16,9.63,9.82,41734.0,41221837.0,1.05,1.76,38.62,4.01,3879667000.0,3879667000.0
2026-07-20T10:45:28,001299.SZ,美能能源,9.74,-0.51,-0.05,9.86,10.06,9.67,9.79,25149.0,24857893.27,0.89,1.7,27.63,2.73,3060455921.0,2755205188.0
2026-07-20T10:45:28,600976.SH,健民集团,29.27,-0.51,-0.15,29.43,29.72,28.71,29.42,15501.0,45264232.0,1.01,1.06,12.79,1.72,4489977022.0,4487050022.0
2026-07-20T10:45:28,605199.SH,ST葫芦娃,5.85,-0.51,-0.03,5.88,5.98,5.75,5.88,9638.0,5657215.0,0.24,0.79,-20.21,6.1,2340636199.0,2340636199.0
2026-07-20T10:45:28,600350.SH,山东高速,11.77,-0.51,-0.06,11.8,11.88,11.23,11.83,86424.0,99652274.0,0.18,2.24,17.04,1.99,56902898610.0,56902898610.0
2026-07-20T10:45:28,688251.SH,井松智能,19.5,-0.51,-0.1,19.7,20.36,19.21,19.6,8848.0,17542290.0,0.89,1.61,-28.08,2.34,1961748068.0,1948114155.0
2026-07-20T10:45:28,300313.SZ,天山生物,7.82,-0.51,-0.04,7.96,8.06,7.74,7.86,18305.0,14511811.0,0.93,1.05,112.64,51.04,1875071733.0,1543298810.0
2026-07-20T10:45:28,603768.SH,常青股份,9.71,-0.51,-0.05,9.77,10.1,9.68,9.76,32349.0,31987392.0,1.36,3.77,83.3,1.06,2310551371.0,2310551371.0
2026-07-20T10:45:28,605167.SH,利柏特,13.69,-0.51,-0.07,13.73,13.99,13.58,13.76,22960.0,31674883.0,0.45,1.23,52.09,2.52,6980634962.0,6980634962.0
2026-07-20T10:45:28,300918.SZ,南山智尚,9.83,-0.51,-0.05,9.98,10.1,9.76,9.88,40517.0,40201418.0,0.8,0.85,40.4,1.29,4975301417.0,4975301417.0
2026-07-20T10:45:28,001393.SZ,维通利,42.33,-0.52,-0.22,42.55,43.3,41.95,42.55,13107.0,55900752.68,2.73,1.45,53.68,2.92,10554280028.0,2033540862.0
2026-07-20T10:45:28,300928.SZ,华安鑫创,25.03,-0.52,-0.13,25.33,25.76,24.92,25.16,5575.0,14098978.0,1.04,1.12,-28.02,1.98,2002400000.0,1341312721.0
2026-07-20T10:45:28,002386.SZ,天原股份,5.76,-0.52,-0.03,5.8,5.82,5.72,5.79,99184.0,57245327.4,0.76,1.2,24.48,0.98,7497487140.0,7496090133.0
2026-07-20T10:45:28,000630.SZ,铜陵有色,5.76,-0.52,-0.03,5.81,5.87,5.7,5.79,1108077.0,640297647.17,0.99,1.38,14.43,2.1,77238555898.0,64183620252.0
2026-07-20T10:45:28,002176.SZ,江特电机,7.64,-0.52,-0.04,7.73,7.81,7.55,7.68,367337.0,282158546.09,2.16,1.93,-18.14,4.41,13036327439.0,13017303839.0
2026-07-20T10:45:28,920112.BJ,巴兰仕,15.25,-0.52,-0.08,15.4,15.56,15.22,15.33,751.0,1156987.63,0.22,0.72,16.4,1.98,1811547500.0,531458764.0
2026-07-20T10:45:28,300885.SZ,海昌新材,19.3,-0.52,-0.1,19.56,19.93,19.06,19.4,20979.0,40970965.84,1.26,1.35,49.71,5.35,4789329740.0,3223443058.0
2026-07-20T10:45:28,301295.SZ,美硕科技,36.41,-0.52,-0.19,37.31,37.9,32.9,36.6,21413.0,78452313.0,7.28,1.5,45.35,3.84,3670128000.0,1070454000.0
2026-07-20T10:45:28,600171.SH,上海贝岭,23.15,-0.52,-0.12,23.5,23.67,22.88,23.27,83195.0,194028785.0,1.17,1.17,183.02,3.68,16411574464.0,16411574464.0
2026-07-20T10:45:28,603856.SH,东宏股份,11.28,-0.53,-0.06,11.35,11.68,11.24,11.34,26945.0,30896918.0,0.96,1.49,17.83,1.17,3181592357.0,3181592357.0
2026-07-20T10:45:28,600711.SH,盛屯矿业,9.3,-0.53,-0.05,9.4,9.5,9.22,9.35,374048.0,350611850.0,1.21,1.28,7.04,1.66,28742687424.0,28742687424.0
2026-07-20T10:45:28,301079.SZ,邵阳液压,26.45,-0.53,-0.14,26.7,27.5,26.27,26.59,18649.0,50212424.02,2.42,1.24,233.63,6.04,2881257589.0,2034888747.0
2026-07-20T10:45:28,000670.SZ,盈方微,5.66,-0.53,-0.03,5.79,5.83,5.61,5.69,126707.0,72809339.0,1.53,1.27,-102.3,155.64,4787932540.0,4700234236.0
2026-07-20T10:45:28,300660.SZ,江苏雷利,25.82,-0.54,-0.14,26.08,26.58,25.71,25.96,34355.0,89910947.09,0.59,1.37,57.1,4.3,15008585360.0,14999558120.0
2026-07-20T10:45:28,603030.SH,全筑股份,1.84,-0.54,-0.01,1.85,1.9,1.83,1.85,190531.0,35455313.0,1.45,1.43,269.55,3.47,2423157677.0,2423157677.0
2026-07-20T10:45:28,600531.SH,豫光金铅,10.99,-0.54,-0.06,11.19,11.29,10.87,11.05,226192.0,250335784.0,1.87,1.41,12.09,1.94,13289797051.0,13289797051.0
2026-07-20T10:45:28,920008.BJ,成电光信,18.46,-0.54,-0.1,18.79,19.15,18.45,18.56,2680.0,5014405.75,0.79,1.82,-7110.53,3.67,1176825000.0,628908073.0
2026-07-20T10:45:28,688339.SH,亿华通-U,16.72,-0.54,-0.09,16.61,17.25,16.61,16.81,18301.0,30966881.0,0.93,1.51,-19.7,2.09,4021696394.0,3273560630.0
2026-07-20T10:45:28,300752.SZ,隆利科技,9.19,-0.54,-0.05,9.35,9.53,9.1,9.24,42373.0,39682194.0,1.9,1.29,47.59,2.35,2967170503.0,2050950404.0
2026-07-20T10:45:28,301149.SZ,隆华新材,7.38,-0.54,-0.04,7.54,7.62,7.3,7.42,39226.0,29301044.8,1.15,1.42,22.09,1.99,4125420170.0,2510017431.0
2026-07-20T10:45:28,002661.SZ,克明食品,7.34,-0.54,-0.04,7.38,7.46,7.3,7.38,22614.0,16684113.0,0.71,2.04,18.01,1.09,2445231026.0,2331982599.0
2026-07-20T10:45:28,000733.SZ,振华科技,38.78,-0.54,-0.21,39.5,39.88,38.15,38.99,91991.0,358918240.21,1.66,1.34,337.75,1.38,21490690534.0,21487793668.0
2026-07-20T10:45:28,002669.SZ,康达新材,10.77,-0.55,-0.06,10.93,11.04,10.63,10.83,67444.0,73494642.0,2.23,1.38,119.01,1.19,3267618000.0,3260270706.0
2026-07-20T10:45:28,300922.SZ,天秦装备,14.51,-0.55,-0.08,14.59,14.92,14.41,14.59,24934.0,36546482.0,1.98,1.23,2395.08,2.39,2333968034.0,1831321349.0
2026-07-20T10:45:28,603009.SH,北特科技,41.79,-0.55,-0.23,42.5,43.2,41.36,42.02,45835.0,193621237.0,1.35,1.74,133.16,7.21,14475630369.0,14142110856.0
2026-07-20T10:45:28,600980.SH,北矿科技,16.32,-0.55,-0.09,16.44,16.67,16.22,16.41,11431.0,18818799.0,0.6,1.47,34.36,2.05,3154060744.0,3088780744.0
2026-07-20T10:45:28,600418.SH,江淮汽车,21.23,-0.56,-0.12,21.46,21.88,21.06,21.35,265289.0,569897609.0,1.21,1.22,-19.74,3.8,47856203080.0,46366527863.0
2026-07-20T10:45:28,603956.SH,威派格,5.35,-0.56,-0.03,5.44,5.53,5.28,5.38,76366.0,41168446.0,1.34,1.43,-13.13,1.65,3048998630.0,3048998630.0
2026-07-20T10:45:28,300415.SZ,伊之密,19.66,-0.56,-0.11,19.82,20.24,19.5,19.77,36887.0,73211628.32,0.81,1.31,17.04,2.96,9211930571.0,8907791453.0
2026-07-20T10:45:28,002729.SZ,好利科技,12.48,-0.56,-0.07,12.75,12.95,12.35,12.55,24255.0,30900985.6,1.38,1.26,59.5,4.03,2283464602.0,2189754116.0
2026-07-20T10:45:28,002168.SZ,ST惠程,3.57,-0.56,-0.02,3.56,3.62,3.56,3.59,27728.0,9910334.0,0.35,1.53,-145.97,249.74,2799463224.0,2799463224.0
2026-07-20T10:45:28,000669.SZ,ST金鸿,3.53,-0.56,-0.02,3.56,3.63,3.51,3.55,35725.0,12727759.0,0.53,1.35,888.67,39.5,2401843053.0,2401843053.0
2026-07-20T10:45:28,688639.SH,华恒生物,16.05,-0.56,-0.09,16.1,16.44,15.87,16.14,40628.0,65533579.0,1.62,1.76,23.84,1.52,4014356873.0,4014356873.0
2026-07-20T10:45:28,300564.SZ,筑博设计,12.17,-0.57,-0.07,12.12,12.55,12.1,12.24,22438.0,27692509.0,1.98,1.21,-88.76,1.63,1963205984.0,1377543598.0
2026-07-20T10:45:28,603162.SH,海通发展,10.47,-0.57,-0.06,10.53,10.77,10.03,10.53,251768.0,260086371.0,5.97,1.36,17.11,3.13,14402690673.0,4416685887.0
2026-07-20T10:45:28,605398.SH,新炬网络,19.25,-0.57,-0.11,19.33,19.96,19.17,19.36,10260.0,20013288.0,0.63,1.44,249.85,3.01,3132290296.0,3132290296.0
2026-07-20T10:45:28,000032.SZ,深桑达Ａ,15.39,-0.58,-0.09,15.84,16.15,15.15,15.48,276070.0,432076382.0,2.43,1.6,-56.74,2.54,18701609596.0,17513192611.0
2026-07-20T10:45:28,002820.SZ,桂发祥,8.54,-0.58,-0.05,8.54,8.76,8.51,8.59,41278.0,35655840.2,2.05,1.93,58.59,2.03,1715415239.0,1715415239.0
2026-07-20T10:45:28,301515.SZ,港通医疗,17.28,-0.58,-0.1,17.41,17.95,17.23,17.38,9566.0,16823598.84,1.46,2.14,-651.71,1.41,1728000000.0,1133059104.0
2026-07-20T10:45:28,603517.SH,ST绝味,10.33,-0.58,-0.06,10.31,10.44,10.21,10.39,16071.0,16583469.0,0.27,0.93,21.93,1.04,6259999999.0,6259999999.0
2026-07-20T10:45:28,301068.SZ,大地海洋,25.81,-0.58,-0.15,25.96,26.68,25.44,25.96,4636.0,12158890.54,0.46,0.88,67.03,4.53,3647359301.0,2589298560.0
2026-07-20T10:45:28,002630.SZ,*ST华西,1.71,-0.58,-0.01,1.72,1.77,1.7,1.72,51306.0,8853992.0,0.48,1.22,-27.47,-26.52,2019168000.0,1840881374.0
2026-07-20T10:45:28,002849.SZ,威星智能,13.42,-0.59,-0.08,13.7,14.13,13.28,13.5,37356.0,51424961.0,1.71,1.4,29.08,2.16,2960908495.0,2936921157.0
2026-07-20T10:45:28,002633.SZ,申科股份,13.47,-0.59,-0.08,13.68,14.05,13.42,13.55,18480.0,25501165.48,1.24,2.4,97.09,4.7,2020500000.0,2013339860.0
2026-07-20T10:45:28,688561.SH,奇安信-U,25.26,-0.59,-0.15,25.41,25.9,25.0,25.41,54061.0,137204249.0,0.79,1.64,-11.1,2.44,17233703834.0,17233703834.0
2026-07-20T10:45:28,688659.SH,元琛科技,8.49,-0.59,-0.05,8.61,8.82,8.44,8.54,20545.0,17840334.0,1.28,1.49,81.49,2.63,1358400000.0,1358400000.0
2026-07-20T10:45:28,920187.BJ,通领科技,18.5,-0.59,-0.11,18.57,18.83,18.39,18.61,2619.0,4858213.21,0.79,1.23,15.86,1.35,1673880000.0,614112403.0
2026-07-20T10:45:28,603602.SH,纵横通信,10.06,-0.59,-0.06,10.14,10.4,9.99,10.12,29928.0,30435294.0,1.3,2.36,117.01,2.61,2324438390.0,2324438390.0
2026-07-20T10:45:28,600594.SH,益佰制药,3.37,-0.59,-0.02,3.39,3.42,3.33,3.39,142290.0,48185563.0,1.81,1.26,-22.38,1.22,2643407443.0,2643407443.0
2026-07-20T10:45:28,002047.SZ,宝鹰股份,3.38,-0.59,-0.02,3.48,3.53,3.35,3.4,137378.0,47471284.6,0.91,1.96,-139.35,125.91,5124920582.0,5124617207.0
2026-07-20T10:45:28,603836.SH,海程邦达,8.45,-0.59,-0.05,8.5,8.68,8.41,8.5,18273.0,15587604.0,0.66,0.92,50.16,1.42,2418468855.0,2356952855.0
2026-07-20T10:45:28,300032.SZ,金龙机电,3.35,-0.59,-0.02,3.35,3.45,3.32,3.37,118387.0,40175157.0,1.47,1.68,-33.4,4.16,2690618187.0,2690618187.0
2026-07-20T10:45:28,301227.SZ,森鹰窗业,18.69,-0.59,-0.11,18.85,19.39,18.48,18.8,11600.0,22040693.0,1.57,1.04,-29.11,1.53,2456967533.0,1381348688.0
2026-07-20T10:45:28,002353.SZ,杰瑞股份,116.74,-0.6,-0.71,120.0,120.98,114.08,117.45,115401.0,1360596714.1,1.67,1.67,50.8,5.25,119524929944.0,80671847915.0
2026-07-20T10:45:28,301314.SZ,科瑞思,36.19,-0.6,-0.22,36.82,37.73,36.03,36.41,5604.0,20755343.7,3.07,1.66,489.06,1.92,1999497500.0,660733931.0
2026-07-20T10:45:28,605369.SH,拱东医疗,16.45,-0.6,-0.1,16.45,16.77,16.38,16.55,7756.0,12838979.0,0.35,1.07,28.34,2.15,3627109011.0,3627109011.0
2026-07-20T10:45:28,688290.SH,景业智能,51.07,-0.6,-0.31,52.15,53.56,50.5,51.38,6526.0,33943183.0,0.64,1.67,-168.42,3.89,5218828694.0,5218828694.0
2026-07-20T10:45:28,301586.SZ,佳力奇,30.01,-0.6,-0.18,29.89,30.92,29.62,30.19,4397.0,13330299.0,0.83,1.65,166.02,1.93,2490094845.0,1587861211.0
2026-07-20T10:45:28,600774.SH,汉商集团,6.62,-0.6,-0.04,6.66,6.83,6.55,6.66,34154.0,22877044.0,1.16,1.91,-89.43,1.32,1953114501.0,1952106772.0
2026-07-20T10:45:28,300737.SZ,科顺股份,4.9,-0.61,-0.03,4.99,5.04,4.84,4.93,134488.0,66527546.13,1.52,1.48,21.4,1.38,5440255953.0,4347168427.0
2026-07-20T10:45:28,300027.SZ,ST华谊,1.64,-0.61,-0.01,1.64,1.67,1.63,1.65,115260.0,19029627.2,0.45,1.2,-39.6,-397.02,4550189707.0,4205907672.0
2026-07-20T10:45:28,300405.SZ,科隆股份,4.89,-0.61,-0.03,4.93,5.12,4.86,4.92,57781.0,28843379.9,2.64,2.06,284.31,3.57,1390582361.0,1070046226.0
2026-07-20T10:45:28,300195.SZ,长荣股份,4.89,-0.61,-0.03,4.89,5.03,4.85,4.92,59983.0,29757621.08,1.91,1.26,-15.61,0.78,2071930927.0,1534800002.0
2026-07-20T10:45:28,920121.BJ,江天科技,27.73,-0.61,-0.17,27.79,28.49,27.61,27.9,547.0,1533762.03,0.46,1.15,15.32,2.35,1832070715.0,329772758.0
2026-07-20T10:45:28,300088.SZ,长信科技,6.55,-0.61,-0.04,6.81,6.86,6.45,6.59,734157.0,488601139.71,2.95,1.39,85.35,1.91,16360154942.0,16280040700.0
2026-07-20T10:45:28,002418.SZ,康盛股份,3.22,-0.62,-0.02,3.24,3.33,3.2,3.24,211525.0,69307459.0,1.86,1.69,189.27,2.51,3659208000.0,3659198462.0
2026-07-20T10:45:28,603685.SH,晨丰科技,27.05,-0.62,-0.17,27.51,27.74,26.72,27.22,9999.0,27183037.0,0.5,1.23,171.59,3.39,6842312864.0,5449648456.0
2026-07-20T10:45:28,000890.SZ,法尔胜,6.45,-0.62,-0.04,6.51,6.73,6.4,6.49,93918.0,61859186.09,2.24,1.78,-73.64,138.42,2705800594.0,2705717247.0
2026-07-20T10:45:28,002598.SZ,ST章鼓,6.44,-0.62,-0.04,6.45,6.59,6.43,6.48,13770.0,8970899.43,0.48,1.21,29.22,1.65,2009621178.0,1845253355.0
2026-07-20T10:45:28,300817.SZ,双飞集团,14.33,-0.62,-0.09,14.41,14.73,14.22,14.42,13171.0,19092616.8,1.05,1.35,47.02,3.05,3128213779.0,1794993755.0
2026-07-20T10:45:28,603214.SH,爱婴室,12.76,-0.62,-0.08,12.68,13.06,12.68,12.84,19867.0,25583374.0,1.43,2.0,51.61,1.53,1767770859.0,1767770859.0
2026-07-20T10:45:28,003017.SZ,大洋生物,20.86,-0.62,-0.13,20.99,21.44,20.83,20.99,7502.0,15822030.12,0.9,1.37,17.03,1.84,2102688000.0,1734416924.0
2026-07-20T10:45:28,002873.SZ,新天药业,7.84,-0.63,-0.05,7.84,8.01,7.78,7.89,44197.0,34911430.2,1.84,1.25,136.89,1.53,1913773839.0,1879173896.0
2026-07-20T10:45:28,603223.SH,恒通股份,11.06,-0.63,-0.07,11.5,11.94,11.02,11.13,122840.0,140421510.0,1.74,1.31,20.95,1.93,7806393455.0,7806393455.0
2026-07-20T10:45:28,688621.SH,阳光诺和,57.22,-0.63,-0.36,57.82,58.0,54.72,57.58,23365.0,132610855.0,2.09,1.19,77.66,5.2,6408640000.0,6408640000.0
2026-07-20T10:45:28,300291.SZ,百纳千成,4.74,-0.63,-0.03,4.8,4.87,4.7,4.77,185515.0,88662222.2,2.0,1.42,83.4,2.19,4464556946.0,4407559598.0
2026-07-20T10:45:28,688466.SH,金科环境,12.52,-0.63,-0.08,12.61,12.95,12.41,12.6,8041.0,10206542.0,0.66,1.69,164.68,1.37,1529369983.0,1529369983.0
2026-07-20T10:45:28,688212.SH,澳华内镜,26.63,-0.63,-0.17,26.88,27.18,26.38,26.8,16247.0,43452878.0,1.21,1.77,-36.69,2.79,3586135608.0,3586135608.0
2026-07-20T10:45:28,300320.SZ,海达股份,7.9,-0.63,-0.05,8.04,8.1,7.82,7.95,37856.0,30138707.0,0.78,1.73,19.0,1.84,4749750109.0,3834103848.0
2026-07-20T10:45:28,603028.SH,赛福天,6.18,-0.64,-0.04,6.23,6.43,6.16,6.22,17934.0,11308171.0,0.63,1.22,-91.55,3.82,1773907200.0,1756294200.0
2026-07-20T10:45:28,002522.SZ,浙江众成,4.65,-0.64,-0.03,4.71,4.82,4.61,4.68,147166.0,69357840.82,1.63,1.31,68.89,1.82,4211874150.0,4208342437.0
2026-07-20T10:45:28,002188.SZ,中天服务,4.66,-0.64,-0.03,4.7,4.84,4.61,4.69,54795.0,25986977.52,2.13,1.55,60.28,4.23,1524304006.0,1199311613.0
2026-07-20T10:45:28,300121.SZ,阳谷华泰,9.31,-0.64,-0.06,9.3,9.44,9.26,9.37,55778.0,52146496.0,1.3,0.77,17.26,1.17,4145167986.0,3997778127.0
2026-07-20T10:45:28,300046.SZ,台基股份,23.39,-0.64,-0.15,23.96,24.18,23.12,23.54,29059.0,68929038.92,1.23,1.34,101.34,4.97,5532468768.0,5532468768.0
2026-07-20T10:45:28,000792.SZ,盐湖股份,24.77,-0.64,-0.16,25.03,25.1,24.36,24.93,405828.0,1002412646.24,0.77,1.55,10.83,2.93,131072251841.0,131071083440.0
2026-07-20T10:45:28,603200.SH,上海洗霸,33.46,-0.65,-0.22,33.46,34.45,33.18,33.68,18505.0,62662950.0,1.05,1.56,789.32,5.36,5871564246.0,5871564246.0
2026-07-20T10:45:28,603061.SH,金海通,303.27,-0.65,-1.98,320.51,327.98,299.2,305.25,25744.0,806489616.0,2.96,1.9,79.95,15.66,26384490000.0,26384490000.0
2026-07-20T10:45:28,300691.SZ,联合光电,12.29,-0.65,-0.08,12.42,12.63,12.19,12.37,25661.0,31862066.0,1.16,1.31,-213.94,2.01,3306609334.0,2712871495.0
2026-07-20T10:45:28,300923.SZ,研奥股份,19.93,-0.65,-0.13,20.12,20.85,19.79,20.06,7306.0,14863084.0,0.96,1.82,233.87,1.41,1566498000.0,1521189636.0
2026-07-20T10:45:28,920564.BJ,天润科技,13.85,-0.65,-0.09,14.0,14.33,13.75,13.94,4448.0,6264210.28,0.9,1.27,-20.47,4.89,1480902178.0,681265379.0
2026-07-20T10:45:28,301578.SZ,辰奕智能,19.98,-0.65,-0.13,20.2,20.76,19.89,20.11,6840.0,13901225.8,2.27,1.4,-120.64,2.32,2116501540.0,601814983.0
2026-07-20T10:45:28,000615.SZ,*ST美谷,3.07,-0.65,-0.02,3.09,3.1,3.06,3.09,17105.0,5267182.9,0.18,1.3,-6.35,3.36,5487602568.0,2840574157.0
2026-07-20T10:45:28,002531.SZ,天顺风能,6.1,-0.65,-0.04,6.14,6.29,6.04,6.14,303235.0,186857958.06,1.7,1.29,66.18,1.26,10960959814.0,10899390324.0
2026-07-20T10:45:28,301507.SZ,民生健康,12.24,-0.65,-0.08,12.29,12.44,12.09,12.32,23337.0,28651945.43,2.12,1.49,17.38,2.74,4364224999.0,1347279542.0
2026-07-20T10:45:28,300812.SZ,易天股份,18.18,-0.66,-0.12,18.64,18.98,17.88,18.3,42823.0,78942395.32,2.41,1.65,99.77,4.59,3565240531.0,3234943310.0
2026-07-20T10:45:28,300463.SZ,迈克生物,9.01,-0.66,-0.06,9.03,9.2,8.99,9.07,51772.0,46983724.0,1.05,1.44,151.57,0.87,5448046282.0,4429306431.0
2026-07-20T10:45:28,300484.SZ,蓝海华腾,12.04,-0.66,-0.08,12.16,12.37,11.98,12.12,15997.0,19494551.0,0.96,0.9,52.66,3.78,2494253356.0,2002885605.0
2026-07-20T10:45:28,300763.SZ,锦浪科技,57.42,-0.66,-0.38,58.35,58.86,56.94,57.8,52120.0,302197764.13,1.62,1.6,93.42,2.55,22856694086.0,18465971004.0
2026-07-20T10:45:28,603559.SH,中通国脉,7.5,-0.66,-0.05,7.66,7.85,7.4,7.55,49777.0,37816911.0,1.24,1.13,111.65,3.84,3009577343.0,3009577343.0
2026-07-20T10:45:28,000629.SZ,钒钛股份,3.0,-0.66,-0.02,3.0,3.05,2.96,3.02,634820.0,190705164.95,0.68,2.04,96.96,2.25,27872843535.0,27871333290.0
2026-07-20T10:45:28,300902.SZ,国安达,13.36,-0.67,-0.09,13.45,13.8,13.31,13.45,13674.0,18557424.93,1.1,1.11,-89.09,2.99,2428893010.0,1667266998.0
2026-07-20T10:45:28,603730.SH,岱美股份,10.33,-0.67,-0.07,10.21,10.78,10.02,10.4,118170.0,122378079.0,0.55,1.18,29.76,5.0,22194972725.0,22194972725.0
2026-07-20T10:45:28,688205.SH,德科立,133.98,-0.67,-0.9,139.99,143.45,131.0,134.88,44794.0,618092854.0,2.81,2.19,271.58,9.05,21334638642.0,21334638642.0
2026-07-20T10:45:28,603041.SH,美思德,10.31,-0.67,-0.07,10.29,10.6,10.24,10.38,18378.0,19138783.0,1.0,2.04,33.13,1.25,1888252705.0,1888252705.0
2026-07-20T10:45:28,300604.SZ,长川科技,276.9,-0.67,-1.86,288.99,296.66,268.88,278.76,180226.0,5078876452.87,3.68,1.76,124.57,34.93,175670514217.0,135534640352.0
2026-07-20T10:45:28,300152.SZ,*ST动力,1.48,-0.67,-0.01,1.49,1.52,1.47,1.49,77582.0,11587944.0,1.09,1.21,-77.82,4.99,1054944000.0,1054903781.0
2026-07-20T10:45:28,920108.BJ,宏海科技,8.77,-0.68,-0.06,8.8,8.88,8.6,8.83,2052.0,1800803.28,0.28,1.13,39.64,3.16,1510194000.0,639926291.0
2026-07-20T10:45:28,603739.SH,蔚蓝生物,11.74,-0.68,-0.08,11.73,12.03,11.67,11.82,17875.0,21132195.0,0.71,1.33,41.56,1.67,2970558887.0,2970558887.0
2026-07-20T10:45:28,002571.SZ,德力股份,10.18,-0.68,-0.07,10.3,10.34,10.11,10.25,22660.0,23190046.7,0.76,1.07,-55.21,5.01,3990058126.0,3036756994.0
2026-07-20T10:45:28,600053.SH,*ST九鼎,7.23,-0.69,-0.05,7.28,7.43,7.17,7.28,7767.0,5679558.0,0.18,1.3,-22.91,1.41,3134499984.0,3134499984.0
2026-07-20T10:45:28,002762.SZ,金发拉比,7.18,-0.69,-0.05,7.23,7.39,7.11,7.23,13539.0,9833440.0,0.64,1.36,5362.21,3.91,2541899500.0,1517697156.0
2026-07-20T10:45:28,300916.SZ,朗特智能,18.73,-0.69,-0.13,18.81,19.54,18.52,18.86,26389.0,50626633.58,2.82,2.56,565.62,2.05,2709182251.0,1749677691.0
2026-07-20T10:45:28,300517.SZ,海波重科,8.58,-0.69,-0.06,8.66,8.97,8.52,8.64,27761.0,24430225.0,2.2,1.64,122.92,1.68,1719581721.0,1083077853.0
2026-07-20T10:45:28,301018.SZ,申菱环境,86.35,-0.7,-0.61,92.0,93.28,84.03,86.96,96366.0,861669995.15,3.41,1.86,285.45,11.95,32319193623.0,24421757329.0
2026-07-20T10:45:28,002782.SZ,可立克,14.13,-0.7,-0.1,14.43,14.73,13.88,14.23,76230.0,109580738.57,1.56,1.94,68.78,3.27,7005852004.0,6922515906.0
2026-07-20T10:45:28,603908.SH,牧高笛,17.11,-0.7,-0.12,17.34,17.66,17.06,17.23,6953.0,12061064.0,0.75,1.53,19.46,3.28,1593402765.0,1593402765.0
2026-07-20T10:45:28,920030.BJ,德众汽车,4.26,-0.7,-0.03,4.34,4.35,4.25,4.29,6158.0,2648390.42,0.55,1.46,102.85,1.75,761857041.0,479139415.0
2026-07-20T10:45:28,301595.SZ,太力科技,36.82,-0.7,-0.26,37.08,38.5,36.55,37.08,4237.0,15725579.0,1.04,0.96,91.04,4.49,3986869600.0,1503452650.0
2026-07-20T10:45:28,688667.SH,菱电电控,87.9,-0.7,-0.62,91.39,92.77,87.0,88.52,6901.0,62109208.0,1.31,2.21,36.84,2.6,4631930670.0,4631930670.0
2026-07-20T10:45:28,001335.SZ,信凯科技,31.01,-0.7,-0.22,31.2,31.67,30.77,31.23,3690.0,11530262.07,1.44,1.39,30.02,2.97,2906863756.0,792120370.0
2026-07-20T10:45:28,600239.SH,ST云城,1.39,-0.71,-0.01,1.38,1.42,1.38,1.4,94002.0,13143213.0,0.59,1.68,-24.16,2.21,2231904804.0,2231904804.0
2026-07-20T10:45:28,600493.SH,凤竹纺织,5.61,-0.71,-0.04,5.65,5.85,5.58,5.65,58259.0,33271500.0,2.14,2.26,-56.48,1.37,1525920000.0,1525920000.0
2026-07-20T10:45:28,000929.SZ,兰州黄河,8.35,-0.71,-0.06,8.41,8.63,8.28,8.41,21539.0,18267992.0,1.16,1.42,-23.26,4.45,1551146100.0,1551047762.0
2026-07-20T10:45:28,603356.SH,华菱精工,13.93,-0.71,-0.1,14.02,14.56,13.89,14.03,12663.0,18049737.0,0.95,1.47,-22.29,6.15,1857426200.0,1857426200.0
2026-07-20T10:45:28,301166.SZ,优宁维,26.59,-0.71,-0.19,26.82,27.28,26.42,26.78,5241.0,14033537.0,0.93,1.17,-67.42,1.18,2291219564.0,1500220244.0
2026-07-20T10:45:28,603712.SH,七一二,11.2,-0.71,-0.08,11.34,11.43,11.16,11.28,49745.0,56163304.0,0.64,0.98,-33.15,2.26,8646400000.0,8646400000.0
2026-07-20T10:45:28,300128.SZ,锦富技术,4.19,-0.71,-0.03,4.3,4.36,4.14,4.22,182613.0,77956082.69,1.41,1.63,-24.88,12.91,5443293576.0,5436379448.0
2026-07-20T10:45:28,002485.SZ,ST雪发,5.59,-0.71,-0.04,5.56,5.65,5.55,5.63,7673.0,4291095.0,0.14,0.63,-48.48,3.0,3040960000.0,3040960000.0
2026-07-20T10:45:28,001282.SZ,三联锻造,15.08,-0.72,-0.11,15.29,15.49,14.95,15.19,14351.0,21937891.8,0.94,1.27,30.6,2.05,3350558848.0,2303126176.0
2026-07-20T10:45:28,605567.SH,春雪食品,8.22,-0.72,-0.06,8.23,8.46,8.2,8.28,22828.0,19029190.0,1.14,1.64,47.78,1.51,1644000000.0,1644000000.0
2026-07-20T10:45:28,601100.SH,恒立液压,102.76,-0.72,-0.75,104.99,104.99,101.77,103.51,26861.0,277583929.0,0.2,1.16,52.82,8.04,137782765138.0,137782765138.0
2026-07-20T10:45:28,688113.SH,联测科技,31.62,-0.72,-0.23,31.85,32.8,31.53,31.85,4241.0,13683368.0,0.66,1.27,17.92,2.04,2036250816.0,2036250816.0
2026-07-20T10:45:28,300658.SZ,延江股份,9.64,-0.72,-0.07,9.76,10.05,9.56,9.71,65884.0,64829507.0,2.98,1.93,25.53,2.41,3207845972.0,2128934810.0
2026-07-20T10:45:28,300556.SZ,丝路视觉,15.09,-0.72,-0.11,15.13,15.6,14.93,15.2,28351.0,43289089.0,2.61,1.65,39.1,4.56,1834421132.0,1637363628.0
2026-07-20T10:45:28,920237.BJ,力佳科技,12.33,-0.72,-0.09,12.42,12.67,12.24,12.42,3451.0,4294773.56,0.37,1.42,41.88,2.25,1171745546.0,1149569030.0
2026-07-20T10:45:28,688295.SH,中复神鹰,38.6,-0.72,-0.28,39.6,39.95,38.18,38.88,29685.0,116236884.0,0.33,1.29,285.18,7.36,34740000000.0,34740000000.0
2026-07-20T10:45:28,601112.SH,振石股份,15.05,-0.73,-0.11,15.08,15.29,15.02,15.16,20335.0,30744267.0,1.15,1.49,32.71,4.18,26192513823.0,2667611085.0
2026-07-20T10:45:28,603668.SH,天马科技,10.81,-0.73,-0.08,10.9,11.02,10.68,10.89,24400.0,26403407.0,0.48,0.91,203.85,2.58,5467662673.0,5467662673.0
2026-07-20T10:45:28,002846.SZ,英联股份,9.46,-0.73,-0.07,9.53,9.68,9.37,9.53,33513.0,31948057.0,1.29,1.51,79.31,2.81,3973139797.0,2461071512.0
2026-07-20T10:45:28,300636.SZ,同和药业,6.76,-0.73,-0.05,6.83,6.88,6.72,6.81,27875.0,18954788.36,0.76,0.95,37.79,1.2,2838872106.0,2483337944.0
2026-07-20T10:45:28,301223.SZ,中荣股份,16.24,-0.73,-0.12,16.23,16.59,16.14,16.36,5563.0,9114682.28,0.29,1.44,18.34,1.06,3136391574.0,3136391574.0
2026-07-20T10:45:28,002737.SZ,葵花药业,13.54,-0.73,-0.1,13.48,13.72,13.35,13.64,79084.0,106925029.79,1.35,1.85,17.92,2.06,7907360000.0,7907355938.0
2026-07-20T10:45:28,002173.SZ,创新医疗,17.68,-0.73,-0.13,17.42,17.95,16.9,17.81,353396.0,613988425.23,8.4,2.53,-77.55,4.52,7801907343.0,7440893748.0
2026-07-20T10:45:28,688439.SH,振华风光,39.29,-0.73,-0.29,39.73,40.14,38.98,39.58,14121.0,55661578.0,0.71,1.65,-146.29,1.58,7858000000.0,7858000000.0
2026-07-20T10:45:28,000908.SZ,石药景峰,6.68,-0.74,-0.05,6.55,6.8,6.43,6.73,188353.0,125161900.56,2.14,1.01,800.63,5.63,11753785329.0,5876891329.0
2026-07-20T10:45:28,688031.SH,星环科技-U,87.58,-0.74,-0.65,90.0,91.8,86.19,88.23,25317.0,226803659.0,2.09,1.92,-47.36,13.15,10609083523.0,10609083523.0
2026-07-20T10:45:28,920392.BJ,佳合科技,13.38,-0.74,-0.1,13.64,13.64,13.28,13.48,750.0,1013232.38,0.21,0.64,92.7,3.0,1025910162.0,482213862.0
2026-07-20T10:45:28,002703.SZ,浙江世宝,12.15,-0.74,-0.09,12.23,12.56,12.04,12.24,196889.0,241920659.39,3.36,2.23,59.68,4.72,9994983466.0,7120484099.0
2026-07-20T10:45:28,600977.SH,中国电影,12.0,-0.74,-0.09,11.96,12.25,11.85,12.09,187335.0,225335568.0,1.0,0.98,-49.13,2.05,22404000000.0,22404000000.0
2026-07-20T10:45:28,300053.SZ,航宇微,12.08,-0.74,-0.09,12.41,12.64,11.94,12.17,97682.0,120078895.21,1.5,1.16,-112.48,5.95,8418241822.0,7861892650.0
2026-07-20T10:45:28,603968.SH,醋化股份,9.23,-0.75,-0.07,9.29,9.5,9.22,9.3,10223.0,9578588.0,0.5,1.22,-26.03,1.08,1887350400.0,1887350400.0
2026-07-20T10:45:28,002347.SZ,泰尔股份,5.26,-0.75,-0.04,5.23,5.42,5.23,5.3,71140.0,37967197.0,1.44,1.55,-86.93,2.4,2654733972.0,2595194059.0
2026-07-20T10:45:28,000697.SZ,炼石航空,7.92,-0.75,-0.06,7.99,8.14,7.85,7.98,48797.0,39161314.16,0.75,1.49,2267.15,3.28,11057019336.0,5172610196.0
2026-07-20T10:45:28,301016.SZ,雷尔伟,11.87,-0.75,-0.09,12.09,12.31,11.8,11.96,15848.0,19129092.77,0.54,1.52,348.11,3.63,3629371200.0,3479986562.0
2026-07-20T10:45:28,600791.SH,京能置业,6.6,-0.75,-0.05,6.81,7.0,6.4,6.65,116658.0,79098090.0,2.58,1.96,-10.04,-4.93,2989008000.0,2985270394.0
2026-07-20T10:45:28,300334.SZ,津膜科技,7.86,-0.76,-0.06,7.99,8.14,7.77,7.92,78355.0,62303615.0,2.59,1.5,263.25,4.34,2374233698.0,2373953921.0
2026-07-20T10:45:28,920110.BJ,雷特科技,24.75,-0.76,-0.19,24.52,25.15,24.43,24.94,446.0,1103647.72,0.27,1.05,43.39,2.71,965250000.0,401915250.0
2026-07-20T10:45:28,920082.BJ,方正阀门,7.79,-0.76,-0.06,7.84,8.1,7.79,7.85,4021.0,3193862.04,0.7,1.08,34.53,3.04,1585241630.0,445777437.0
2026-07-20T10:45:28,688075.SH,安旭生物,28.84,-0.76,-0.22,29.76,29.76,28.74,29.06,3921.0,11389767.0,0.31,1.16,-88.44,0.73,3665068096.0,3665068096.0
2026-07-20T10:45:28,300748.SZ,金力永磁,24.97,-0.76,-0.19,25.55,25.99,24.8,25.16,101240.0,256493020.52,0.9,1.27,44.55,4.66,34348464746.0,28216891374.0
2026-07-20T10:45:28,688670.SH,金迪克,14.43,-0.76,-0.11,14.74,14.97,14.27,14.54,12367.0,18109722.0,1.0,1.77,-19.85,1.65,1777776000.0,1777776000.0
2026-07-20T10:45:28,600732.SH,爱旭股份,11.75,-0.76,-0.09,11.95,12.14,11.66,11.84,114451.0,136089991.0,0.54,1.09,-14.13,5.24,24853536585.0,24736726604.0
2026-07-20T10:45:28,001318.SZ,阳光乳业,10.42,-0.76,-0.08,10.48,10.62,10.33,10.5,28268.0,29616155.0,1.0,2.03,38.59,2.08,2945317200.0,2945317200.0
2026-07-20T10:45:28,920579.BJ,机科股份,14.4,-0.76,-0.11,14.56,14.9,14.38,14.51,5025.0,7357438.36,1.13,1.74,-35.54,3.99,1864512000.0,641871648.0
2026-07-20T10:45:28,002580.SZ,圣阳股份,15.39,-0.77,-0.12,15.96,16.01,15.22,15.51,159563.0,249390711.81,3.53,1.83,28.65,2.92,6985043802.0,6961494132.0
2026-07-20T10:45:28,603382.SH,海阳科技,16.82,-0.77,-0.13,16.97,17.28,16.73,16.95,10242.0,17371238.0,0.89,1.71,48.69,1.74,3048648010.0,1942472603.0
2026-07-20T10:45:28,600965.SH,*ST福成,2.59,-0.77,-0.02,2.61,2.65,2.57,2.61,13705.0,3573956.0,0.17,1.08,24.65,0.96,2120435473.0,2120435473.0
2026-07-20T10:45:28,603648.SH,畅联股份,9.05,-0.77,-0.07,9.11,9.25,9.0,9.12,15302.0,13965644.0,0.42,1.33,24.65,1.73,3279835840.0,3279835840.0
2026-07-20T10:45:28,002388.SZ,新亚制程,3.88,-0.77,-0.03,3.95,4.02,3.82,3.91,169086.0,66485214.0,3.34,1.61,107.85,2.07,1981506688.0,1963778367.0
2026-07-20T10:45:28,002105.SZ,信隆健康,5.14,-0.77,-0.04,5.13,5.31,5.12,5.18,52545.0,27443762.0,1.44,1.69,-242.1,2.36,1882483623.0,1873380812.0
2026-07-20T10:45:28,000518.SZ,四环生物,3.86,-0.77,-0.03,3.89,4.01,3.82,3.89,293125.0,114785674.0,2.85,1.25,-87.82,12.29,3974087017.0,3974007775.0
2026-07-20T10:45:28,603719.SH,良品铺子,8.96,-0.78,-0.07,8.99,9.1,8.81,9.03,45762.0,41085747.0,1.15,2.0,18.69,1.83,3565931264.0,3565931264.0
2026-07-20T10:45:28,001306.SZ,夏厦精密,47.33,-0.78,-0.37,47.68,48.86,46.81,47.7,4692.0,22480854.0,3.03,1.65,-33.73,2.32,2974718898.0,733604351.0
2026-07-20T10:45:28,600020.SH,中原高速,3.83,-0.78,-0.03,3.83,3.9,3.8,3.86,134178.0,51520378.0,0.6,2.69,5.86,0.74,8607434117.0,8607434117.0
2026-07-20T10:45:28,300625.SZ,三雄极光,8.88,-0.78,-0.07,8.85,9.17,8.82,8.95,12824.0,11567509.0,0.79,2.26,-24.06,1.33,2480459280.0,1438309193.0
2026-07-20T10:45:28,688119.SH,中钢洛耐,3.79,-0.79,-0.03,3.83,3.88,3.77,3.82,82562.0,31658427.0,0.73,1.72,374.08,1.51,4263750000.0,4263750000.0
2026-07-20T10:45:28,688682.SH,霍莱沃,28.76,-0.79,-0.23,29.31,30.16,28.64,28.99,11504.0,33936191.0,1.13,1.62,112.87,4.9,2928886620.0,2928886620.0
2026-07-20T10:45:28,600400.SH,红豆股份,2.51,-0.79,-0.02,2.54,2.72,2.49,2.53,442633.0,114346655.0,1.93,2.69,256.73,4.15,5751343349.0,5751343349.0
2026-07-20T10:45:28,001326.SZ,联域股份,49.16,-0.79,-0.39,50.3,51.75,48.47,49.55,4814.0,24304206.0,2.0,1.61,59.27,2.94,3598512000.0,1180691894.0
2026-07-20T10:45:28,002919.SZ,名臣健康,17.61,-0.79,-0.14,18.16,18.16,17.46,17.75,27517.0,48828161.0,1.04,1.34,127.75,5.83,4686656122.0,4652706226.0
2026-07-20T10:45:28,920033.BJ,康普化学,13.63,-0.8,-0.11,13.94,13.98,13.57,13.74,2543.0,3499011.44,0.31,1.14,15.6,2.12,1623813458.0,1129003636.0
2026-07-20T10:45:28,603103.SH,横店影视,13.65,-0.8,-0.11,13.53,14.0,13.53,13.76,56010.0,77090931.0,0.88,1.46,53.94,6.77,8656830000.0,8656830000.0
2026-07-20T10:45:28,301220.SZ,亚香股份,27.24,-0.8,-0.22,28.01,28.01,27.03,27.46,6682.0,18343595.78,0.86,1.43,48.78,1.78,3078307793.0,2125184769.0
2026-07-20T10:45:28,300086.SZ,康芝药业,6.17,-0.8,-0.05,6.15,6.33,6.1,6.22,152151.0,94376315.0,3.45,1.21,-59.75,3.16,2808117616.0,2718961801.0
2026-07-20T10:45:28,600810.SH,神马股份,6.18,-0.8,-0.05,6.23,6.27,6.12,6.23,72337.0,44762134.0,0.67,1.33,-53.79,0.94,6739778269.0,6679053589.0
2026-07-20T10:45:28,600543.SH,*ST莫高,3.7,-0.8,-0.03,3.69,3.77,3.69,3.73,10724.0,3997366.0,0.33,1.28,-33.13,1.71,1188144000.0,1188144000.0
2026-07-20T10:45:28,301512.SZ,智信精密,37.3,-0.8,-0.3,38.5,39.0,37.02,37.6,6951.0,26477801.85,2.0,1.73,-19.26,1.89,1989335820.0,1298073570.0
2026-07-20T10:45:28,002799.SZ,环球印务,6.17,-0.8,-0.05,6.2,6.33,6.11,6.22,45072.0,28079559.96,1.41,2.56,211.19,1.55,1974646800.0,1974612248.0
2026-07-20T10:45:28,688777.SH,中控技术,86.8,-0.8,-0.7,89.69,90.34,85.93,87.5,82816.0,729764359.0,1.05,1.42,229.89,7.0,68675250944.0,68328883182.0
2026-07-20T10:45:28,920706.BJ,铁拓机械,13.65,-0.8,-0.11,13.72,14.06,13.58,13.76,4367.0,6051840.52,0.92,1.65,47.06,2.09,1291361594.0,650721026.0
2026-07-20T10:45:28,688722.SH,同益中,13.6,-0.8,-0.11,13.88,13.95,13.44,13.71,23668.0,32468686.0,1.06,0.68,21.02,2.12,3047830720.0,3047830720.0
2026-07-20T10:45:28,603861.SH,白云电器,11.02,-0.81,-0.09,11.15,11.35,10.92,11.11,63597.0,71006430.0,1.2,1.34,43.74,1.49,5956618064.0,5825022988.0
2026-07-20T10:45:28,000633.SZ,合金投资,4.88,-0.81,-0.04,5.01,5.04,4.87,4.92,57208.0,28369368.0,1.49,1.67,308.69,9.43,1879319100.0,1879299702.0
2026-07-20T10:45:28,300048.SZ,合康新能,4.88,-0.81,-0.04,4.92,4.97,4.85,4.92,79035.0,38833212.78,0.7,1.4,-119.36,3.01,5525855102.0,5515530242.0
2026-07-20T10:45:28,603189.SH,*ST网达,8.52,-0.81,-0.07,8.59,8.92,8.47,8.59,15853.0,13765835.0,0.59,1.38,-113.74,1.58,2296551933.0,2296551933.0
2026-07-20T10:45:28,688568.SH,中科星图,31.82,-0.81,-0.26,32.96,33.0,31.58,32.08,70642.0,227868966.0,0.87,1.16,-43.19,7.09,25713070980.0,25713070980.0
2026-07-20T10:45:28,002133.SZ,广宇集团,2.46,-0.81,-0.02,2.48,2.54,2.45,2.48,94270.0,23561342.0,1.22,2.03,-114.36,0.66,1904394671.0,1893880694.0
2026-07-20T10:45:28,688365.SH,光云科技,13.39,-0.81,-0.11,13.5,13.89,13.25,13.5,79209.0,107621932.0,1.86,1.67,236.73,5.97,5701792519.0,5701792519.0
2026-07-20T10:45:28,603076.SH,乐惠国际,19.4,-0.82,-0.16,19.5,19.81,19.33,19.56,12062.0,23605544.0,1.0,1.92,71.34,1.85,2341606074.0,2341606074.0
2026-07-20T10:45:28,600476.SH,*ST湘邮,8.47,-0.82,-0.07,8.6,8.71,8.44,8.54,5477.0,4693992.0,0.34,1.02,129.81,-3.09,1364262900.0,1364262900.0
2026-07-20T10:45:28,603319.SH,美湖股份,25.43,-0.82,-0.21,26.0,26.45,25.1,25.64,72411.0,187379391.0,2.14,1.34,97.28,3.53,8624576312.0,8624576312.0
2026-07-20T10:45:28,688155.SH,先惠技术,55.85,-0.82,-0.46,56.56,57.96,55.19,56.31,19085.0,107954177.0,1.51,2.04,11.5,2.98,7061451047.0,7061451047.0
2026-07-20T10:45:28,301567.SZ,贝隆精密,31.52,-0.82,-0.26,31.61,32.99,31.33,31.78,5641.0,18169468.0,2.66,1.72,138.52,3.12,2269440000.0,669480072.0
2026-07-20T10:45:28,000688.SZ,国城矿业,26.63,-0.82,-0.22,27.57,27.66,26.13,26.85,94459.0,254339558.31,0.8,1.62,22.34,11.09,31558353011.0,31558237969.0
2026-07-20T10:45:28,603709.SH,中源家居,13.23,-0.82,-0.11,13.36,13.87,13.14,13.34,16266.0,21957748.0,1.3,2.37,203.81,3.33,1661230639.0,1655195642.0
2026-07-20T10:45:28,603095.SH,越剑智能,12.09,-0.82,-0.1,12.13,12.49,12.04,12.19,19219.0,23625353.0,0.74,1.79,54.91,1.34,3122474628.0,3122474628.0
2026-07-20T10:45:28,603036.SH,如通股份,11.92,-0.83,-0.1,12.2,12.3,11.87,12.02,14092.0,17068403.0,0.68,0.95,27.77,1.8,2455591818.0,2455591818.0
2026-07-20T10:45:28,603307.SH,扬州金泉,22.8,-0.83,-0.19,22.99,23.32,22.51,22.99,4929.0,11315497.0,0.51,2.2,16.92,1.63,2250625620.0,2215020000.0
2026-07-20T10:45:28,002868.SZ,绿康生化,22.7,-0.83,-0.19,22.88,23.32,22.57,22.89,6409.0,14677468.0,0.6,1.09,144.37,50.75,3527939500.0,2428956841.0
2026-07-20T10:45:28,002524.SZ,光正眼科,3.57,-0.83,-0.03,3.54,3.68,3.54,3.6,77581.0,27947553.0,1.52,0.97,-119.92,19.98,1839733719.0,1823372409.0
2026-07-20T10:45:28,600327.SH,大东方,3.59,-0.83,-0.03,3.61,3.66,3.56,3.62,71401.0,25763157.0,0.81,1.29,43.78,1.12,3176358470.0,3176358470.0
2026-07-20T10:45:28,300249.SZ,依米康,13.19,-0.83,-0.11,13.54,13.88,12.94,13.3,136898.0,183962943.18,3.66,1.54,161.08,9.7,6046634983.0,4934505875.0
2026-07-20T10:45:28,600052.SH,东望时代,3.54,-0.84,-0.03,3.56,3.65,3.47,3.57,84429.0,30203719.0,1.0,2.01,-38.32,1.38,2988449383.0,2988449383.0
2026-07-20T10:45:28,688811.SH,XD有研复,21.18,-0.84,-0.18,21.34,22.0,20.84,21.36,33561.0,72104871.0,3.64,1.35,9986.56,6.85,10625446954.0,1951230734.0
2026-07-20T10:45:28,688536.SH,思瑞浦,240.04,-0.84,-2.04,250.31,255.9,234.01,242.08,27874.0,680680016.0,2.05,1.75,78.61,5.23,33143638939.0,32561180919.0
2026-07-20T10:45:28,300809.SZ,华辰装备,22.5,-0.84,-0.19,22.71,23.26,22.2,22.69,18971.0,43093438.0,1.26,1.4,111.52,3.16,5704632000.0,3387813840.0
2026-07-20T10:45:28,688618.SH,三旺通信,23.55,-0.84,-0.2,23.77,24.44,23.21,23.75,12479.0,29773745.0,1.13,1.68,-759.53,3.21,2594871587.0,2591626820.0
2026-07-20T10:45:28,003011.SZ,海象新材,17.54,-0.85,-0.15,17.59,18.08,17.39,17.69,10378.0,18422932.0,1.35,1.28,39.74,1.33,1800937040.0,1347863142.0
2026-07-20T10:45:28,603729.SH,ST龙韵,10.5,-0.85,-0.09,10.53,10.74,10.45,10.59,3482.0,3692943.0,0.38,0.83,100.52,3.5,967733550.0,967733550.0
2026-07-20T10:45:28,300884.SZ,狄耐克,10.47,-0.85,-0.09,10.58,10.82,10.4,10.56,21440.0,22754206.0,1.12,1.2,-340.52,2.12,2657943725.0,2004061506.0
2026-07-20T10:45:28,600834.SH,申通地铁,6.99,-0.85,-0.06,7.06,7.11,6.97,7.05,12117.0,8522727.0,0.25,1.66,204.34,1.93,3336899516.0,3336899516.0
2026-07-20T10:45:28,688203.SH,海正生材,9.17,-0.86,-0.08,9.3,9.45,9.1,9.25,17600.0,16325423.0,0.87,1.76,444.24,1.26,1858557884.0,1858557884.0
2026-07-20T10:45:28,300793.SZ,佳禾智能,10.36,-0.86,-0.09,10.45,10.62,10.3,10.45,42740.0,44654495.0,1.15,1.52,-113.71,1.41,3942465117.0,3854835057.0
2026-07-20T10:45:28,002021.SZ,中捷资源,2.3,-0.86,-0.02,2.32,2.37,2.28,2.32,113380.0,26436417.75,0.95,0.94,-116.58,4.49,2749597843.0,2749507149.0
2026-07-20T10:45:28,001336.SZ,楚环科技,20.86,-0.86,-0.18,21.04,21.53,20.63,21.04,9822.0,20693389.0,1.99,2.39,39.58,2.05,1676591210.0,1028883204.0
2026-07-20T10:45:28,600363.SH,联创光电,26.18,-0.87,-0.23,27.11,27.22,26.0,26.41,77950.0,206709817.0,1.73,1.21,35.7,2.6,11804259621.0,11804259621.0
2026-07-20T10:45:28,600568.SH,ST中珠,2.29,-0.87,-0.02,2.32,2.33,2.26,2.31,40205.0,9215285.0,0.24,1.46,-56.91,2.82,4563671569.0,3822164069.0
2026-07-20T10:45:28,301083.SZ,百胜智能,12.59,-0.87,-0.11,12.8,13.04,12.56,12.7,10657.0,13686083.0,1.24,1.32,124.93,2.7,2239341338.0,1077828855.0
2026-07-20T10:45:28,000887.SZ,中鼎股份,17.02,-0.87,-0.15,17.34,17.55,16.73,17.17,324256.0,554696888.04,2.47,1.78,17.4,1.55,22406655494.0,22370587748.0
2026-07-20T10:45:28,300445.SZ,康斯特,17.0,-0.87,-0.15,17.4,17.5,16.85,17.15,14518.0,25033117.0,1.03,1.52,26.73,2.79,3611310221.0,2389383609.0
2026-07-20T10:45:28,300969.SZ,恒帅股份,79.6,-0.87,-0.7,81.95,83.3,78.42,80.3,14673.0,118871315.7,1.87,1.55,81.33,7.51,13063940538.0,6230713800.0
2026-07-20T10:45:28,001387.SZ,雪祺电气,11.44,-0.87,-0.1,11.54,11.77,11.31,11.54,21329.0,24651841.02,1.83,1.51,44.51,1.63,2093867776.0,1332697927.0
2026-07-20T10:45:28,600419.SH,天润乳业,7.93,-0.88,-0.07,7.85,8.05,7.8,8.0,35121.0,27861772.0,1.11,1.5,21.03,1.02,2502032427.0,2502032427.0
2026-07-20T10:45:28,920395.BJ,朗鸿科技,6.79,-0.88,-0.06,6.83,6.96,6.76,6.85,2212.0,1515784.6,0.21,1.21,26.1,4.71,1036056930.0,711208800.0
2026-07-20T10:45:28,603520.SH,司太立,8.97,-0.88,-0.08,9.11,9.11,8.91,9.05,60556.0,54563243.0,1.38,1.09,46.92,1.6,3932536633.0,3932536633.0
2026-07-20T10:45:28,002230.SZ,科大讯飞,40.76,-0.88,-0.36,40.6,41.23,40.33,41.12,201578.0,821519134.78,0.92,1.38,-144.22,4.33,97908774319.0,89235570452.0
2026-07-20T10:45:28,688776.SH,国光电气,45.97,-0.88,-0.41,46.26,47.74,45.74,46.38,9511.0,44501597.0,0.88,1.12,-31.04,2.92,4982385771.0,4982385771.0
2026-07-20T10:45:28,002647.SZ,仁东控股,9.0,-0.88,-0.08,9.31,9.31,8.85,9.08,124521.0,112934734.0,1.23,1.41,54.08,16.35,10172624913.0,9137624913.0
2026-07-20T10:45:28,300342.SZ,天银机电,32.63,-0.88,-0.29,33.99,34.29,32.0,32.92,111172.0,368694809.92,2.65,1.18,337.04,8.9,13868895737.0,13665406900.0
2026-07-20T10:45:28,301065.SZ,本立科技,18.07,-0.88,-0.16,18.2,18.6,17.95,18.23,8021.0,14656598.0,0.93,1.64,45.22,1.41,1915781400.0,1559215125.0
2026-07-20T10:45:28,300432.SZ,富临精工,14.71,-0.88,-0.13,14.99,15.15,14.52,14.84,199690.0,296997687.61,1.18,1.65,31.01,5.32,25150573160.0,24870159357.0
2026-07-20T10:45:28,603102.SH,百合股份,32.69,-0.88,-0.29,32.86,33.54,32.66,32.98,4530.0,14987789.0,0.71,1.98,18.1,1.24,2092160000.0,2092160000.0
2026-07-20T10:45:28,920132.BJ,泰鹏智能,7.9,-0.88,-0.07,7.95,8.07,7.85,7.97,1910.0,1515527.48,0.52,0.71,23.27,3.24,850602480.0,288825525.0
2026-07-20T10:45:28,600581.SH,*ST八钢,2.26,-0.88,-0.02,2.26,2.29,2.24,2.28,41983.0,9503584.0,0.27,1.47,-2.65,-1.65,3464349186.0,3464349186.0
2026-07-20T10:45:28,603370.SH,华新精科,33.78,-0.88,-0.3,33.89,34.05,33.28,34.08,5042.0,16978227.0,1.44,2.02,44.22,3.08,5909811000.0,1181962200.0
2026-07-20T10:45:28,920505.BJ,九菱科技,24.44,-0.89,-0.22,24.75,25.12,24.28,24.66,2248.0,5557620.12,0.62,1.14,97.82,4.74,1583356765.0,880107031.0
2026-07-20T10:45:28,002169.SZ,智光电气,11.1,-0.89,-0.1,11.35,11.44,10.93,11.2,135934.0,152108457.54,1.79,1.35,95.28,3.18,8688015443.0,8421281034.0
2026-07-20T10:45:28,605098.SH,行动教育,52.48,-0.89,-0.47,53.35,53.47,51.7,52.95,6553.0,34345247.0,0.55,2.01,40.04,6.91,6258297728.0,6258297728.0
2026-07-20T10:45:28,603166.SH,福达股份,9.98,-0.89,-0.09,10.03,10.25,9.91,10.07,44936.0,45279029.0,0.7,1.27,21.45,2.47,6443593497.0,6394342197.0
2026-07-20T10:45:28,000711.SZ,ST京蓝,4.39,-0.9,-0.04,4.4,4.55,4.31,4.43,377098.0,167528723.0,1.58,1.31,348.46,19.58,12963328559.0,10453852059.0
2026-07-20T10:45:28,600141.SH,兴发集团,28.76,-0.9,-0.26,29.63,29.87,28.38,29.02,203962.0,590407482.0,1.7,1.63,33.67,1.42,34562038287.0,34562038287.0
2026-07-20T10:45:28,603825.SH,ST华扬,6.61,-0.9,-0.06,6.6,6.73,6.6,6.67,5696.0,3791792.0,0.22,0.92,-17.57,53.76,1674554609.0,1674554609.0
2026-07-20T10:45:28,600801.SH,华新建材,19.78,-0.9,-0.18,19.69,20.02,19.44,19.96,98492.0,194608679.0,0.73,1.24,16.32,1.27,41122533937.0,26538779497.0
2026-07-20T10:45:28,300207.SZ,欣旺达,16.43,-0.9,-0.15,16.21,16.68,16.01,16.58,222505.0,365598730.13,1.3,1.7,66.56,1.24,30353807988.0,28159799760.0
2026-07-20T10:45:28,002486.SZ,嘉麟杰,2.21,-0.9,-0.02,2.24,2.29,2.19,2.23,151017.0,33877633.0,1.84,1.48,298.99,1.71,1821665651.0,1813167980.0
2026-07-20T10:45:28,603344.SH,星德胜,20.97,-0.9,-0.19,21.06,21.6,20.83,21.16,7925.0,16853201.0,1.47,1.21,30.38,1.88,4079314651.0,1133029651.0
2026-07-20T10:45:28,300661.SZ,圣邦股份,100.09,-0.9,-0.91,102.97,105.12,98.38,101.0,86754.0,889660845.66,1.44,1.58,136.94,12.68,67751678881.0,60180208085.0
2026-07-20T10:45:28,300126.SZ,锐奇股份,5.53,-0.9,-0.05,5.56,5.73,5.5,5.58,26714.0,14992730.92,1.27,1.49,-22.81,1.69,1680885528.0,1164895628.0
2026-07-20T10:45:28,001696.SZ,宗申动力,15.18,-0.91,-0.14,15.57,15.65,15.0,15.32,151633.0,232966693.76,1.7,1.36,25.31,3.26,17381508646.0,13531425056.0
2026-07-20T10:45:28,920580.BJ,科创新材,9.85,-0.91,-0.09,10.09,10.21,9.78,9.94,5627.0,5621529.28,1.03,1.25,40.47,2.48,847100000.0,539416279.0
2026-07-20T10:45:28,300563.SZ,神宇股份,21.88,-0.91,-0.2,22.24,22.55,21.62,22.08,19566.0,43280074.0,1.54,1.47,73.83,3.57,3985181934.0,2772849796.0
2026-07-20T10:45:28,603416.SH,XD信捷电,48.5,-0.92,-0.45,49.68,49.81,48.21,48.95,16081.0,78617332.0,1.15,1.42,35.01,2.92,7613324021.0,6767986820.0
2026-07-20T10:45:28,300474.SZ,景嘉微,50.5,-0.92,-0.47,51.55,51.84,49.7,50.97,56877.0,290509296.98,1.4,1.13,-117.64,3.87,26392270762.0,20526939677.0
2026-07-20T10:45:28,688117.SH,圣诺生物,24.67,-0.92,-0.23,24.5,25.6,24.44,24.9,75432.0,188737927.0,3.42,1.77,20.48,5.06,5435796903.0,5435796903.0
2026-07-20T10:45:28,601996.SH,丰林集团,2.13,-0.93,-0.02,2.1,2.19,2.08,2.15,201603.0,42977292.0,1.8,1.48,-21.6,0.97,2387547706.0,2387547706.0
2026-07-20T10:45:28,920896.BJ,旺成科技,11.69,-0.93,-0.11,11.96,12.1,11.57,11.8,1936.0,2288708.72,0.44,1.32,21.16,2.76,1183311366.0,519057159.0
2026-07-20T10:45:28,605128.SH,上海沿浦,21.2,-0.93,-0.2,21.39,21.74,21.1,21.4,10624.0,22715109.0,0.34,1.22,35.93,3.12,6656518952.0,6656518952.0
2026-07-20T10:45:28,002523.SZ,天桥起重,3.21,-0.93,-0.03,3.23,3.25,3.17,3.24,202275.0,64933328.44,1.43,1.49,62.71,1.86,4547416968.0,4531052012.0
2026-07-20T10:45:28,920553.BJ,凯腾精工,6.36,-0.93,-0.06,6.42,6.55,6.3,6.42,4502.0,2876465.02,0.49,1.4,97.04,2.61,913871326.0,579007073.0
2026-07-20T10:45:28,605138.SH,盛泰集团,5.3,-0.93,-0.05,5.35,5.46,5.28,5.35,43884.0,23549505.0,0.79,1.48,4.45,1.19,2944529904.0,2944529904.0
2026-07-20T10:45:28,920167.BJ,同享科技,14.83,-0.94,-0.14,15.06,15.2,14.72,14.97,4860.0,7263194.57,0.74,1.12,11.16,2.46,1631692995.0,969345332.0
2026-07-20T10:45:28,002529.SZ,海源复材,6.29,-0.94,-0.06,6.35,6.5,6.21,6.35,30133.0,19198329.0,1.16,1.75,-20.13,20.52,1635400000.0,1635400000.0
2026-07-20T10:45:28,300210.SZ,森远股份,8.42,-0.94,-0.08,8.55,8.66,8.38,8.5,34326.0,29234166.0,0.71,0.95,-87.02,10.87,4077132004.0,4077132004.0
2026-07-20T10:45:28,301666.SZ,大普微-UW,477.76,-0.94,-4.52,501.55,519.01,463.89,482.28,25888.0,1283826082.14,9.76,2.28,140.86,77.74,208406728154.0,12668448032.0
2026-07-20T10:45:28,002164.SZ,宁波东力,10.57,-0.94,-0.1,10.97,10.97,10.5,10.67,35262.0,37663072.63,0.73,1.41,64.58,3.54,5625075893.0,5071223262.0
2026-07-20T10:45:28,002796.SZ,世嘉科技,27.38,-0.94,-0.26,28.02,28.79,26.72,27.64,56479.0,157162490.19,2.48,1.79,-73.53,8.2,6909807036.0,6234650598.0
2026-07-20T10:45:28,601515.SH,衢州东峰,3.14,-0.95,-0.03,3.2,3.22,3.12,3.17,100721.0,32045605.0,0.52,1.4,-142.77,1.23,6042837907.0,6042837907.0
2026-07-20T10:45:28,301117.SZ,佳缘科技,16.68,-0.95,-0.16,17.22,17.5,16.47,16.84,55691.0,95427427.6,4.81,1.09,-31.19,2.43,3016345614.0,1932461150.0
2026-07-20T10:45:28,301331.SZ,恩威医药,20.86,-0.95,-0.2,20.93,21.36,20.62,21.06,10082.0,21197112.96,0.98,1.21,42.91,2.11,2146324763.0,2141012201.0
2026-07-20T10:45:28,301580.SZ,爱迪特,47.8,-0.95,-0.46,50.95,52.26,47.49,48.26,52656.0,264000664.03,5.22,2.58,46.6,3.36,7131298778.0,4818313038.0
2026-07-20T10:45:28,920239.BJ,长虹能源,20.9,-0.95,-0.2,21.37,21.37,20.71,21.1,5728.0,12064780.09,0.32,1.96,14.4,3.53,3805350864.0,3759491582.0
2026-07-20T10:45:28,600338.SH,西藏珠峰,11.5,-0.95,-0.11,11.75,11.82,11.4,11.61,186121.0,216335741.0,2.04,1.53,14.62,2.34,10513416932.0,10513416932.0
2026-07-20T10:45:28,002107.SZ,沃华医药,6.27,-0.95,-0.06,6.26,6.36,6.18,6.33,99610.0,62483454.0,1.74,1.13,26.78,5.12,3619104192.0,3582655372.0
2026-07-20T10:45:28,002696.SZ,百洋股份,5.17,-0.96,-0.05,5.21,5.3,5.14,5.22,44331.0,23177545.0,1.33,1.45,-23.26,1.33,1787549379.0,1728118606.0
2026-07-20T10:45:28,301020.SZ,密封科技,17.45,-0.96,-0.17,17.72,18.2,17.28,17.62,14032.0,24916510.0,0.96,1.71,21.29,2.6,2554680000.0,2554680000.0
2026-07-20T10:45:28,300777.SZ,中简科技,22.58,-0.96,-0.22,23.0,23.35,22.42,22.8,44866.0,102811850.36,1.04,0.99,130.08,2.21,9928596185.0,9729885502.0
2026-07-20T10:45:28,300076.SZ,*ST宁视,4.11,-0.96,-0.04,4.16,4.19,4.08,4.15,16633.0,6901997.0,0.39,1.61,-49.06,2.08,1742640000.0,1742640000.0
2026-07-20T10:45:28,001367.SZ,海森药业,18.52,-0.96,-0.18,18.9,18.92,18.41,18.7,8332.0,15544025.3,0.69,1.01,24.4,1.87,2821544224.0,2252718018.0
2026-07-20T10:45:28,688606.SH,奥泰生物,44.47,-0.96,-0.43,44.91,45.44,44.41,44.9,2216.0,9947718.0,0.28,0.97,45.45,0.93,3525619622.0,3525619622.0
2026-07-20T10:45:28,603680.SH,今创集团,9.32,-0.96,-0.09,9.56,9.62,9.3,9.41,41608.0,39263794.0,0.53,2.25,9.67,1.27,7304258908.0,7304258908.0
2026-07-20T10:45:28,600137.SH,浪莎股份,16.34,-0.97,-0.16,16.23,16.63,16.18,16.5,10826.0,17743609.0,1.11,1.98,50.71,2.92,1588535388.0,1588535388.0
2026-07-20T10:45:28,301592.SZ,六九一二,96.88,-0.97,-0.95,100.0,100.0,96.29,97.83,5929.0,58246239.42,2.54,1.14,-125.66,7.26,6781600000.0,2262964117.0
2026-07-20T10:45:28,002746.SZ,仙坛股份,6.13,-0.97,-0.06,6.1,6.23,6.0,6.19,189683.0,115771025.12,2.67,1.86,19.9,1.17,5275102397.0,4350315272.0
2026-07-20T10:45:28,301019.SZ,宁波色母,16.32,-0.97,-0.16,15.88,16.55,15.13,16.48,34339.0,54840214.2,2.37,1.69,27.61,3.13,3230643046.0,2368793459.0
2026-07-20T10:45:28,920245.BJ,威博液压,12.22,-0.97,-0.12,12.47,12.66,12.16,12.34,3787.0,4676913.35,0.71,1.93,24.45,2.44,844074504.0,650034920.0
2026-07-20T10:45:28,600207.SH,安彩高科,4.03,-0.98,-0.04,4.08,4.16,4.01,4.07,85853.0,35043816.0,0.79,1.39,-7.42,2.34,4389929593.0,4389929593.0
2026-07-20T10:45:28,301383.SZ,天键股份,20.31,-0.98,-0.2,20.51,21.08,20.2,20.51,11863.0,24454978.0,1.68,1.42,-24.07,1.7,3316277730.0,1434172574.0
2026-07-20T10:45:28,688147.SH,微导纳米,111.46,-0.98,-1.1,117.63,117.67,109.18,112.56,49805.0,564884771.0,1.07,1.68,615.78,17.77,51769061473.0,51769061473.0
2026-07-20T10:45:28,300693.SZ,盛弘股份,33.19,-0.98,-0.33,33.74,34.29,32.94,33.52,55624.0,187379760.96,2.07,1.3,30.47,4.95,10381693365.0,8923231900.0
2026-07-20T10:45:28,600522.SH,中天科技,33.32,-0.98,-0.33,34.72,35.21,32.18,33.65,1441236.0,4891371156.0,4.22,1.92,30.94,3.06,113719482405.0,113719482405.0
2026-07-20T10:45:28,300293.SZ,蓝英装备,14.13,-0.98,-0.14,14.26,14.63,13.93,14.27,30627.0,43759588.0,0.9,1.42,-1124.78,6.43,4782130438.0,4782130438.0
2026-07-20T10:45:28,920642.BJ,通易航天,11.0,-0.99,-0.11,11.22,11.29,10.81,11.11,14720.0,16252440.71,1.47,1.3,41.19,5.0,1140373058.0,1099525658.0
2026-07-20T10:45:28,300239.SZ,东宝生物,4.98,-0.99,-0.05,4.98,5.12,4.96,5.03,70340.0,35488438.0,1.19,1.47,37.53,1.73,2956243362.0,2937089535.0
2026-07-20T10:45:28,300264.SZ,佳创视讯,7.01,-0.99,-0.07,7.08,7.16,6.89,7.08,77664.0,54565133.0,2.1,1.8,-189.87,346.43,3020311201.0,2596409036.0
2026-07-20T10:45:28,605008.SH,长鸿高科,12.01,-0.99,-0.12,12.17,12.28,11.86,12.13,14676.0,17681114.0,0.23,1.2,-67.21,3.97,7758008592.0,7758008592.0
2026-07-20T10:45:28,002694.SZ,*ST顾地,2.01,-0.99,-0.02,2.05,2.07,1.99,2.03,30179.0,6119848.0,0.42,2.9,-40.85,-20.38,1533800448.0,1444783025.0
2026-07-20T10:45:28,000006.SZ,深振业Ａ,6.01,-0.99,-0.06,6.13,6.21,5.98,6.07,114393.0,69737627.38,0.85,1.65,269.46,1.51,8113470226.0,8113408924.0
2026-07-20T10:45:28,688108.SH,赛诺医疗,16.01,-0.99,-0.16,16.15,16.52,15.9,16.17,69641.0,113068012.0,1.67,1.33,68.38,6.75,6691411520.0,6691411520.0
2026-07-20T10:45:28,000810.SZ,创维数字,9.89,-1.0,-0.1,10.01,10.23,9.73,9.99,180594.0,179762074.16,1.63,1.12,34.31,1.75,11375434276.0,10983895071.0
2026-07-20T10:45:28,600831.SH,广电网络,2.96,-1.0,-0.03,2.95,3.06,2.94,2.99,52283.0,15703293.0,0.74,1.14,-2.8,5.94,2104403096.0,2104403096.0
2026-07-20T10:45:28,301359.SZ,东南电子,14.92,-1.0,-0.15,15.07,15.56,14.86,15.07,9764.0,14889569.0,1.37,1.66,86.92,2.18,1793025920.0,1061513658.0
2026-07-20T10:45:28,920195.BJ,三祥科技,11.91,-1.0,-0.12,12.03,12.15,11.87,12.03,1896.0,2278703.24,0.27,1.08,20.67,1.42,1167537300.0,842739511.0
2026-07-20T10:45:28,301585.SZ,蓝宇股份,25.78,-1.0,-0.26,25.85,26.39,25.71,26.04,3744.0,9756461.7,0.55,0.86,48.97,2.73,2681120000.0,1755848241.0
2026-07-20T10:45:28,920060.BJ,万源通,21.69,-1.0,-0.22,22.24,22.36,21.44,21.91,9499.0,20802882.74,1.0,1.13,44.69,3.02,3297848740.0,2056738460.0
2026-07-20T10:45:28,002161.SZ,远 望 谷,4.9,-1.01,-0.05,4.95,5.05,4.86,4.95,80791.0,40026100.4,1.09,1.16,-23.65,2.4,3624811260.0,3624085815.0
2026-07-20T10:45:28,301173.SZ,毓恬冠佳,30.48,-1.01,-0.31,30.79,31.43,30.35,30.79,4326.0,13352410.0,1.4,1.81,37.16,1.77,2677203851.0,939657526.0
2026-07-20T10:45:28,000062.SZ,深圳华强,22.54,-1.01,-0.23,23.2,23.4,22.17,22.77,144182.0,329883340.21,1.38,1.17,29.34,3.49,23574796118.0,23552047736.0
2026-07-20T10:45:28,301519.SZ,舜禹股份,10.75,-1.01,-0.11,10.89,11.12,10.7,10.86,17373.0,19004060.0,2.3,2.48,-28.87,1.28,1737660949.0,811351187.0
2026-07-20T10:45:28,001202.SZ,炬申股份,13.66,-1.01,-0.14,13.74,13.94,13.6,13.8,10125.0,13966287.9,0.87,1.21,64.65,2.65,2277000563.0,1595815225.0
2026-07-20T10:45:28,002617.SZ,露笑科技,5.9,-1.01,-0.06,6.02,6.08,5.84,5.96,626404.0,374123761.0,3.34,1.18,39.71,1.75,11264126323.0,11077968691.0
2026-07-20T10:45:28,688501.SH,青达环保,16.62,-1.01,-0.17,16.96,17.27,16.49,16.79,7790.0,13187749.0,0.63,1.3,18.26,1.8,2064636120.0,2064636120.0
2026-07-20T10:45:28,603341.SH,龙旗科技,39.3,-1.01,-0.4,40.49,40.6,37.72,39.7,82869.0,323508636.0,3.11,1.76,333.22,2.95,20537812309.0,10462164258.0
2026-07-20T10:45:28,603183.SH,建研院,3.94,-1.01,-0.04,3.98,4.13,3.92,3.98,118326.0,47461005.0,2.38,1.13,-113.57,1.23,1958783809.0,1958783809.0
2026-07-20T10:45:28,301216.SZ,万凯新材,16.48,-1.02,-0.17,16.7,16.99,16.32,16.65,69590.0,116257315.5,1.28,1.57,6.28,1.48,9561767836.0,8975185588.0
2026-07-20T10:45:28,300637.SZ,扬帆新材,7.73,-1.02,-0.08,7.86,8.01,7.65,7.81,34692.0,27279574.0,1.48,1.9,-143.28,2.62,1814618505.0,1812591034.0
2026-07-20T10:45:28,000863.SZ,三湘印象,3.88,-1.02,-0.04,3.92,4.06,3.86,3.92,68749.0,27199173.52,0.59,1.34,-225.57,1.05,4581114293.0,4513277180.0
2026-07-20T10:45:28,300237.SZ,ST美晨,1.95,-1.02,-0.02,1.93,1.99,1.93,1.97,100933.0,19750482.0,0.7,1.46,-70.29,62.98,2811734114.0,2811707789.0
2026-07-20T10:45:28,920974.BJ,凯大催化,5.85,-1.02,-0.06,5.9,5.97,5.78,5.91,6752.0,3964687.7,0.53,1.94,18.26,1.47,958230000.0,751442995.0
2026-07-20T10:45:28,002067.SZ,景兴纸业,3.89,-1.02,-0.04,3.91,3.96,3.87,3.93,221798.0,86674073.41,1.66,1.29,67.62,0.86,5737181488.0,5203278988.0
2026-07-20T10:45:28,600661.SH,昂立教育,7.75,-1.02,-0.08,7.69,7.87,7.57,7.83,38478.0,29872737.0,1.34,1.47,22.56,8.72,2220753433.0,2220753433.0
2026-07-20T10:45:28,002254.SZ,泰和新材,11.63,-1.02,-0.12,11.96,12.26,11.4,11.75,165706.0,195033391.44,1.95,1.63,157.79,1.41,9967575038.0,9893014236.0
2026-07-20T10:45:28,002437.SZ,誉衡药业,2.91,-1.02,-0.03,2.89,2.96,2.87,2.94,472836.0,137939462.2,2.25,1.29,17.09,2.72,6488916247.0,6111447706.0
2026-07-20T10:45:28,688420.SH,美腾科技,20.37,-1.02,-0.21,20.58,21.25,20.31,20.58,4028.0,8374290.0,0.46,1.78,116.35,1.26,1801319100.0,1801319100.0
2026-07-20T10:45:28,000925.SZ,众合科技,6.82,-1.02,-0.07,6.99,7.09,6.76,6.89,167647.0,116565317.0,2.5,1.17,-34.74,1.44,4612842432.0,4577259627.0
2026-07-20T10:45:28,688306.SH,均普智能,8.65,-1.03,-0.09,8.85,8.96,8.51,8.74,68254.0,59456161.0,0.56,1.36,-77.42,6.11,10624646220.0,10624646220.0
2026-07-20T10:45:28,002072.SZ,凯瑞德,6.71,-1.03,-0.07,6.91,6.93,6.6,6.78,44431.0,30191700.0,1.21,0.98,-137.22,10.68,2467132800.0,2466138378.0
2026-07-20T10:45:28,920950.BJ,迅安科技,12.44,-1.03,-0.13,12.7,12.7,12.41,12.57,379.0,474525.53,0.11,0.43,22.94,3.01,912100800.0,444358044.0
2026-07-20T10:45:28,600579.SH,中化装备,6.74,-1.03,-0.07,6.8,6.86,6.7,6.81,28439.0,19301071.0,0.58,0.84,-23.58,2.19,3326869116.0,3326869116.0
2026-07-20T10:45:28,002403.SZ,爱仕达,8.62,-1.03,-0.09,8.71,8.86,8.55,8.71,34069.0,29697164.0,1.15,1.51,-70.02,2.12,2936304551.0,2561531733.0
2026-07-20T10:45:28,603275.SH,众辰科技,34.66,-1.03,-0.36,35.0,35.48,34.5,35.02,4263.0,14918045.0,1.03,1.43,28.44,1.72,5156432356.0,1439636478.0
2026-07-20T10:45:28,688313.SH,仕佳光子,116.77,-1.03,-1.22,122.58,127.2,112.18,117.99,152889.0,1833035233.0,3.38,2.39,113.57,34.66,52778443521.0,52778443521.0
2026-07-20T10:45:28,300326.SZ,ST凯利,5.77,-1.03,-0.06,5.84,5.85,5.74,5.83,19843.0,11510475.5,0.28,1.13,15.65,1.45,4137163175.0,4135460708.0
2026-07-20T10:45:28,000070.SZ,特发信息,13.36,-1.04,-0.14,13.98,14.22,12.92,13.5,367746.0,504005999.27,4.29,1.78,-304.19,11.59,11601729799.0,11445873268.0
2026-07-20T10:45:28,688816.SH,易思维,47.71,-1.04,-0.5,48.84,49.33,47.65,48.21,1471.0,7131247.0,0.76,0.97,-39.52,2.66,4771000000.0,920051186.0
2026-07-20T10:45:28,002225.SZ,濮耐股份,3.79,-1.04,-0.04,3.81,3.88,3.76,3.83,144071.0,55136171.0,1.52,1.32,58.1,1.08,4393516367.0,3595277729.0
2026-07-20T10:45:28,920768.BJ,拾比佰,6.66,-1.04,-0.07,6.8,6.8,6.62,6.73,4282.0,2868085.03,0.4,0.85,16.55,1.47,1034684280.0,715214183.0
2026-07-20T10:45:28,920855.BJ,浙江大农,11.41,-1.04,-0.12,11.53,11.73,11.2,11.53,1299.0,1492080.81,0.19,1.27,33.38,1.49,852707330.0,764891155.0
2026-07-20T10:45:28,002691.SZ,*ST冀凯,3.77,-1.05,-0.04,3.81,3.89,3.75,3.81,13254.0,5048660.0,0.39,1.45,-12.38,1.57,1281800000.0,1266642451.0
2026-07-20T10:45:28,603506.SH,南都物业,9.39,-1.05,-0.1,9.5,9.68,9.35,9.49,43653.0,41584750.0,2.32,4.03,9.24,1.47,1763233345.0,1763233345.0
2026-07-20T10:45:28,920779.BJ,武汉蓝电,19.74,-1.05,-0.21,20.1,20.4,19.65,19.95,2701.0,5389541.05,1.35,1.6,44.34,3.56,1580414405.0,395194839.0
2026-07-20T10:45:28,603006.SH,联明股份,10.33,-1.05,-0.11,10.5,10.7,10.3,10.44,23821.0,25097636.0,0.94,1.37,29.76,2.05,2626446403.0,2626446403.0
2026-07-20T10:45:28,603822.SH,ST嘉澳,59.18,-1.05,-0.63,59.81,60.0,59.0,59.81,3534.0,21043183.0,0.46,1.62,-25.61,14.05,4546555933.0,4546555933.0
2026-07-20T10:45:28,001296.SZ,长江材料,17.0,-1.05,-0.18,17.24,17.44,16.8,17.18,11234.0,19225125.04,1.46,0.99,29.12,1.42,2543048462.0,1310643390.0
2026-07-20T10:45:28,920116.BJ,星图测控,45.91,-1.06,-0.49,47.35,47.94,45.0,46.4,13970.0,65104720.45,0.62,0.8,181.83,17.68,10269378350.0,10269378350.0
2026-07-20T10:45:28,600458.SH,时代新材,10.28,-1.06,-0.11,10.52,10.65,10.21,10.39,154723.0,161475653.0,1.78,1.41,15.47,1.21,9789608226.0,8928469433.0
2026-07-20T10:45:28,300031.SZ,宝通科技,18.64,-1.06,-0.2,19.05,19.33,18.42,18.84,105009.0,198430304.62,2.98,1.42,17.64,1.93,7805438395.0,6559451267.0
2026-07-20T10:45:28,603966.SH,法兰泰克,7.48,-1.06,-0.08,7.57,7.76,7.46,7.56,52629.0,40074758.0,1.01,2.29,17.94,1.93,3892553822.0,3887333979.0
2026-07-20T10:45:28,300106.SZ,西部牧业,9.32,-1.06,-0.1,9.15,9.58,9.15,9.42,125810.0,117916954.81,5.95,3.84,99.32,5.23,1969617129.0,1969617129.0
2026-07-20T10:45:28,920556.BJ,雅达股份,6.5,-1.07,-0.07,6.57,6.67,6.48,6.57,5966.0,3924530.49,0.51,1.06,52.14,2.04,1048548800.0,760851091.0
2026-07-20T10:45:28,603977.SH,国泰集团,11.08,-1.07,-0.12,11.25,11.38,11.03,11.2,78319.0,87471890.0,1.26,1.41,43.1,2.04,6883359454.0,6883359454.0
2026-07-20T10:45:28,301082.SZ,久盛电气,8.29,-1.07,-0.09,8.31,8.51,8.25,8.38,33940.0,28491294.08,1.24,2.03,-89.54,2.4,2438933967.0,2260748093.0
2026-07-20T10:45:28,920039.BJ,国义招标,7.39,-1.07,-0.08,7.45,7.62,7.38,7.47,2933.0,2194924.13,0.19,1.2,36.86,2.15,1136729800.0,1136729061.0
2026-07-20T10:45:28,002582.SZ,好想你,9.21,-1.07,-0.1,9.2,9.41,9.03,9.31,153393.0,141520140.23,4.46,1.59,0.93,0.85,4123389676.0,3170446513.0
2026-07-20T10:45:28,003028.SZ,振邦智能,21.21,-1.07,-0.23,21.44,21.96,21.14,21.44,4664.0,10020308.3,0.66,1.39,134.11,1.78,3056788382.0,1499412210.0
2026-07-20T10:45:28,600272.SH,开开实业,11.0,-1.08,-0.12,11.01,11.17,10.88,11.12,26073.0,28755862.0,1.63,1.76,40.02,3.65,2889171395.0,1760000000.0
2026-07-20T10:45:28,688270.SH,ST臻镭,61.55,-1.08,-0.67,64.54,64.93,60.35,62.22,53672.0,334218995.0,1.79,1.24,116.44,8.03,18435126277.0,18435126277.0
2026-07-20T10:45:28,300111.SZ,向日葵,2.76,-1.08,-0.03,2.79,2.84,2.73,2.79,266392.0,74215594.0,2.07,1.11,-170.31,5.25,3552701571.0,3552701571.0
2026-07-20T10:45:28,688576.SH,西山科技,38.29,-1.08,-0.42,38.81,39.29,38.05,38.71,2795.0,10782982.0,0.86,1.7,88.82,1.51,2590057707.0,1237476743.0
2026-07-20T10:45:28,300424.SZ,航新科技,12.69,-1.09,-0.14,13.0,13.09,12.6,12.83,50513.0,65064387.47,1.97,1.48,29.85,3.74,3256569131.0,3254730578.0
2026-07-20T10:45:28,001366.SZ,播恩集团,10.9,-1.09,-0.12,11.02,11.17,10.83,11.02,20357.0,22418994.72,1.27,1.49,47.86,2.18,1751412000.0,1751412000.0
2026-07-20T10:45:28,300307.SZ,慈星股份,6.35,-1.09,-0.07,6.46,6.56,6.25,6.42,94076.0,60471879.0,1.2,1.74,14.01,1.55,5083516478.0,4996811406.0
2026-07-20T10:45:28,301232.SZ,飞沃科技,111.87,-1.09,-1.23,118.82,119.88,110.47,113.1,28636.0,330462386.03,4.59,1.15,651.94,8.31,11760929458.0,6984850795.0
2026-07-20T10:45:28,300507.SZ,苏奥传感,6.37,-1.09,-0.07,6.4,6.5,6.31,6.44,41006.0,26314958.49,0.53,1.77,97.87,2.41,5100120798.0,4936696008.0
2026-07-20T10:45:28,920128.BJ,胜业电气,17.21,-1.09,-0.19,17.5,17.79,17.01,17.4,4844.0,8421992.73,1.99,1.41,198.49,2.77,1397279900.0,418203000.0
2026-07-20T10:45:28,301577.SZ,美信科技,47.96,-1.09,-0.53,49.34,50.17,47.28,48.49,11617.0,56878442.48,6.17,2.04,-41.86,2.93,2159614820.0,903621794.0
2026-07-20T10:45:28,002367.SZ,康力电梯,5.39,-1.1,-0.06,5.48,5.51,5.34,5.45,81034.0,44032292.16,1.02,1.61,29.2,1.22,4299848008.0,4282763190.0
2026-07-20T10:45:28,600851.SH,海欣股份,8.06,-1.1,-0.09,7.98,8.22,7.87,8.15,121379.0,97774285.0,1.64,1.22,84.05,2.17,9728876938.0,5949941247.0
2026-07-20T10:45:28,003010.SZ,若羽臣,26.11,-1.1,-0.29,26.2,26.58,25.36,26.4,103870.0,268834329.62,4.59,2.59,28.07,11.61,8121762918.0,5904572372.0
2026-07-20T10:45:28,300124.SZ,汇川技术,58.47,-1.1,-0.65,59.5,61.64,58.03,59.12,189180.0,1128177837.97,0.78,1.95,39.05,4.52,158313602606.0,140931101678.0
2026-07-20T10:45:28,002689.SZ,ST远智,2.68,-1.11,-0.03,2.72,2.75,2.67,2.71,36580.0,9894353.0,0.35,1.83,-22.48,2.34,2796072743.0,2795002884.0
2026-07-20T10:45:28,301126.SZ,达嘉维康,8.89,-1.11,-0.1,8.96,9.15,8.86,8.99,31858.0,28672065.0,2.31,1.16,76.53,1.22,1826034448.0,1225648911.0
2026-07-20T10:45:28,688426.SH,康为世纪,15.98,-1.11,-0.18,16.16,16.75,15.96,16.16,9206.0,15006237.0,0.82,1.93,-29.27,1.34,1797649582.0,1793396537.0
2026-07-20T10:45:28,600469.SH,风神股份,5.36,-1.11,-0.06,5.38,5.43,5.33,5.42,55228.0,29712674.0,0.76,2.67,23.43,1.04,4770586592.0,3909856669.0
2026-07-20T10:45:28,920050.BJ,爱伦医疗,25.78,-1.11,-0.29,26.04,26.4,25.6,26.07,1067.0,2773752.64,0.59,1.36,17.75,1.71,1744773231.0,466686343.0
2026-07-20T10:45:28,301233.SZ,盛帮股份,29.41,-1.11,-0.33,30.34,30.84,29.16,29.74,5441.0,16371336.46,1.38,2.15,27.59,2.17,2110661588.0,1158052219.0
2026-07-20T10:45:28,601058.SH,赛轮轮胎,13.39,-1.11,-0.15,13.4,13.6,13.26,13.54,255374.0,342166164.0,0.78,1.4,10.42,2.02,44027662468.0,44027662468.0
2026-07-20T10:45:28,301587.SZ,中瑞股份,18.66,-1.11,-0.21,19.01,19.15,18.56,18.87,13177.0,24867926.86,1.79,1.56,45.61,1.38,2749141226.0,1370633726.0
2026-07-20T10:45:28,002387.SZ,维信诺,6.22,-1.11,-0.07,6.32,6.39,6.18,6.29,69429.0,43725137.41,0.5,0.9,-3.47,3.33,8688071387.0,8676675103.0
2026-07-20T10:45:28,001266.SZ,宏英智能,31.25,-1.11,-0.35,32.46,32.8,30.65,31.6,25284.0,80982824.0,4.35,2.28,22.3,3.39,3239114438.0,1817113969.0
2026-07-20T10:45:28,920422.BJ,润普食品,8.8,-1.12,-0.1,8.97,8.97,8.61,8.9,3802.0,3364499.59,0.57,1.53,26.83,1.83,778647848.0,582759848.0
2026-07-20T10:45:28,603289.SH,泰瑞机器,7.98,-1.12,-0.09,8.07,8.23,7.94,8.07,22503.0,18206021.0,0.77,1.53,106.34,1.62,2341315035.0,2341315035.0
2026-07-20T10:45:28,001339.SZ,智微智能,78.32,-1.12,-0.89,77.0,83.95,75.35,79.21,105118.0,830403246.62,6.49,3.1,33.06,9.45,25687744630.0,12679982311.0
2026-07-20T10:45:28,920368.BJ,连城数控,22.91,-1.12,-0.26,23.13,23.6,22.7,23.17,20908.0,48556896.5,0.94,1.57,110.37,1.27,5378819880.0,5117384569.0
2026-07-20T10:45:28,603711.SH,香飘飘,10.58,-1.12,-0.12,10.6,10.82,10.54,10.7,34448.0,36751173.0,0.83,1.37,11.69,1.23,4368207978.0,4368207978.0
2026-07-20T10:45:28,688712.SH,北芯生命,34.51,-1.12,-0.39,34.98,35.36,34.5,34.9,6321.0,22040069.0,1.7,1.03,78.7,8.15,14390670000.0,1280828297.0
2026-07-20T10:45:28,300385.SZ,ST雪浪,10.46,-1.13,-0.12,10.75,10.78,10.33,10.58,23328.0,24638902.0,0.8,1.11,-23.55,-610.23,3484706449.0,3040331141.0
2026-07-20T10:45:28,920926.BJ,鸿智科技,9.65,-1.13,-0.11,9.77,9.96,9.65,9.76,2490.0,2428363.11,0.31,1.68,481.4,3.35,852690762.0,773759957.0
2026-07-20T10:45:28,001218.SZ,丽臣实业,21.93,-1.13,-0.25,22.28,22.53,21.75,22.18,13873.0,30801170.0,1.18,1.32,9.25,1.22,2854809242.0,2589081458.0
2026-07-20T10:45:28,002587.SZ,奥拓电子,5.24,-1.13,-0.06,5.35,5.39,5.2,5.3,82815.0,43782533.0,1.55,1.21,56.35,2.61,3429601777.0,2791414637.0
2026-07-20T10:45:28,920139.BJ,华岭股份,14.78,-1.14,-0.17,15.15,15.31,14.49,14.95,22798.0,33836581.54,0.88,1.5,-78.63,3.86,3983319254.0,3841832856.0
2026-07-20T10:45:28,301607.SZ,富特科技,39.89,-1.14,-0.46,42.17,42.49,39.0,40.35,62277.0,255181358.72,4.1,1.41,30.34,5.17,9339395000.0,6054954040.0
2026-07-20T10:45:28,003009.SZ,中天火箭,56.55,-1.14,-0.65,56.95,58.25,56.05,57.2,43979.0,251592891.04,2.67,1.3,491.61,4.62,9314769988.0,9313066985.0
2026-07-20T10:45:28,301225.SZ,恒勃股份,60.7,-1.14,-0.7,60.95,62.9,60.2,61.4,13555.0,83347116.62,3.08,1.04,82.22,5.56,8746395387.0,2670070447.0
2026-07-20T10:45:28,688795.SH,摩尔线程-U,606.0,-1.14,-6.98,625.0,629.0,599.0,612.98,12580.0,772568465.0,4.16,1.13,2425.45,24.73,284837099502.0,18316646940.0
2026-07-20T10:45:28,920062.BJ,科润智控,7.83,-1.14,-0.09,7.8,7.97,7.7,7.92,20719.0,16184351.7,1.56,2.37,61.29,1.98,1477570149.0,1040324963.0
2026-07-20T10:45:28,600592.SH,龙溪股份,13.03,-1.14,-0.15,13.22,13.37,12.97,13.18,40610.0,53559960.0,1.02,1.28,-5366.1,2.04,5206183030.0,5206183030.0
2026-07-20T10:45:28,920781.BJ,瑞奇智造,5.19,-1.14,-0.06,5.31,5.33,5.18,5.25,7521.0,3959790.35,0.62,1.41,-28.4,2.27,802203010.0,624701035.0
2026-07-20T10:45:28,603799.SH,华友钴业,36.58,-1.14,-0.42,37.37,37.69,36.26,37.0,273231.0,1013459267.0,1.45,1.53,6.93,1.4,69265236572.0,69048671266.0
2026-07-20T10:45:28,002977.SZ,*ST天箭,21.76,-1.14,-0.25,22.0,22.79,21.63,22.01,5146.0,11410821.2,0.77,1.27,167.63,3.07,2613811200.0,1450242419.0
2026-07-20T10:45:28,920870.BJ,恒进感应,11.29,-1.14,-0.13,11.36,11.51,11.21,11.42,3181.0,3617032.38,0.48,1.17,61.53,3.4,1512860000.0,745172741.0
2026-07-20T10:45:28,603897.SH,长城科技,23.29,-1.15,-0.27,23.87,24.26,22.98,23.56,48306.0,114436555.0,2.34,2.12,26.95,2.1,4807887010.0,4807887010.0
2026-07-20T10:45:28,300991.SZ,创益通,24.92,-1.15,-0.29,25.79,26.19,24.59,25.21,16388.0,41786014.6,1.78,1.24,-139.53,5.72,3588480000.0,2296178640.0
2026-07-20T10:45:28,300351.SZ,永贵电器,12.03,-1.15,-0.14,12.34,12.5,11.88,12.17,65432.0,80069244.95,2.48,1.49,-53.8,1.94,4678612070.0,3168913776.0
2026-07-20T10:45:28,001317.SZ,三羊马,45.64,-1.15,-0.53,45.54,47.2,44.62,46.17,44693.0,204678592.0,5.23,1.87,-3274.13,3.85,3905223021.0,3901372146.0
2026-07-20T10:45:28,920504.BJ,博迅生物,16.39,-1.15,-0.19,16.79,16.8,16.1,16.58,2503.0,4117328.48,1.46,1.64,118.72,3.56,710229509.0,280136323.0
2026-07-20T10:45:28,300004.SZ,南风股份,7.71,-1.15,-0.09,7.87,7.98,7.6,7.8,85048.0,66527587.6,1.77,1.57,-177.41,2.09,3700750641.0,3700750641.0
2026-07-20T10:45:28,688565.SH,力源科技,8.6,-1.15,-0.1,8.66,8.98,8.52,8.7,16591.0,14549833.0,1.11,1.59,576.32,2.61,1287678000.0,1287678000.0
2026-07-20T10:45:28,603197.SH,保隆科技,29.23,-1.15,-0.34,29.65,30.03,29.1,29.57,23410.0,69120325.0,1.11,1.18,21.87,1.97,6255969077.0,6171976672.0
2026-07-20T10:45:28,920885.BJ,星辰科技,11.16,-1.15,-0.13,11.3,11.58,11.07,11.29,12517.0,14236272.7,1.41,1.04,805.95,4.75,1906350084.0,987695667.0
2026-07-20T10:45:28,688282.SH,理工导航,48.88,-1.15,-0.57,49.2,50.54,48.58,49.45,4031.0,19984372.0,0.45,0.83,-78.18,3.35,4349728356.0,4349728356.0
2026-07-20T10:45:28,688557.SH,兰剑智能,18.67,-1.16,-0.22,19.14,19.33,18.59,18.89,5295.0,10029037.0,0.36,0.88,215.83,2.32,2769181598.0,2769181598.0
2026-07-20T10:45:28,920199.BJ,倍益康,23.88,-1.16,-0.28,23.95,24.69,23.67,24.16,10382.0,24957218.02,2.74,1.27,744.53,3.09,1626450084.0,905690909.0
2026-07-20T10:45:28,603079.SH,圣达生物,11.03,-1.16,-0.13,11.16,11.39,11.0,11.16,15582.0,17454688.0,0.82,1.8,39.56,1.32,2084996753.0,2084996753.0
2026-07-20T10:45:28,688478.SH,晶升股份,46.18,-1.16,-0.54,48.1,50.65,45.01,46.72,30480.0,147113828.0,2.2,2.06,-182.37,4.26,6389746313.0,6389746313.0
2026-07-20T10:45:28,605189.SH,富春染织,14.54,-1.16,-0.17,14.85,14.86,14.02,14.71,125982.0,183267671.0,5.29,1.36,11.81,1.44,3463936013.0,3463936013.0
2026-07-20T10:45:28,603231.SH,索宝蛋白,14.5,-1.16,-0.17,14.67,14.9,14.41,14.67,14449.0,21099704.0,1.36,2.23,21.84,1.41,2776157023.0,1540856739.0
2026-07-20T10:45:28,920263.BJ,中航泰达,6.78,-1.17,-0.08,6.83,6.95,6.78,6.86,2484.0,1699705.87,0.24,1.35,-13.11,1.78,957626835.0,695283522.0
2026-07-20T10:45:28,301010.SZ,晶雪节能,15.21,-1.17,-0.18,15.57,15.94,15.14,15.39,12157.0,18961182.0,1.13,2.14,188.2,1.98,1642680000.0,1642680000.0
2026-07-20T10:45:28,603879.SH,永悦科技,4.2,-1.18,-0.05,4.23,4.4,4.15,4.25,51349.0,22014541.0,1.43,1.43,-60.14,6.51,1509246648.0,1509246648.0
2026-07-20T10:45:28,688026.SH,洁特生物,12.58,-1.18,-0.15,12.8,13.07,12.51,12.73,16795.0,21529080.0,1.2,1.67,-104.53,1.63,1765784492.0,1765220631.0
2026-07-20T10:45:28,002725.SZ,跃岭股份,10.08,-1.18,-0.12,10.32,10.47,9.97,10.2,34444.0,35309952.0,1.38,1.82,-119.09,2.66,2580480000.0,2509551395.0
2026-07-20T10:45:28,300486.SZ,东杰智能,18.41,-1.18,-0.22,18.8,19.19,18.25,18.63,66612.0,125111617.0,1.4,1.74,247.27,5.19,8784311912.0,8781671752.0
2026-07-20T10:45:28,002685.SZ,华东重机,5.04,-1.18,-0.06,5.11,5.22,5.0,5.1,179691.0,92075780.0,1.78,1.78,23.45,3.08,5078760831.0,5078080053.0
2026-07-20T10:45:28,301288.SZ,清研环境,15.13,-1.18,-0.18,15.38,15.81,15.07,15.31,5753.0,8901019.91,0.74,1.25,-38.25,2.09,1634191300.0,1181798566.0
2026-07-20T10:45:28,920149.BJ,旭杰科技,7.51,-1.18,-0.09,7.61,7.64,7.45,7.6,3636.0,2755675.97,0.57,1.38,49.79,4.7,574388682.0,475135193.0
2026-07-20T10:45:28,301160.SZ,翔楼新材,37.74,-1.18,-0.45,38.5,39.5,37.2,38.19,19748.0,76117681.48,1.78,1.35,32.97,3.4,6291896372.0,4180731264.0
2026-07-20T10:45:28,001207.SZ,联科科技,15.11,-1.18,-0.18,15.29,15.36,14.91,15.29,30574.0,46309546.0,1.04,1.64,17.56,1.89,4580411312.0,4421519810.0
2026-07-20T10:45:28,600884.SH,杉杉股份,11.63,-1.19,-0.14,11.72,11.85,11.53,11.77,243261.0,283509204.0,1.33,1.43,19.76,1.16,26160671597.0,21342326346.0
2026-07-20T10:45:28,002175.SZ,*ST东智,2.49,-1.19,-0.03,2.51,2.54,2.44,2.52,119449.0,29753173.0,0.94,1.38,-376.77,4.11,3179184010.0,3179184010.0
2026-07-20T10:45:28,920402.BJ,硅烷科技,9.1,-1.19,-0.11,9.4,9.47,8.97,9.21,39568.0,36473172.06,1.45,1.1,-27.28,2.55,3840746610.0,2483146821.0
2026-07-20T10:45:28,000016.SZ,*ST康佳A,2.49,-1.19,-0.03,2.55,2.57,2.47,2.52,120848.0,30440353.0,0.76,1.33,-8.15,-0.53,5995784066.0,3975518562.0
2026-07-20T10:45:28,301487.SZ,盟固利,14.94,-1.19,-0.18,15.33,15.43,14.84,15.12,69390.0,104979293.03,2.54,1.78,86.42,3.56,6866669584.0,4075542420.0
2026-07-20T10:45:28,600734.SH,*ST实达,1.66,-1.19,-0.02,1.68,1.71,1.65,1.68,205371.0,34506141.0,0.94,1.6,-75.63,15.78,3615983156.0,3615236156.0
2026-07-20T10:45:28,603156.SH,养元饮品,34.99,-1.19,-0.42,36.6,37.1,34.46,35.41,63508.0,226712682.0,0.5,1.74,13.65,5.1,44097112034.0,44097112034.0
2026-07-20T10:45:28,920427.BJ,华维设计,8.32,-1.19,-0.1,8.54,8.63,8.29,8.42,6215.0,5244163.31,1.22,1.04,112.2,2.73,857750400.0,423554676.0
2026-07-20T10:45:28,002055.SZ,ST得润,5.73,-1.21,-0.07,5.82,5.92,5.66,5.8,91751.0,53237407.0,1.54,1.68,34.28,2.56,3463727797.0,3403562797.0
2026-07-20T10:45:28,603131.SH,上海沪工,13.88,-1.21,-0.17,14.17,14.33,13.8,14.05,39132.0,55171989.0,1.16,0.92,99.33,2.83,4676272214.0,4676272214.0
2026-07-20T10:45:28,603066.SH,音飞储存,9.01,-1.21,-0.11,9.25,9.25,8.97,9.12,41439.0,37737489.0,1.41,1.87,5.31,1.75,2650562467.0,2650562467.0
2026-07-20T10:45:28,300276.SZ,三丰智能,6.55,-1.21,-0.08,6.68,6.77,6.46,6.63,161914.0,107396845.41,1.53,1.44,-186.31,5.24,9176831585.0,6924162600.0
2026-07-20T10:45:28,300281.SZ,金明精机,5.7,-1.21,-0.07,5.8,5.97,5.64,5.77,40676.0,23597961.0,1.02,1.47,122.18,1.93,2387864406.0,2264757698.0
2026-07-20T10:45:28,688726.SH,拉普拉斯,37.36,-1.22,-0.46,38.82,39.6,36.74,37.82,43706.0,165811893.0,1.99,1.63,31.44,3.71,15142986421.0,8216378349.0
2026-07-20T10:45:28,688244.SH,永信至诚,13.72,-1.22,-0.17,13.82,14.23,13.65,13.89,10552.0,14663257.0,0.7,1.61,-22.06,2.18,2071192041.0,2071192041.0
2026-07-20T10:45:28,603033.SH,三维股份,8.09,-1.22,-0.1,8.22,8.31,7.97,8.19,37443.0,30490506.0,0.37,1.38,-17.81,3.3,8342113152.0,8191375936.0
2026-07-20T10:45:28,002626.SZ,金达威,14.62,-1.22,-0.18,14.71,15.07,14.58,14.8,36166.0,53263162.4,0.59,1.78,33.98,2.14,8917264788.0,8916168288.0
2026-07-20T10:45:28,300131.SZ,英唐智控,13.78,-1.22,-0.17,14.32,14.58,13.42,13.95,347891.0,489936649.63,3.34,1.33,959.77,9.06,15640568503.0,14362446370.0
2026-07-20T10:45:28,920275.BJ,驱动力,6.49,-1.22,-0.08,6.73,6.78,6.46,6.57,5561.0,3648982.23,0.42,0.68,682.99,4.5,1034360624.0,856125241.0
2026-07-20T10:45:28,603527.SH,众源新材,8.83,-1.23,-0.11,9.05,9.09,8.78,8.94,44063.0,39477221.0,1.39,1.53,18.22,1.34,2798855696.0,2798855696.0
2026-07-20T10:45:28,300353.SZ,东土科技,19.31,-1.23,-0.24,19.1,19.61,18.7,19.55,92862.0,178664795.51,1.72,1.78,-75.03,5.38,11873581532.0,10428582680.0
2026-07-20T10:45:28,605122.SH,四方新材,10.47,-1.23,-0.13,10.56,10.78,10.4,10.6,18969.0,20075698.0,1.1,1.8,67.75,1.04,1804546380.0,1804546380.0
2026-07-20T10:45:28,002342.SZ,巨力索具,7.2,-1.23,-0.09,7.42,7.5,7.12,7.29,452395.0,332158810.14,4.74,1.12,465.57,2.83,6912000000.0,6873768000.0
2026-07-20T10:45:28,920689.BJ,克莱特,18.53,-1.23,-0.23,18.69,19.09,18.43,18.76,1926.0,3612622.47,0.51,1.32,26.97,2.9,1360102000.0,702854333.0
2026-07-20T10:45:28,920016.BJ,中草香料,12.09,-1.23,-0.15,12.24,12.48,12.06,12.24,3863.0,4739249.48,1.13,1.73,37.01,2.42,930711522.0,413927966.0
2026-07-20T10:45:28,000850.SZ,华茂股份,4.03,-1.23,-0.05,4.06,4.1,4.0,4.08,50140.0,20294252.25,0.53,1.13,-4.82,0.87,3802969986.0,3801802713.0
2026-07-20T10:45:28,603916.SH,苏博特,9.62,-1.23,-0.12,9.88,9.97,9.61,9.74,52060.0,51084874.0,1.24,1.81,33.96,0.97,4100984749.0,4043553349.0
2026-07-20T10:45:28,920028.BJ,新恒泰,14.37,-1.24,-0.18,14.76,14.85,14.3,14.55,6451.0,9361348.77,0.99,1.11,26.73,2.08,2361853200.0,933469452.0
2026-07-20T10:45:28,300552.SZ,万集科技,19.06,-1.24,-0.24,19.17,19.85,18.94,19.3,26890.0,52140736.7,1.99,2.11,-38.96,2.34,4062317115.0,2574780082.0
2026-07-20T10:45:28,300583.SZ,赛托生物,11.9,-1.24,-0.15,11.91,12.27,11.85,12.05,22908.0,27556991.0,1.23,1.74,156.05,1.28,2257455299.0,2215172219.0
2026-07-20T10:45:28,002921.SZ,联诚精密,23.11,-1.24,-0.29,23.72,24.91,22.7,23.4,37375.0,88859620.0,2.91,1.49,-906.83,2.63,3442699635.0,2968320734.0
2026-07-20T10:45:28,301382.SZ,蜂助手,31.76,-1.24,-0.4,32.96,33.41,31.3,32.16,59906.0,194505116.45,2.53,1.41,62.53,4.78,9070462359.0,7506696986.0
2026-07-20T10:45:28,603300.SH,海南华铁,4.78,-1.24,-0.06,4.84,4.89,4.75,4.84,390618.0,187536269.0,1.95,1.88,21.94,1.43,9556119677.0,9556119677.0
2026-07-20T10:45:28,002209.SZ,达 意 隆,10.32,-1.24,-0.13,10.4,10.58,10.26,10.45,20698.0,21565876.0,1.32,1.2,29.05,2.39,2110750116.0,1614530852.0
2026-07-20T10:45:28,601609.SH,金田股份,9.46,-1.25,-0.12,9.72,9.75,9.4,9.58,146078.0,139483757.0,0.85,1.23,24.01,1.65,16352917306.0,16352917306.0
2026-07-20T10:45:28,301213.SZ,观想科技,37.82,-1.25,-0.48,39.04,39.37,37.55,38.3,6390.0,24733437.8,0.88,1.32,151.6,5.32,4235839924.0,2737996600.0
2026-07-20T10:45:28,600319.SH,亚星化学,5.53,-1.25,-0.07,5.4,5.78,5.4,5.6,41778.0,23576858.0,1.08,2.49,-10.09,6.35,2144032894.0,2144032894.0
2026-07-20T10:45:28,603110.SH,东方材料,20.49,-1.25,-0.26,21.18,22.21,20.22,20.75,118564.0,252575675.0,5.89,1.41,98.86,5.92,4123135739.0,4123135739.0
2026-07-20T10:45:28,300183.SZ,东软载波,9.47,-1.25,-0.12,9.56,9.64,9.43,9.59,40261.0,38395466.04,1.09,1.94,-48.49,1.42,4380908527.0,3513644744.0
2026-07-20T10:45:28,003031.SZ,中瓷电子,105.94,-1.25,-1.34,113.0,115.0,102.0,107.28,68677.0,745946180.15,2.02,2.37,61.8,7.45,47784539882.0,36036200374.0
2026-07-20T10:45:28,920414.BJ,欧普泰,7.82,-1.26,-0.1,7.98,7.99,7.75,7.92,9188.0,7219717.31,1.64,2.05,-17.4,2.32,623630697.0,438526730.0
2026-07-20T10:45:28,002429.SZ,兆驰股份,7.86,-1.26,-0.1,8.15,8.32,7.67,7.96,485617.0,386561295.13,1.07,1.6,42.43,2.15,35581753171.0,35561254574.0
2026-07-20T10:45:28,600611.SH,大众交通,3.93,-1.26,-0.05,3.68,3.97,3.68,3.98,557039.0,214212681.0,3.56,2.84,-13.97,0.98,9291002856.0,6143833311.0
2026-07-20T10:45:28,688775.SH,影石创新,136.6,-1.26,-1.74,138.0,139.44,129.5,138.34,26334.0,352552531.0,1.02,1.7,161.83,9.44,54776600000.0,35428334355.0
2026-07-20T10:45:28,920007.BJ,酉立智能,35.26,-1.26,-0.45,35.34,35.92,35.23,35.71,395.0,1402533.87,0.37,0.84,27.88,2.45,1570214187.0,375266891.0
2026-07-20T10:45:28,300696.SZ,爱乐达,19.65,-1.26,-0.25,19.92,20.31,19.5,19.9,35920.0,71485450.0,1.34,1.15,980.13,3.04,5781992516.0,5248391185.0
2026-07-20T10:45:28,920873.BJ,中设咨询,6.23,-1.27,-0.08,6.29,6.39,6.2,6.31,4759.0,2998746.85,0.4,0.75,-24.26,3.85,955601022.0,746393841.0
2026-07-20T10:45:28,002058.SZ,威尔泰,15.6,-1.27,-0.2,15.8,16.28,15.55,15.8,11416.0,18226428.0,0.8,1.0,74.48,35.32,2237793979.0,2232485284.0
2026-07-20T10:45:28,603276.SH,恒兴新材,14.0,-1.27,-0.18,14.1,14.37,13.88,14.18,9630.0,13590627.0,1.27,1.48,28.04,1.65,2907092958.0,1058992592.0
2026-07-20T10:45:28,920159.BJ,农大科技,26.46,-1.27,-0.34,27.06,27.06,26.33,26.8,2965.0,7882036.69,2.06,2.01,11.21,1.91,2010960000.0,381024000.0
2026-07-20T10:45:28,920077.BJ,吉林碳谷,15.57,-1.27,-0.2,15.76,15.88,15.55,15.77,18136.0,28565832.12,0.6,1.32,55.55,3.5,9150205891.0,4723213528.0
2026-07-20T10:45:28,002983.SZ,芯瑞达,18.48,-1.28,-0.24,18.94,19.15,18.01,18.72,17162.0,32078648.0,1.34,1.33,33.84,3.09,4123169450.0,2368350933.0
2026-07-20T10:45:28,920208.BJ,青矩技术,12.33,-1.28,-0.16,12.61,12.61,12.26,12.49,7248.0,8992729.07,0.45,1.75,32.54,2.32,2296369100.0,1988300055.0
2026-07-20T10:45:28,301486.SZ,致尚科技,160.0,-1.28,-2.08,170.25,171.76,156.01,162.08,26623.0,438834252.81,3.65,1.64,-848.42,8.06,20606189600.0,11664659520.0
2026-07-20T10:45:28,300434.SZ,金石亚药,10.77,-1.28,-0.14,10.93,11.07,10.63,10.91,155715.0,169539236.0,4.55,1.08,9.32,1.64,4326781501.0,3684579745.0
2026-07-20T10:45:28,920061.BJ,西磁科技,16.14,-1.28,-0.21,16.41,16.79,16.08,16.35,4057.0,6645055.24,1.03,1.33,225.59,4.15,1142550600.0,635341416.0
2026-07-20T10:45:28,300609.SZ,汇纳科技,24.76,-1.28,-0.32,25.0,25.67,24.44,25.08,15355.0,38504411.91,1.28,1.43,-36.77,3.24,2974032222.0,2969447165.0
2026-07-20T10:45:28,301141.SZ,中科磁业,33.93,-1.28,-0.44,34.38,34.96,33.7,34.37,7185.0,24716458.25,1.61,1.41,170.36,3.34,4208426288.0,1510312688.0
2026-07-20T10:45:28,301393.SZ,昊帆生物,59.29,-1.28,-0.77,59.3,60.6,58.29,60.06,21293.0,126451344.0,4.84,1.13,47.86,2.71,6403320000.0,2606844933.0
2026-07-20T10:45:28,001223.SZ,欧克科技,29.93,-1.29,-0.39,30.86,31.98,29.5,30.32,10164.0,31130582.6,1.46,1.73,31.78,2.05,3911635504.0,2090155564.0
2026-07-20T10:45:28,603266.SH,天龙股份,15.32,-1.29,-0.2,15.55,15.68,15.21,15.52,12302.0,18998219.0,0.62,1.43,25.56,1.91,3046945010.0,3046945010.0
2026-07-20T10:45:28,300530.SZ,领湃科技,15.33,-1.29,-0.2,15.45,15.69,15.16,15.53,27605.0,42586660.0,1.61,2.93,-20.67,36.26,2636014257.0,2636014257.0
2026-07-20T10:45:28,920011.BJ,晨光电机,19.1,-1.29,-0.25,19.59,19.62,19.02,19.35,4109.0,7923873.45,2.21,1.58,24.84,1.86,1578933340.0,355260019.0
2026-07-20T10:45:28,603755.SH,日辰股份,22.1,-1.3,-0.29,22.45,22.78,21.9,22.39,6342.0,14152110.0,0.64,2.26,29.94,2.87,2179362350.0,2179362350.0
2026-07-20T10:45:28,688296.SH,和达科技,12.12,-1.3,-0.16,12.16,12.55,11.82,12.28,22388.0,27443352.0,2.08,2.15,-25.67,2.28,1301605099.0,1301605099.0
2026-07-20T10:45:28,600255.SH,鑫科材料,3.01,-1.31,-0.04,3.08,3.1,2.98,3.05,525252.0,159997147.0,2.91,1.51,82.57,3.68,5436502335.0,5436502335.0
2026-07-20T10:45:28,920523.BJ,德瑞锂电,15.1,-1.31,-0.2,15.3,15.49,15.02,15.3,4182.0,6350486.09,0.52,1.66,15.06,2.17,1529650672.0,1223696631.0
2026-07-20T10:45:28,301682.SZ,宏明电子,114.48,-1.32,-1.53,118.5,119.12,112.88,116.01,10878.0,126496163.75,4.23,1.56,24.95,2.84,13914970504.0,2940627268.0
2026-07-20T10:45:28,300513.SZ,恒实科技,6.75,-1.32,-0.09,6.86,6.96,6.73,6.84,52191.0,35722250.8,1.82,2.74,-19.96,3.92,2117415296.0,1939201594.0
2026-07-20T10:45:28,002044.SZ,美年健康,4.47,-1.32,-0.06,4.5,4.57,4.4,4.53,432120.0,193743925.54,1.12,1.06,-17.15,2.23,17496715036.0,17317797493.0
2026-07-20T10:45:28,300712.SZ,永福股份,21.61,-1.32,-0.29,21.87,22.18,21.55,21.9,11428.0,25007862.0,0.61,1.71,403.64,3.19,4052869816.0,4035442432.0
2026-07-20T10:45:28,688626.SH,翔宇医疗,43.12,-1.33,-0.58,43.15,44.12,42.65,43.7,12090.0,52482305.0,0.76,0.99,68.11,3.32,6899200000.0,6899200000.0
2026-07-20T10:45:28,920274.BJ,宏裕包材,14.08,-1.33,-0.19,14.27,14.61,14.03,14.27,3498.0,4981261.86,0.43,1.77,29.56,2.34,1145173343.0,1145173343.0
2026-07-20T10:45:28,601126.SH,四方股份,43.91,-1.33,-0.59,46.62,46.8,43.15,44.5,149754.0,671930579.0,1.82,1.92,33.79,8.0,36581662505.0,36229499914.0
2026-07-20T10:45:28,603359.SH,*ST东珠,2.22,-1.33,-0.03,2.24,2.31,2.21,2.25,53092.0,12039521.0,1.19,1.65,-17.6,0.71,990333120.0,990333120.0
2026-07-20T10:45:28,300619.SZ,金银河,23.02,-1.33,-0.31,23.57,23.9,22.8,23.33,30367.0,71061118.4,1.59,1.44,-89.88,3.31,5207113756.0,4383754884.0
2026-07-20T10:45:28,301152.SZ,天力锂能,19.24,-1.33,-0.26,19.49,19.8,19.1,19.5,23970.0,46784057.0,3.38,2.22,67.57,1.89,2284557735.0,1365639943.0
2026-07-20T10:45:28,603869.SH,ST智知,8.13,-1.33,-0.11,8.24,8.29,8.08,8.24,4310.0,3527861.0,0.09,1.83,272.94,1.08,4017167860.0,4017167860.0
2026-07-20T10:45:28,603379.SH,三美股份,58.88,-1.34,-0.8,59.99,60.68,57.77,59.68,63847.0,375124602.0,1.05,1.32,17.77,4.56,35945005699.0,35945005699.0
2026-07-20T10:45:28,688046.SH,药康生物,22.89,-1.34,-0.31,22.63,23.79,21.61,23.2,110185.0,253368375.0,2.69,1.9,49.81,4.26,9384900000.0,9384900000.0
2026-07-20T10:45:28,920017.BJ,星昊医药,16.17,-1.34,-0.22,16.29,16.51,16.01,16.39,16782.0,27251282.14,1.37,1.06,15.76,1.24,2003342000.0,1981955558.0
2026-07-20T10:45:28,920357.BJ,雅葆轩,15.42,-1.34,-0.21,15.65,15.97,15.27,15.63,10359.0,16169388.7,1.65,1.34,19.35,3.86,1605283680.0,970779670.0
2026-07-20T10:45:28,301317.SZ,鑫磊股份,48.46,-1.34,-0.66,50.0,51.14,47.75,49.12,21598.0,106512574.4,4.14,1.51,-98.08,6.45,7617427400.0,2529453681.0
2026-07-20T10:45:28,600487.SH,亨通光电,57.61,-1.34,-0.78,60.39,60.89,55.21,58.39,1159666.0,6778770853.0,4.73,1.84,32.14,4.48,142088857926.0,141354560866.0
2026-07-20T10:45:28,002090.SZ,金智科技,8.75,-1.35,-0.12,8.83,8.98,8.68,8.87,45307.0,39969966.0,1.14,1.48,40.08,2.26,3505049371.0,3484150959.0
2026-07-20T10:45:28,920839.BJ,万通液压,24.17,-1.35,-0.33,24.74,25.01,24.01,24.5,2303.0,5657727.17,0.35,1.06,27.54,4.65,2857134999.0,1575946745.0
2026-07-20T10:45:28,002856.SZ,*ST美芝,13.13,-1.35,-0.18,13.55,13.82,12.91,13.31,29153.0,39109560.0,2.35,1.14,-178.66,-34.91,1776657169.0,1626865337.0
2026-07-20T10:45:28,603190.SH,亚通精工,15.4,-1.35,-0.21,15.63,16.0,15.35,15.61,11562.0,18146349.0,2.01,1.55,13.44,1.21,2685082400.0,886451951.0
2026-07-20T10:45:28,002494.SZ,华斯股份,4.38,-1.35,-0.06,4.41,4.57,4.35,4.44,63631.0,28383703.0,2.22,1.79,49.48,1.31,1652620945.0,1256054518.0
2026-07-20T10:45:28,002649.SZ,博彦科技,8.71,-1.36,-0.12,8.84,8.98,8.6,8.83,112629.0,98915290.88,2.1,2.16,110.79,1.25,5151394774.0,4671739725.0
2026-07-20T10:45:28,301539.SZ,宏鑫科技,13.76,-1.36,-0.19,13.74,14.4,13.69,13.95,9343.0,13121269.41,1.24,1.53,-34.61,2.69,2036480000.0,1032849652.0
2026-07-20T10:45:28,600714.SH,金瑞矿业,13.1,-1.36,-0.18,13.49,13.94,12.9,13.28,87363.0,117582442.0,3.03,1.77,-871.89,5.01,3775109176.0,3775109176.0
2026-07-20T10:45:28,300593.SZ,新雷能,21.76,-1.36,-0.3,22.92,23.2,21.44,22.06,120895.0,267715273.71,2.68,1.42,-68.52,5.15,11804766685.0,9797733782.0
2026-07-20T10:45:28,600749.SH,西藏旅游,13.8,-1.36,-0.19,14.0,14.07,13.74,13.99,42123.0,58469739.0,1.86,1.22,-39.16,3.01,3132124135.0,3132124135.0
2026-07-20T10:45:28,001269.SZ,欧晶科技,17.39,-1.36,-0.24,17.5,17.85,17.22,17.63,15159.0,26654978.6,0.79,1.23,-76.94,4.96,3346051045.0,3346051045.0
2026-07-20T10:45:28,300787.SZ,海能实业,7.91,-1.37,-0.11,8.02,8.18,7.88,8.02,27372.0,22044134.76,1.39,2.01,-63.99,1.68,2479255188.0,1554573396.0
2026-07-20T10:45:28,920066.BJ,科拜尔,16.52,-1.37,-0.23,16.89,16.89,16.37,16.75,2590.0,4301962.34,1.3,1.84,44.8,2.59,1038336946.0,328307346.0
2026-07-20T10:45:28,603636.SH,南威软件,6.48,-1.37,-0.09,6.55,6.63,6.41,6.57,80049.0,52194955.0,1.38,0.97,-18.87,2.03,3760736189.0,3760736189.0
2026-07-20T10:45:28,300014.SZ,亿纬锂能,50.96,-1.37,-0.71,50.8,52.43,49.4,51.67,311796.0,1594466271.84,1.48,2.08,19.14,2.3,110751211808.0,107652255780.0
2026-07-20T10:45:28,920656.BJ,海昇药业,13.63,-1.37,-0.19,13.75,13.88,13.6,13.82,2894.0,3970580.09,0.89,0.87,16.96,1.99,1363000000.0,441288710.0
2026-07-20T10:45:28,920802.BJ,保丽洁,10.02,-1.38,-0.14,10.12,10.5,9.94,10.16,3109.0,3155866.37,0.86,0.65,43.61,1.88,821723066.0,362900773.0
2026-07-20T10:45:28,301261.SZ,恒工精密,54.13,-1.38,-0.76,55.44,56.74,53.37,54.89,13255.0,73032351.97,1.27,1.88,23.04,3.58,5708995561.0,5660887523.0
2026-07-20T10:45:28,301075.SZ,多瑞医药,52.77,-1.38,-0.74,53.16,54.8,52.31,53.51,12403.0,66309990.0,1.55,1.76,-75.56,6.84,4221600000.0,4221600000.0
2026-07-20T10:45:28,603826.SH,坤彩科技,14.97,-1.38,-0.21,15.23,15.52,14.82,15.18,43399.0,66058952.0,0.51,1.55,42.91,7.19,12750847200.0,12750847200.0
2026-07-20T10:45:28,688033.SH,*ST天宜,6.41,-1.38,-0.09,6.53,6.68,6.41,6.5,12985.0,8562498.0,0.23,1.01,-10.58,2.72,3603693000.0,3603693000.0
2026-07-20T10:45:28,300369.SZ,绿盟科技,6.41,-1.38,-0.09,6.42,6.7,6.31,6.5,340498.0,220060195.02,4.22,1.08,-13.23,2.03,5196086296.0,5177375320.0
2026-07-20T10:45:28,688609.SH,九联科技,8.57,-1.38,-0.12,8.85,8.96,8.47,8.69,103203.0,90019767.0,2.06,1.49,74.11,4.64,4473136336.0,4285000000.0
2026-07-20T10:45:28,002800.SZ,天顺股份,12.13,-1.38,-0.17,12.35,12.48,12.01,12.3,29755.0,36510336.0,2.01,1.66,261.25,3.74,1846829703.0,1793333965.0
2026-07-20T10:45:28,000973.SZ,佛塑科技,11.36,-1.39,-0.16,11.52,11.63,11.22,11.52,204174.0,232878942.48,2.11,1.46,12.55,3.06,27925569662.0,10989927223.0
2026-07-20T10:45:28,301231.SZ,荣信文化,23.33,-1.39,-0.33,23.8,24.3,23.21,23.66,21294.0,50650838.0,3.25,1.43,-41.32,2.42,1969052000.0,1526505230.0
2026-07-20T10:45:28,301236.SZ,软通动力,36.9,-1.39,-0.52,38.02,38.3,36.51,37.42,134450.0,505351828.53,1.71,1.26,-27.29,2.87,38198484432.0,28992671473.0
2026-07-20T10:45:28,300876.SZ,蒙泰高新,13.47,-1.39,-0.19,13.52,14.09,13.35,13.66,12418.0,17017612.8,1.1,1.51,-59.93,2.01,2047945852.0,1527535770.0
2026-07-20T10:45:28,301469.SZ,恒达新材,24.82,-1.39,-0.35,25.18,25.77,24.56,25.17,7305.0,18495150.31,1.59,2.01,22.18,1.61,2220893600.0,1143176562.0
2026-07-20T10:45:28,920022.BJ,世昌股份,19.17,-1.39,-0.27,19.64,19.65,19.06,19.44,581.0,1112969.18,0.35,1.08,17.71,2.83,1156353570.0,318509550.0
2026-07-20T10:45:28,002635.SZ,安洁科技,13.52,-1.39,-0.19,14.09,14.27,13.36,13.71,145535.0,199683620.23,3.68,1.38,63.9,1.55,8918965212.0,5347607634.0
2026-07-20T10:45:28,301203.SZ,国泰环保,34.51,-1.4,-0.49,35.0,35.88,34.02,35.0,2746.0,9622098.0,0.63,1.5,37.11,1.98,2760800000.0,1513004675.0
2026-07-20T10:45:28,002806.SZ,华锋股份,13.4,-1.4,-0.19,13.76,13.99,13.2,13.59,47910.0,65393483.1,2.75,1.73,-44.8,2.55,2847221133.0,2333008139.0
2026-07-20T10:45:28,920931.BJ,无锡鼎邦,9.15,-1.4,-0.13,9.18,9.39,9.11,9.28,1204.0,1113736.75,0.42,0.94,78.41,2.2,859459500.0,263298570.0
2026-07-20T10:45:28,688523.SH,航天环宇,42.4,-1.4,-0.6,43.6,44.3,41.72,43.0,29575.0,127588121.0,0.73,0.8,2826.5,10.26,17251712000.0,17251712000.0
2026-07-20T10:45:28,688273.SH,麦澜德,31.67,-1.4,-0.45,32.13,33.58,31.4,32.12,8374.0,27043287.0,0.84,1.37,34.54,2.4,3167000000.0,3167000000.0
2026-07-20T10:45:28,920212.BJ,智新电子,9.09,-1.41,-0.13,9.15,9.45,9.03,9.22,3717.0,3396208.44,0.72,1.39,253.17,2.28,964449000.0,469064571.0
2026-07-20T10:45:28,600463.SH,空港股份,7.71,-1.41,-0.11,7.8,7.98,7.67,7.82,25874.0,20276714.0,0.86,1.36,89.33,2.61,2313000000.0,2313000000.0
2026-07-20T10:45:28,600459.SH,贵研铂业,17.48,-1.41,-0.25,17.95,18.09,17.34,17.73,124553.0,220196158.0,1.64,1.5,16.2,1.62,14390901520.0,13279665390.0
2026-07-20T10:45:28,603798.SH,康普顿,11.15,-1.41,-0.16,11.34,11.7,11.04,11.31,28348.0,32417274.0,1.11,1.57,15.39,2.35,2859413598.0,2859413598.0
2026-07-20T10:45:28,002009.SZ,天奇股份,16.02,-1.42,-0.23,16.34,16.53,15.87,16.25,63415.0,103096897.16,1.79,1.43,65.46,3.17,6443775976.0,5671842055.0
2026-07-20T10:45:28,605299.SH,舒华体育,11.11,-1.42,-0.16,11.23,11.42,11.06,11.27,40898.0,46017679.0,1.0,1.61,46.55,3.77,4529094912.0,4529094912.0
2026-07-20T10:45:28,603187.SH,海容冷链,11.77,-1.42,-0.17,11.94,12.06,11.7,11.94,30103.0,35799521.0,0.79,1.65,10.88,1.08,4548117579.0,4500399457.0
2026-07-20T10:45:28,603637.SH,镇海股份,11.83,-1.42,-0.17,12.0,12.33,11.55,12.0,38229.0,46208809.0,1.6,1.63,-374.93,2.77,2823653925.0,2823653925.0
2026-07-20T10:45:28,002823.SZ,凯中精密,12.53,-1.42,-0.18,12.63,12.9,12.47,12.71,31248.0,39721838.0,1.43,1.8,19.67,2.03,4114462931.0,2742674872.0
2026-07-20T10:45:28,603380.SH,易德龙,34.35,-1.43,-0.5,35.65,36.45,33.97,34.85,29666.0,104080925.0,1.85,1.53,45.13,3.63,5511155220.0,5511155220.0
2026-07-20T10:45:28,920703.BJ,广厦环能,8.95,-1.43,-0.13,9.2,9.23,8.9,9.08,2839.0,2570680.56,0.37,1.54,155.59,1.19,1348979800.0,682573066.0
2026-07-20T10:45:28,920932.BJ,科达自控,10.94,-1.44,-0.16,11.22,11.44,10.88,11.1,8351.0,9301378.6,0.96,1.68,-52.8,1.91,1152532829.0,953897721.0
2026-07-20T10:45:28,300617.SZ,安靠智电,40.34,-1.44,-0.59,41.43,42.22,39.76,40.93,23671.0,97389564.0,1.7,1.74,34.16,2.21,6684647166.0,5604183026.0
2026-07-20T10:45:28,920879.BJ,基康技术,12.87,-1.45,-0.19,13.19,13.53,12.86,13.06,5813.0,7635043.2,0.39,1.61,39.87,4.14,2585181636.0,1934498954.0
2026-07-20T10:45:28,600629.SH,华建集团,12.23,-1.45,-0.18,12.46,12.49,11.89,12.41,181648.0,219975300.0,1.58,1.24,856.22,2.68,14062113658.0,14062113658.0
2026-07-20T10:45:28,603221.SH,爱丽家居,10.16,-1.45,-0.15,10.35,10.53,10.11,10.31,11426.0,11841455.0,0.47,1.21,-41.89,1.58,2484526400.0,2461463200.0
2026-07-20T10:45:28,603803.SH,瑞斯康达,9.49,-1.45,-0.14,9.67,10.0,9.32,9.63,78176.0,75612158.0,1.84,1.28,147.33,2.62,4032144956.0,4032144956.0
2026-07-20T10:45:28,300242.SZ,佳云科技,4.07,-1.45,-0.06,4.15,4.2,4.06,4.13,75504.0,31125965.0,1.19,1.51,-107.78,10.65,2582639762.0,2582638353.0
2026-07-20T10:45:28,000820.SZ,*ST节能,2.72,-1.45,-0.04,2.79,2.79,2.71,2.76,11719.0,3216406.0,0.39,1.09,-439.02,20.45,1758630087.0,807749905.0
2026-07-20T10:45:28,920454.BJ,同心传动,10.9,-1.45,-0.16,11.3,11.3,10.82,11.06,2618.0,2878874.08,0.53,1.64,38.28,3.59,1145590000.0,536612450.0
2026-07-20T10:45:28,920418.BJ,苏轴股份,18.31,-1.45,-0.27,18.61,18.98,18.21,18.58,8605.0,15962587.55,0.55,1.46,24.8,3.33,2975184576.0,2873178687.0
2026-07-20T10:45:28,300516.SZ,久之洋,26.32,-1.46,-0.39,26.99,27.26,26.0,26.71,20721.0,55311422.0,0.82,1.09,-109.64,5.19,6632640000.0,6632640000.0
2026-07-20T10:45:28,920876.BJ,慧为智能,15.47,-1.46,-0.23,15.57,16.13,15.34,15.7,10695.0,16878148.45,2.72,1.76,-96.01,3.96,992874795.0,607170412.0
2026-07-20T10:45:28,301069.SZ,凯盛新材,15.51,-1.46,-0.23,15.9,16.13,15.44,15.74,33849.0,53404796.0,0.79,1.47,42.54,3.08,7028732292.0,6619268292.0
2026-07-20T10:45:28,920168.BJ,通宝光电,14.88,-1.46,-0.22,15.15,15.22,14.88,15.1,1062.0,1596889.09,0.38,1.41,44.22,1.43,1118580192.0,419236768.0
2026-07-20T10:45:28,920751.BJ,惠同新材,16.77,-1.47,-0.25,17.18,17.36,16.58,17.02,4037.0,6811426.17,0.49,2.21,31.1,3.63,1455300600.0,1393035686.0
2026-07-20T10:45:28,301219.SZ,腾远钴业,42.15,-1.47,-0.63,42.91,43.8,41.7,42.78,36947.0,157617807.2,1.35,1.64,7.6,1.69,16136341276.0,11517072154.0
2026-07-20T10:45:28,300889.SZ,爱克股份,20.72,-1.47,-0.31,21.05,21.5,20.61,21.03,13940.0,29347299.0,0.95,1.59,-63.12,3.22,4563105098.0,3032723805.0
2026-07-20T10:45:28,600497.SH,驰宏锌锗,8.7,-1.47,-0.13,8.99,9.05,8.57,8.83,855410.0,753873894.0,1.7,1.43,16.56,2.6,43851310202.0,43851310202.0
2026-07-20T10:45:28,688120.SH,华海清科,238.12,-1.47,-3.55,247.0,252.99,231.4,241.67,87250.0,2097828333.0,1.76,1.42,119.09,15.54,117805375961.0,117805375961.0
2026-07-20T10:45:28,300890.SZ,翔丰华,23.9,-1.48,-0.36,24.25,24.69,23.75,24.26,27147.0,65995266.06,2.48,1.7,30.49,1.34,2857961618.0,2612236516.0
2026-07-20T10:45:28,920719.BJ,宁新新材,7.98,-1.48,-0.12,8.17,8.24,7.9,8.1,5388.0,4333346.93,0.72,0.91,-4.16,6.71,742885332.0,593254443.0
2026-07-20T10:45:28,600753.SH,ST海钦,10.66,-1.48,-0.16,10.83,11.04,10.65,10.82,4706.0,5072335.0,0.2,1.1,27.43,27.95,2455074486.0,2455074486.0
2026-07-20T10:45:28,002972.SZ,科安达,15.22,-1.49,-0.23,15.55,15.8,14.69,15.45,49350.0,75044377.6,3.67,1.65,25.1,3.05,3744253936.0,2049316914.0
2026-07-20T10:45:28,920080.BJ,奥美森,21.11,-1.49,-0.32,21.35,21.67,21.1,21.43,1714.0,3670169.11,0.75,1.86,19.79,3.23,1752130000.0,485017048.0
2026-07-20T10:45:28,920278.BJ,鹿得医疗,5.94,-1.49,-0.09,6.02,6.1,5.9,6.03,7744.0,4631892.61,1.05,0.88,380.81,2.69,1036530000.0,439845120.0
2026-07-20T10:45:28,688793.SH,倍轻松,15.92,-1.49,-0.24,16.08,16.55,15.86,16.16,9212.0,14915092.0,1.08,1.73,-29.07,6.07,1353249654.0,1353249654.0
2026-07-20T10:45:28,920627.BJ,力王股份,13.23,-1.49,-0.2,13.37,13.59,13.05,13.43,4271.0,5698618.16,0.91,1.12,31.97,2.67,1249573500.0,619395525.0
2026-07-20T10:45:28,301266.SZ,宇邦新材,19.01,-1.5,-0.29,19.16,19.58,18.94,19.3,14349.0,27623642.59,1.06,1.5,21.28,1.52,2717944580.0,2578371601.0
2026-07-20T10:45:28,600082.SH,ST海泰,2.63,-1.5,-0.04,2.65,2.69,2.63,2.67,23265.0,6193057.0,0.37,1.31,-31.4,1.01,1699284622.0,1668302134.0
2026-07-20T10:45:28,002211.SZ,ST宏达,3.29,-1.5,-0.05,3.39,3.41,3.26,3.34,23155.0,7695646.0,0.54,1.06,185.5,29.47,1422845313.0,1422845313.0
2026-07-20T10:45:28,920833.BJ,美心翼申,8.54,-1.5,-0.13,8.67,8.74,8.51,8.67,3011.0,2588304.05,0.35,1.47,71.52,1.61,977864160.0,739178573.0
2026-07-20T10:45:28,300505.SZ,川金诺,17.04,-1.5,-0.26,17.43,17.58,16.78,17.3,76026.0,130547227.61,3.5,1.2,28.45,1.65,4683742592.0,3703835223.0
2026-07-20T10:45:28,603008.SH,ST喜临门,7.9,-1.5,-0.12,8.01,8.1,7.83,8.02,24830.0,19793349.0,0.67,1.37,-20.28,0.83,2909510237.0,2909510237.0
2026-07-20T10:45:28,605277.SH,新亚电子,13.77,-1.5,-0.21,14.3,14.3,13.6,13.98,25902.0,36133436.0,0.68,1.13,30.09,3.19,5353575220.0,5256859160.0
2026-07-20T10:45:28,301062.SZ,上海艾录,5.89,-1.51,-0.09,5.98,6.07,5.85,5.98,72205.0,43025863.0,2.62,1.31,-322.61,1.91,2552090734.0,1621229815.0
2026-07-20T10:45:28,301260.SZ,格力博,12.43,-1.51,-0.19,12.58,12.76,12.36,12.62,16821.0,21113725.0,0.82,1.82,11.08,1.39,6008108542.0,2552303733.0
2026-07-20T10:45:28,300952.SZ,恒辉安防,16.33,-1.51,-0.25,16.81,17.23,16.21,16.58,31760.0,52546884.4,2.14,1.5,150.64,2.36,3945679160.0,2426282414.0
2026-07-20T10:45:28,002496.SZ,辉丰股份,1.95,-1.52,-0.03,1.99,2.01,1.94,1.98,118533.0,23494159.0,1.0,1.67,1271.33,2.64,2939799870.0,2303434575.0
2026-07-20T10:45:28,300523.SZ,辰安科技,18.1,-1.52,-0.28,18.27,18.65,17.98,18.38,17178.0,31342260.2,0.74,1.73,-35.42,4.35,4210741248.0,4210610928.0
2026-07-20T10:45:28,300790.SZ,宇瞳光学,16.84,-1.52,-0.26,17.47,17.65,16.51,17.1,115514.0,198043497.0,2.51,1.32,38.79,3.29,8803867345.0,7735855668.0
2026-07-20T10:45:28,600365.SH,ST通葡,2.6,-1.52,-0.04,2.65,2.65,2.57,2.64,18172.0,4759814.0,0.43,1.28,-25.62,5.36,1180218000.0,1110928000.0
2026-07-20T10:45:28,300822.SZ,贝仕达克,10.94,-1.53,-0.17,11.0,11.25,10.87,11.11,26886.0,29695098.87,0.93,2.24,38.62,2.74,3408206028.0,3161463485.0
2026-07-20T10:45:28,300190.SZ,维尔利,3.87,-1.53,-0.06,3.9,3.95,3.86,3.93,44884.0,17551736.37,0.48,1.07,145.66,1.18,3669104624.0,3654215155.0
2026-07-20T10:45:28,600892.SH,大晟文化,3.21,-1.53,-0.05,3.24,3.32,3.19,3.26,57338.0,18674157.0,1.03,1.48,-26.32,204.77,1795880043.0,1795415711.0
2026-07-20T10:45:28,001322.SZ,箭牌家居,6.38,-1.54,-0.1,6.48,6.51,6.27,6.48,26028.0,16649275.0,0.33,1.82,-24.01,1.33,6170499685.0,5012204401.0
2026-07-20T10:45:28,301148.SZ,嘉戎技术,40.86,-1.54,-0.64,41.89,42.42,40.61,41.5,5111.0,21298010.0,0.87,1.53,619.69,2.77,4760070689.0,2405554049.0
2026-07-20T10:45:28,920578.BJ,巨能股份,16.64,-1.54,-0.26,17.23,17.46,16.56,16.9,6011.0,10179229.43,1.69,1.2,-300.32,4.81,1272612174.0,590736956.0
2026-07-20T10:45:28,688778.SH,厦钨新能,43.46,-1.54,-0.68,44.6,44.98,43.16,44.14,30960.0,136458452.0,0.61,1.13,22.33,2.31,21933874467.0,21933874467.0
2026-07-20T10:45:28,603501.SH,豪威集团,102.52,-1.54,-1.6,106.0,106.99,101.11,104.12,215963.0,2237420242.0,1.79,1.48,64.08,3.94,128919209918.0,123717232346.0
2026-07-20T10:45:28,002518.SZ,科士达,33.01,-1.55,-0.52,33.99,34.19,32.47,33.53,52514.0,175018573.88,0.93,1.38,34.66,4.08,19219250353.0,18655677324.0
2026-07-20T10:45:28,002569.SZ,*ST步森,13.35,-1.55,-0.21,13.67,13.9,13.28,13.56,4599.0,6263370.0,0.33,1.39,-115.22,48.41,1922533500.0,1869133500.0
2026-07-20T10:45:28,300933.SZ,中辰股份,5.73,-1.55,-0.09,5.83,5.92,5.69,5.82,88936.0,51820081.14,1.63,1.41,47.43,1.48,3134828301.0,3134828301.0
2026-07-20T10:45:28,688448.SH,磁谷科技,46.2,-1.56,-0.73,49.0,49.85,45.53,46.93,30675.0,145246697.0,3.15,2.3,-233.49,4.42,4505375028.0,4505375028.0
2026-07-20T10:45:28,300097.SZ,智云股份,6.93,-1.56,-0.11,7.11,7.27,6.85,7.04,37968.0,26884301.42,1.41,1.53,-29.77,10.1,1999649206.0,1871158545.0
2026-07-20T10:45:28,600630.SH,龙头股份,6.29,-1.56,-0.1,6.43,6.45,6.26,6.39,89054.0,56665414.0,2.1,1.29,27.0,3.28,2672379445.0,2672379445.0
2026-07-20T10:45:28,688597.SH,煜邦电力,6.32,-1.56,-0.1,6.45,6.57,6.29,6.42,22498.0,14463229.0,0.67,1.28,-23.66,2.67,2123900944.0,2123900944.0
2026-07-20T10:45:28,688350.SH,富淼科技,25.2,-1.56,-0.4,25.68,26.23,24.93,25.6,13508.0,34619181.0,0.94,2.07,47.32,1.95,3609764626.0,3609764626.0
2026-07-20T10:45:28,002241.SZ,歌尔股份,22.65,-1.56,-0.36,22.53,23.0,22.2,23.01,491185.0,1112145003.09,1.56,1.32,39.99,2.19,80458942182.0,71250339450.0
2026-07-20T10:45:28,300727.SZ,润禾材料,25.87,-1.56,-0.41,26.35,27.0,25.51,26.28,17637.0,46296260.0,1.09,1.19,42.61,3.51,4660127426.0,4193759235.0
2026-07-20T10:45:28,603297.SH,永新光学,92.76,-1.56,-1.47,95.39,96.5,91.63,94.23,6819.0,64332362.0,0.62,1.4,55.66,5.12,10271231316.0,10271231316.0
2026-07-20T10:45:28,920118.BJ,太湖远大,16.91,-1.57,-0.27,17.38,17.48,16.9,17.18,1493.0,2561518.2,0.48,0.9,19.37,1.52,874433010.0,529944181.0
2026-07-20T10:45:28,301181.SZ,标榜股份,19.48,-1.57,-0.31,19.68,20.3,19.3,19.79,11962.0,23833890.02,1.02,2.19,28.45,2.05,2925959583.0,2283749274.0
2026-07-20T10:45:28,600678.SH,ST金顶,5.64,-1.57,-0.09,5.71,5.79,5.6,5.73,53634.0,30578447.0,1.54,1.31,265.64,7.63,1968303600.0,1968303600.0
2026-07-20T10:45:28,920078.BJ,族兴新材,22.39,-1.58,-0.36,23.2,23.29,22.24,22.75,5641.0,12792247.82,1.45,1.05,70.74,2.75,2686800000.0,872936842.0
2026-07-20T10:45:28,920634.BJ,新威凌,15.6,-1.58,-0.25,15.99,16.17,15.51,15.85,3694.0,5832025.81,0.91,0.89,107.97,3.48,996976750.0,632232510.0
2026-07-20T10:45:28,002981.SZ,朝阳科技,20.57,-1.58,-0.33,21.01,21.1,20.41,20.9,13466.0,27736618.0,1.11,0.9,-224.72,2.7,2809012768.0,2501000385.0
2026-07-20T10:45:28,003022.SZ,联泓新科,18.06,-1.58,-0.29,18.42,18.8,17.85,18.35,65004.0,118803363.7,0.49,1.4,41.67,3.22,24120358080.0,24099838760.0
2026-07-20T10:45:28,300828.SZ,锐新科技,14.36,-1.58,-0.23,14.74,15.01,14.24,14.59,22838.0,33589967.0,2.71,1.88,92.99,3.07,2389819920.0,1211543363.0
2026-07-20T10:45:28,688755.SH,汉邦科技,23.63,-1.58,-0.38,24.02,24.38,23.59,24.01,5870.0,14062457.0,0.74,1.35,36.62,2.15,2703272000.0,1887260967.0
2026-07-20T10:45:28,301662.SZ,宏工科技,63.08,-1.59,-1.02,65.2,66.77,62.02,64.1,14627.0,94487163.22,3.28,2.13,24.06,4.87,7317280000.0,2812864495.0
2026-07-20T10:45:28,001358.SZ,兴欣新材,20.85,-1.6,-0.34,21.09,21.64,20.7,21.19,7665.0,16243496.2,1.54,1.4,29.85,1.8,2568720000.0,1036171545.0
2026-07-20T10:45:28,603701.SH,德宏股份,17.24,-1.6,-0.28,17.64,18.28,17.07,17.52,23033.0,40824550.0,0.88,1.67,134.87,5.62,4505879173.0,4505879173.0
2026-07-20T10:45:28,301033.SZ,迈普医学,53.98,-1.6,-0.88,54.62,56.24,53.75,54.86,10023.0,55162388.8,1.78,1.59,43.68,4.68,3619338488.0,3041970621.0
2026-07-20T10:45:28,002048.SZ,宁波华翔,19.04,-1.6,-0.31,19.53,19.95,18.81,19.35,102849.0,198876504.68,1.45,1.68,14.17,1.31,15464313171.0,13483563312.0
2026-07-20T10:45:28,300568.SZ,星源材质,12.33,-1.6,-0.2,12.87,12.96,12.13,12.53,407966.0,514595333.48,3.38,1.64,157.45,1.89,18436236934.0,14901568770.0
2026-07-20T10:45:28,300647.SZ,超频三,4.92,-1.6,-0.08,4.95,5.13,4.89,5.0,71859.0,35880070.0,1.57,1.53,64.54,5.25,2250019438.0,2246679344.0
2026-07-20T10:45:28,603507.SH,振江股份,21.49,-1.6,-0.35,22.0,22.15,21.39,21.84,38574.0,84173034.0,1.63,1.47,13.23,2.02,5134691531.0,5078169393.0
2026-07-20T10:45:28,000632.SZ,ST三木,3.07,-1.6,-0.05,3.12,3.15,3.04,3.12,36161.0,11211905.0,0.78,1.33,-6.17,22.78,1429145080.0,1429028530.0
2026-07-20T10:45:28,603088.SH,宁波精达,8.59,-1.6,-0.14,8.83,8.84,8.53,8.73,34893.0,30358385.0,0.8,1.08,134.46,4.06,4315512628.0,3761319106.0
2026-07-20T10:45:28,300461.SZ,田中精机,28.74,-1.61,-0.47,29.79,30.07,28.34,29.21,20977.0,61372232.0,1.45,1.78,-58.91,8.35,4527662008.0,4159001526.0
2026-07-20T10:45:28,603890.SH,春秋电子,19.55,-1.61,-0.32,20.2,20.45,19.3,19.87,132998.0,265735488.0,2.98,1.43,35.96,2.72,8735559012.0,8735559012.0
2026-07-20T10:45:28,601020.SH,华钰矿业,17.68,-1.61,-0.29,18.01,18.27,17.4,17.97,101046.0,180548924.0,1.23,1.36,118.6,3.42,14496975861.0,14496975861.0
2026-07-20T10:45:28,688516.SH,奥特维,38.52,-1.61,-0.63,39.92,40.0,38.1,39.15,48062.0,188248618.0,1.53,1.78,35.62,3.54,12124572842.0,12124572842.0
2026-07-20T10:45:28,300953.SZ,震裕科技,97.69,-1.62,-1.61,102.09,102.5,96.53,99.3,35378.0,351233148.22,2.02,1.52,21.11,5.05,23791290523.0,17100649935.0
2026-07-20T10:45:28,920191.BJ,瑞尔竞达,8.52,-1.62,-0.14,8.76,8.76,8.48,8.66,6878.0,5907501.97,1.72,2.55,17.75,1.49,1511408808.0,340075800.0
2026-07-20T10:45:28,688358.SH,祥生医疗,28.33,-1.63,-0.47,28.8,29.04,28.14,28.8,11025.0,31585711.0,0.98,1.37,17.25,2.35,3176518616.0,3172269116.0
2026-07-20T10:45:28,300095.SZ,华伍股份,7.85,-1.63,-0.13,8.1,8.12,7.81,7.98,34006.0,27197803.0,1.07,1.04,45.78,2.12,3096237530.0,2493711290.0
2026-07-20T10:45:28,688007.SH,光峰科技,10.89,-1.63,-0.18,11.26,11.37,10.77,11.07,48563.0,53538782.0,1.06,1.44,-33.57,2.08,5005214265.0,5005214265.0
2026-07-20T10:45:28,688125.SH,安达智能,112.26,-1.63,-1.86,115.72,120.01,109.0,114.12,9478.0,109900613.0,1.15,2.04,-73.99,5.14,9253081691.0,9228170074.0
2026-07-20T10:45:28,300758.SZ,七彩化学,9.64,-1.63,-0.16,9.85,9.98,9.53,9.8,35671.0,34924616.0,0.99,1.57,60.83,2.19,3847474692.0,3467911877.0
2026-07-20T10:45:28,600961.SH,株冶集团,21.76,-1.63,-0.36,22.48,22.53,21.47,22.12,240635.0,529884930.0,3.2,1.68,5.1,4.62,23345710017.0,16359437780.0
2026-07-20T10:45:28,300635.SZ,中达安,10.87,-1.63,-0.18,11.21,11.25,10.7,11.05,42160.0,46216570.0,3.5,1.39,255.16,4.95,1521952180.0,1308902647.0
2026-07-20T10:45:28,301258.SZ,富士莱,24.0,-1.64,-0.4,24.2,24.62,23.8,24.4,7218.0,17468178.0,0.81,1.37,-198.72,1.19,2200080000.0,2137560000.0
2026-07-20T10:45:28,688360.SH,德马科技,14.43,-1.64,-0.24,14.97,14.99,14.35,14.67,32439.0,47643493.0,1.23,1.86,25.68,2.61,3805849975.0,3805849975.0
2026-07-20T10:45:28,002049.SZ,紫光国微,63.05,-1.64,-1.05,64.99,65.49,61.95,64.1,224562.0,1430206795.97,2.64,1.21,40.06,3.92,53569142749.0,53561966903.0
2026-07-20T10:45:28,301395.SZ,仁信新材,9.6,-1.64,-0.16,9.77,10.0,9.54,9.76,15953.0,15683661.6,1.25,2.1,-5.8,1.62,2331364205.0,1222362605.0
2026-07-20T10:45:28,688370.SH,丛麟科技,21.45,-1.65,-0.36,21.99,22.08,21.24,21.81,3964.0,8584669.0,0.29,1.62,68.42,1.11,2940964005.0,2940964005.0
2026-07-20T10:45:28,300740.SZ,水羊股份,16.67,-1.65,-0.28,17.56,17.58,16.52,16.95,133064.0,225577141.61,3.46,1.34,49.82,2.73,6917255024.0,6401728073.0
2026-07-20T10:45:28,002686.SZ,亿利达,5.37,-1.65,-0.09,5.54,5.57,5.35,5.46,61128.0,33454458.0,1.17,1.31,466.45,1.9,3040704144.0,2807053967.0
2026-07-20T10:45:28,300013.SZ,新宁物流,3.57,-1.65,-0.06,3.66,3.73,3.55,3.63,93300.0,33993912.1,1.67,1.5,83.85,11.09,1993341252.0,1991072474.0
2026-07-20T10:45:28,300083.SZ,创世纪,10.65,-1.66,-0.18,11.31,11.42,10.4,10.83,498727.0,544061131.97,3.34,1.32,61.43,3.34,17730786573.0,15891101579.0
2026-07-20T10:45:28,920978.BJ,开特股份,18.95,-1.66,-0.32,19.46,19.76,18.92,19.27,7800.0,15054712.91,0.77,1.53,26.06,4.39,3411539469.0,1912717265.0
2026-07-20T10:45:28,600877.SH,电科芯片,11.81,-1.67,-0.2,12.24,12.35,11.66,12.01,116892.0,140020019.0,0.99,1.12,-2892.78,5.59,13983742601.0,13983742601.0
2026-07-20T10:45:28,300352.SZ,ST信源,2.36,-1.67,-0.04,2.41,2.43,2.35,2.4,133325.0,31913993.5,1.04,1.82,-17.15,3.39,3421584845.0,3011658866.0
2026-07-20T10:45:28,000546.SZ,金圆股份,4.12,-1.67,-0.07,4.2,4.25,4.07,4.19,112712.0,47068141.0,1.62,1.93,-13.78,0.83,3203910839.0,2870425449.0
2026-07-20T10:45:28,600156.SH,华升股份,7.06,-1.67,-0.12,7.24,7.32,7.02,7.18,43579.0,31308010.0,1.08,1.17,-122.57,7.77,2838901556.0,2838901556.0
2026-07-20T10:45:28,002772.SZ,众兴菌业,10.02,-1.67,-0.17,10.19,10.3,9.88,10.19,100114.0,100822024.88,2.69,1.66,5.77,1.07,3754920181.0,3723799003.0
2026-07-20T10:45:28,300937.SZ,药易购,23.2,-1.69,-0.4,22.22,23.66,21.88,23.6,67453.0,155105911.12,10.4,1.76,-203.98,2.71,2219467022.0,1504849022.0
2026-07-20T10:45:28,688697.SH,纽威数控,11.06,-1.69,-0.19,11.36,11.51,10.97,11.25,39259.0,44200205.0,0.61,1.14,26.56,4.15,7081350056.0,7081350056.0
2026-07-20T10:45:28,300222.SZ,科大智能,9.28,-1.69,-0.16,9.57,9.62,9.18,9.44,154839.0,146091249.31,2.43,1.78,66.66,4.13,7259013052.0,5918259764.0
2026-07-20T10:45:28,688126.SH,沪硅产业,26.21,-1.69,-0.45,27.62,27.94,25.59,26.66,734050.0,1974720495.0,2.58,1.53,-44.83,5.15,86624663131.0,74491424488.0
2026-07-20T10:45:28,920662.BJ,方盛股份,19.15,-1.69,-0.33,19.48,19.76,18.85,19.48,8773.0,16985454.28,3.25,1.39,119.69,3.71,1676582538.0,517166470.0
2026-07-20T10:45:28,603681.SH,永冠新材,17.43,-1.69,-0.3,18.0,18.17,17.25,17.73,45565.0,80776468.0,1.92,1.46,38.68,1.23,4143840097.0,4143840097.0
2026-07-20T10:45:28,603016.SH,新宏泰,27.25,-1.7,-0.47,27.58,28.1,27.04,27.72,12870.0,35502079.0,0.87,1.55,152.54,5.07,4037360000.0,4037360000.0
2026-07-20T10:45:28,300477.SZ,ST合纵,2.31,-1.7,-0.04,2.37,2.39,2.28,2.35,66580.0,15599635.6,0.67,1.17,-16.8,29.86,2476363167.0,2289239935.0
2026-07-20T10:45:28,920181.BJ,赛英电子,73.63,-1.7,-1.27,76.51,76.57,72.96,74.9,3295.0,24809428.1,3.29,1.45,29.46,4.14,3180816000.0,737772600.0
2026-07-20T10:45:28,920055.BJ,隆源股份,26.08,-1.7,-0.45,26.9,26.9,26.06,26.53,1942.0,5113573.91,1.27,1.94,12.64,1.49,1773440000.0,399024000.0
2026-07-20T10:45:28,301186.SZ,超达装备,30.54,-1.71,-0.53,31.8,31.8,30.37,31.07,12634.0,39364081.72,1.17,1.33,54.91,2.16,3504266612.0,3294749660.0
2026-07-20T10:45:28,002171.SZ,楚江新材,9.21,-1.71,-0.16,9.44,9.65,9.1,9.37,294154.0,275232168.5,1.82,1.65,26.66,1.7,14947257801.0,14862558939.0
2026-07-20T10:45:28,920378.BJ,泰德股份,6.84,-1.72,-0.12,6.94,7.02,6.81,6.96,3105.0,2153729.05,0.28,1.05,143.65,2.78,1063797840.0,761854686.0
2026-07-20T10:45:28,301555.SZ,惠柏新材,29.17,-1.72,-0.51,30.3,30.47,28.78,29.68,14841.0,43971534.35,3.07,1.66,49.63,2.38,2691419639.0,1410216358.0
2026-07-20T10:45:28,603722.SH,阿科力,28.58,-1.72,-0.5,30.0,30.0,28.39,29.08,13535.0,39583850.0,1.41,1.09,-53.73,3.15,2792841058.0,2735109458.0
2026-07-20T10:45:28,300203.SZ,聚光科技,11.41,-1.72,-0.2,11.66,11.92,11.36,11.61,47596.0,55236764.0,1.06,1.68,-17.61,1.97,5120096016.0,5115685195.0
2026-07-20T10:45:28,002687.SZ,乔治白,5.13,-1.72,-0.09,5.26,5.37,5.09,5.22,97392.0,50936068.18,2.36,1.21,58.43,1.7,2589518789.0,2120708845.0
2026-07-20T10:45:28,002935.SZ,天奥电子,15.44,-1.72,-0.27,15.9,15.98,15.26,15.71,27858.0,43632963.07,0.67,0.99,-319.9,4.11,6548142724.0,6409003234.0
2026-07-20T10:45:28,301303.SZ,真兰仪表,13.08,-1.73,-0.23,13.65,13.74,12.94,13.31,27537.0,36641652.4,2.69,1.37,24.82,1.58,5347104000.0,1336776000.0
2026-07-20T10:45:28,300382.SZ,斯莱克,13.6,-1.73,-0.24,14.46,14.5,13.37,13.84,257352.0,358713478.63,3.97,2.01,-100.93,3.87,8818239918.0,8817399819.0
2026-07-20T10:45:28,002201.SZ,九鼎新材,7.38,-1.73,-0.13,7.56,7.69,7.29,7.51,84791.0,63540551.16,1.41,1.33,76.79,4.09,4809075459.0,4442930847.0
2026-07-20T10:45:28,301162.SZ,国能日新,35.14,-1.73,-0.62,35.81,36.23,34.86,35.76,12587.0,44533808.08,1.04,1.86,72.53,4.18,6559772361.0,4256558766.0
2026-07-20T10:45:28,301151.SZ,冠龙节能,18.65,-1.74,-0.33,19.32,19.6,18.5,18.98,26923.0,51370453.98,1.59,1.15,-121.25,1.55,3151926465.0,3148936963.0
2026-07-20T10:45:28,600143.SH,金发科技,13.53,-1.74,-0.24,13.78,13.98,13.45,13.77,164301.0,225904798.0,0.62,1.55,29.63,1.85,36169726892.0,35649196159.0
2026-07-20T10:45:28,300235.SZ,方直科技,10.75,-1.74,-0.19,11.0,11.21,10.71,10.94,17794.0,19445625.34,0.88,1.16,325.73,3.85,2706276326.0,2183677503.0
2026-07-20T10:45:28,920075.BJ,柏星龙,14.66,-1.74,-0.26,14.76,15.1,14.63,14.92,4477.0,6644741.29,1.28,1.95,29.76,2.46,950187900.0,511324146.0
2026-07-20T10:45:28,301531.SZ,春光集团,45.35,-1.75,-0.81,46.99,48.0,44.85,46.16,18465.0,85834132.22,3.94,1.72,83.92,6.88,9964906969.0,2126173664.0
2026-07-20T10:45:28,301005.SZ,超捷股份,67.52,-1.75,-1.2,72.0,72.15,66.44,68.72,44140.0,304700753.88,2.4,1.03,222.99,16.38,12691424821.0,12432869472.0
2026-07-20T10:45:28,301031.SZ,中熔电气,76.8,-1.75,-1.37,79.73,80.09,75.78,78.17,25022.0,195234192.66,2.18,1.36,24.64,6.91,11224654310.0,8824223462.0
2026-07-20T10:45:28,301309.SZ,万得凯,26.93,-1.75,-0.48,27.42,27.88,26.81,27.41,4201.0,11513741.0,0.69,1.69,20.78,1.65,2707391392.0,1631443637.0
2026-07-20T10:45:28,600302.SH,ST标准,6.19,-1.75,-0.11,6.35,6.46,6.09,6.3,30101.0,18955269.0,0.87,1.36,-25.97,4.42,2141800687.0,2141800687.0
2026-07-20T10:45:28,301212.SZ,联盛化学,20.73,-1.75,-0.37,21.16,22.1,20.61,21.1,5776.0,12199668.0,0.62,1.51,91.89,1.67,2238840000.0,1943437500.0
2026-07-20T10:45:28,603659.SH,璞泰来,21.32,-1.75,-0.38,21.74,21.95,21.16,21.7,142798.0,308237604.0,0.67,1.55,16.23,2.18,45714006611.0,45714006611.0
2026-07-20T10:45:28,002196.SZ,方正电机,10.03,-1.76,-0.18,10.45,10.45,9.92,10.21,117718.0,119741172.0,2.41,1.73,106.93,3.49,4973595458.0,4898756382.0
2026-07-20T10:45:28,301169.SZ,零点有数,49.55,-1.76,-0.89,51.45,52.97,48.8,50.44,9389.0,48071327.0,1.3,1.76,-53.99,8.24,3569608559.0,3568047734.0
2026-07-20T10:45:28,920866.BJ,绿亨科技,5.58,-1.76,-0.1,5.65,5.7,5.56,5.68,6034.0,3393335.61,0.53,1.54,32.68,1.32,1005548922.0,636746628.0
2026-07-20T10:45:28,603978.SH,深圳新星,17.85,-1.76,-0.32,18.3,18.67,17.68,18.17,53756.0,97969142.0,2.55,1.71,52.22,2.27,3768033237.0,3768033237.0
2026-07-20T10:45:28,688127.SH,蓝特光学,61.31,-1.76,-1.1,63.8,65.38,60.0,62.41,54285.0,341793439.0,1.34,1.92,48.02,11.24,24885587987.0,24885587987.0
2026-07-20T10:45:28,301397.SZ,溯联股份,23.93,-1.77,-0.43,25.27,25.56,23.59,24.36,23145.0,57137633.47,2.5,2.19,57.32,2.49,4837865691.0,2212540663.0
2026-07-20T10:45:28,688766.SH,普冉股份,420.41,-1.77,-7.59,460.53,466.68,411.04,428.0,62207.0,2751558784.0,4.18,1.86,62.24,23.2,62516460717.0,62516460717.0
2026-07-20T10:45:28,600589.SH,大位科技,7.2,-1.77,-0.13,7.29,7.5,7.13,7.33,375481.0,275289259.0,2.54,1.39,-83.7,17.18,10667303208.0,10644983208.0
2026-07-20T10:45:28,300804.SZ,广康生化,31.05,-1.77,-0.56,32.0,32.6,30.95,31.61,4904.0,15645133.0,1.78,0.76,-998.2,1.69,2297700000.0,853875000.0
2026-07-20T10:45:28,002193.SZ,ST如意,3.88,-1.77,-0.07,4.02,4.03,3.84,3.95,18771.0,7326364.0,0.72,1.43,-8.35,3.77,1015456334.0,1015450514.0
2026-07-20T10:45:28,001298.SZ,好上好,16.08,-1.77,-0.29,16.7,16.7,15.96,16.37,53289.0,87070510.85,1.31,0.99,29.45,4.18,6954825554.0,6551304724.0
2026-07-20T10:45:28,603112.SH,华翔股份,13.88,-1.77,-0.25,14.13,14.45,13.81,14.13,34546.0,48895158.0,0.65,1.78,12.76,1.7,7494664246.0,7420338789.0
2026-07-20T10:45:28,688655.SH,迅捷兴,29.77,-1.78,-0.54,31.85,32.32,29.06,30.31,44355.0,137038385.0,3.33,2.01,-185.54,6.09,3971020300.0,3971020300.0
2026-07-20T10:45:28,920156.BJ,海昌智能,39.68,-1.78,-0.72,40.76,41.19,39.25,40.4,4220.0,16984029.11,1.94,1.23,11.85,3.44,4131481600.0,861373440.0
2026-07-20T10:45:28,688167.SH,炬光科技,213.66,-1.78,-3.88,227.9,229.5,208.0,217.54,47844.0,1048519474.0,3.68,2.05,-526.51,12.43,27805492544.0,27805492544.0
2026-07-20T10:45:28,002940.SZ,昂利康,26.53,-1.78,-0.48,25.7,27.08,25.15,27.01,108277.0,283239446.15,5.84,1.84,75.78,3.31,5351848775.0,4915340656.0
2026-07-20T10:45:28,603618.SH,杭电股份,27.4,-1.79,-0.5,28.78,29.44,26.53,27.9,272457.0,766772005.0,3.94,1.62,58.58,7.0,18943691878.0,18943691878.0
2026-07-20T10:45:28,920663.BJ,明阳科技,12.09,-1.79,-0.22,12.43,12.45,12.03,12.31,2016.0,2474166.95,0.31,1.29,18.37,4.22,1614649846.0,774685127.0
2026-07-20T10:45:28,605180.SH,华生科技,10.98,-1.79,-0.2,11.55,11.55,10.84,11.18,11868.0,13176944.0,0.7,2.08,127.28,1.63,1855620000.0,1855620000.0
2026-07-20T10:45:28,000672.SZ,上峰材料,15.78,-1.8,-0.29,16.49,16.95,15.66,16.07,173532.0,283101702.01,1.79,1.62,119.86,1.77,15297060201.0,15297060201.0
2026-07-20T10:45:28,301631.SZ,壹连科技,55.68,-1.8,-1.02,57.37,57.99,54.95,56.7,10392.0,58869861.64,2.38,1.53,25.22,2.77,7125949340.0,2427338364.0
2026-07-20T10:45:28,920012.BJ,创达新材,48.65,-1.8,-0.89,50.2,50.95,48.0,49.54,4017.0,19919904.81,2.08,1.04,37.41,2.9,2399290537.0,938823862.0
2026-07-20T10:45:28,688195.SH,腾景科技,120.79,-1.8,-2.21,127.98,129.52,118.11,123.0,42384.0,529598638.0,2.34,2.24,378.87,21.95,21873861100.0,21873861100.0
2026-07-20T10:45:28,920725.BJ,惠丰钻石,69.98,-1.81,-1.29,74.04,76.04,68.0,71.27,37721.0,275104194.52,8.54,1.85,893.39,10.63,6387424500.0,3091764336.0
2026-07-20T10:45:28,300323.SZ,华灿光电,11.42,-1.81,-0.21,12.51,12.59,11.09,11.63,501606.0,590241640.93,4.22,2.0,91.44,2.79,18534646262.0,13563465549.0
2026-07-20T10:45:28,000962.SZ,东方钽业,50.69,-1.82,-0.94,52.67,55.0,49.4,51.63,137317.0,715054229.18,2.73,1.7,122.99,6.78,26736955815.0,25506079641.0
2026-07-20T10:45:28,300766.SZ,每日互动,21.55,-1.82,-0.4,21.36,22.42,21.13,21.95,280364.0,608842339.74,7.83,2.82,-132.16,5.43,8506857263.0,7713540475.0
2026-07-20T10:45:28,300054.SZ,鼎龙股份,68.15,-1.82,-1.26,71.43,72.01,66.2,69.41,268061.0,1856567430.66,3.61,1.82,64.72,12.11,64964579110.0,50646931844.0
2026-07-20T10:45:28,300420.SZ,五洋自控,6.47,-1.82,-0.12,6.91,7.07,6.3,6.59,721531.0,485987089.9,6.46,1.81,444.93,3.05,7223001640.0,7222440691.0
2026-07-20T10:45:28,688692.SH,达梦数据,211.47,-1.82,-3.93,219.28,221.5,209.0,215.4,8767.0,188625773.0,1.18,1.8,39.54,6.35,23946862800.0,15683610801.0
2026-07-20T10:45:28,300511.SZ,雪榕生物,5.39,-1.82,-0.1,5.49,5.51,5.35,5.49,101247.0,54959320.0,1.85,1.29,4.99,1.94,3454165416.0,2942956526.0
2026-07-20T10:45:28,300762.SZ,上海瀚讯,29.7,-1.82,-0.55,31.45,31.66,29.2,30.25,158501.0,484542603.97,2.52,1.26,-105.45,8.21,18650583428.0,18650583428.0
2026-07-20T10:45:28,301226.SZ,祥明智能,25.77,-1.83,-0.48,26.5,27.63,25.56,26.25,12649.0,33422467.91,1.16,1.89,726.79,3.11,2803776000.0,2803776000.0
2026-07-20T10:45:28,300521.SZ,爱司凯,20.42,-1.83,-0.38,21.4,21.4,20.02,20.8,18716.0,39021142.45,1.27,1.6,-149.28,5.74,3057486600.0,3019199100.0
2026-07-20T10:45:28,920942.BJ,恒立钻具,16.6,-1.83,-0.31,16.8,17.19,16.5,16.91,4395.0,7400561.28,1.06,2.02,51.34,2.05,1015332360.0,687489232.0
2026-07-20T10:45:28,301337.SZ,亚华电子,23.04,-1.83,-0.43,23.5,24.0,22.95,23.47,10611.0,24769851.0,1.04,1.64,-68.37,2.21,2400768000.0,2348554752.0
2026-07-20T10:45:28,002779.SZ,中坚科技,59.99,-1.83,-1.12,61.79,62.29,59.2,61.11,13826.0,84041294.21,0.83,1.36,96.74,12.2,11086152000.0,9946842017.0
2026-07-20T10:45:28,603616.SH,韩建河山,4.82,-1.83,-0.09,4.88,4.97,4.81,4.91,67909.0,33310178.0,1.77,1.09,-47.57,8.77,1866390760.0,1852292260.0
2026-07-20T10:45:28,605003.SH,众望布艺,19.24,-1.84,-0.36,19.8,19.88,17.8,19.6,5759.0,11254306.0,0.52,1.99,38.64,1.5,2116400000.0,2116400000.0
2026-07-20T10:45:28,301368.SZ,丰立智能,39.44,-1.84,-0.74,40.66,40.9,39.11,40.18,13613.0,54492740.0,1.13,1.21,4514.5,5.03,4736744000.0,4736744000.0
2026-07-20T10:45:28,300456.SZ,赛微电子,29.32,-1.84,-0.55,30.51,30.78,28.6,29.87,170396.0,508836588.25,2.85,1.54,-109.31,3.38,21468489089.0,17517202569.0
2026-07-20T10:45:28,301390.SZ,经纬股份,27.21,-1.84,-0.51,28.01,28.54,27.06,27.72,5906.0,16468024.0,1.2,1.79,-94.5,1.74,1632600000.0,1334818658.0
2026-07-20T10:45:28,301517.SZ,陕西华达,36.81,-1.84,-0.69,37.8,38.89,36.4,37.5,16430.0,61557012.4,1.68,0.9,-87.02,4.38,5567047958.0,3591260165.0
2026-07-20T10:45:28,002970.SZ,锐明技术,46.84,-1.84,-0.88,48.12,49.08,46.36,47.72,29297.0,140017244.2,2.32,1.77,49.56,4.25,8615328040.0,5919941693.0
2026-07-20T10:45:28,920519.BJ,万德股份,9.62,-1.84,-0.18,9.99,9.99,9.6,9.8,2866.0,2792213.83,0.36,1.1,19.41,1.66,858662960.0,763513320.0
2026-07-20T10:45:28,688018.SH,乐鑫科技,101.97,-1.84,-1.91,103.88,106.46,99.23,103.88,46621.0,479940372.0,1.99,1.18,44.05,5.42,23900168193.0,23900168193.0
2026-07-20T10:45:28,002062.SZ,宏润建设,6.89,-1.85,-0.13,7.08,7.15,6.76,7.02,74628.0,51702552.46,0.66,0.85,28.9,1.76,8524796425.0,7749189614.0
2026-07-20T10:45:28,920491.BJ,奥迪威,24.4,-1.85,-0.46,25.12,25.82,24.17,24.86,12762.0,31832674.42,1.1,1.05,65.26,3.3,3443893592.0,2826079882.0
2026-07-20T10:45:28,688573.SH,信宇人,14.34,-1.85,-0.27,14.86,15.02,14.25,14.61,10228.0,15040863.0,1.92,1.61,-9.86,4.05,1401797924.0,763120667.0
2026-07-20T10:45:28,300640.SZ,德艺文创,5.8,-1.86,-0.11,5.94,6.03,5.76,5.91,58423.0,34641830.0,2.65,0.88,348.11,2.24,1803761877.0,1280344954.0
2026-07-20T10:45:28,301479.SZ,弘景光电,46.94,-1.86,-0.89,48.4,49.0,46.28,47.83,9156.0,43586081.6,1.28,1.45,57.29,4.63,5846445814.0,3346864809.0
2026-07-20T10:45:28,603329.SH,上海雅仕,9.48,-1.86,-0.18,9.67,9.75,9.41,9.66,26054.0,24956029.0,1.26,1.28,14.74,1.62,2370485139.0,1956511342.0
2026-07-20T10:45:28,603360.SH,百傲化学,12.12,-1.86,-0.23,12.26,12.59,12.0,12.35,94940.0,116963177.0,1.34,2.63,107.92,6.07,8559430686.0,8559430686.0
2026-07-20T10:45:28,920186.BJ,中科仪,79.49,-1.86,-1.51,83.0,83.71,77.77,81.0,31613.0,255215434.04,2.7,1.58,25.93,5.2,17792970059.0,9306350811.0
2026-07-20T10:45:28,688399.SH,硕世生物,30.91,-1.87,-0.59,31.31,31.89,30.6,31.5,15788.0,49052999.0,1.27,1.5,45.41,1.3,3836862844.0,3836862844.0
2026-07-20T10:45:28,920001.BJ,纬达光电,11.5,-1.88,-0.22,11.79,11.93,11.46,11.72,9007.0,10585789.45,1.02,1.42,-79.99,2.49,1767046346.0,1019946730.0
2026-07-20T10:45:28,920679.BJ,前进科技,14.59,-1.88,-0.28,14.83,15.14,14.53,14.87,863.0,1278066.22,0.23,0.62,49.41,1.66,814851500.0,542383250.0
2026-07-20T10:45:28,920089.BJ,禾昌聚合,9.93,-1.88,-0.19,10.18,10.25,9.88,10.12,9335.0,9331900.29,0.84,2.36,15.22,1.51,1944973212.0,1107808436.0
2026-07-20T10:45:28,301510.SZ,固高科技,25.61,-1.88,-0.49,26.36,26.9,25.34,26.1,50333.0,131164578.01,1.8,1.42,116.08,7.16,10244256100.0,7149268649.0
2026-07-20T10:45:28,301290.SZ,东星医疗,25.37,-1.89,-0.49,26.6,26.64,25.11,25.86,10714.0,27473060.65,1.35,1.35,35.46,1.19,2541397484.0,2018907408.0
2026-07-20T10:45:28,600331.SH,宏达股份,10.9,-1.89,-0.21,11.27,11.4,10.76,11.11,340264.0,373588836.0,1.67,1.99,-213.57,9.24,28793440000.0,22148800000.0
2026-07-20T10:45:28,301256.SZ,华融化学,9.36,-1.89,-0.18,9.53,9.67,9.28,9.54,30968.0,29391045.0,0.65,1.6,64.65,2.65,4492800000.0,4492800000.0
2026-07-20T10:45:28,600673.SH,东阳光,32.15,-1.89,-0.62,33.07,33.5,31.6,32.77,253962.0,824413995.0,0.85,1.16,202.8,9.75,96757195147.0,96500087353.0
2026-07-20T10:45:28,600293.SH,三峡新材,2.6,-1.89,-0.05,2.66,2.69,2.58,2.65,298769.0,78986162.0,2.58,1.27,-30.2,1.77,3016377120.0,3016377120.0
2026-07-20T10:45:28,603818.SH,曲美家居,3.1,-1.9,-0.06,3.16,3.21,3.09,3.16,140611.0,44270278.0,2.05,1.39,429.07,1.03,2128285951.0,2128285951.0
2026-07-20T10:45:28,301053.SZ,远信工业,36.66,-1.9,-0.71,37.0,37.56,36.2,37.37,4846.0,17902763.4,0.4,0.44,71.61,5.16,4834915721.0,4489858640.0
2026-07-20T10:45:28,920180.BJ,爱得科技,11.34,-1.9,-0.22,11.64,11.69,11.28,11.56,3203.0,3663581.12,0.9,1.17,27.62,1.77,1339515342.0,404491835.0
2026-07-20T10:45:28,002214.SZ,*ST大立,12.35,-1.91,-0.24,12.59,12.85,12.28,12.59,12946.0,16294634.0,0.27,0.94,-27.07,5.88,7393484184.0,5908445665.0
2026-07-20T10:45:28,603032.SH,德新科技,17.46,-1.91,-0.34,18.14,18.17,17.25,17.8,46423.0,82643336.0,1.99,1.24,40.55,3.51,4072150404.0,4066112736.0
2026-07-20T10:45:28,002876.SZ,三利谱,25.2,-1.91,-0.49,26.12,26.24,24.8,25.69,29392.0,75025838.64,1.97,1.36,32.88,1.83,4381900286.0,3753328774.0
2026-07-20T10:45:28,300536.SZ,农尚环境,7.68,-1.92,-0.15,7.85,8.05,7.62,7.83,46470.0,36451378.0,1.58,1.21,-38.22,8.0,2252452861.0,2252289569.0
2026-07-20T10:45:28,300826.SZ,测绘股份,11.76,-1.92,-0.23,12.06,12.16,11.66,11.99,36420.0,43221589.8,1.66,1.61,96.13,1.79,2683867541.0,2581841062.0
2026-07-20T10:45:28,300883.SZ,龙利得,5.62,-1.92,-0.11,5.73,5.8,5.58,5.73,80622.0,45739982.0,2.44,2.45,-143.61,1.38,1944520000.0,1858391112.0
2026-07-20T10:45:28,300587.SZ,天铁科技,3.57,-1.92,-0.07,3.67,3.74,3.55,3.64,266432.0,96867901.95,2.53,1.83,63.96,2.07,4634819605.0,3757826664.0
2026-07-20T10:45:28,300200.SZ,高盟新材,8.14,-1.93,-0.16,8.31,8.45,8.01,8.3,57555.0,47257350.0,1.36,1.46,35.59,2.2,3508121897.0,3450718731.0
2026-07-20T10:45:28,300644.SZ,南京聚隆,20.33,-1.93,-0.4,20.8,21.08,20.17,20.73,15010.0,31026996.0,1.7,2.04,21.79,2.13,2250114357.0,1793372038.0
2026-07-20T10:45:28,603896.SH,寿仙谷,15.28,-1.93,-0.3,15.43,15.44,15.07,15.58,16864.0,25751606.0,0.85,1.39,26.18,1.36,3029167373.0,3029167373.0
2026-07-20T10:45:28,920204.BJ,沪江材料,12.12,-1.94,-0.24,12.53,12.72,12.12,12.36,3353.0,4128922.04,0.67,1.7,32.21,2.32,1142768100.0,605887805.0
2026-07-20T10:45:28,300650.SZ,太龙股份,10.1,-1.94,-0.2,10.45,10.51,10.0,10.3,40637.0,41768622.0,2.39,1.15,79.39,1.7,2438166987.0,1720487944.0
2026-07-20T10:45:28,600215.SH,派斯林,5.53,-1.95,-0.11,5.65,5.73,5.51,5.64,49155.0,27613307.0,1.08,1.42,-28.09,1.03,2526562326.0,2526562326.0
2026-07-20T10:45:28,002889.SZ,东方嘉盛,11.55,-1.95,-0.23,11.61,11.84,11.47,11.78,24277.0,28207476.98,0.97,2.1,28.2,1.75,4362059302.0,2901888921.0
2026-07-20T10:45:28,603192.SH,汇得科技,19.15,-1.95,-0.38,19.72,19.72,19.05,19.53,14916.0,28897264.0,1.07,1.19,52.83,1.49,3201753246.0,2669633843.0
2026-07-20T10:45:28,002706.SZ,良信股份,9.04,-1.95,-0.18,9.23,9.37,8.93,9.22,152947.0,139717969.44,1.67,1.75,44.93,2.47,10153050181.0,8266005958.0
2026-07-20T10:45:28,301118.SZ,恒光股份,19.12,-1.95,-0.38,19.62,19.95,18.92,19.5,26959.0,52643313.0,2.54,2.0,21.94,1.55,2105322320.0,2025445786.0
2026-07-20T10:45:28,600362.SH,江西铜业,38.27,-1.95,-0.76,39.03,39.39,37.46,39.03,306597.0,1177020979.0,1.48,1.65,11.76,1.6,132518654329.0,79419718189.0
2026-07-20T10:45:28,603557.SH,*ST起步,4.02,-1.95,-0.08,4.1,4.1,3.94,4.1,18824.0,7580870.0,0.3,1.26,-21.45,44.79,2506216290.0,2506216290.0
2026-07-20T10:45:28,003019.SZ,宸展光电,23.15,-1.95,-0.46,23.9,24.12,22.85,23.61,24308.0,57209248.64,1.42,1.61,36.97,2.51,4096447111.0,3959694273.0
2026-07-20T10:45:28,920792.BJ,东和新材,9.56,-1.95,-0.19,9.71,9.83,9.56,9.75,1961.0,1897637.09,0.19,1.27,16.32,1.51,1582562400.0,971547791.0
2026-07-20T10:45:28,600708.SH,光明地产,3.0,-1.96,-0.06,3.09,3.13,2.98,3.06,131569.0,40164307.0,0.59,1.41,-7.14,1.12,6685910229.0,6675833313.0
2026-07-20T10:45:28,002472.SZ,双环传动,37.06,-1.96,-0.74,38.39,38.67,36.3,37.8,189975.0,710052021.66,2.54,1.29,27.72,3.13,31500914466.0,27742944264.0
2026-07-20T10:45:28,920906.BJ,舜宇精工,16.52,-1.96,-0.33,16.98,16.98,16.34,16.85,2703.0,4529905.16,0.81,1.3,622.76,1.89,1073304400.0,551036544.0
2026-07-20T10:45:28,300354.SZ,东华测试,29.01,-1.96,-0.58,30.18,30.28,28.71,29.59,17124.0,50401301.0,2.11,1.32,36.82,4.68,4012669031.0,2358774641.0
2026-07-20T10:45:28,603986.SH,兆易创新,454.05,-1.96,-9.1,479.0,485.87,439.9,463.15,380851.0,17790172874.0,5.7,1.96,54.51,12.86,318627332688.0,303528762633.0
2026-07-20T10:45:28,300219.SZ,鸿利智汇,6.49,-1.96,-0.13,6.74,6.75,6.42,6.62,97929.0,64582172.25,1.39,1.07,113.83,1.81,4594553354.0,4586098896.0
2026-07-20T10:45:28,603876.SH,鼎胜新材,18.97,-1.96,-0.38,19.8,20.05,18.84,19.35,121290.0,235637851.0,1.31,1.35,22.74,2.34,17628199031.0,17628199031.0
2026-07-20T10:45:28,600160.SH,巨化股份,38.36,-1.97,-0.77,39.75,39.99,37.86,39.13,253772.0,978415978.0,0.94,1.45,22.07,5.03,103562259667.0,103562259667.0
2026-07-20T10:45:28,688170.SH,德龙激光,49.8,-1.97,-1.0,52.0,53.3,48.76,50.8,29923.0,153542800.0,2.9,1.99,-50.4,4.18,5147328000.0,5147328000.0
2026-07-20T10:45:28,300019.SZ,硅宝科技,13.9,-1.97,-0.28,14.31,14.38,13.77,14.18,46667.0,65720482.7,1.27,0.85,29.69,2.07,5464322130.0,5123677693.0
2026-07-20T10:45:28,300845.SZ,捷安高科,10.97,-1.97,-0.22,11.3,11.6,10.88,11.19,28350.0,32055947.14,1.97,1.21,-40.48,2.89,2255882867.0,1577287410.0
2026-07-20T10:45:28,002947.SZ,恒铭达,55.41,-1.98,-1.12,57.85,58.45,54.37,56.53,39485.0,222792590.01,1.99,1.51,23.44,4.56,14196559308.0,10988010677.0
2026-07-20T10:45:28,600322.SH,津投城开,2.48,-1.98,-0.05,2.55,2.58,2.45,2.53,175902.0,44397167.0,1.59,1.42,5996.86,36.05,2742136000.0,2742136000.0
2026-07-20T10:45:28,002713.SZ,东易日盛,9.83,-1.99,-0.2,10.19,10.4,9.79,10.03,123333.0,124217005.1,2.34,3.65,-137.35,10.77,9352312959.0,5175503169.0
2026-07-20T10:45:28,300901.SZ,中胤时尚,13.26,-2.0,-0.27,13.47,13.74,13.16,13.53,7952.0,10670175.25,0.33,1.27,1080.55,3.29,3182400000.0,3182400000.0
2026-07-20T10:45:28,301456.SZ,盘古智能,21.61,-2.0,-0.44,22.06,22.16,21.29,22.05,21981.0,47750497.32,3.21,4.53,46.37,1.48,3286650313.0,1481405219.0
2026-07-20T10:45:28,688718.SH,唯赛勃,12.22,-2.0,-0.25,12.55,12.87,12.02,12.47,18053.0,22554827.0,1.04,1.55,53.33,2.63,2123278634.0,2123278634.0
2026-07-20T10:45:28,300753.SZ,爱朋医疗,19.11,-2.0,-0.39,19.21,19.78,19.0,19.5,45471.0,87699892.45,5.17,1.45,-137.15,3.63,2408777280.0,1679655028.0
2026-07-20T10:45:28,920690.BJ,捷众科技,14.24,-2.0,-0.29,14.66,14.69,14.01,14.53,4570.0,6556244.53,0.82,2.7,21.34,2.1,1227345600.0,797850169.0
2026-07-20T10:45:28,300912.SZ,凯龙高科,23.87,-2.01,-0.49,24.36,25.29,23.47,24.36,33487.0,81390486.03,3.9,1.38,67.2,6.07,2718430176.0,2052204751.0
2026-07-20T10:45:28,603236.SH,移远通信,49.15,-2.01,-1.01,50.8,51.06,48.65,50.16,73809.0,367060378.0,1.83,1.57,35.03,2.88,19805129481.0,19805129481.0
2026-07-20T10:45:28,605198.SH,安德利,50.22,-2.01,-1.03,48.34,52.66,48.34,51.25,15467.0,78861447.0,0.57,1.92,57.71,6.1,16782921360.0,13586317920.0
2026-07-20T10:45:28,301302.SZ,华如科技,21.32,-2.02,-0.44,21.88,22.18,21.14,21.76,29943.0,65112846.24,2.15,1.35,-50.17,2.27,3323041800.0,2963266800.0
2026-07-20T10:45:28,003023.SZ,彩虹集团,18.44,-2.02,-0.38,18.83,19.1,18.33,18.82,16405.0,30632629.17,1.56,1.68,25.44,1.25,1942499104.0,1938418590.0
2026-07-20T10:45:28,920526.BJ,凯华材料,19.86,-2.02,-0.41,20.46,20.67,19.6,20.27,7571.0,15261214.49,1.45,1.06,89.98,7.29,1642422000.0,1040018272.0
2026-07-20T10:45:28,603638.SH,艾迪精密,18.85,-2.03,-0.39,19.55,19.65,18.68,19.24,79572.0,152206313.0,0.9,1.56,27.41,3.64,16601082824.0,16601082824.0
2026-07-20T10:45:28,300930.SZ,屹通新材,22.16,-2.03,-0.46,22.66,23.13,21.91,22.62,10791.0,24314540.32,2.29,2.06,30.28,2.37,2216000000.0,1044290022.0
2026-07-20T10:45:28,301046.SZ,能辉科技,18.32,-2.03,-0.38,19.35,19.35,18.14,18.7,22059.0,41470136.89,1.69,1.2,-159.99,2.79,3088523550.0,2385172950.0
2026-07-20T10:45:28,688052.SH,纳芯微,195.48,-2.03,-4.05,204.5,204.53,191.22,199.53,20821.0,413942485.0,1.45,1.73,-223.59,4.17,31962005684.0,28033835084.0
2026-07-20T10:45:28,603938.SH,三孚股份,41.75,-2.04,-0.87,45.0,46.88,41.0,42.62,216589.0,967736680.0,5.66,4.67,102.79,6.31,15974572750.0,15974572750.0
2026-07-20T10:45:28,920970.BJ,大禹生物,6.23,-2.04,-0.13,6.27,6.27,5.98,6.36,30274.0,18578917.44,4.32,1.65,-9.91,2.8,690288984.0,436544199.0
2026-07-20T10:45:28,688200.SH,华峰测控,365.27,-2.05,-7.64,391.56,395.0,355.0,372.91,37567.0,1402455385.0,1.87,1.65,194.42,18.18,73264060567.0,73264060567.0
2026-07-20T10:45:28,603217.SH,元利科技,18.13,-2.05,-0.38,18.5,18.76,18.02,18.51,12613.0,23221525.0,0.61,1.69,15.53,1.11,3772628188.0,3772628188.0
2026-07-20T10:45:28,002446.SZ,盛路通信,7.64,-2.05,-0.16,7.85,7.96,7.53,7.8,178560.0,138358336.91,2.11,1.22,69.91,2.75,6993776131.0,6477018541.0
2026-07-20T10:45:28,688085.SH,三友医疗,12.91,-2.05,-0.27,13.21,13.34,12.83,13.18,26117.0,34017715.0,0.74,1.35,167.78,2.24,4735500937.0,4526447047.0
2026-07-20T10:45:28,000668.SZ,荣丰控股,17.18,-2.05,-0.36,17.98,17.98,16.98,17.54,20459.0,35630762.0,1.39,1.69,-49.73,3.49,2522743670.0,2522743670.0
2026-07-20T10:45:28,605399.SH,晨光新材,10.05,-2.05,-0.21,10.26,10.41,9.93,10.26,26287.0,26733729.0,0.85,1.15,-40.42,1.52,3129281605.0,3125995255.0
2026-07-20T10:45:28,688686.SH,奥普特,120.95,-2.06,-2.55,124.73,126.96,119.34,123.5,11454.0,140993617.0,0.94,1.94,57.86,4.82,14784378282.0,14784378282.0
2026-07-20T10:45:28,603075.SH,热威股份,22.31,-2.06,-0.47,22.9,23.0,22.13,22.78,17066.0,38394636.0,4.14,2.22,31.39,4.59,8979398206.0,920177422.0
2026-07-20T10:45:28,301000.SZ,肇民科技,25.25,-2.06,-0.53,25.89,26.22,25.0,25.78,24792.0,63304822.05,1.08,1.69,57.3,4.86,6141321059.0,5797719059.0
2026-07-20T10:45:28,002638.SZ,勤上股份,3.32,-2.06,-0.07,3.45,3.47,3.3,3.39,141820.0,48088130.0,1.05,1.51,-51.03,2.52,4769493239.0,4490897630.0
2026-07-20T10:45:28,920099.BJ,瑞华技术,20.86,-2.07,-0.44,21.2,21.42,20.84,21.3,2782.0,5878092.95,0.48,1.28,-40.6,2.19,1962508737.0,1213619280.0
2026-07-20T10:45:28,002106.SZ,莱宝高科,9.9,-2.08,-0.21,10.26,10.29,9.82,10.11,135621.0,135669599.89,1.92,1.44,50.07,1.26,6987579984.0,6978534413.0
2026-07-20T10:45:28,300115.SZ,长盈精密,25.46,-2.08,-0.54,26.6,26.6,25.1,26.0,179884.0,465682405.13,1.33,1.27,69.19,4.16,34659973571.0,34557745510.0
2026-07-20T10:45:28,603655.SH,朗博科技,25.91,-2.08,-0.55,27.33,27.33,25.8,26.46,10104.0,26636067.0,0.95,2.46,83.5,5.0,2746460000.0,2746460000.0
2026-07-20T10:45:28,603021.SH,*ST华鹏,7.05,-2.08,-0.15,7.15,7.3,6.98,7.2,47593.0,34002148.0,1.49,1.96,-14.38,-10.92,2255633894.0,2255633894.0
2026-07-20T10:45:28,688367.SH,工大高科,25.84,-2.08,-0.55,26.47,27.23,25.58,26.39,6478.0,17134228.0,0.74,0.94,1870.13,3.87,2264219664.0,2264219664.0
2026-07-20T10:45:28,300252.SZ,金信诺,10.82,-2.08,-0.23,11.1,11.32,10.6,11.05,158545.0,174151108.8,2.84,1.6,87.6,2.99,7403194971.0,6045723246.0
2026-07-20T10:45:28,603958.SH,哈森股份,13.58,-2.09,-0.29,14.0,14.24,13.51,13.87,24107.0,33574903.0,1.1,1.64,43.27,4.58,2978908800.0,2978908800.0
2026-07-20T10:45:28,300746.SZ,汉嘉数智,10.31,-2.09,-0.22,10.53,10.73,10.26,10.53,12612.0,13237041.0,0.56,0.72,72.71,2.83,2327362162.0,2304753590.0
2026-07-20T10:45:28,920436.BJ,大地电气,9.84,-2.09,-0.21,10.18,10.18,9.8,10.05,4863.0,4836188.64,0.55,2.09,110.15,2.4,929643840.0,874462606.0
2026-07-20T10:45:28,603633.SH,徕木股份,5.63,-2.09,-0.12,5.84,5.9,5.62,5.75,74704.0,43100813.0,1.75,2.13,-16.77,1.38,2402944905.0,2402944905.0
2026-07-20T10:45:28,301308.SZ,江波龙,387.68,-2.1,-8.32,414.1,416.98,376.18,396.0,105972.0,4224990567.16,3.76,1.74,10.62,13.78,164012291194.0,109268341491.0
2026-07-20T10:45:28,300654.SZ,世纪天鸿,10.71,-2.1,-0.23,10.76,10.89,10.51,10.94,96579.0,103297975.14,2.74,1.45,179.68,4.67,3921197165.0,3776734120.0
2026-07-20T10:45:28,600076.SH,康欣新材,2.79,-2.11,-0.06,2.85,2.89,2.78,2.85,108588.0,30760305.0,0.81,1.52,-18.07,1.05,3751275994.0,3751275994.0
2026-07-20T10:45:28,301381.SZ,赛维时代,19.98,-2.11,-0.43,20.44,20.55,19.65,20.41,33229.0,66618114.5,0.82,0.89,47.71,2.97,8121569061.0,8114016621.0
2026-07-20T10:45:28,920000.BJ,安徽凤凰,11.6,-2.11,-0.25,11.94,11.99,11.51,11.85,3126.0,3666462.0,0.54,1.5,20.45,1.59,1063488000.0,668089530.0
2026-07-20T10:45:28,002277.SZ,友阿股份,5.58,-2.11,-0.12,5.63,5.7,5.51,5.7,99214.0,55305597.05,0.71,1.36,45.88,1.22,7779484224.0,7779484224.0
2026-07-20T10:45:28,300223.SZ,北京君正,150.57,-2.11,-3.25,162.0,163.9,146.8,153.82,212262.0,3305451449.95,5.03,1.65,57.08,5.74,72825343739.0,63494500061.0
2026-07-20T10:45:28,920145.BJ,恒合股份,9.3,-2.11,-0.2,9.42,9.74,9.28,9.5,3206.0,3043900.08,0.66,1.33,-46.97,2.54,656115000.0,454139925.0
2026-07-20T10:45:28,301119.SZ,正强股份,19.01,-2.11,-0.41,19.42,19.87,18.87,19.42,9926.0,19291498.0,0.84,1.44,27.13,2.62,2767856000.0,2238503540.0
2026-07-20T10:45:28,688585.SH,上纬新材,123.0,-2.12,-2.67,128.0,133.33,121.9,125.67,18372.0,233685539.0,0.46,1.65,-302.02,38.15,49613492544.0,49613492544.0
2026-07-20T10:45:28,002189.SZ,中光学,17.52,-2.12,-0.38,18.05,18.15,17.52,17.9,10726.0,19152402.98,0.41,1.56,-18.26,10.95,4576211263.0,4575521816.0
2026-07-20T10:45:28,688283.SH,坤恒顺维,25.86,-2.12,-0.56,26.67,27.27,25.78,26.42,7889.0,21028110.0,0.65,1.55,178.99,3.28,3149748000.0,3149748000.0
2026-07-20T10:45:28,300840.SZ,酷特智能,16.09,-2.13,-0.35,16.61,16.8,15.96,16.44,55024.0,90374768.0,3.11,1.69,77.81,3.06,3861600000.0,2849299822.0
2026-07-20T10:45:28,603950.SH,长源东谷,60.58,-2.13,-1.32,63.75,66.66,59.4,61.9,52091.0,327864059.0,1.61,1.72,59.25,6.43,19635843864.0,19619971904.0
2026-07-20T10:45:28,001210.SZ,金房能源,18.75,-2.14,-0.41,19.0,19.51,18.58,19.16,29319.0,55641739.32,2.2,1.49,7.75,2.87,4116332738.0,2501622956.0
2026-07-20T10:45:28,688521.SH,芯原股份,226.65,-2.14,-4.95,240.22,242.0,223.5,231.6,134622.0,3166525615.0,2.56,2.0,-87.43,37.88,119198696625.0,119198696625.0
2026-07-20T10:45:28,603703.SH,盛洋科技,8.22,-2.14,-0.18,8.4,8.55,8.19,8.4,51534.0,43209921.0,1.24,1.57,139.58,4.13,3411153026.0,3411153026.0
2026-07-20T10:45:28,301310.SZ,鑫宏业,55.84,-2.14,-1.22,59.35,59.86,55.07,57.06,58520.0,333468379.04,9.6,1.25,72.14,4.57,10663140285.0,3405453996.0
2026-07-20T10:45:28,688329.SH,艾隆科技,17.78,-2.15,-0.39,18.89,19.08,17.54,18.17,12459.0,22777244.0,1.61,2.18,-14.85,1.87,1372616000.0,1372616000.0
2026-07-20T10:45:28,603377.SH,ST东时,2.73,-2.15,-0.06,2.79,2.79,2.71,2.79,7488.0,2057631.0,0.1,0.56,-7.29,62.4,1953103111.0,1953103111.0
2026-07-20T10:45:28,688320.SH,禾川科技,27.25,-2.15,-0.6,28.95,29.3,26.91,27.85,24771.0,69241784.0,1.64,1.38,-182.74,3.39,4115122453.0,4115122453.0
2026-07-20T10:45:28,920856.BJ,浩淼科技,8.65,-2.15,-0.19,8.91,9.06,8.51,8.84,7195.0,6265560.03,1.36,1.93,-62.77,1.81,822845332.0,458969320.0
2026-07-20T10:45:28,300501.SZ,海顺新材,10.48,-2.15,-0.23,10.9,10.93,10.42,10.71,14404.0,15440767.66,0.52,1.43,-67.29,2.28,2915354654.0,2905295143.0
2026-07-20T10:45:28,000782.SZ,恒申新材,6.37,-2.15,-0.14,6.58,6.75,6.32,6.51,103823.0,68270597.5,1.97,1.29,-203.59,2.7,4373524212.0,3364249399.0
2026-07-20T10:45:28,301413.SZ,安培龙,55.79,-2.16,-1.23,58.04,58.82,55.08,57.02,25721.0,146605843.05,3.37,2.0,577.07,5.75,7136800738.0,4260951710.0
2026-07-20T10:45:28,300551.SZ,古鳌科技,8.62,-2.16,-0.19,8.9,9.08,8.58,8.81,67582.0,59711204.09,1.99,1.35,-21.25,9.57,2931341672.0,2922808036.0
2026-07-20T10:45:28,001268.SZ,联合精密,19.02,-2.16,-0.42,19.64,20.4,18.73,19.44,12397.0,24173941.4,1.31,0.95,-408.87,2.91,2866364726.0,1794301475.0
2026-07-20T10:45:28,600537.SH,*ST亿晶,2.27,-2.16,-0.05,2.33,2.36,2.26,2.32,81360.0,18846935.0,0.69,1.79,-10.26,-18.49,2687033091.0,2687033091.0
2026-07-20T10:45:28,002452.SZ,长高电气,10.38,-2.17,-0.23,10.61,10.61,10.25,10.61,119083.0,123991249.12,2.3,1.65,28.43,2.37,6439047042.0,5375596466.0
2026-07-20T10:45:28,688045.SH,必易微,50.87,-2.17,-1.13,54.13,54.59,50.27,52.0,12135.0,63778654.0,1.72,1.63,65.85,2.51,3590251430.0,3590251430.0
2026-07-20T10:45:28,603608.SH,天创时尚,21.6,-2.17,-0.48,22.2,22.38,21.2,22.08,86661.0,189669342.0,2.04,1.49,176.49,7.92,9180641174.0,9180641174.0
2026-07-20T10:45:28,603315.SH,福鞍股份,11.27,-2.17,-0.25,11.81,11.81,11.2,11.52,25446.0,29292198.0,0.79,1.33,44.96,2.09,3610527795.0,3610527795.0
2026-07-20T10:45:28,301100.SZ,风光股份,15.81,-2.17,-0.35,16.4,16.4,15.33,16.16,34804.0,54462983.0,3.92,1.81,-1278.0,1.57,3181398870.0,1402773870.0
2026-07-20T10:45:28,920300.BJ,辰光医疗,9.43,-2.18,-0.21,9.62,9.81,9.42,9.64,7583.0,7237672.31,1.14,1.25,-27.82,5.05,809538398.0,627393516.0
2026-07-20T10:45:28,001388.SZ,信通电子,24.2,-2.18,-0.54,23.76,26.75,23.58,24.74,158333.0,401651789.24,12.65,5.25,-115.65,4.03,5657137200.0,3027869442.0
2026-07-20T10:45:28,002952.SZ,亚世光电,18.4,-2.18,-0.41,18.71,19.13,18.25,18.81,19206.0,36073869.0,1.46,1.65,84.64,3.47,3023856000.0,2422268589.0
2026-07-20T10:45:28,002222.SZ,福晶科技,58.74,-2.18,-1.31,62.23,62.86,57.0,60.05,136457.0,818476684.43,2.91,1.75,105.85,15.51,27622485000.0,27499231680.0
2026-07-20T10:45:28,002253.SZ,川大智胜,8.98,-2.18,-0.2,9.27,9.32,8.92,9.18,29884.0,27257830.0,1.42,1.55,-28.21,2.39,2026122333.0,1885342092.0
2026-07-20T10:45:28,920541.BJ,铁大科技,9.38,-2.19,-0.21,9.48,9.56,9.33,9.59,4587.0,4314053.07,0.51,1.5,16.97,2.79,1282246000.0,844750456.0
2026-07-20T10:45:28,605566.SH,福莱蒽特,23.18,-2.19,-0.52,23.72,24.18,22.88,23.7,20920.0,49558124.0,1.57,1.77,30.85,1.53,3090821200.0,3090821200.0
2026-07-20T10:45:28,688159.SH,有方科技,30.76,-2.19,-0.69,31.52,32.46,30.45,31.45,18279.0,57785937.0,1.97,1.52,25.65,3.05,2853307443.0,2853307443.0
2026-07-20T10:45:28,002323.SZ,*ST雅博,1.34,-2.19,-0.03,1.33,1.37,1.33,1.37,276323.0,37267136.6,1.3,1.74,-63.79,14.83,2841945890.0,2841457862.0
2026-07-20T10:45:28,300681.SZ,英搏尔,21.04,-2.19,-0.47,21.67,21.97,20.81,21.51,55867.0,119970539.4,2.42,1.69,28.37,2.1,6439404354.0,4855921792.0
2026-07-20T10:45:28,002520.SZ,日发精机,5.36,-2.19,-0.12,5.53,5.57,5.3,5.48,220130.0,120044348.0,3.07,1.3,29.72,13.58,4021314117.0,3845479317.0
2026-07-20T10:45:28,605060.SH,联德股份,36.87,-2.2,-0.83,37.37,38.67,36.57,37.7,29252.0,110035635.0,1.22,1.97,35.57,3.63,8870627040.0,8809732548.0
2026-07-20T10:45:28,600078.SH,澄星股份,9.34,-2.2,-0.21,9.61,9.72,9.22,9.55,89428.0,84722118.0,1.35,1.21,57.29,3.71,6321432122.0,6188430522.0
2026-07-20T10:45:28,920857.BJ,泓禧科技,15.14,-2.2,-0.34,15.65,15.72,14.55,15.48,16784.0,25376384.28,2.27,1.31,-15.29,3.29,1120468281.0,1120468281.0
2026-07-20T10:45:28,002827.SZ,高争民爆,24.42,-2.2,-0.55,24.98,25.1,24.28,24.97,22637.0,55680579.52,0.82,1.46,178.6,6.5,6765463320.0,6739888865.0
2026-07-20T10:45:28,002126.SZ,银轮股份,42.3,-2.2,-0.95,43.3,44.33,41.3,43.25,137965.0,591812104.62,1.74,1.83,41.84,4.85,35820538579.0,33634739504.0
2026-07-20T10:45:28,300467.SZ,迅游科技,30.11,-2.21,-0.68,31.2,31.3,29.77,30.79,20107.0,61212889.36,1.18,1.32,251.76,9.42,6118499449.0,5125379271.0
2026-07-20T10:45:28,002756.SZ,永兴材料,41.6,-2.21,-0.94,42.56,42.79,41.0,42.54,86202.0,361197284.43,2.23,1.76,11.46,1.73,22426624064.0,16102442346.0
2026-07-20T10:45:28,603351.SH,威尔药业,23.88,-2.21,-0.54,24.45,24.67,23.7,24.42,9064.0,21921799.0,0.67,1.42,21.49,1.84,3234286472.0,3234286472.0
2026-07-20T10:45:28,000657.SZ,中钨高新,59.41,-2.22,-1.35,63.79,64.0,57.52,60.76,364671.0,2219900130.66,2.51,1.77,36.74,13.32,135371887404.0,86318294568.0
2026-07-20T10:45:28,300243.SZ,瑞丰高材,13.23,-2.22,-0.3,13.83,13.95,13.06,13.53,58678.0,79456313.44,2.62,1.25,45.69,2.61,3698606239.0,2958874378.0
2026-07-20T10:45:28,920003.BJ,中诚咨询,16.33,-2.22,-0.37,16.69,16.8,16.24,16.7,2245.0,3700089.35,1.15,2.27,8.8,2.51,1479498000.0,317886639.0
2026-07-20T10:45:28,002127.SZ,南极电商,3.08,-2.22,-0.07,3.13,3.23,3.06,3.15,638481.0,199195296.98,3.2,2.33,57.92,2.02,7561000841.0,6143777631.0
2026-07-20T10:45:28,002144.SZ,宏达高科,10.1,-2.23,-0.23,10.34,10.52,10.03,10.33,45029.0,46242634.0,3.27,1.3,37.0,0.84,1785301533.0,1390282938.0
2026-07-20T10:45:28,920220.BJ,朗信电气,40.76,-2.23,-0.93,42.11,43.31,39.2,41.69,4851.0,20395799.3,2.34,1.52,41.4,2.4,2698567239.0,845192716.0
2026-07-20T10:45:28,002166.SZ,莱茵生物,6.58,-2.23,-0.15,6.66,6.76,6.55,6.73,129062.0,85512065.7,1.75,1.48,28.69,1.57,4879790017.0,4859892097.0
2026-07-20T10:45:28,002547.SZ,*ST春兴,2.19,-2.23,-0.05,2.25,2.3,2.17,2.24,142068.0,31715731.0,1.29,1.41,-12.34,-5.65,2470445198.0,2419527694.0
2026-07-20T10:45:28,300316.SZ,晶盛机电,36.61,-2.24,-0.84,37.93,38.51,35.87,37.45,125246.0,465501678.4,1.02,1.63,116.88,2.82,47942032308.0,45087244402.0
2026-07-20T10:45:28,000551.SZ,创元科技,12.65,-2.24,-0.29,13.2,13.46,12.4,12.94,124199.0,159605453.6,2.56,1.24,12.34,2.03,6131873032.0,6129522105.0
2026-07-20T10:45:28,300096.SZ,ST易联众,7.87,-2.24,-0.18,8.04,8.1,7.79,8.05,13018.0,10348475.0,0.3,1.34,-30.39,10.15,3384100000.0,3384100000.0
2026-07-20T10:45:28,688582.SH,芯动联科,37.74,-2.25,-0.87,39.78,40.76,37.36,38.61,46521.0,180786568.0,1.16,1.34,1484.5,6.26,15161631973.0,15161631973.0
2026-07-20T10:45:28,603004.SH,鼎龙科技,18.7,-2.25,-0.43,19.21,19.37,18.53,19.13,18498.0,35019336.0,3.14,2.05,38.33,2.17,4404224000.0,1101056000.0
2026-07-20T10:45:28,001319.SZ,铭科精技,19.09,-2.25,-0.44,19.41,19.76,18.98,19.53,9331.0,18080395.0,1.47,1.68,29.1,1.98,2699326000.0,1211538737.0
2026-07-20T10:45:28,301565.SZ,中仑新材,18.63,-2.26,-0.43,19.2,19.35,18.52,19.06,26011.0,48949708.88,2.03,1.54,58.6,3.05,7452186300.0,2384826300.0
2026-07-20T10:45:28,002715.SZ,登云股份,12.96,-2.26,-0.3,13.37,13.6,12.87,13.26,21971.0,29055552.0,1.59,1.67,67.55,3.84,1788480000.0,1788480000.0
2026-07-20T10:45:28,688022.SH,ST瀚川,7.34,-2.26,-0.17,7.51,7.59,7.31,7.51,13154.0,9803703.0,0.75,1.59,-239.27,1.96,1290946898.0,1290946898.0
2026-07-20T10:45:28,002431.SZ,ST棕榈,1.3,-2.26,-0.03,1.32,1.34,1.29,1.33,141130.0,18628073.3,0.78,1.4,-4.62,7.89,2343126195.0,2343126195.0
2026-07-20T10:45:28,688600.SH,皖仪科技,22.92,-2.26,-0.53,23.49,24.16,22.73,23.45,15726.0,36680439.0,1.17,1.38,62.94,3.97,3087518591.0,3087518591.0
2026-07-20T10:45:28,002378.SZ,章源钨业,22.53,-2.26,-0.52,23.51,23.63,22.09,23.05,208529.0,477725081.87,1.74,1.64,17.75,10.51,27067940015.0,26926084444.0
2026-07-20T10:45:28,300580.SZ,贝斯特,19.89,-2.26,-0.46,20.31,20.8,19.66,20.35,60632.0,122036381.26,1.28,1.09,34.2,3.04,9991199736.0,9399864268.0
2026-07-20T10:45:28,300227.SZ,光韵达,8.61,-2.27,-0.2,8.92,9.05,8.47,8.81,89149.0,78257033.62,1.95,1.09,-44.74,3.21,5131313677.0,3929218522.0
2026-07-20T10:45:28,300736.SZ,百邦科技,24.53,-2.27,-0.57,25.68,26.15,24.01,25.1,25880.0,65247360.0,2.08,1.67,-166.78,47.69,3138228968.0,3059074656.0
2026-07-20T10:45:28,301112.SZ,信邦智能,27.93,-2.27,-0.65,29.0,29.0,27.65,28.58,8277.0,23479440.0,0.75,1.78,437.17,2.77,3079746138.0,3079746138.0
2026-07-20T10:45:28,600499.SH,科达制造,14.66,-2.27,-0.34,14.7,14.96,14.45,15.0,131554.0,192802058.0,0.69,1.51,11.98,2.24,28115774692.0,28115774692.0
2026-07-20T10:45:28,688345.SH,博力威,42.26,-2.27,-0.98,43.0,43.95,41.21,43.24,8131.0,34510945.0,0.8,1.26,38.5,3.72,4305125088.0,4284578276.0
2026-07-20T10:45:28,300853.SZ,申昊科技,22.35,-2.27,-0.52,23.28,23.51,22.14,22.87,25262.0,57787105.9,2.57,1.32,-25.35,6.41,3284312385.0,2197319621.0
2026-07-20T10:45:28,300480.SZ,光力科技,25.85,-2.27,-0.6,27.5,27.94,25.12,26.45,132439.0,354223226.25,4.9,1.91,75.88,5.48,9570254210.0,6983685425.0
2026-07-20T10:45:28,688403.SH,汇成股份,24.87,-2.28,-0.58,26.7,27.26,24.33,25.45,406523.0,1048373809.0,4.09,1.75,-482.04,5.57,24698351513.0,24698351513.0
2026-07-20T10:45:28,688309.SH,恒誉环保,60.05,-2.28,-1.4,62.0,62.93,59.0,61.45,11169.0,67710315.0,1.41,1.71,28.04,5.96,4768046203.0,4768046203.0
2026-07-20T10:45:28,688299.SH,长阳科技,12.01,-2.28,-0.28,12.29,12.51,11.89,12.29,28238.0,34467878.0,0.98,1.31,77.43,1.76,3451588657.0,3451588657.0
2026-07-20T10:45:28,688061.SH,灿瑞科技,37.04,-2.29,-0.87,38.67,39.99,36.2,37.91,20349.0,77390841.0,1.77,1.88,-50.66,1.87,4255503043.0,4255503043.0
2026-07-20T10:45:28,300107.SZ,建新股份,5.97,-2.29,-0.14,6.03,6.1,5.93,6.11,79156.0,47589656.04,2.28,1.13,127.76,2.27,3359810140.0,2073877680.0
2026-07-20T10:45:28,920270.BJ,天铭科技,11.53,-2.29,-0.27,11.75,11.96,11.5,11.8,3879.0,4534242.51,0.48,1.41,50.41,2.96,1206222480.0,937182233.0
2026-07-20T10:45:28,688239.SH,航宇科技,41.32,-2.29,-0.97,42.9,43.26,40.8,42.29,25301.0,106509260.0,1.33,1.02,34.97,3.85,7888502434.0,7888502434.0
2026-07-20T10:45:28,920729.BJ,永顺生物,6.38,-2.3,-0.15,6.51,6.58,6.37,6.53,3210.0,2075910.23,0.41,1.24,85.77,2.7,1743973000.0,494590622.0
2026-07-20T10:45:28,688458.SH,美芯晟,32.7,-2.3,-0.77,33.82,34.92,32.0,33.47,24194.0,80940434.0,2.58,1.3,-169.06,2.0,3647247768.0,3065022960.0
2026-07-20T10:45:28,301550.SZ,斯菱智驱,71.75,-2.3,-1.69,74.68,75.88,70.34,73.44,33207.0,243082868.45,1.62,1.73,153.32,13.38,24061272813.0,14726624432.0
2026-07-20T10:45:28,002361.SZ,神剑股份,9.34,-2.3,-0.22,9.65,9.73,9.16,9.56,335951.0,317860555.92,4.15,1.07,-421.54,4.05,8882666610.0,7556237357.0
2026-07-20T10:45:28,688595.SH,芯海科技,27.65,-2.3,-0.65,29.2,29.38,27.23,28.3,34456.0,97914447.0,2.39,1.26,-25.55,6.16,3984185994.0,3984185994.0
2026-07-20T10:45:28,002334.SZ,英威腾,6.36,-2.3,-0.15,6.5,6.58,6.3,6.51,105095.0,67666221.6,1.43,2.68,-43.04,1.74,5232630216.0,4674676918.0
2026-07-20T10:45:28,300397.SZ,天和防务,9.77,-2.3,-0.23,10.1,10.19,9.66,10.0,95748.0,95131070.75,2.35,1.42,118.95,3.53,5057310999.0,3987750703.0
2026-07-20T10:45:28,301172.SZ,君逸数码,21.21,-2.3,-0.5,21.81,22.41,20.9,21.71,34452.0,74680217.0,3.49,1.83,409.95,2.46,3658300800.0,2094828557.0
2026-07-20T10:45:28,603097.SH,江苏华辰,14.47,-2.3,-0.34,14.73,15.47,14.41,14.81,17980.0,26764880.0,0.8,2.26,6376.7,3.16,3327172010.0,3251072833.0
2026-07-20T10:45:28,301326.SZ,捷邦科技,90.85,-2.3,-2.14,98.81,99.88,88.89,92.99,15340.0,145049706.0,2.13,2.03,-110.6,5.35,6605678789.0,6548005846.0
2026-07-20T10:45:28,603012.SH,创力集团,8.04,-2.31,-0.19,8.25,8.35,7.96,8.23,117109.0,95381289.0,1.81,1.29,55.86,1.38,5197860000.0,5197860000.0
2026-07-20T10:45:28,301081.SZ,严牌股份,11.0,-2.31,-0.26,11.44,11.57,10.83,11.26,19147.0,21409825.0,0.85,1.48,217.39,2.29,2570848335.0,2469307665.0
2026-07-20T10:45:28,001237.SZ,惠康科技,53.35,-2.31,-1.26,53.63,54.9,53.0,54.61,16549.0,89149585.98,4.75,1.93,23.86,2.4,7914548791.0,1859569094.0
2026-07-20T10:45:28,300041.SZ,回天新材,10.14,-2.31,-0.24,10.6,10.75,10.03,10.38,154497.0,160036374.95,2.84,1.01,16.92,1.93,5672680249.0,5520463649.0
2026-07-20T10:45:28,002812.SZ,恩捷股份,49.0,-2.31,-1.16,50.0,50.2,48.1,50.16,115906.0,571114567.85,1.41,1.46,46.22,1.88,48124462953.0,40310196332.0
2026-07-20T10:45:28,300401.SZ,花园生物,13.55,-2.31,-0.32,14.23,14.29,13.49,13.87,158417.0,219416063.42,2.96,1.57,36.71,2.24,7382265174.0,7263211500.0
2026-07-20T10:45:28,688409.SH,富创精密,189.49,-2.32,-4.5,207.46,207.46,186.0,193.99,50698.0,992706936.0,1.66,1.67,250.34,12.84,58023878997.0,58023878997.0
2026-07-20T10:45:28,920971.BJ,天马新材,25.31,-2.32,-0.6,26.31,26.81,25.05,25.91,15110.0,39027943.46,1.76,1.38,124.58,5.83,2631430131.0,2169137919.0
2026-07-20T10:45:28,002899.SZ,英派斯,18.44,-2.33,-0.44,18.8,19.25,18.31,18.88,25872.0,48563247.0,1.75,2.19,45.41,1.55,2725376237.0,2725376237.0
2026-07-20T10:45:28,688019.SH,安集科技,233.49,-2.33,-5.57,245.0,248.0,226.88,239.06,57361.0,1354082798.0,2.52,1.57,63.94,11.8,53117274025.0,53117274025.0
2026-07-20T10:45:28,002735.SZ,王子新材,10.08,-2.33,-0.24,10.32,10.52,9.97,10.32,87256.0,89804229.0,3.06,1.55,93.79,2.42,3782563878.0,2873398157.0
2026-07-20T10:45:28,603661.SH,恒林股份,28.09,-2.33,-0.67,28.79,29.65,27.8,28.76,16909.0,48521485.0,1.22,1.29,16.56,1.06,3906392901.0,3906392901.0
2026-07-20T10:45:28,688496.SH,*ST清越,0.84,-2.33,-0.02,0.87,0.89,0.84,0.86,29338.0,2531340.0,1.23,1.22,-2.91,0.42,378000000.0,199874304.0
2026-07-20T10:45:28,603859.SH,能科科技,36.5,-2.33,-0.87,38.16,38.34,36.15,37.37,42888.0,159696844.0,1.75,1.4,49.53,2.35,9723566749.0,8931466087.0
2026-07-20T10:45:28,301365.SZ,矩阵股份,33.97,-2.33,-0.81,34.79,36.09,33.67,34.78,18505.0,64695942.0,1.5,1.5,-99.63,3.61,6197106370.0,4182484539.0
2026-07-20T10:45:28,002501.SZ,*ST利源,1.25,-2.34,-0.03,1.27,1.28,1.24,1.28,140885.0,17834240.0,0.4,1.53,-86.0,27.66,4437500000.0,4433086508.0
2026-07-20T10:45:28,002074.SZ,国轩高科,26.28,-2.34,-0.63,26.91,26.91,25.6,26.91,237343.0,621961358.16,1.37,2.16,565.24,1.66,47690981988.0,45641459135.0
2026-07-20T10:45:28,688379.SH,华光新材,48.75,-2.34,-1.17,51.08,52.7,48.0,49.92,20916.0,105910876.0,2.32,2.18,31.24,3.4,4630204849.0,4391669100.0
2026-07-20T10:45:28,300860.SZ,锋尚文化,25.08,-2.34,-0.6,25.9,26.02,24.91,25.68,9431.0,23992518.0,0.86,1.14,243.55,1.53,4726344133.0,2744176078.0
2026-07-20T10:45:28,300481.SZ,濮阳惠成,13.29,-2.35,-0.32,13.61,13.84,13.13,13.61,88475.0,119004715.01,3.05,1.48,52.75,1.63,3878758771.0,3855105043.0
2026-07-20T10:45:28,603067.SH,振华股份,31.64,-2.35,-0.76,33.52,33.8,31.03,32.4,125360.0,408242939.0,1.66,1.53,49.14,5.79,23904823783.0,23904823783.0
2026-07-20T10:45:28,300948.SZ,冠中生态,19.15,-2.35,-0.46,19.74,20.29,18.88,19.61,16931.0,33329804.0,1.09,1.23,7067.7,3.17,3147822403.0,2971174435.0
2026-07-20T10:45:28,920247.BJ,华密新材,14.06,-2.36,-0.34,14.15,14.55,14.0,14.4,13050.0,18569599.21,0.95,2.11,56.02,5.61,2658085166.0,1928236415.0
2026-07-20T10:45:28,605018.SH,长华集团,11.15,-2.36,-0.27,11.46,11.77,11.06,11.42,31998.0,36802481.0,0.68,1.5,84.94,1.9,5241233592.0,5241233592.0
2026-07-20T10:45:28,001212.SZ,中旗新材,32.22,-2.36,-0.78,33.21,33.62,31.6,33.0,26928.0,87828127.7,1.55,1.62,429.25,3.37,6474919085.0,5601405887.0
2026-07-20T10:45:28,300056.SZ,中创环保,7.02,-2.36,-0.17,7.3,7.42,6.91,7.19,70248.0,50203871.66,1.82,1.42,-50.63,37.76,2706142910.0,2704090613.0
2026-07-20T10:45:28,603439.SH,三力制药,10.69,-2.37,-0.26,11.0,11.05,10.64,10.95,49510.0,53738118.0,1.23,1.17,24.61,2.98,4371464009.0,4317051909.0
2026-07-20T10:45:28,002402.SZ,和而泰,20.56,-2.37,-0.5,20.98,21.22,20.28,21.06,248654.0,514072871.62,3.04,1.32,27.92,2.83,18984887812.0,16827919831.0
2026-07-20T10:45:28,002038.SZ,双鹭药业,5.76,-2.37,-0.14,5.71,5.95,5.68,5.9,311076.0,180330230.04,3.65,0.88,-17.18,1.16,5917536000.0,4907009180.0
2026-07-20T10:45:28,300700.SZ,岱勒新材,15.61,-2.38,-0.38,16.5,17.05,15.39,15.99,86597.0,142059029.02,3.2,2.08,628.77,8.03,6197619927.0,4224227548.0
2026-07-20T10:45:28,688689.SH,银河微电,38.99,-2.38,-0.95,43.47,43.7,38.32,39.94,57535.0,235672327.0,4.37,1.92,70.1,3.41,5134058703.0,5134058703.0
2026-07-20T10:45:28,603848.SH,好太太,12.7,-2.38,-0.31,13.0,13.25,12.69,13.01,18610.0,24154858.0,0.46,2.66,31.44,2.02,5110562690.0,5110562690.0
2026-07-20T10:45:28,603588.SH,高能环境,11.92,-2.38,-0.29,12.5,12.58,11.79,12.21,430467.0,523124446.0,2.83,1.82,7.53,1.8,18156954727.0,18156954727.0
2026-07-20T10:45:28,688377.SH,迪威尔,19.21,-2.39,-0.47,19.69,19.78,19.0,19.68,20757.0,40456864.0,0.89,2.53,65.43,2.4,4486904039.0,4486904039.0
2026-07-20T10:45:28,600676.SH,交运股份,6.53,-2.39,-0.16,6.65,6.75,6.48,6.69,58061.0,38089275.0,0.56,1.34,-27.21,1.41,6716058924.0,6716058924.0
2026-07-20T10:45:28,300596.SZ,利安隆,35.87,-2.39,-0.88,37.8,38.4,35.21,36.75,39361.0,144688219.69,1.75,1.26,15.6,1.7,8236457455.0,8059549951.0
2026-07-20T10:45:28,688222.SH,成都先导,28.99,-2.39,-0.71,30.18,30.2,28.66,29.7,122677.0,360082001.0,3.06,1.15,69.97,7.82,11615713200.0,11615713200.0
2026-07-20T10:45:28,301369.SZ,联动科技,144.46,-2.39,-3.54,153.11,156.0,141.0,148.0,19933.0,298467974.4,3.63,2.16,1082.14,9.87,14779381754.0,7923521355.0
2026-07-20T10:45:28,001300.SZ,三柏硕,10.62,-2.39,-0.26,10.79,11.26,10.57,10.88,20916.0,22759952.0,0.86,1.71,-100.6,2.69,2588900207.0,2588900207.0
2026-07-20T10:45:28,300410.SZ,正业科技,6.93,-2.39,-0.17,7.36,7.45,6.85,7.1,116149.0,83286509.17,3.16,1.76,49.69,9.22,2544105543.0,2544105543.0
2026-07-20T10:45:28,605058.SH,澳弘电子,23.71,-2.39,-0.58,24.21,24.58,23.45,24.29,15124.0,36459283.0,1.06,1.55,25.6,1.94,3388754595.0,3388754595.0
2026-07-20T10:45:28,300689.SZ,澄天伟业,47.71,-2.39,-1.17,50.35,50.5,46.81,48.88,23362.0,113810588.22,2.31,1.44,-442.24,8.02,5515276000.0,4827401522.0
2026-07-20T10:45:28,001308.SZ,康冠科技,17.52,-2.4,-0.43,17.85,17.92,17.36,17.95,26487.0,46682587.48,0.54,1.8,19.85,1.61,12335679418.0,8536386388.0
2026-07-20T10:45:28,000811.SZ,冰轮环境,42.22,-2.4,-1.04,45.2,46.88,41.22,43.26,232119.0,1019365643.9,2.37,1.49,89.37,6.51,41902420527.0,41307865652.0
2026-07-20T10:45:28,300749.SZ,顶固集创,17.87,-2.4,-0.44,19.19,19.19,17.6,18.31,24429.0,44794575.0,1.55,1.47,-49.43,6.66,3666377178.0,2812659372.0
2026-07-20T10:45:28,301529.SZ,福赛科技,87.25,-2.4,-2.15,91.2,92.28,85.06,89.4,16198.0,145442559.56,2.55,1.62,84.04,7.38,10332475154.0,5546192307.0
2026-07-20T10:45:28,001229.SZ,魅视科技,35.0,-2.4,-0.86,37.07,37.96,34.3,35.86,32578.0,117202374.8,4.42,1.23,-267.83,5.11,5020123500.0,2581292175.0
2026-07-20T10:45:28,688699.SH,明微电子,50.07,-2.4,-1.23,52.57,53.9,49.2,51.3,33097.0,170980799.0,3.01,1.77,58.18,4.54,5510936525.0,5510936525.0
2026-07-20T10:45:28,300554.SZ,三超新材,18.2,-2.41,-0.45,19.04,19.18,18.05,18.65,26058.0,48765814.0,3.29,1.42,-135.95,4.2,2078650701.0,1439528017.0
2026-07-20T10:45:28,301513.SZ,尚水智能,46.91,-2.41,-1.16,48.07,48.79,46.69,48.07,6404.0,30637157.64,3.18,1.57,39.85,3.59,4691000000.0,945189074.0
2026-07-20T10:45:28,301024.SZ,霍普股份,28.76,-2.41,-0.71,29.8,30.56,28.32,29.47,7012.0,20726557.8,1.14,1.9,-23.87,5.41,1828704600.0,1770465600.0
2026-07-20T10:45:28,603725.SH,天安新材,13.34,-2.41,-0.33,13.51,13.98,13.16,13.67,116572.0,158403010.0,3.82,1.55,52.49,4.93,4066801451.0,4066801451.0
2026-07-20T10:45:28,300065.SZ,海兰信,16.58,-2.41,-0.41,17.48,17.76,16.35,16.99,314168.0,534900625.53,4.78,0.89,1780.26,6.81,11963119273.0,10891320625.0
2026-07-20T10:45:28,688097.SH,XD博众精,43.78,-2.41,-1.08,46.8,46.92,43.03,44.86,39021.0,174389946.0,0.88,1.88,171.66,4.13,19554239152.0,19482483732.0
2026-07-20T10:45:28,300717.SZ,华信新材,19.03,-2.41,-0.47,19.58,20.03,18.85,19.5,35750.0,69670919.0,3.51,1.88,39.42,2.68,1955808250.0,1938270202.0
2026-07-20T10:45:28,601698.SH,中国卫通,24.97,-2.42,-0.62,25.82,26.16,24.79,25.59,204783.0,521420015.0,0.48,0.99,982.46,6.66,105482903738.0,105482903738.0
2026-07-20T10:45:28,300966.SZ,共同药业,25.43,-2.42,-0.63,25.71,26.46,25.02,26.06,24061.0,61708101.0,3.14,1.21,229.14,4.03,2931598704.0,1949633393.0
2026-07-20T10:45:28,300896.SZ,爱美客,98.12,-2.42,-2.43,99.1,101.2,96.12,100.55,50332.0,495489177.54,2.46,2.23,24.89,3.89,29690333025.0,20060764107.0
2026-07-20T10:45:28,600596.SH,新安股份,10.08,-2.42,-0.25,10.5,10.52,9.98,10.33,250936.0,256644642.0,1.86,1.43,35.32,1.1,13603938254.0,13603938254.0
2026-07-20T10:45:28,000656.SZ,金科股份,1.21,-2.42,-0.03,1.23,1.24,1.21,1.24,835334.0,101918659.44,1.1,1.3,-75.83,3.11,12812365275.0,9180692298.0
2026-07-20T10:45:28,600449.SH,宁夏建材,11.62,-2.43,-0.29,12.09,12.2,11.57,11.91,38397.0,45717037.0,0.8,2.17,-306.93,0.76,5556463708.0,5556463708.0
2026-07-20T10:45:28,300161.SZ,华中数控,24.01,-2.44,-0.6,25.0,25.1,23.82,24.61,18475.0,44926722.0,0.95,1.78,-15.08,3.1,4770712713.0,4681813215.0
2026-07-20T10:45:28,920096.BJ,嘉晨智能,35.93,-2.44,-0.9,37.02,37.59,34.79,36.83,7725.0,27910581.54,4.77,1.84,34.8,3.76,2479170000.0,582066000.0
2026-07-20T10:45:28,600793.SH,宜宾纸业,13.22,-2.44,-0.33,13.49,13.56,13.11,13.55,36554.0,48829373.0,2.07,1.06,-22.59,10.32,2338670906.0,2338670906.0
2026-07-20T10:45:28,300708.SZ,聚灿光电,7.2,-2.44,-0.18,7.21,7.35,7.12,7.38,152943.0,110098193.35,2.14,2.31,57.38,2.35,6791955869.0,5143869461.0
2026-07-20T10:45:28,001259.SZ,利仁科技,46.63,-2.45,-1.17,47.8,48.79,45.65,47.8,12389.0,59018211.0,2.61,2.16,163.28,4.78,3431449847.0,2216999988.0
2026-07-20T10:45:28,002430.SZ,杭氧股份,23.13,-2.45,-0.58,24.0,24.25,22.69,23.71,130828.0,304179723.53,1.34,1.36,21.34,2.25,22629459306.0,22619699602.0
2026-07-20T10:45:28,920152.BJ,昆工科技,13.52,-2.45,-0.34,13.87,14.2,13.52,13.86,7504.0,10273660.16,0.91,1.87,-14.28,8.37,1488602024.0,1110018134.0
2026-07-20T10:45:28,001378.SZ,德冠新材,18.35,-2.45,-0.46,18.71,19.08,18.2,18.81,35800.0,66830991.0,4.24,1.22,28.22,1.73,3180673028.0,1547672232.0
2026-07-20T10:45:28,300820.SZ,英杰电气,52.01,-2.46,-1.31,55.0,55.22,51.24,53.32,22238.0,117936333.25,1.99,1.23,79.52,4.64,11556837217.0,5814075052.0
2026-07-20T10:45:28,001230.SZ,劲旅环境,18.66,-2.46,-0.47,19.38,20.27,18.4,19.13,94181.0,182330372.8,8.56,3.21,20.69,1.78,3503909098.0,2052203997.0
2026-07-20T10:45:28,600186.SH,莲花控股,8.71,-2.46,-0.22,9.1,9.39,8.58,8.93,1062537.0,959136380.0,5.94,1.85,27.21,8.27,15614980023.0,15583394515.0
2026-07-20T10:45:28,920249.BJ,利尔达,8.74,-2.46,-0.22,8.99,9.17,8.61,8.96,33898.0,29996184.5,2.72,1.23,62.42,4.76,3685046200.0,1089612094.0
2026-07-20T10:45:28,603181.SH,皇马科技,12.22,-2.47,-0.31,12.57,12.66,12.13,12.53,51015.0,63133366.0,0.87,1.76,16.0,2.07,7193914000.0,7193914000.0
2026-07-20T10:45:28,603489.SH,八方股份,24.85,-2.47,-0.63,25.42,25.6,24.68,25.48,20562.0,51743701.0,0.88,1.53,32.57,2.13,5830256778.0,5830256778.0
2026-07-20T10:45:28,688337.SH,普源精电,40.46,-2.48,-1.03,42.29,43.22,39.89,41.49,27866.0,116401476.0,1.5,1.65,95.55,2.85,8847655924.0,7522200283.0
2026-07-20T10:45:28,920271.BJ,邦德股份,9.05,-2.48,-0.23,9.3,9.4,8.98,9.28,4383.0,4016546.67,0.76,1.79,18.18,1.9,1183948150.0,523908401.0
2026-07-20T10:45:28,920895.BJ,花溪科技,11.41,-2.48,-0.29,11.72,11.79,11.41,11.7,1942.0,2246099.83,0.68,1.07,-68.16,3.37,644938840.0,327888029.0
2026-07-20T10:45:28,002951.SZ,金时科技,11.8,-2.48,-0.3,12.31,12.36,11.66,12.1,38305.0,46104163.0,0.95,1.11,-102.86,3.15,4779000000.0,4733268215.0
2026-07-20T10:45:28,002273.SZ,水晶光电,25.99,-2.48,-0.66,27.2,27.47,25.45,26.65,359635.0,946360617.43,2.64,1.87,36.63,3.64,36142531424.0,35400417070.0
2026-07-20T10:45:28,920126.BJ,永大股份,9.78,-2.49,-0.25,10.22,10.24,9.75,10.03,18393.0,18264440.85,4.12,1.89,12.8,1.6,1819862400.0,436853040.0
2026-07-20T10:45:28,002962.SZ,五方光电,11.73,-2.49,-0.3,12.25,12.32,11.62,12.03,68904.0,82448421.36,3.29,1.5,211.65,1.96,3421234579.0,2453728379.0
2026-07-20T10:45:28,300992.SZ,泰福泵业,21.89,-2.49,-0.56,22.46,23.07,21.78,22.45,8058.0,18007038.9,1.03,1.08,-57.6,2.43,2086128339.0,1707157714.0
2026-07-20T10:45:28,300322.SZ,硕贝德,17.25,-2.49,-0.44,18.01,18.26,16.91,17.69,106875.0,188339565.35,2.43,1.48,190.24,7.79,7935658139.0,7597430662.0
2026-07-20T10:45:28,301336.SZ,趣睡科技,38.04,-2.49,-0.97,39.01,39.54,37.81,39.01,16605.0,64583531.7,4.13,3.31,61.16,2.37,1974448702.0,1527911825.0
2026-07-20T10:45:28,300827.SZ,上能电气,23.06,-2.49,-0.59,23.5,23.8,22.7,23.65,106649.0,247727369.61,2.44,3.4,32.82,3.03,12837307812.0,10066618742.0
2026-07-20T10:45:28,301590.SZ,优优绿能,103.33,-2.5,-2.65,107.01,107.76,101.96,105.98,4547.0,47667276.25,2.61,1.84,-232.95,2.24,4345349716.0,1798871970.0
2026-07-20T10:45:28,605158.SH,华达新材,6.23,-2.5,-0.16,6.38,6.49,6.22,6.39,19435.0,12308896.0,0.38,1.07,-27.61,1.33,3186146600.0,3186146600.0
2026-07-20T10:45:28,600119.SH,*ST长投,4.29,-2.5,-0.11,4.36,4.46,4.29,4.4,12746.0,5566516.0,0.35,2.39,-144.6,21.11,1567009887.0,1567009887.0
2026-07-20T10:45:28,603728.SH,鸣志电器,48.3,-2.5,-1.24,49.87,50.47,47.74,49.54,43639.0,214474038.0,1.04,1.52,366.07,6.83,20232024750.0,20232024750.0
2026-07-20T10:45:28,000762.SZ,西藏矿业,20.21,-2.51,-0.52,20.73,20.8,19.92,20.73,110677.0,225523630.04,2.13,1.99,138.6,3.58,10525756840.0,10525380490.0
2026-07-20T10:45:28,603007.SH,顺景科技,4.66,-2.51,-0.12,4.85,4.9,4.6,4.78,120193.0,56855353.0,1.73,1.43,-169.32,17.58,4121518831.0,3239114875.0
2026-07-20T10:45:28,300680.SZ,隆盛科技,21.01,-2.51,-0.54,21.58,22.0,20.9,21.55,67766.0,144592810.16,2.99,1.7,26.57,3.04,6179332787.0,4755941403.0
2026-07-20T10:45:28,002829.SZ,星网宇达,20.2,-2.51,-0.52,20.01,20.68,19.81,20.72,175442.0,354021443.9,12.01,2.54,-39.55,2.71,4197749759.0,2950260985.0
2026-07-20T10:45:28,688669.SH,聚石化学,78.0,-2.51,-2.01,84.0,89.8,77.06,80.01,43726.0,368919065.0,3.6,4.63,-39.59,8.71,9464000052.0,9464000052.0
2026-07-20T10:45:28,002305.SZ,*ST南置,1.94,-2.51,-0.05,1.97,1.98,1.92,1.99,123744.0,24140795.0,0.71,1.98,53.26,13.44,3364378594.0,3364160355.0
2026-07-20T10:45:28,688272.SH,富吉瑞,26.04,-2.51,-0.67,27.72,27.98,25.65,26.71,13617.0,36765263.0,1.79,1.7,-36.8,4.97,1979040000.0,1979040000.0
2026-07-20T10:45:28,301628.SZ,强达电路,71.32,-2.52,-1.84,74.62,74.99,70.77,73.16,7516.0,54930193.02,2.7,1.31,59.39,4.65,5375802056.0,1988102056.0
2026-07-20T10:45:28,002641.SZ,公元股份,3.87,-2.52,-0.1,3.97,4.02,3.85,3.97,84056.0,32971474.0,0.74,2.83,-37.27,0.88,4756593281.0,4388559307.0
2026-07-20T10:45:28,002577.SZ,雷柏科技,17.44,-2.52,-0.45,17.83,17.97,17.14,17.89,37312.0,65030613.0,1.33,2.2,254.71,4.21,4895198720.0,4894937120.0
2026-07-20T10:45:28,002149.SZ,西部材料,32.69,-2.53,-0.85,34.21,34.49,32.08,33.54,135730.0,454440185.99,2.78,1.28,433.84,4.34,15959724617.0,15957272867.0
2026-07-20T10:45:28,300668.SZ,杰恩股份,40.49,-2.53,-1.05,43.13,43.5,40.0,41.54,25756.0,107026213.5,2.58,1.57,-187.41,6.25,4874237744.0,4036604472.0
2026-07-20T10:45:28,603119.SH,浙江荣泰,49.32,-2.53,-1.28,51.0,51.97,48.7,50.6,50149.0,252759431.0,1.89,1.68,81.21,11.51,23321453622.0,13071698869.0
2026-07-20T10:45:28,603995.SH,甬金股份,20.06,-2.53,-0.52,20.58,20.91,19.63,20.58,35572.0,71640195.0,0.98,1.91,14.45,1.27,7294007433.0,7294007433.0
2026-07-20T10:45:28,002108.SZ,沧州明珠,4.23,-2.53,-0.11,4.35,4.36,4.21,4.34,174524.0,74255126.63,1.06,1.45,39.43,1.41,6973570411.0,6971032411.0
2026-07-20T10:45:28,300538.SZ,同益股份,11.88,-2.54,-0.31,12.44,12.49,11.8,12.19,28430.0,34556353.0,2.35,1.5,65.17,2.39,2161192647.0,1437304746.0
2026-07-20T10:45:28,300861.SZ,美畅股份,15.73,-2.54,-0.41,16.38,16.49,15.55,16.14,113725.0,182138071.36,2.7,1.21,13.6,1.63,10568050121.0,6635934704.0
2026-07-20T10:45:28,002457.SZ,青龙管业,9.99,-2.54,-0.26,10.3,10.39,9.9,10.25,169559.0,172293008.0,5.09,1.38,-131.35,1.33,3331533132.0,3329370787.0
2026-07-20T10:45:28,002733.SZ,雄韬股份,18.39,-2.54,-0.48,19.25,19.39,18.25,18.87,64524.0,121867638.88,1.75,1.42,83.5,2.64,7065712250.0,6783386138.0
2026-07-20T10:45:28,001331.SZ,胜通能源,46.73,-2.54,-1.22,47.09,47.95,45.12,47.95,63101.0,295728248.83,2.21,1.98,-572.94,13.16,19124159040.0,13357029830.0
2026-07-20T10:45:28,600773.SH,西藏城投,10.32,-2.55,-0.27,10.53,10.59,10.22,10.59,138954.0,144490016.0,1.46,1.52,-46.29,2.32,9820376447.0,9820376447.0
2026-07-20T10:45:28,001256.SZ,炜冈科技,22.56,-2.55,-0.59,23.41,23.74,22.28,23.15,21447.0,49298119.0,2.01,1.12,21.39,2.54,3217339308.0,2411947308.0
2026-07-20T10:45:28,920179.BJ,凯德石英,52.58,-2.56,-1.38,55.45,56.0,52.01,53.96,14037.0,75873589.29,2.35,1.26,203.69,5.27,3941922600.0,3139997363.0
2026-07-20T10:45:28,002845.SZ,同兴达,12.58,-2.56,-0.33,13.14,13.28,12.42,12.91,94294.0,120204630.3,3.77,0.96,-24.19,1.69,4120600449.0,3147948136.0
2026-07-20T10:45:28,300900.SZ,广联航空,23.99,-2.56,-0.63,25.32,25.6,23.7,24.62,77666.0,191380720.33,3.02,0.95,186.55,4.06,7862010813.0,6160271166.0
2026-07-20T10:45:28,688818.SH,电科蓝天,49.89,-2.56,-1.31,52.0,52.5,49.51,51.2,60270.0,307308953.0,4.57,1.28,1453.62,16.26,86655132872.0,6586295153.0
2026-07-20T10:45:28,920892.BJ,广咨国际,10.26,-2.56,-0.27,10.55,10.61,10.23,10.53,2769.0,2878647.71,0.18,1.88,59.5,5.07,1747804882.0,1547747112.0
2026-07-20T10:45:28,603500.SH,祥和实业,8.33,-2.57,-0.22,8.65,8.7,8.26,8.55,43518.0,36947690.0,1.31,1.8,17.62,2.76,2772084439.0,2770633545.0
2026-07-20T10:45:28,301363.SZ,美好医疗,16.71,-2.57,-0.44,17.03,17.2,16.37,17.15,94587.0,158426578.63,1.81,1.57,58.66,3.62,13300605763.0,8723127015.0
2026-07-20T10:45:28,600703.SH,三安光电,12.13,-2.57,-0.32,12.7,12.8,11.89,12.45,957678.0,1184616432.0,1.92,1.28,224.16,1.73,60516797159.0,60516797159.0
2026-07-20T10:45:28,300497.SZ,富祥股份,16.66,-2.57,-0.44,17.21,17.69,16.34,17.1,350372.0,597113365.39,7.74,2.2,36.66,3.99,8973891240.0,7539319249.0
2026-07-20T10:45:28,603109.SH,神驰机电,16.66,-2.57,-0.44,17.1,17.1,16.57,17.1,14219.0,23888909.0,0.68,1.8,37.46,1.81,3479413678.0,3479413678.0
2026-07-20T10:45:28,688181.SH,八亿时空,37.43,-2.58,-0.99,39.29,39.7,36.51,38.42,50089.0,191424669.0,3.77,1.66,50.3,2.41,4979307697.0,4979307697.0
2026-07-20T10:45:28,688083.SH,中望软件,50.18,-2.58,-1.33,51.54,51.8,50.01,51.51,20152.0,102123252.0,1.19,1.73,-55.56,3.3,8512848624.0,8512848624.0
2026-07-20T10:45:28,300068.SZ,ST南都,4.13,-2.59,-0.11,4.19,4.28,4.1,4.24,219768.0,92244976.29,2.57,1.27,-3.05,3.37,3710256945.0,3525705210.0
2026-07-20T10:45:28,300877.SZ,金春股份,25.53,-2.59,-0.68,26.48,26.89,25.28,26.21,7643.0,19894535.01,0.64,1.14,260.2,1.85,3063600000.0,3063573194.0
2026-07-20T10:45:28,300305.SZ,裕兴股份,4.88,-2.59,-0.13,4.96,5.07,4.85,5.01,47085.0,23394175.0,1.46,1.53,-9.42,0.95,1831953815.0,1568802377.0
2026-07-20T10:45:28,002076.SZ,星光股份,1.88,-2.59,-0.05,1.92,1.95,1.88,1.93,164014.0,31525751.0,1.57,1.61,-74.16,6.85,2085154043.0,1959467989.0
2026-07-20T10:45:28,920136.BJ,永励精密,19.85,-2.6,-0.53,20.49,20.7,19.72,20.38,17154.0,34630763.51,8.17,1.14,17.06,1.4,1588000000.0,416850000.0
2026-07-20T10:45:28,688182.SH,灿勤科技,24.76,-2.6,-0.66,26.88,27.94,24.37,25.42,56896.0,147635718.0,1.42,2.07,1516.75,4.43,9904000000.0,9904000000.0
2026-07-20T10:45:28,002988.SZ,豪美新材,19.51,-2.6,-0.52,19.36,20.18,19.25,20.03,29907.0,58518385.16,1.2,2.42,30.63,1.81,4873685717.0,4873685717.0
2026-07-20T10:45:28,603160.SH,汇顶科技,50.55,-2.6,-1.35,52.0,52.49,50.02,51.9,47096.0,240118374.0,1.01,1.62,50.25,2.55,23555428265.0,23555428265.0
2026-07-20T10:45:28,920455.BJ,汇隆活塞,5.61,-2.6,-0.15,5.73,5.85,5.59,5.76,7231.0,4138348.37,0.74,2.84,30.4,3.04,995494500.0,545917190.0
2026-07-20T10:45:28,603335.SH,迪生力,5.6,-2.61,-0.15,5.85,5.9,5.53,5.75,66145.0,37874095.0,1.54,1.21,-30.25,8.49,2397609760.0,2397609760.0
2026-07-20T10:45:28,002838.SZ,道恩股份,27.56,-2.61,-0.74,27.63,28.36,26.66,28.3,75627.0,208792487.46,1.8,1.87,27.68,3.55,13184659959.0,11592610313.0
2026-07-20T10:45:28,002546.SZ,新联电子,7.81,-2.62,-0.21,7.96,8.16,7.71,8.02,231550.0,183105647.0,2.89,1.2,17.87,1.72,6513923440.0,6257622670.0
2026-07-20T10:45:28,301548.SZ,崇德科技,64.22,-2.62,-1.73,67.0,67.66,63.62,65.95,8918.0,58824128.85,3.4,1.14,35.73,3.61,5587140000.0,1684810544.0
2026-07-20T10:45:28,301418.SZ,协昌科技,32.98,-2.63,-0.89,34.55,34.78,32.58,33.87,12036.0,40679555.0,4.09,1.46,71.23,1.5,2418533355.0,970810295.0
2026-07-20T10:45:28,603516.SH,淳中科技,85.93,-2.63,-2.32,90.0,91.0,84.53,88.25,43222.0,378128908.0,2.13,1.92,2553.87,10.38,17466843214.0,17466843214.0
2026-07-20T10:45:28,300813.SZ,泰林生物,19.23,-2.63,-0.52,19.84,20.2,19.09,19.75,15649.0,30508730.6,2.06,1.3,120.38,2.9,2330660981.0,1462462134.0
2026-07-20T10:45:28,002217.SZ,ST合力泰,1.48,-2.63,-0.04,1.5,1.54,1.48,1.52,856939.0,128968845.48,1.18,1.23,3343.75,5.91,11069510413.0,10773397139.0
2026-07-20T10:45:28,600563.SH,法拉电子,122.2,-2.64,-3.32,127.51,128.52,120.01,125.52,38911.0,480428049.0,1.73,1.79,25.67,4.76,27495000000.0,27495000000.0
2026-07-20T10:45:28,301322.SZ,绿通科技,33.98,-2.64,-0.92,35.52,36.2,33.3,34.9,27808.0,96872114.31,2.89,1.75,-431.42,1.71,4847446734.0,3269306866.0
2026-07-20T10:45:28,688788.SH,科思科技,30.98,-2.64,-0.84,31.9,33.0,30.5,31.82,16047.0,51471557.0,0.73,1.54,-23.36,3.86,6781651218.0,6781651218.0
2026-07-20T10:45:28,002245.SZ,蔚蓝锂芯,16.2,-2.64,-0.44,16.49,16.96,15.67,16.64,585594.0,947706470.55,3.64,1.26,35.32,3.58,27663761423.0,26026916080.0
2026-07-20T10:45:28,300162.SZ,雷曼光电,7.36,-2.65,-0.2,7.85,7.86,7.31,7.56,158184.0,120263303.0,4.62,1.17,-55.64,3.74,3087593821.0,2518310701.0
2026-07-20T10:45:28,002976.SZ,瑞玛精密,20.93,-2.65,-0.57,21.3,21.84,20.64,21.5,36985.0,78398129.5,3.04,1.15,-73.75,2.83,4073205990.0,2547797347.0
2026-07-20T10:45:28,300692.SZ,中赋科技,8.46,-2.65,-0.23,8.8,8.84,8.38,8.69,237843.0,203387228.16,4.64,1.52,66.39,1.5,4756855941.0,4340674067.0
2026-07-20T10:45:28,002628.SZ,成都路桥,4.78,-2.65,-0.13,4.91,5.16,4.75,4.91,223388.0,110103010.51,2.96,1.45,67.15,1.28,3618939984.0,3603091354.0
2026-07-20T10:45:28,300103.SZ,达刚控股,6.56,-2.67,-0.18,6.75,6.93,6.51,6.74,27914.0,18856210.5,0.88,1.12,-290.24,4.64,2083462560.0,2081754402.0
2026-07-20T10:45:28,603488.SH,展鹏科技,7.27,-2.68,-0.2,7.44,7.69,7.17,7.47,41905.0,31504477.0,1.44,1.58,-28.44,2.74,2122770499.0,2122770499.0
2026-07-20T10:45:28,603130.SH,云中马,34.86,-2.68,-0.96,36.17,36.17,34.61,35.82,7101.0,25169727.0,0.52,1.01,83.4,3.42,4793745012.0,4793745012.0
2026-07-20T10:45:28,002650.SZ,ST加加,5.8,-2.68,-0.16,5.96,5.99,5.74,5.96,22256.0,12939037.0,0.2,1.67,47.46,3.69,6421086179.0,6420868679.0
2026-07-20T10:45:28,300548.SZ,长芯博创,161.76,-2.68,-4.45,172.98,177.55,157.35,166.21,90870.0,1534925592.14,3.34,1.87,91.66,23.31,47687624933.0,44032455857.0
2026-07-20T10:45:28,688633.SH,星球石墨,21.44,-2.68,-0.59,22.28,22.45,21.33,22.03,19836.0,43391659.0,1.16,1.68,12.47,1.6,3653389507.0,3653389507.0
2026-07-20T10:45:28,301251.SZ,威尔高,34.17,-2.68,-0.94,36.29,36.75,33.51,35.11,47965.0,168087687.57,6.35,1.64,236.88,4.16,6443234819.0,2582901006.0
2026-07-20T10:45:28,300503.SZ,昊志机电,68.98,-2.68,-1.9,72.98,74.76,67.58,70.88,115483.0,828609923.04,4.79,1.66,58.45,14.73,21261483629.0,16622462329.0
2026-07-20T10:45:28,603328.SH,依顿电子,8.69,-2.69,-0.24,9.08,9.14,8.6,8.93,98856.0,87619786.0,0.99,1.5,57.58,2.09,8676466290.0,8676466290.0
2026-07-20T10:45:28,003041.SZ,真爱美家,36.17,-2.69,-1.0,37.56,38.13,35.81,37.17,13616.0,50003637.0,1.0,1.88,277.72,3.54,5208480000.0,4948902378.0
2026-07-20T10:45:28,688636.SH,智明达,26.37,-2.69,-0.73,27.51,27.75,26.19,27.1,25980.0,70394879.0,1.49,1.27,64.28,3.28,4585911873.0,4585911873.0
2026-07-20T10:45:28,300464.SZ,星徽股份,5.76,-2.7,-0.16,6.0,6.06,5.68,5.92,84223.0,49629372.58,2.37,1.83,208.95,15.2,2691646059.0,2045621808.0
2026-07-20T10:45:28,688398.SH,赛特新材,21.51,-2.71,-0.6,22.11,22.34,21.23,22.11,11303.0,24631423.0,0.67,1.58,2367.96,3.54,3609683550.0,3609683550.0
2026-07-20T10:45:28,920717.BJ,瑞星股份,6.45,-2.71,-0.18,6.6,6.78,6.45,6.63,4897.0,3220763.13,1.11,0.87,72.55,1.35,739686000.0,285606000.0
2026-07-20T10:45:28,920020.BJ,泰凯英,15.43,-2.71,-0.43,16.2,16.2,15.4,15.86,4865.0,7579065.24,0.88,1.52,21.18,3.04,3470901350.0,857921902.0
2026-07-20T10:45:28,300970.SZ,华绿生物,15.43,-2.71,-0.43,15.7,15.88,15.3,15.86,25340.0,39625781.9,2.07,1.41,5.57,1.45,2448553526.0,1889875859.0
2026-07-20T10:45:28,001324.SZ,长青科技,17.56,-2.71,-0.49,18.05,18.17,17.45,18.05,10347.0,18425921.04,0.75,1.54,48.81,2.12,2423280000.0,2423280000.0
2026-07-20T10:45:28,300120.SZ,经纬辉开,6.43,-2.72,-0.18,6.67,6.77,6.33,6.61,184379.0,120259820.0,3.5,1.34,296.59,1.47,3693352963.0,3391484223.0
2026-07-20T10:45:28,002158.SZ,汉钟精机,26.14,-2.72,-0.73,27.2,27.5,25.7,26.87,81792.0,218116585.34,1.53,1.48,28.74,3.31,13977688993.0,13947436779.0
2026-07-20T10:45:28,688311.SH,盟升电子,23.97,-2.72,-0.67,25.1,25.13,23.88,24.64,24877.0,61014374.0,1.42,1.08,-68.67,2.33,4197314574.0,4197314574.0
2026-07-20T10:45:28,301398.SZ,星源卓镁,35.7,-2.72,-1.0,36.7,36.99,35.33,36.7,8034.0,28992839.55,0.74,1.08,-63.86,3.68,3998443054.0,3897795829.0
2026-07-20T10:45:28,301468.SZ,博盈特焊,28.94,-2.72,-0.81,30.09,30.57,28.63,29.75,27949.0,83003026.38,2.87,1.45,156.19,2.15,4895144278.0,2821748049.0
2026-07-20T10:45:28,300905.SZ,宝丽迪,36.71,-2.73,-1.03,38.43,39.0,36.28,37.74,30552.0,114955219.0,2.19,1.85,46.72,3.41,6571666200.0,5126413140.0
2026-07-20T10:45:28,600423.SH,*ST柳化,2.49,-2.73,-0.07,2.55,2.6,2.47,2.56,36616.0,9181769.0,0.46,1.42,133.77,3.75,1988750615.0,1988750615.0
2026-07-20T10:45:28,603165.SH,荣晟环保,12.82,-2.73,-0.36,13.19,13.28,12.78,13.18,29497.0,38361096.0,0.94,1.65,13.22,1.71,4009177806.0,4009177806.0
2026-07-20T10:45:28,001203.SZ,大中矿业,25.63,-2.73,-0.72,26.5,26.54,25.0,26.35,148493.0,381607006.74,1.14,2.12,62.33,5.58,39292851549.0,33471719482.0
2026-07-20T10:45:28,300989.SZ,蕾奥规划,10.99,-2.74,-0.31,11.16,11.33,10.96,11.3,10771.0,11984075.74,0.66,1.37,-19.59,2.4,2318445279.0,1790804202.0
2026-07-20T10:45:28,600498.SH,烽火通信,38.51,-2.75,-1.09,40.1,40.86,37.08,39.6,468650.0,1834316507.0,3.69,1.79,340.58,3.0,52303029732.0,48970142271.0
2026-07-20T10:45:28,920002.BJ,万达轴承,50.97,-2.75,-1.44,51.99,53.17,50.01,52.41,5757.0,29856262.25,1.29,1.42,53.03,4.39,3247000780.0,2273116888.0
2026-07-20T10:45:28,688355.SH,明志科技,16.29,-2.75,-0.46,16.76,17.19,16.18,16.75,10861.0,18276808.0,0.88,1.34,157.11,1.93,2019244413.0,2019244413.0
2026-07-20T10:45:28,002581.SZ,*ST未名,3.53,-2.75,-0.1,3.64,3.68,3.5,3.63,48022.0,17214628.0,1.2,1.0,-10.74,1.29,2328866619.0,1414792798.0
2026-07-20T10:45:28,002824.SZ,和胜股份,21.19,-2.75,-0.6,21.73,22.47,20.72,21.79,101315.0,219288565.92,4.48,2.07,67.04,2.89,6593752437.0,4792672195.0
2026-07-20T10:45:28,688323.SH,瑞华泰,25.79,-2.75,-0.73,27.3,27.99,25.24,26.52,56855.0,152877241.0,2.84,1.5,-57.09,4.52,5168271822.0,5168271822.0
2026-07-20T10:45:28,688785.SH,恒运昌,286.9,-2.75,-8.1,299.49,307.0,279.88,295.0,3118.0,90947596.0,2.45,1.58,276.17,8.92,19423614287.0,3651567089.0
2026-07-20T10:45:28,000417.SZ,合百集团,5.63,-2.76,-0.16,5.8,5.86,5.53,5.79,226248.0,129029107.64,2.9,1.31,17.08,0.93,4390748046.0,4385924549.0
2026-07-20T10:45:28,000573.SZ,粤宏远Ａ,3.52,-2.76,-0.1,3.61,3.65,3.51,3.62,105023.0,37654443.0,1.66,1.09,13.46,1.4,2246747726.0,2228036163.0
2026-07-20T10:45:28,603278.SH,大业股份,8.44,-2.76,-0.24,8.69,8.83,8.37,8.68,74265.0,64164121.0,2.17,1.61,-29.36,1.49,2884449268.0,2884449268.0
2026-07-20T10:45:28,002456.SZ,欧菲光,7.37,-2.77,-0.21,7.57,7.67,7.3,7.58,628391.0,472540871.67,1.89,1.15,-26.03,4.92,25764895142.0,24450822631.0
2026-07-20T10:45:28,002828.SZ,贝肯能源,11.56,-2.78,-0.33,12.1,12.22,11.4,11.89,154565.0,182348720.0,7.69,1.67,-7.93,3.55,2323416656.0,2323416656.0
2026-07-20T10:45:28,605088.SH,冠盛股份,21.34,-2.78,-0.61,21.98,22.19,21.23,21.95,67961.0,146907770.0,3.38,2.72,13.91,1.53,4326173971.0,4293477677.0
2026-07-20T10:45:28,002792.SZ,通宇通讯,25.08,-2.79,-0.72,25.98,26.3,24.57,25.8,85312.0,217227383.76,2.53,1.11,-254.07,4.68,13137807632.0,8472638009.0
2026-07-20T10:45:28,688583.SH,思看科技,68.02,-2.79,-1.95,69.51,71.35,67.2,69.97,6133.0,42367622.0,1.42,1.13,289.17,7.18,8418155200.0,2933350188.0
2026-07-20T10:45:28,300532.SZ,今天国际,6.98,-2.79,-0.2,7.13,7.21,6.93,7.18,134258.0,94523089.1,2.22,1.15,21.43,2.53,4436769294.0,4219978940.0
2026-07-20T10:45:28,688671.SH,碧兴物联,19.87,-2.79,-0.57,20.85,21.3,19.73,20.44,14010.0,28971241.0,2.99,1.71,-22.75,1.56,1560170543.0,930852314.0
2026-07-20T10:45:28,603717.SH,天域生物,5.58,-2.79,-0.16,5.61,5.81,5.55,5.74,119262.0,67661032.0,4.11,2.16,-38.48,4.23,1619016019.0,1619016019.0
2026-07-20T10:45:28,920223.BJ,荣亿精密,10.82,-2.79,-0.31,11.31,11.38,10.75,11.13,8069.0,8874344.94,0.99,1.38,-104.96,7.13,1701823700.0,883726205.0
2026-07-20T10:45:28,000725.SZ,京东方Ａ,5.9,-2.8,-0.17,6.15,6.2,5.76,6.07,15120444.0,9065644063.56,4.28,1.63,32.01,1.63,218561535578.0,208666091290.0
2026-07-20T10:45:28,300091.SZ,*ST金灵,2.43,-2.8,-0.07,2.51,2.53,2.43,2.5,37177.0,9189741.0,0.23,2.17,-2.0,5.32,6906169513.0,3974075013.0
2026-07-20T10:45:28,600301.SH,华锡有色,37.85,-2.8,-1.09,39.77,40.07,37.09,38.94,59638.0,229427957.0,2.17,1.44,32.91,5.06,23942679080.0,10421455526.0
2026-07-20T10:45:28,002227.SZ,*ST特迅,5.87,-2.81,-0.17,6.01,6.14,5.83,6.04,25887.0,15428874.74,1.05,2.62,-23.17,1.58,1454622218.0,1443648816.0
2026-07-20T10:45:28,300007.SZ,汉威科技,31.79,-2.81,-0.92,32.89,33.13,31.41,32.71,55104.0,178501277.76,1.95,1.53,105.19,3.54,10409496228.0,8994862527.0
2026-07-20T10:45:28,688279.SH,峰岹科技,183.27,-2.81,-5.3,192.24,193.99,179.19,188.57,12641.0,235462859.0,1.35,1.74,59.75,4.13,21096957442.0,17146389322.0
2026-07-20T10:45:28,300811.SZ,铂科新材,63.58,-2.81,-1.84,68.01,68.5,62.0,65.42,87467.0,572268990.61,2.62,1.94,73.01,8.39,25852562690.0,21207535940.0
2026-07-20T10:45:28,603677.SH,奇精机械,13.85,-2.81,-0.4,13.95,14.31,13.78,14.25,26531.0,37157910.0,1.38,1.52,57.14,2.37,2667521980.0,2667521980.0
2026-07-20T10:45:28,300985.SZ,致远新能,34.55,-2.81,-1.0,36.62,37.39,34.12,35.55,30502.0,109469336.2,1.64,1.69,143.2,7.29,6444006184.0,6444006184.0
2026-07-20T10:45:28,003015.SZ,日久光电,10.64,-2.83,-0.31,10.89,11.02,10.56,10.95,32338.0,34876360.0,1.31,1.72,72.15,2.71,2990549337.0,2631540660.0
2026-07-20T10:45:28,301093.SZ,华兰股份,66.2,-2.83,-1.93,69.97,72.66,65.01,68.13,38080.0,264411707.18,1.87,2.58,5785.83,6.43,14109296893.0,13470641925.0
2026-07-20T10:45:28,603090.SH,宏盛股份,38.87,-2.83,-1.13,40.44,41.4,38.44,40.0,18308.0,73415506.0,1.83,2.0,56.38,6.25,3887000000.0,3887000000.0
2026-07-20T10:45:28,605298.SH,必得科技,40.81,-2.83,-1.19,42.46,42.7,40.0,42.0,5352.0,22119370.0,0.29,1.61,248.07,7.42,7666158500.0,7600903310.0
2026-07-20T10:45:28,688646.SH,ST逸飞,64.37,-2.84,-1.88,68.48,68.48,62.88,66.25,4091.0,26628750.0,0.71,0.89,-63.18,4.29,6061247077.0,3732493678.0
2026-07-20T10:45:28,688665.SH,四方光电,42.14,-2.84,-1.23,44.15,44.49,41.71,43.37,5712.0,24536243.0,0.56,1.64,31.57,3.72,4264245250.0,4264245250.0
2026-07-20T10:45:28,688683.SH,莱尔科技,25.69,-2.84,-0.75,26.5,27.5,25.29,26.44,21471.0,56709252.0,1.33,2.15,73.96,3.46,4138602482.0,4138602482.0
2026-07-20T10:45:28,688805.SH,健信超导,38.37,-2.84,-1.12,39.49,40.15,38.1,39.49,4533.0,17711905.0,1.35,1.0,69.44,5.38,6433881600.0,1286776320.0
2026-07-20T10:45:28,603499.SH,翔港科技,10.62,-2.84,-0.31,10.99,11.21,10.53,10.93,27968.0,30457604.0,0.66,1.42,36.74,4.99,4498973391.0,4498973391.0
2026-07-20T10:45:28,601689.SH,拓普集团,49.23,-2.84,-1.44,50.67,51.39,48.6,50.67,173296.0,868240524.0,1.0,1.72,38.76,3.6,85553645603.0,85553645603.0
2026-07-20T10:45:28,600243.SH,*ST海华,3.08,-2.84,-0.09,3.12,3.19,3.06,3.17,24089.0,7538708.0,0.55,1.73,-46.64,2.45,1351658000.0,1351658000.0
2026-07-20T10:45:28,920230.BJ,欧康医药,10.23,-2.85,-0.3,10.31,10.49,10.1,10.53,17357.0,17847738.2,3.67,0.9,116.55,2.53,1027855189.0,483344462.0
2026-07-20T10:45:28,300311.SZ,ST任子行,5.11,-2.85,-0.15,5.21,5.24,5.08,5.26,73307.0,37818902.0,1.36,2.06,-33.93,5.26,3442250067.0,2746160465.0
2026-07-20T10:45:28,605168.SH,三人行,35.47,-2.85,-1.04,37.92,37.92,35.03,36.51,26560.0,96816883.0,1.26,1.88,169.97,2.9,7477678493.0,7477678493.0
2026-07-20T10:45:28,300842.SZ,帝科股份,56.54,-2.85,-1.66,58.78,59.51,55.37,58.2,30062.0,173726888.74,2.33,1.63,141.6,5.12,8214116669.0,7300526218.0
2026-07-20T10:45:28,688515.SH,裕太微-U,136.0,-2.86,-4.0,145.6,149.5,133.1,140.0,29055.0,411087199.0,5.83,2.23,-62.88,7.42,10880000000.0,6775438400.0
2026-07-20T10:45:28,605151.SH,西上海,16.62,-2.86,-0.49,17.18,17.25,16.61,17.11,17619.0,29884845.0,1.31,3.59,28.09,1.62,2236291170.0,2236291170.0
2026-07-20T10:45:28,301210.SZ,金杨精密,21.71,-2.86,-0.64,22.8,23.14,21.41,22.35,29828.0,66409410.63,4.85,1.81,34.34,1.87,3498763019.0,1336217284.0
2026-07-20T10:45:28,300959.SZ,线上线下,93.45,-2.86,-2.75,99.15,99.4,92.19,96.2,11953.0,114769479.0,2.28,1.61,-873.56,6.8,7510370910.0,4890071879.0
2026-07-20T10:45:28,688301.SH,奕瑞科技,85.95,-2.86,-2.53,89.75,89.75,85.04,88.48,42864.0,372791786.0,1.37,1.43,37.67,3.63,26937537500.0,26937537500.0
2026-07-20T10:45:28,688259.SH,创耀科技,28.58,-2.86,-0.84,29.89,30.0,28.33,29.42,12208.0,35474795.0,1.09,1.2,76.84,2.03,3192386000.0,3192386000.0
2026-07-20T10:45:28,301348.SZ,蓝箭电子,18.66,-2.86,-0.55,19.68,19.78,18.37,19.21,68509.0,130863991.63,4.42,1.37,-139.34,3.05,4478400000.0,2894896894.0
2026-07-20T10:45:28,301108.SZ,洁雅股份,27.4,-2.87,-0.81,28.1,28.4,27.05,28.21,14761.0,41016485.4,2.28,1.59,75.08,1.64,3084041305.0,1776435571.0
2026-07-20T10:45:28,688099.SH,晶晨股份,84.89,-2.87,-2.51,89.31,90.7,83.3,87.4,98136.0,841570753.0,2.32,1.51,51.87,4.77,35935634376.0,35935634376.0
2026-07-20T10:45:28,920957.BJ,汉维科技,8.8,-2.87,-0.26,9.09,9.52,8.78,9.06,12006.0,10797918.75,2.81,1.71,52.99,2.45,944251739.0,375801659.0
2026-07-20T10:45:28,002780.SZ,三夫户外,12.47,-2.88,-0.37,12.95,12.99,12.33,12.84,46210.0,58498241.0,3.54,1.87,16.81,2.54,2062060561.0,1629227435.0
2026-07-20T10:45:28,603458.SH,勘设股份,7.42,-2.88,-0.22,7.7,7.77,7.38,7.64,63825.0,48563781.0,2.08,1.36,-35.59,0.88,2271443894.0,2271443894.0
2026-07-20T10:45:28,300562.SZ,乐心医疗,12.8,-2.88,-0.38,13.3,13.33,12.74,13.18,51503.0,67109030.0,3.09,1.69,21.81,2.71,2797743206.0,2136682022.0
2026-07-20T10:45:28,300671.SZ,富满微,64.81,-2.89,-1.93,69.65,71.09,63.55,66.74,96390.0,651895529.12,4.37,1.8,174.8,9.04,14348056473.0,14306371523.0
2026-07-20T10:45:28,002514.SZ,*ST宝馨,1.68,-2.89,-0.05,1.75,1.77,1.66,1.73,247741.0,42590417.72,4.47,1.58,-24.09,-22.91,1209657564.0,930774792.0
2026-07-20T10:45:28,301292.SZ,海科新源,51.43,-2.91,-1.54,54.26,54.36,50.61,52.97,40212.0,210480013.57,4.72,1.44,14.23,4.01,11458386863.0,4381278345.0
2026-07-20T10:45:28,605111.SH,新洁能,52.02,-2.91,-1.56,55.5,56.38,50.6,53.58,114132.0,613641258.0,2.75,1.51,57.13,5.07,21605600135.0,21605600135.0
2026-07-20T10:45:28,301201.SZ,诚达药业,32.32,-2.91,-0.97,33.01,33.51,32.0,33.29,45915.0,150779822.98,4.23,1.18,178.53,2.41,5000350792.0,3508151905.0
2026-07-20T10:45:28,003013.SZ,地铁设计,14.67,-2.91,-0.44,15.0,15.44,14.5,15.11,40427.0,60333652.16,1.0,1.43,24.04,2.1,6759316941.0,5904328729.0
2026-07-20T10:45:28,301041.SZ,金百泽,21.28,-2.92,-0.64,22.2,22.55,21.04,21.92,29139.0,63871537.0,3.69,1.72,-3171.33,3.36,2270150400.0,1680508498.0
2026-07-20T10:45:28,600769.SH,祥龙电业,14.25,-2.93,-0.43,14.97,15.23,14.06,14.68,88612.0,130060590.0,2.36,2.1,281.21,42.16,5343425100.0,5343425100.0
2026-07-20T10:45:28,688109.SH,品茗科技,65.5,-2.93,-1.98,67.61,69.98,64.5,67.48,7176.0,48033608.0,0.91,2.35,-93.37,6.67,5164170650.0,5164170650.0
2026-07-20T10:45:28,300473.SZ,德尔股份,22.19,-2.93,-0.67,22.98,23.32,22.05,22.86,24649.0,55990247.0,1.64,1.62,20.47,2.0,3831378279.0,3339955321.0
2026-07-20T10:45:28,002902.SZ,铭普光磁,21.49,-2.94,-0.65,22.7,22.84,21.02,22.14,74637.0,164350751.25,4.2,1.48,-55.24,8.32,5050344742.0,3817312669.0
2026-07-20T10:45:28,300659.SZ,中孚信息,9.54,-2.95,-0.29,9.5,9.92,9.49,9.83,81010.0,78273885.0,4.28,3.3,-7.81,2.13,2484143286.0,1805338219.0
2026-07-20T10:45:28,300327.SZ,中颖电子,22.32,-2.96,-0.68,23.31,23.45,21.9,23.0,90438.0,203112280.76,2.67,1.42,92.99,4.29,7619382239.0,7563226436.0
2026-07-20T10:45:28,002979.SZ,雷赛智能,54.34,-2.96,-1.66,57.29,58.16,53.43,56.0,88069.0,489287618.54,3.95,1.72,59.53,9.46,17173510354.0,12106115599.0
2026-07-20T10:45:28,600895.SH,张江高科,29.37,-2.97,-0.9,30.35,30.61,29.15,30.27,136936.0,409405936.0,0.88,0.95,136.16,3.38,45485012084.0,45485012084.0
2026-07-20T10:45:28,688592.SH,司南导航,22.79,-2.98,-0.7,23.58,23.87,22.38,23.49,3468.0,8074893.0,0.63,0.84,-91.52,2.8,2646985823.0,1261095863.0
2026-07-20T10:45:28,600826.SH,兰生股份,7.82,-2.98,-0.24,8.06,8.14,7.79,8.06,46065.0,36651881.0,0.64,1.77,-106.9,1.36,5663115502.0,5663115502.0
2026-07-20T10:45:28,688160.SH,步科股份,103.81,-2.99,-3.2,106.97,108.6,102.38,107.01,17542.0,184197939.0,1.92,1.71,177.81,7.22,9469050535.0,9469050535.0
2026-07-20T10:45:28,920641.BJ,格利尔,11.69,-2.99,-0.36,11.95,12.11,11.58,12.05,3861.0,4588278.87,0.85,1.11,340.13,2.57,877626750.0,529782769.0
2026-07-20T10:45:28,300880.SZ,迦南智能,18.49,-2.99,-0.57,19.06,19.35,18.2,19.06,22756.0,42766330.9,1.17,1.71,72.25,3.46,3608088307.0,3608088307.0
2026-07-20T10:45:28,605055.SH,迎丰股份,8.77,-2.99,-0.27,9.04,9.22,8.51,9.04,41667.0,36889931.0,0.95,2.43,-52.75,4.03,3858800000.0,3858800000.0
2026-07-20T10:45:28,301538.SZ,骏鼎达,36.31,-2.99,-1.12,37.62,38.0,35.84,37.43,11412.0,42203250.74,2.61,1.57,27.89,2.75,3985385600.0,1587020741.0
2026-07-20T10:45:28,603001.SH,奥康国际,6.17,-2.99,-0.19,6.34,6.4,6.13,6.36,112306.0,70606193.0,2.8,1.36,24.36,1.04,2474046600.0,2474046600.0
2026-07-20T10:45:28,920252.BJ,天宏锂电,15.22,-3.0,-0.47,15.49,15.99,15.16,15.69,9484.0,14652609.97,1.39,1.73,168.27,5.98,1562343121.0,1038479458.0
2026-07-20T10:45:28,688391.SH,钜泉科技,24.27,-3.0,-0.75,25.3,25.94,24.01,25.02,14421.0,35602141.0,1.25,1.6,179.83,1.53,2805464924.0,2805464924.0
2026-07-20T10:45:28,600889.SH,*ST京化,14.53,-3.0,-0.45,15.0,15.09,14.46,14.98,16507.0,24380140.0,0.45,1.89,175.37,5.52,8523143212.0,5323007525.0
2026-07-20T10:45:28,603867.SH,新化股份,26.22,-3.0,-0.81,27.69,27.94,25.9,27.03,41333.0,110689467.0,1.92,2.17,17.54,1.87,5702502401.0,5655306401.0
2026-07-20T10:45:28,605287.SH,德才股份,31.61,-3.01,-0.98,32.71,33.44,31.16,32.59,20930.0,67530676.0,1.5,1.55,32.73,2.81,4425400000.0,4425400000.0
2026-07-20T10:45:28,603020.SH,爱普股份,10.28,-3.02,-0.32,10.8,10.85,10.2,10.6,35951.0,37896858.0,0.96,1.11,28.79,1.18,3861556317.0,3861556317.0
2026-07-20T10:45:28,688249.SH,晶合集成,43.74,-3.02,-1.36,46.99,47.0,43.03,45.1,212315.0,957614696.0,1.06,1.44,480.01,4.44,97267205407.0,87812060827.0
2026-07-20T10:45:28,301502.SZ,华阳智能,53.0,-3.02,-1.65,59.95,59.95,52.45,54.65,6847.0,37995077.0,2.9,2.61,82.18,3.68,3025425500.0,1250111000.0
2026-07-20T10:45:28,002005.SZ,德豪润达,2.25,-3.02,-0.07,2.33,2.34,2.24,2.32,76126.0,17391500.0,0.43,0.98,106.15,11.86,3942955931.0,3941942081.0
2026-07-20T10:45:28,300416.SZ,苏试试验,13.81,-3.02,-0.43,14.35,14.35,13.69,14.24,130067.0,182356903.05,2.58,1.31,40.32,2.57,7023045201.0,6973417074.0
2026-07-20T10:45:28,920489.BJ,佳先股份,13.42,-3.03,-0.42,13.98,14.15,13.0,13.84,13689.0,18671984.06,1.58,1.29,-3544.41,3.82,1831282464.0,1165198599.0
2026-07-20T10:45:28,002534.SZ,西子洁能,14.07,-3.03,-0.44,14.77,14.79,13.86,14.51,89223.0,128249780.4,1.08,1.26,48.87,2.11,11761607940.0,11612853850.0
2026-07-20T10:45:28,603601.SH,再升科技,8.01,-3.03,-0.25,8.4,8.4,7.94,8.26,339907.0,278923484.0,2.98,1.36,159.89,3.4,9150151178.0,9150151178.0
2026-07-20T10:45:28,301259.SZ,艾布鲁,22.74,-3.03,-0.71,23.88,24.03,22.49,23.45,47313.0,110431443.75,3.26,0.97,133.27,5.87,5143788000.0,3298650665.0
2026-07-20T10:45:28,920396.BJ,常辅股份,17.28,-3.03,-0.54,18.04,18.22,17.21,17.82,5434.0,9558214.58,1.06,1.5,44.2,3.52,1247981230.0,886615252.0
2026-07-20T10:45:28,603212.SH,赛伍技术,9.9,-3.04,-0.31,10.2,10.35,9.77,10.21,64924.0,65242464.0,1.48,1.65,-93.89,1.81,4331157296.0,4331157296.0
2026-07-20T10:45:28,688215.SH,瑞晟智能,32.54,-3.04,-1.02,33.81,34.75,32.54,33.56,5678.0,19126538.0,0.63,1.88,82.6,6.1,2940030033.0,2940030033.0
2026-07-20T10:45:28,300835.SZ,龙磁科技,133.79,-3.04,-4.2,144.85,145.98,130.1,137.99,22644.0,310606571.44,2.71,1.55,144.58,12.77,15954128377.0,11181555843.0
2026-07-20T10:45:28,688012.SH,中微公司,340.01,-3.05,-10.68,355.0,361.97,335.0,350.69,184137.0,6459723697.0,1.95,1.76,87.5,11.84,325675976743.0,320356414890.0
2026-07-20T10:45:28,688676.SH,金盘科技,60.7,-3.05,-1.91,63.88,63.99,60.11,62.61,55129.0,342743497.0,1.2,1.43,62.06,5.75,27908910895.0,27908910895.0
2026-07-20T10:45:28,000823.SZ,超声电子,13.34,-3.05,-0.42,14.05,14.2,13.06,13.76,320346.0,436153886.51,5.38,1.79,60.14,1.45,7936698513.0,7936395108.0
2026-07-20T10:45:28,688691.SH,灿芯股份,74.73,-3.06,-2.36,78.88,80.0,72.5,77.09,40454.0,311649943.0,5.54,1.33,-78.58,7.43,8967600000.0,5452675197.0
2026-07-20T10:45:28,300801.SZ,泰和科技,20.51,-3.07,-0.65,21.35,21.55,20.25,21.16,36165.0,75711490.96,2.64,1.25,13.02,1.75,4479999300.0,2807397007.0
2026-07-20T10:45:28,301528.SZ,多浦乐,50.8,-3.07,-1.61,53.35,54.02,50.26,52.41,12446.0,64795273.93,2.69,1.74,-3070.3,2.93,4559554000.0,2349821716.0
2026-07-20T10:45:28,688275.SH,万润新能,74.83,-3.07,-2.37,78.5,78.5,74.03,77.2,23833.0,181416002.0,1.89,1.42,5.88,1.71,9437444586.0,9437444586.0
2026-07-20T10:45:28,300112.SZ,万讯自控,6.3,-3.08,-0.2,6.63,6.63,6.27,6.5,114089.0,72844695.0,4.8,2.41,-618.6,1.84,1814110868.0,1496838716.0
2026-07-20T10:45:28,300718.SZ,长盛轴承,53.72,-3.08,-1.71,55.61,56.46,53.2,55.43,42379.0,231874584.71,2.15,1.61,65.73,9.3,16050409492.0,10564429565.0
2026-07-20T10:45:28,688376.SH,美埃科技,67.0,-3.08,-2.13,70.5,71.98,66.11,69.13,25852.0,178082843.0,1.91,1.53,71.48,4.68,9061880248.0,9061880248.0
2026-07-20T10:45:28,002426.SZ,胜利精密,2.51,-3.09,-0.08,2.6,2.66,2.49,2.59,592778.0,152195285.34,1.74,1.36,-28.28,5.2,8540591049.0,8540525726.0
2026-07-20T10:45:28,002370.SZ,亚太药业,5.01,-3.09,-0.16,4.99,5.13,4.95,5.17,149331.0,75368513.74,2.0,1.04,-360.94,3.34,3735794325.0,3735794325.0
2026-07-20T10:45:28,920221.BJ,易实精密,12.87,-3.09,-0.41,13.3,13.36,12.8,13.28,14443.0,18858871.15,2.34,2.16,24.98,3.63,1527025500.0,794914366.0
2026-07-20T10:45:28,688178.SH,万德斯,24.78,-3.09,-0.79,25.97,26.44,24.6,25.57,15471.0,39460834.0,1.82,2.41,46.35,2.27,2106246574.0,2106246574.0
2026-07-20T10:45:28,300550.SZ,和仁科技,11.59,-3.09,-0.37,12.05,12.28,11.51,11.96,45757.0,53947029.94,1.74,1.72,-82.82,2.68,3043072034.0,3040063792.0
2026-07-20T10:45:28,002348.SZ,高乐股份,9.69,-3.1,-0.31,10.23,10.27,9.52,10.0,118753.0,116676752.0,1.31,1.45,-171.74,15.46,9623518848.0,8755234760.0
2026-07-20T10:45:28,603286.SH,日盈电子,41.94,-3.1,-1.34,43.16,44.26,41.16,43.28,19614.0,84032201.0,1.69,1.58,-222.16,6.04,4948654562.0,4874904330.0
2026-07-20T10:45:28,688211.SH,中科微至,28.32,-3.11,-0.91,29.26,29.71,28.2,29.23,7555.0,21788824.0,0.58,1.56,314.19,1.06,3712549852.0,3712549852.0
2026-07-20T10:45:28,600114.SH,东睦股份,26.4,-3.12,-0.85,28.0,28.09,25.96,27.25,110730.0,297781428.0,1.8,1.85,33.11,4.94,16668523793.0,16272523793.0
2026-07-20T10:45:28,002989.SZ,中天精装,23.31,-3.12,-0.75,24.66,25.25,23.03,24.06,45544.0,110390738.0,2.3,1.56,-131.09,3.37,4699697352.0,4611533104.0
2026-07-20T10:45:28,002643.SZ,万润股份,13.65,-3.12,-0.44,14.5,14.92,13.4,14.09,181809.0,254485681.72,2.02,1.82,35.59,1.78,12502035341.0,12315234341.0
2026-07-20T10:45:28,688525.SH,佰维存储,244.98,-3.12,-7.88,266.0,268.03,239.0,252.86,232899.0,5898991861.0,4.94,1.74,9.96,13.69,115524399387.0,115524399387.0
2026-07-20T10:45:28,688558.SH,国盛智科,26.61,-3.13,-0.86,27.85,28.28,26.0,27.47,11218.0,30595670.0,0.85,1.48,21.39,2.12,3512520000.0,3512520000.0
2026-07-20T10:45:28,300920.SZ,润阳科技,31.23,-3.13,-1.01,33.21,33.54,30.7,32.24,13028.0,41519399.1,1.51,1.16,322.07,3.47,4059900000.0,2696676928.0
2026-07-20T10:45:28,688486.SH,龙迅股份,40.57,-3.13,-1.31,42.72,43.4,40.0,41.88,36369.0,151715246.0,1.95,1.73,49.77,5.14,7581364949.0,7580905981.0
2026-07-20T10:45:28,603819.SH,神力股份,11.36,-3.15,-0.37,11.78,11.91,11.31,11.73,27129.0,31490335.0,1.25,0.98,89.74,3.08,2473414924.0,2473414924.0
2026-07-20T10:45:28,603790.SH,雅运股份,19.69,-3.15,-0.64,20.3,20.55,19.51,20.33,22951.0,46246930.0,1.2,1.7,25.73,2.94,3767878400.0,3767878400.0
2026-07-20T10:45:28,300179.SZ,四方达,34.94,-3.16,-1.14,38.08,38.72,34.3,36.08,203045.0,740789166.4,5.43,1.79,98.83,15.07,16971194114.0,13066926817.0
2026-07-20T10:45:28,002965.SZ,祥鑫科技,44.1,-3.16,-1.44,46.0,47.15,43.0,45.54,120284.0,539334832.21,6.32,2.33,-171.44,2.79,11703273832.0,8397332811.0
2026-07-20T10:45:28,920871.BJ,派特尔,10.39,-3.17,-0.34,10.5,10.89,10.2,10.73,4008.0,4200764.0,0.85,2.26,51.22,3.5,881666734.0,488476385.0
2026-07-20T10:45:28,688165.SH,埃夫特-U,16.51,-3.17,-0.54,17.27,17.39,16.38,17.05,67323.0,113011746.0,1.29,1.65,-220.07,7.13,8614587800.0,8614587800.0
2026-07-20T10:45:28,002719.SZ,ST麦趣,5.5,-3.17,-0.18,5.72,5.8,5.46,5.68,28064.0,15746146.0,1.73,1.68,-18.17,8.78,957767014.0,890297623.0
2026-07-20T10:45:28,300721.SZ,怡达股份,21.65,-3.18,-0.71,22.97,23.3,21.38,22.36,69020.0,153973265.3,4.99,1.35,207.03,3.2,3568931899.0,2995313634.0
2026-07-20T10:45:28,688082.SH,盛美上海,290.94,-3.18,-9.56,309.52,315.0,288.89,300.5,43834.0,1321463438.0,0.92,1.62,336.58,10.2,140406680698.0,138898548694.0
2026-07-20T10:45:28,920469.BJ,富恒新材,5.16,-3.19,-0.17,5.31,5.41,5.11,5.33,14009.0,7333489.66,1.35,1.98,-12.15,2.53,727281360.0,533792516.0
2026-07-20T10:45:28,688396.SH,华润微,60.03,-3.19,-1.98,63.85,63.9,58.81,62.01,148239.0,913080174.0,1.12,1.43,60.4,3.45,79732487120.0,79732487120.0
2026-07-20T10:45:28,688622.SH,*ST禾信,88.34,-3.19,-2.91,91.8,94.8,88.3,91.25,2100.0,18991373.0,0.3,1.22,-202.71,21.03,6224924125.0,6224924125.0
2026-07-20T10:45:28,300716.SZ,*ST泉为,17.62,-3.19,-0.58,18.38,19.1,17.48,18.2,28916.0,52961475.5,1.81,1.7,-46.69,-15.8,2819552400.0,2819552400.0
2026-07-20T10:45:28,688080.SH,映翰通,33.7,-3.19,-1.11,35.1,35.37,33.25,34.81,11478.0,39343991.0,1.56,3.12,66.78,2.13,2482211648.0,2482211648.0
2026-07-20T10:45:28,300849.SZ,锦盛新材,18.46,-3.2,-0.61,18.89,19.77,18.15,19.07,18117.0,34245202.0,1.64,2.29,-111.07,5.14,2769000000.0,2035581671.0
2026-07-20T10:45:28,688813.SH,泰金新能,124.0,-3.2,-4.1,134.13,137.0,119.79,128.1,24372.0,312522696.0,8.1,2.07,91.48,11.08,19840000000.0,3729545024.0
2026-07-20T10:45:28,920177.BJ,恒道科技,24.1,-3.21,-0.8,25.28,25.28,24.05,24.9,3095.0,7527050.07,1.67,2.08,18.32,1.9,1260912000.0,446536995.0
2026-07-20T10:45:28,300145.SZ,南方泵业,4.53,-3.21,-0.15,4.79,4.82,4.47,4.68,574202.0,264612966.06,3.0,1.29,26.89,3.02,8698696423.0,8656054002.0
2026-07-20T10:45:28,688102.SH,斯瑞新材,28.36,-3.21,-0.94,29.86,30.16,27.95,29.3,108207.0,314758017.0,1.39,1.29,128.56,11.53,22151287199.0,22086975255.0
2026-07-20T10:45:28,688551.SH,科威尔,37.62,-3.22,-1.25,39.54,40.84,36.98,38.87,20426.0,79840371.0,1.87,1.84,140.5,3.15,4100377191.0,4100377191.0
2026-07-20T10:45:28,002301.SZ,齐心集团,7.52,-3.22,-0.25,7.8,8.08,7.46,7.77,183906.0,142650074.0,2.56,2.53,31.86,1.75,5444539656.0,5399286477.0
2026-07-20T10:45:28,301252.SZ,同星科技,27.99,-3.22,-0.93,29.15,29.69,27.45,28.92,25287.0,72611945.5,1.86,2.2,53.68,3.55,4736620066.0,3798486233.0
2026-07-20T10:45:28,301121.SZ,紫建电子,29.76,-3.22,-0.99,30.76,31.28,29.6,30.75,7673.0,23335704.6,1.52,2.05,-168.82,1.78,2941063456.0,1505607266.0
2026-07-20T10:45:28,920527.BJ,夜光明,13.53,-3.22,-0.45,13.95,14.43,13.3,13.98,9293.0,12879095.46,2.0,1.3,36.9,2.12,812377731.0,629920228.0
2026-07-20T10:45:28,688107.SH,安路科技,29.69,-3.23,-0.99,31.53,32.0,29.16,30.68,82334.0,251340141.0,2.05,1.82,-72.91,13.18,11901217706.0,11901217706.0
2026-07-20T10:45:28,920166.BJ,海圣医疗,19.16,-3.23,-0.64,19.8,19.83,19.07,19.8,2031.0,3928061.5,0.85,1.24,29.8,2.31,1442635301.0,455331786.0
2026-07-20T10:45:28,600330.SH,天通股份,18.6,-3.23,-0.62,19.89,20.18,18.15,19.22,547218.0,1054223918.0,4.44,1.73,-137.07,2.96,22941880138.0,22941880138.0
2026-07-20T10:45:28,301599.SZ,理奇智能,32.32,-3.23,-1.08,33.27,33.93,31.88,33.4,18279.0,60390362.84,3.34,1.48,54.73,6.62,13949312000.0,1767921324.0
2026-07-20T10:45:28,001226.SZ,拓山重工,40.92,-3.24,-1.37,42.08,42.81,40.05,42.29,8748.0,36132122.0,2.58,1.84,72.65,4.11,3055361364.0,1388268288.0
2026-07-20T10:45:28,600259.SH,中稀有色,71.65,-3.24,-2.4,75.79,75.96,70.7,74.05,63463.0,465103519.0,1.89,1.59,35.26,6.67,24105632952.0,24105632952.0
2026-07-20T10:45:28,688049.SH,炬芯科技,35.56,-3.24,-1.19,37.26,37.78,35.2,36.75,40382.0,146935482.0,2.31,1.6,31.98,3.04,6228961634.0,6228961634.0
2026-07-20T10:45:28,688680.SH,海优新材,33.6,-3.25,-1.13,34.84,35.23,33.25,34.73,10196.0,34730128.0,1.04,1.97,-21.53,2.01,3278384189.0,3278384189.0
2026-07-20T10:45:28,002748.SZ,世龙实业,10.41,-3.25,-0.35,10.42,10.75,10.37,10.76,31992.0,33767840.0,1.33,1.21,16.23,1.77,2498400000.0,2498400000.0
2026-07-20T10:45:28,920183.BJ,海菲曼,28.0,-3.25,-0.94,28.99,29.24,27.87,28.94,2402.0,6861767.88,2.14,1.87,18.23,3.18,1370656000.0,314995156.0
2026-07-20T10:45:28,002079.SZ,苏州固锝,8.93,-3.25,-0.3,9.58,9.7,8.77,9.23,393631.0,360367921.9,4.85,1.83,23.87,2.0,8112786436.0,7241695584.0
2026-07-20T10:45:28,688333.SH,铂力特,95.94,-3.25,-3.22,102.22,104.12,95.01,99.16,102088.0,1005088998.0,3.72,1.56,392.21,5.29,26318469374.0,26318469374.0
2026-07-20T10:45:28,301629.SZ,矽电股份,262.22,-3.25,-8.8,276.44,278.88,256.0,271.02,8264.0,222238909.66,4.3,1.65,-263.05,9.34,10941725788.0,5033589280.0
2026-07-20T10:45:28,002460.SZ,赣锋锂业,46.9,-3.26,-1.58,48.23,48.47,46.38,48.48,315916.0,1497413920.33,2.61,2.01,13.38,2.13,98334967548.0,56806125982.0
2026-07-20T10:45:28,688229.SH,博睿数据,63.75,-3.26,-2.15,67.0,67.5,62.8,65.9,4293.0,28012067.0,0.97,1.46,-60.8,7.74,2830500000.0,2830500000.0
2026-07-20T10:45:28,600289.SH,ST信通,4.73,-3.27,-0.16,4.9,4.92,4.73,4.89,13886.0,6696452.0,0.25,1.96,-14.97,3.32,2984876286.0,2676814295.0
2026-07-20T10:45:28,301070.SZ,开勒股份,58.04,-3.27,-1.96,61.33,64.26,57.3,60.0,19223.0,117047927.76,2.27,1.19,-258.65,10.1,7323158461.0,4922597015.0
2026-07-20T10:45:28,600343.SH,航天动力,17.17,-3.27,-0.58,17.75,18.07,16.96,17.75,193545.0,338698224.0,3.03,1.69,-123.21,8.6,10958002995.0,10958002995.0
2026-07-20T10:45:28,300686.SZ,智动力,12.09,-3.28,-0.41,12.83,12.99,11.94,12.5,47970.0,59796125.0,1.85,1.4,-15.29,4.17,3150946820.0,3130195544.0
2026-07-20T10:45:28,603290.SH,斯达半导,85.25,-3.29,-2.9,90.0,90.8,83.0,88.15,54778.0,476913034.0,2.29,1.71,191.68,2.98,20415112977.0,20415112977.0
2026-07-20T10:45:28,920837.BJ,华原股份,9.4,-3.29,-0.32,9.79,9.93,9.33,9.72,5476.0,5229822.32,0.4,1.18,16.08,2.58,1426100198.0,1285805198.0
2026-07-20T10:45:28,920575.BJ,*ST康乐,3.81,-3.3,-0.13,3.85,4.05,3.75,3.94,40638.0,15758140.83,2.16,2.02,-5.27,-14.78,1070381400.0,715665371.0
2026-07-20T10:45:28,688522.SH,纳睿雷达,20.19,-3.3,-0.69,20.33,20.88,20.05,20.88,66118.0,135250283.0,3.84,2.95,81.03,3.69,8561418600.0,3476404772.0
2026-07-20T10:45:28,688036.SH,传音控股,60.22,-3.31,-2.06,64.78,64.96,58.61,62.28,177162.0,1087643064.0,1.54,2.39,24.75,3.43,69324333300.0,69324333300.0
2026-07-20T10:45:28,300894.SZ,火星人,9.36,-3.31,-0.32,9.7,9.93,9.31,9.68,40215.0,38757900.0,1.37,1.24,-17.86,3.92,3802808047.0,2752581415.0
2026-07-20T10:45:28,688231.SH,隆达股份,26.23,-3.32,-0.9,27.5,28.4,25.98,27.13,39239.0,106805684.0,1.23,1.65,44.05,3.0,8382564750.0,8382564750.0
2026-07-20T10:45:28,301419.SZ,阿莱德,28.52,-3.32,-0.98,29.95,30.42,28.05,29.5,20065.0,58828804.67,2.02,1.43,86.42,4.63,4278000000.0,2827993290.0
2026-07-20T10:45:28,603127.SH,昭衍新药,46.34,-3.32,-1.59,43.14,48.48,43.14,47.93,651504.0,2948148983.0,10.34,3.02,36.42,4.1,34724796515.0,29210558669.0
2026-07-20T10:45:28,002045.SZ,国光电器,7.84,-3.33,-0.27,7.89,8.05,7.75,8.11,357600.0,281983738.53,6.37,3.07,-42.83,1.04,4409867755.0,4403923075.0
2026-07-20T10:45:28,002738.SZ,中矿资源,45.0,-3.33,-1.55,47.0,47.0,44.33,46.55,160292.0,730208607.15,2.25,1.5,15.99,2.62,32467134465.0,32005261170.0
2026-07-20T10:45:28,002199.SZ,*ST东晶,10.45,-3.33,-0.36,10.82,11.11,10.31,10.81,12427.0,13158362.0,0.54,1.86,-354.11,14.05,2543972693.0,2413240372.0
2026-07-20T10:45:28,301196.SZ,唯科科技,81.79,-3.33,-2.82,86.73,88.28,80.0,84.61,30861.0,261204124.58,2.86,1.84,47.06,4.11,13431015785.0,8816609976.0
2026-07-20T10:45:28,002497.SZ,雅化集团,16.57,-3.33,-0.57,16.92,17.12,16.33,17.14,361051.0,601181005.75,3.41,1.77,14.09,1.74,19097960956.0,17557366781.0
2026-07-20T10:45:28,301338.SZ,凯格精机,92.97,-3.34,-3.21,99.0,100.99,90.02,96.18,27392.0,261260340.81,2.52,1.92,53.28,8.44,13848811200.0,10090498950.0
2026-07-20T10:45:28,301591.SZ,肯特股份,27.21,-3.34,-0.94,28.72,29.08,26.81,28.15,31070.0,87566455.33,6.95,2.22,44.23,3.25,2975576760.0,1216144093.0
2026-07-20T10:45:28,688077.SH,大地熊,21.66,-3.35,-0.75,22.42,22.8,21.53,22.41,16409.0,36516552.0,1.43,1.24,53.25,2.28,2479604397.0,2479604397.0
2026-07-20T10:45:28,920092.BJ,汉鑫科技,23.37,-3.35,-0.81,24.73,25.27,22.48,24.18,12335.0,29480541.93,3.81,3.29,-137.87,4.13,1450802589.0,755701364.0
2026-07-20T10:45:28,002213.SZ,大为股份,24.25,-3.35,-0.84,25.5,26.16,23.83,25.09,74773.0,187269766.0,3.62,1.93,92.17,10.44,5760995143.0,5012909051.0
2026-07-20T10:45:28,601718.SH,ST际华,1.73,-3.35,-0.06,1.78,1.79,1.72,1.79,280762.0,49150265.0,0.64,1.82,-15.52,0.62,7544650240.0,7544650240.0
2026-07-20T10:45:28,300776.SZ,帝尔激光,116.09,-3.36,-4.04,126.0,127.0,113.28,120.13,49046.0,593471224.51,2.74,1.68,50.58,7.12,33112867997.0,20816360844.0
2026-07-20T10:45:28,688628.SH,优利德,63.38,-3.37,-2.21,69.8,69.8,62.33,65.59,21032.0,138866611.0,1.88,1.38,24.41,5.67,7083829727.0,7083829727.0
2026-07-20T10:45:28,002319.SZ,乐通股份,9.76,-3.37,-0.34,10.0,10.18,9.57,10.1,44715.0,44016070.94,2.13,1.58,96.95,11.44,2044451698.0,2044451698.0
2026-07-20T10:45:28,600580.SH,卧龙电驱,28.68,-3.37,-1.0,29.7,29.99,28.35,29.68,210605.0,616012648.0,1.35,2.05,40.59,4.12,44801530215.0,44672900415.0
2026-07-20T10:45:28,688698.SH,伟创电气,45.03,-3.37,-1.57,47.0,47.38,44.6,46.6,29708.0,136877003.0,1.38,1.79,50.11,4.13,9682943825.0,9682943825.0
2026-07-20T10:45:28,688210.SH,统联精密,27.51,-3.37,-0.96,29.0,29.34,27.33,28.47,23837.0,68012638.0,1.47,2.42,-56.17,3.49,4474790575.0,4474790575.0
2026-07-20T10:45:28,301325.SZ,曼恩斯特,28.86,-3.38,-1.01,29.67,30.13,28.56,29.87,18589.0,54501398.18,1.29,2.5,-25.35,1.57,4152742168.0,4152742168.0
2026-07-20T10:45:28,688153.SH,唯捷创芯,24.82,-3.39,-0.87,26.0,26.15,24.53,25.69,44143.0,111511758.0,1.06,1.36,-55.47,2.69,10680368859.0,10378861108.0
2026-07-20T10:45:28,603949.SH,雪龙集团,12.78,-3.4,-0.45,13.13,13.5,12.74,13.23,45887.0,60192417.0,2.18,1.48,28.71,2.54,2693215103.0,2686423402.0
2026-07-20T10:45:28,920346.BJ,威贸电子,14.49,-3.4,-0.51,14.93,15.22,14.4,15.0,4159.0,6162491.5,0.93,1.99,30.78,2.55,1168663462.0,649996303.0
2026-07-20T10:45:28,688790.SH,昂瑞微-UW,95.51,-3.4,-3.36,99.99,100.54,94.25,98.87,2708.0,26491480.0,2.14,1.31,-35.4,3.5,9506271521.0,1210663079.0
2026-07-20T10:45:28,688518.SH,联赢激光,17.83,-3.41,-0.63,18.65,18.73,17.63,18.46,107937.0,195507575.0,3.16,1.9,33.12,1.87,6085826444.0,6085826444.0
2026-07-20T10:45:28,300545.SZ,联得装备,25.24,-3.41,-0.89,26.71,26.85,25.03,26.13,39217.0,101388796.0,3.28,1.38,43.06,2.17,4681045130.0,3017667519.0
2026-07-20T10:45:28,600962.SH,国投中鲁,21.27,-3.41,-0.75,22.2,22.68,21.07,22.02,44142.0,96356043.0,1.68,1.33,327.37,5.89,5577206700.0,5577206700.0
2026-07-20T10:45:28,002137.SZ,实益达,7.09,-3.41,-0.25,7.47,7.49,6.96,7.34,272411.0,197018438.99,6.87,1.53,76.51,2.71,4094509415.0,2810887794.0
2026-07-20T10:45:28,002549.SZ,凯美特气,13.29,-3.42,-0.47,13.76,13.93,13.07,13.76,225361.0,303568402.4,3.25,1.15,215.27,4.53,9241173604.0,9201458101.0
2026-07-20T10:45:28,000970.SZ,中科三环,13.0,-3.42,-0.46,13.97,14.11,12.71,13.46,446339.0,594534241.14,3.67,1.47,240.98,2.43,15804435049.0,15804435049.0
2026-07-20T10:45:28,001215.SZ,千味央厨,30.58,-3.44,-1.09,31.78,32.15,30.4,31.67,20827.0,65263076.5,2.15,1.82,32.86,1.6,2971166439.0,2963252212.0
2026-07-20T10:45:28,600545.SH,卓郎智能,3.93,-3.44,-0.14,4.15,4.19,3.87,4.07,507365.0,205969126.0,2.84,1.81,-58.38,2.68,7026495032.0,7026495032.0
2026-07-20T10:45:28,600392.SH,盛和资源,20.42,-3.45,-0.73,21.44,21.63,20.09,21.15,441012.0,918702834.0,2.52,1.61,27.34,2.9,35792718559.0,35792718559.0
2026-07-20T10:45:28,688503.SH,聚和材料,70.0,-3.45,-2.5,73.95,75.48,68.2,72.5,90863.0,652145781.0,3.75,1.82,14.63,3.26,16942355010.0,16942355010.0
2026-07-20T10:45:28,002559.SZ,亚威股份,9.48,-3.46,-0.34,9.84,9.91,9.27,9.82,288802.0,276863297.44,5.73,1.46,47.32,2.55,6084867089.0,4777967485.0
2026-07-20T10:45:28,603339.SH,四方科技,11.15,-3.46,-0.4,11.64,11.68,11.03,11.55,67309.0,76576740.0,2.18,1.06,20.37,1.3,3450269101.0,3450269101.0
2026-07-20T10:45:28,920260.BJ,中寰股份,7.54,-3.46,-0.27,7.7,7.72,7.52,7.81,6583.0,5020732.49,0.67,1.61,61.5,1.81,780767000.0,745546220.0
2026-07-20T10:45:28,603082.SH,北自科技,32.34,-3.46,-1.16,34.16,34.25,32.22,33.5,18906.0,62786251.0,4.66,1.9,70.47,3.18,5358059022.0,1311610146.0
2026-07-20T10:45:28,688096.SH,京源环保,9.17,-3.47,-0.33,9.74,9.83,9.03,9.5,36689.0,34390592.0,1.57,1.13,-115.14,2.59,2143540677.0,2143540677.0
2026-07-20T10:45:28,000679.SZ,大连友谊,5.82,-3.48,-0.21,6.03,6.09,5.77,6.03,91743.0,54477401.0,2.57,2.09,-41.3,14.34,2074248000.0,2074248000.0
2026-07-20T10:45:28,300236.SZ,上海新阳,85.86,-3.48,-3.1,91.5,92.38,83.29,88.96,77276.0,677361271.25,2.77,1.63,64.87,5.77,26906991657.0,23916311758.0
2026-07-20T10:45:28,300137.SZ,先河环保,11.06,-3.49,-0.4,10.5,11.9,10.5,11.46,513153.0,575973695.5,9.68,6.55,1140.92,3.66,5934599243.0,5862177212.0
2026-07-20T10:45:28,603386.SH,骏亚科技,11.87,-3.5,-0.43,12.42,12.58,11.7,12.3,61737.0,75094685.0,1.89,1.77,-47.35,2.96,3873448787.0,3873448787.0
2026-07-20T10:45:28,603052.SH,可川科技,52.87,-3.5,-1.92,55.5,56.49,51.29,54.79,29224.0,157941488.0,1.56,2.67,-214.31,9.33,9934129299.0,9934129299.0
2026-07-20T10:45:28,300018.SZ,中元股份,11.04,-3.5,-0.4,11.44,11.64,10.9,11.44,101699.0,114707205.68,2.79,1.41,46.08,3.84,5395364317.0,4019051711.0
2026-07-20T10:45:28,688072.SH,拓荆科技,674.6,-3.5,-24.48,718.79,725.0,651.22,699.08,49833.0,3421300191.0,1.76,1.12,85.91,16.71,196092042606.0,190704705895.0
2026-07-20T10:45:28,600118.SH,中国卫星,60.16,-3.51,-2.19,63.8,64.09,59.0,62.35,276787.0,1712307118.0,2.34,1.12,-416.6,11.27,71138546362.0,71138546362.0
2026-07-20T10:45:28,000504.SZ,南华生物,8.25,-3.51,-0.3,8.4,8.58,8.17,8.55,102957.0,86223233.0,3.13,2.02,61.32,9.83,2722690559.0,2715259784.0
2026-07-20T10:45:28,300438.SZ,鹏辉能源,60.0,-3.51,-2.18,62.19,62.81,58.91,62.18,162120.0,977591675.62,4.01,1.56,23.34,5.33,30200601600.0,24249854280.0
2026-07-20T10:45:28,688148.SH,芳源股份,6.05,-3.51,-0.22,6.24,6.34,6.0,6.27,94995.0,58677853.0,1.86,1.55,12.56,8.03,3086546971.0,3086546971.0
2026-07-20T10:45:28,300426.SZ,华智数媒,5.49,-3.51,-0.2,5.64,5.76,5.46,5.69,129931.0,72719267.0,3.25,1.92,-36.86,26.6,2472601627.0,2196000000.0
2026-07-20T10:45:28,603687.SH,大胜达,12.59,-3.52,-0.46,13.31,13.43,12.46,13.05,144732.0,186764372.0,2.63,1.41,78.47,2.13,6924901168.0,6924901168.0
2026-07-20T10:45:28,301603.SZ,乔锋智能,109.46,-3.52,-3.99,117.95,119.6,107.48,113.45,16336.0,186224980.78,4.33,1.67,31.21,5.34,13218389600.0,4130199450.0
2026-07-20T10:45:28,002656.SZ,摩登大道,2.73,-3.53,-0.1,2.83,2.87,2.65,2.83,167328.0,46254738.98,2.44,8.44,-347.65,4.71,1945179174.0,1874522745.0
2026-07-20T10:45:28,300870.SZ,欧陆通,196.21,-3.53,-7.19,213.01,214.0,190.66,203.4,28928.0,589315060.22,1.9,1.97,-597.03,11.63,29950189376.0,29946893048.0
2026-07-20T10:45:28,603120.SH,肯特催化,52.87,-3.54,-1.94,55.01,56.44,52.52,54.81,52432.0,286946619.0,13.83,2.82,61.71,4.01,4779448000.0,2003773000.0
2026-07-20T10:45:28,301059.SZ,金三江,10.63,-3.54,-0.39,11.11,11.26,10.51,11.02,31794.0,34416621.0,1.54,1.39,27.08,4.03,2457167020.0,2195568822.0
2026-07-20T10:45:28,688291.SH,金橙子,37.62,-3.54,-1.38,40.2,40.2,37.2,39.0,15298.0,59395253.0,1.49,1.27,18.22,3.85,3862321254.0,3862321254.0
2026-07-20T10:45:28,002881.SZ,美格智能,39.24,-3.54,-1.44,40.0,40.37,38.51,40.68,125884.0,497091044.72,6.92,2.95,63.52,4.4,11853273888.0,7141282106.0
2026-07-20T10:45:28,002620.SZ,*ST瑞和,4.63,-3.54,-0.17,4.8,4.84,4.59,4.8,51212.0,24207913.5,1.62,1.93,-19.93,-23.72,1747797220.0,1463413499.0
2026-07-20T10:45:28,000026.SZ,飞亚达,16.34,-3.54,-0.6,17.36,17.36,16.1,16.94,39630.0,66119666.0,1.09,1.45,25.47,1.98,6630183874.0,5956922377.0
2026-07-20T10:45:28,300687.SZ,赛意信息,20.93,-3.55,-0.77,21.99,22.53,20.6,21.7,147140.0,318542437.09,4.5,1.39,67.69,3.19,8548054997.0,6842243023.0
2026-07-20T10:45:28,601137.SH,博威合金,16.56,-3.55,-0.61,17.59,17.6,16.36,17.17,113867.0,192202558.0,1.24,1.69,-41.64,1.63,15215320250.0,15204059450.0
2026-07-20T10:45:28,001365.SZ,天海电子,38.58,-3.55,-1.42,40.54,41.45,37.9,40.0,65350.0,257859778.71,11.36,1.63,43.31,2.78,20254500000.0,2218567823.0
2026-07-20T10:45:28,603679.SH,华体科技,15.43,-3.56,-0.57,16.0,16.5,14.94,16.0,56847.0,87674550.0,3.2,2.48,-48.58,3.11,2741698328.0,2741698328.0
2026-07-20T10:45:28,301279.SZ,金道科技,17.02,-3.57,-0.63,17.89,18.18,16.89,17.65,18141.0,31686057.15,1.39,2.72,46.98,2.13,2868291041.0,2221105541.0
2026-07-20T10:45:28,300599.SZ,雄塑科技,9.45,-3.57,-0.35,9.95,10.14,9.43,9.8,42908.0,42101155.0,2.28,1.04,26.23,1.76,3384343308.0,1776925004.0
2026-07-20T10:45:28,600381.SH,*ST春天,4.05,-3.57,-0.15,4.21,4.27,3.98,4.2,23330.0,9580970.0,0.4,1.38,-36.52,2.43,2377596001.0,2377596001.0
2026-07-20T10:45:28,300472.SZ,*ST新元,5.94,-3.57,-0.22,6.12,6.19,5.93,6.16,18286.0,11070857.0,0.74,1.43,-20.08,71.1,1635036209.0,1460915248.0
2026-07-20T10:45:28,000510.SZ,新金路,15.09,-3.58,-0.56,15.96,16.25,14.6,15.65,277958.0,425853822.99,4.58,1.66,-48.16,9.49,9786522758.0,9153750815.0
2026-07-20T10:45:28,688433.SH,华曙高科,81.0,-3.58,-3.01,86.43,86.44,79.75,84.01,28846.0,237589026.0,0.69,1.26,-2309.69,16.01,33661781307.0,33661781307.0
2026-07-20T10:45:28,300735.SZ,光弘科技,18.74,-3.6,-0.7,19.44,19.69,18.61,19.44,107533.0,205461727.3,1.42,1.23,222.42,2.75,15162824114.0,14193991713.0
2026-07-20T10:45:28,301356.SZ,天振股份,16.35,-3.6,-0.61,17.03,17.24,16.22,16.96,16164.0,27234574.2,1.28,1.41,22.84,1.2,3531600000.0,2071504125.0
2026-07-20T10:45:28,920367.BJ,新赣江,29.88,-3.61,-1.12,26.26,31.98,26.26,31.0,52561.0,150634277.41,12.52,1.57,170.32,4.39,2117334150.0,1254738231.0
2026-07-20T10:45:28,300390.SZ,天华新能,54.96,-3.61,-2.06,57.22,58.08,53.5,57.02,256161.0,1425108657.1,3.81,1.76,11.78,3.7,45658063308.0,36947826252.0
2026-07-20T10:45:28,688711.SH,宏微科技,23.49,-3.61,-0.88,24.84,25.3,23.0,24.37,68263.0,165493450.0,3.2,1.75,1376.72,4.34,5006303549.0,5006303549.0
2026-07-20T10:45:28,920005.BJ,鼎佳精密,23.94,-3.62,-0.9,24.72,24.85,23.58,24.84,2455.0,5963551.5,1.14,2.12,38.22,3.21,1987020000.0,514710000.0
2026-07-20T10:45:28,300590.SZ,移为通信,10.37,-3.62,-0.39,10.94,11.05,10.28,10.76,185829.0,197939237.52,5.19,1.5,23.08,2.59,4793392899.0,3710537329.0
2026-07-20T10:45:28,688550.SH,瑞联新材,42.47,-3.63,-1.6,44.8,44.8,42.0,44.07,47302.0,204060199.0,2.69,1.47,42.82,2.33,7477612887.0,7477612887.0
2026-07-20T10:45:28,301281.SZ,科源制药,38.17,-3.64,-1.44,40.79,41.01,37.65,39.61,24504.0,95991669.99,3.45,1.73,34.36,2.98,4133429300.0,2708237840.0
2026-07-20T10:45:28,301182.SZ,凯旺科技,63.59,-3.65,-2.41,67.18,69.48,61.29,66.0,19111.0,125864445.26,2.19,1.7,-42.58,9.19,6093301903.0,5556761278.0
2026-07-20T10:45:28,603068.SH,博通集成,34.1,-3.65,-1.29,36.09,36.12,33.44,35.39,62586.0,217521039.0,4.12,1.84,79.71,2.95,5175947578.0,5175947578.0
2026-07-20T10:45:28,688719.SH,爱科赛博,46.77,-3.65,-1.77,49.5,50.53,46.25,48.54,25809.0,125465198.0,2.88,1.54,-76.8,3.21,5396576000.0,4196311877.0
2026-07-20T10:45:28,605069.SH,正和生态,10.26,-3.66,-0.39,10.67,10.9,10.22,10.65,28630.0,30283432.0,1.35,1.51,-42.08,3.16,2172019202.0,2172019202.0
2026-07-20T10:45:28,600671.SH,天目药业,20.01,-3.66,-0.76,20.38,21.19,19.71,20.77,42798.0,86362724.0,3.51,1.43,159.64,33.01,2436795489.0,2436628365.0
2026-07-20T10:45:28,301111.SZ,粤万年青,18.58,-3.68,-0.71,19.3,19.48,18.38,19.29,29826.0,56694547.0,1.86,1.47,-224.76,4.02,2972800000.0,2972800000.0
2026-07-20T10:45:28,603311.SH,金海高科,23.84,-3.68,-0.91,25.56,25.58,23.47,24.75,25428.0,62391070.0,1.08,1.31,39.73,4.17,5623472343.0,5623472343.0
2026-07-20T10:45:28,301265.SZ,华新科技,18.6,-3.68,-0.71,19.65,19.99,18.4,19.31,47380.0,90527379.0,1.94,1.55,43.57,2.69,5635301185.0,4542436386.0
2026-07-20T10:45:28,002728.SZ,特一药业,8.9,-3.68,-0.34,8.9,9.15,8.66,9.24,186407.0,165653432.16,3.72,1.18,44.33,2.58,4568457327.0,4461649317.0
2026-07-20T10:45:28,300037.SZ,新宙邦,58.18,-3.68,-2.22,61.6,62.62,57.15,60.4,117970.0,698829229.5,2.16,1.7,22.82,4.13,43861112381.0,31811627005.0
2026-07-20T10:45:28,603626.SH,科森科技,13.31,-3.69,-0.51,14.3,14.38,13.24,13.82,142608.0,196423956.0,2.57,2.11,4.79,3.24,7385448674.0,7385448674.0
2026-07-20T10:45:28,300174.SZ,元力股份,18.27,-3.69,-0.7,19.35,19.45,18.0,18.97,113361.0,210662263.56,3.13,1.59,39.95,1.93,6654123277.0,6617294593.0
2026-07-20T10:45:28,920509.BJ,同惠电子,19.51,-3.7,-0.75,20.46,20.73,19.3,20.26,12685.0,25283220.11,1.51,2.0,68.26,9.37,3127564129.0,1638557339.0
2026-07-20T10:45:28,301306.SZ,西测测试,95.81,-3.71,-3.69,102.0,104.1,93.89,99.5,29815.0,293099241.76,5.12,2.09,-51.97,9.62,8086364000.0,5582130125.0
2026-07-20T10:45:28,300602.SZ,飞荣达,35.25,-3.71,-1.36,38.31,38.88,34.51,36.61,157294.0,575301436.74,3.92,1.86,66.81,4.97,20672137993.0,14141570360.0
2026-07-20T10:45:28,300666.SZ,江丰电子,209.95,-3.71,-8.09,225.0,229.0,203.1,218.04,108981.0,2347952030.62,4.93,1.46,69.06,8.29,57940128876.0,46423258851.0
2026-07-20T10:45:28,600785.SH,新华百货,8.28,-3.72,-0.32,8.28,8.88,8.23,8.6,238987.0,203007290.0,7.57,3.35,10.05,1.14,2615517798.0,2615517798.0
2026-07-20T10:45:28,300167.SZ,ST迪威迅,3.62,-3.72,-0.14,3.71,3.82,3.6,3.76,33558.0,12514542.0,0.95,2.34,-17.1,11.72,1507110618.0,1281787700.0
2026-07-20T10:45:28,603682.SH,锦和商管,7.77,-3.72,-0.3,8.13,8.18,7.68,8.07,88419.0,70104840.0,1.87,1.53,100.72,5.65,3671325000.0,3671325000.0
2026-07-20T10:45:28,300672.SZ,国科微,152.11,-3.73,-5.89,164.0,167.5,148.27,158.0,73767.0,1166150752.33,3.51,1.7,150.27,8.56,33023453974.0,31994461615.0
2026-07-20T10:45:28,301246.SZ,宏源药业,18.57,-3.73,-0.72,19.48,19.6,18.37,19.29,57379.0,108740534.31,3.37,1.51,12.86,1.62,7428126276.0,3158338247.0
2026-07-20T10:45:28,301563.SZ,云汉芯城,118.0,-3.73,-4.57,125.02,126.01,116.0,122.57,11176.0,135428270.2,5.84,1.59,48.37,8.1,9988809504.0,2258012010.0
2026-07-20T10:45:28,603980.SH,吉华集团,5.94,-3.73,-0.23,6.25,6.36,5.88,6.17,265590.0,162188341.0,3.92,3.52,55.06,1.05,4020390158.0,4020390158.0
2026-07-20T10:45:28,688401.SH,路维光电,62.78,-3.73,-2.43,68.0,68.58,60.08,65.21,53399.0,341298741.0,2.76,1.85,47.25,4.98,12893109766.0,12138484561.0
2026-07-20T10:45:28,301505.SZ,苏州规划,15.21,-3.73,-0.59,15.58,16.13,15.21,15.8,24585.0,38642054.25,2.7,3.3,183.71,1.81,1740023863.0,1386686589.0
2026-07-20T10:45:28,920086.BJ,科马材料,20.93,-3.73,-0.81,21.78,21.96,20.9,21.74,4521.0,9648619.84,1.69,2.09,17.96,2.09,1751422400.0,559762385.0
2026-07-20T10:45:28,688123.SH,聚辰股份,127.16,-3.74,-4.94,138.1,140.0,124.6,132.1,68549.0,914396401.0,4.31,1.63,163.78,7.84,20206050674.0,20206050674.0
2026-07-20T10:45:28,300785.SZ,值得买,34.27,-3.74,-1.33,36.31,37.29,34.02,35.6,92125.0,327470689.8,7.53,3.05,476.42,3.54,6814769178.0,4192395947.0
2026-07-20T10:45:28,605089.SH,味知香,19.07,-3.74,-0.74,20.0,20.08,18.8,19.81,11847.0,22824187.0,0.86,1.38,28.95,2.16,2631660000.0,2631660000.0
2026-07-20T10:45:28,301678.SZ,新恒汇,43.17,-3.75,-1.68,45.71,46.09,42.42,44.85,25136.0,110729799.43,1.81,1.78,261.34,5.74,10341609510.0,5999376645.0
2026-07-20T10:45:28,300084.SZ,海默科技,10.77,-3.75,-0.42,11.29,11.38,10.68,11.19,111155.0,121699220.34,2.36,2.56,-90.51,4.05,5910144112.0,5072070046.0
2026-07-20T10:45:28,002886.SZ,沃特股份,17.68,-3.76,-0.69,18.64,18.8,17.43,18.37,69303.0,125648021.5,3.31,2.02,89.44,2.54,4653439029.0,3696501940.0
2026-07-20T10:45:28,301128.SZ,强瑞技术,106.35,-3.76,-4.15,114.5,115.14,104.44,110.5,27580.0,302413736.58,2.17,1.91,262.05,17.99,15401370690.0,13547860882.0
2026-07-20T10:45:28,603726.SH,朗迪集团,22.52,-3.76,-0.88,23.89,24.05,22.33,23.4,42189.0,98071580.0,2.29,1.45,11.95,3.0,4178795436.0,4157514036.0
2026-07-20T10:45:28,603281.SH,江瀚新材,19.34,-3.78,-0.76,20.26,20.4,19.06,20.1,48479.0,94752200.0,0.93,2.59,24.26,2.21,10030436350.0,10030436350.0
2026-07-20T10:45:28,600187.SH,*ST国中,1.52,-3.8,-0.06,1.58,1.6,1.5,1.58,325255.0,50231150.0,2.02,2.27,35.02,0.82,2452947277.0,2452947277.0
2026-07-20T10:45:28,920036.BJ,觅睿科技,29.28,-3.81,-1.16,30.9,30.91,29.15,30.44,3786.0,11306208.75,2.9,2.14,105.0,2.73,1593471095.0,382434191.0
2026-07-20T10:45:28,920651.BJ,天罡股份,18.45,-3.81,-0.73,19.18,19.37,18.28,19.18,5999.0,11121790.45,1.45,4.12,25.74,2.21,1125450000.0,765073032.0
2026-07-20T10:45:28,688305.SH,科德数控,53.2,-3.81,-2.11,55.47,55.97,52.87,55.31,21419.0,116809449.0,1.62,1.38,78.19,3.73,7052117680.0,7033772990.0
2026-07-20T10:45:28,300626.SZ,华瑞股份,24.19,-3.82,-0.96,25.6,26.14,23.73,25.15,45582.0,113340397.0,2.53,1.99,159.86,8.23,4354200000.0,4351817890.0
2026-07-20T10:45:28,603125.SH,常青科技,20.11,-3.83,-0.8,21.33,21.69,19.9,20.91,33170.0,68332345.0,0.82,1.59,25.03,3.24,8141259501.0,8141259501.0
2026-07-20T10:45:28,301683.SZ,慧谷新材,100.3,-3.84,-4.0,104.51,105.9,99.82,104.3,5773.0,59508384.09,4.05,1.58,25.86,1.84,6330574920.0,1430844695.0
2026-07-20T10:45:28,688138.SH,清溢光电,32.25,-3.85,-1.29,34.56,35.2,31.57,33.54,76243.0,254586418.0,2.42,1.21,45.57,3.62,10152300000.0,10152300000.0
2026-07-20T10:45:28,688652.SH,京仪装备,147.49,-3.85,-5.9,158.0,158.0,144.33,153.39,33450.0,506467558.0,2.77,1.42,133.37,11.02,24778320000.0,17809417500.0
2026-07-20T10:45:28,002726.SZ,ST龙大,2.0,-3.85,-0.08,1.98,2.07,1.87,2.08,875203.0,171850295.62,6.43,2.02,-684.99,2.36,2722269210.0,2720631210.0
2026-07-20T10:45:28,688286.SH,敏芯股份,43.68,-3.85,-1.75,49.07,49.63,42.68,45.43,34031.0,156577600.0,4.35,2.12,-82.54,3.27,3420734597.0,3420734597.0
2026-07-20T10:45:28,920083.BJ,金戈新材,32.45,-3.85,-1.3,33.56,34.38,31.51,33.75,18677.0,61210365.25,9.3,1.83,51.63,4.54,2896794431.0,651900770.0
2026-07-20T10:45:28,301285.SZ,鸿日达,74.4,-3.85,-2.98,79.55,80.21,72.67,77.38,16615.0,127851388.37,0.8,1.52,-222.12,16.29,15376248000.0,15376248000.0
2026-07-20T10:45:28,301617.SZ,博苑新材,43.13,-3.86,-1.73,45.66,45.87,42.88,44.86,9594.0,42573383.04,1.39,1.19,36.7,4.27,7493061160.0,2973899760.0
2026-07-20T10:45:28,603330.SH,天洋新材,6.47,-3.86,-0.26,6.77,6.8,6.42,6.73,101832.0,67492485.0,2.5,1.25,207.59,2.15,2799398509.0,2631434598.0
2026-07-20T10:45:28,300221.SZ,银禧科技,11.2,-3.86,-0.45,12.0,12.0,11.02,11.65,174545.0,200983043.9,3.82,1.88,34.53,3.64,5306052472.0,5120237685.0
2026-07-20T10:45:28,605488.SH,福莱新材,23.93,-3.86,-0.96,24.85,25.65,23.75,24.89,39913.0,97749311.0,1.45,1.74,95.88,3.26,7224079095.0,6604028290.0
2026-07-20T10:45:28,002795.SZ,永和智控,5.48,-3.86,-0.22,5.68,5.73,5.44,5.7,123446.0,68922184.88,2.84,1.9,8.9,5.43,2420447100.0,2380670630.0
2026-07-20T10:45:28,600549.SH,厦门钨业,49.29,-3.86,-1.98,52.31,52.96,48.32,51.27,278229.0,1408474956.0,1.79,1.71,17.68,4.43,78252105364.0,76593307294.0
2026-07-20T10:45:28,300694.SZ,蠡湖股份,10.18,-3.87,-0.41,10.52,10.71,10.1,10.59,39874.0,41596377.0,1.84,1.46,37.16,1.48,2209776428.0,2206859858.0
2026-07-20T10:45:28,603716.SH,塞力医疗,14.66,-3.87,-0.59,14.42,15.42,14.37,15.25,181560.0,268290692.0,8.04,2.59,-47.24,3.0,3310092688.0,3310092688.0
2026-07-20T10:45:28,301321.SZ,翰博高新,36.97,-3.87,-1.49,39.65,40.49,36.21,38.46,50751.0,195193411.08,3.44,1.62,373.7,7.06,6892501950.0,5457358492.0
2026-07-20T10:45:28,300731.SZ,科创新源,37.24,-3.87,-1.5,39.51,40.44,36.49,38.74,33886.0,130316713.56,2.01,1.75,-550.53,10.77,6602075711.0,6265662175.0
2026-07-20T10:45:28,300321.SZ,同大股份,34.6,-3.89,-1.4,36.6,37.31,34.18,36.0,25814.0,92855191.0,2.91,2.24,1622.91,4.87,3072480000.0,3068878140.0
2026-07-20T10:45:28,000063.SZ,中兴通讯,34.6,-3.89,-1.4,36.0,36.18,33.7,36.0,1921766.0,6729568210.75,4.77,1.88,31.58,2.16,165510307090.0,139355694627.0
2026-07-20T10:45:28,688392.SH,骄成超声,148.77,-3.9,-6.03,158.33,160.53,146.0,154.8,31010.0,474625083.0,2.68,1.95,85.57,9.39,17217651967.0,17217651967.0
2026-07-20T10:45:28,300301.SZ,ST长方,3.45,-3.9,-0.14,3.62,3.68,3.35,3.59,62157.0,21764567.0,0.79,1.86,-34.7,39.43,2863047253.0,2724807823.0
2026-07-20T10:45:28,920222.BJ,益坤电气,23.15,-3.9,-0.94,24.01,24.3,22.85,24.09,8870.0,20839881.44,7.67,1.52,46.01,4.35,1982730365.0,267673959.0
2026-07-20T10:45:28,301222.SZ,浙江恒威,24.41,-3.9,-0.99,25.22,25.83,24.2,25.4,14084.0,35333435.0,1.32,1.26,33.21,2.41,3425656438.0,2602109613.0
2026-07-20T10:45:28,603929.SH,亚翔集成,164.6,-3.91,-6.7,177.0,177.7,161.02,171.3,32092.0,544436452.0,1.5,1.21,35.41,16.15,35119056000.0,35119056000.0
2026-07-20T10:45:28,300547.SZ,川环科技,26.81,-3.91,-1.09,28.17,28.54,26.48,27.9,60990.0,168701972.0,3.42,1.86,36.82,4.39,5815254525.0,4778174636.0
2026-07-20T10:45:28,300263.SZ,隆华科技,9.08,-3.92,-0.37,9.91,9.93,8.93,9.45,346379.0,323415954.25,3.55,1.75,36.43,2.27,9397857222.0,8857793296.0
2026-07-20T10:45:28,688800.SH,瑞可达,59.0,-3.92,-2.41,64.58,65.11,58.0,61.41,58015.0,359934670.0,2.01,1.67,72.21,7.28,17014834298.0,17014834298.0
2026-07-20T10:45:28,688230.SH,芯导科技,51.0,-3.92,-2.08,55.3,57.0,50.0,53.08,20678.0,108634427.0,1.76,2.55,50.05,2.67,5997600000.0,5997600000.0
2026-07-20T10:45:28,603665.SH,康隆达,23.99,-3.92,-0.98,25.2,25.44,23.71,24.97,17724.0,43372681.0,1.11,2.41,60.1,6.02,3842423291.0,3842423291.0
2026-07-20T10:45:28,600683.SH,京投发展,8.04,-3.94,-0.33,8.37,8.53,7.95,8.37,92567.0,76505939.0,1.25,1.72,-11.6,-4.73,5955851880.0,5955851880.0
2026-07-20T10:45:28,300975.SZ,商络电子,24.57,-3.95,-1.01,26.99,27.5,23.89,25.58,346193.0,891098464.74,7.04,2.08,16.44,6.47,16879727690.0,12090240711.0
2026-07-20T10:45:28,600436.SH,片仔癀,140.84,-3.95,-5.79,136.3,144.8,132.21,146.63,132227.0,1821332082.0,2.19,2.67,28.57,5.59,84971195856.0,84971195856.0
2026-07-20T10:45:28,001400.SZ,江顺科技,71.52,-3.96,-2.95,75.58,76.7,69.97,74.47,12074.0,87607420.96,2.61,1.69,39.97,4.77,6007680000.0,3306476880.0
2026-07-20T10:45:28,300211.SZ,*ST亿通,6.55,-3.96,-0.27,6.84,6.88,6.53,6.82,22725.0,15233383.0,0.76,2.79,-41.98,4.52,1990739686.0,1955055947.0
2026-07-20T10:45:28,001283.SZ,豪鹏科技,40.39,-3.97,-1.67,42.49,42.5,40.07,42.06,20232.0,83250510.7,1.96,1.43,32.68,1.49,5237780047.0,4176281490.0
2026-07-20T10:45:28,603662.SH,柯力传感,50.51,-3.97,-2.09,53.6,53.6,50.23,52.6,41712.0,216230055.0,1.49,1.53,86.24,5.28,14184716633.0,14184716633.0
2026-07-20T10:45:28,300125.SZ,*ST聆达,7.75,-3.97,-0.32,8.07,8.1,7.64,8.07,26803.0,21057081.0,0.74,1.89,-159.2,4.94,5160337399.0,2796280228.0
2026-07-20T10:45:28,301566.SZ,达利凯普,20.34,-3.97,-0.84,22.34,22.55,19.89,21.18,114637.0,242560875.85,5.43,2.18,37.71,5.38,8136203400.0,4293504983.0
2026-07-20T10:45:28,920119.BJ,美德乐,44.62,-3.98,-1.85,46.98,46.98,44.6,46.47,2837.0,12880160.99,1.07,3.01,15.79,2.34,4505396207.0,1185440645.0
2026-07-20T10:45:28,600593.SH,大连圣亚,37.11,-3.98,-1.54,38.28,38.69,36.8,38.65,35827.0,134411769.0,2.78,1.85,77.06,23.15,4840813950.0,4779768000.0
2026-07-20T10:45:28,600888.SH,新疆众和,9.15,-3.99,-0.38,9.77,9.92,9.02,9.53,392675.0,366476144.0,2.53,2.03,13.42,1.13,14210736433.0,14210736433.0
2026-07-20T10:45:28,688571.SH,杭华股份,7.2,-4.0,-0.3,7.61,7.66,7.11,7.5,57827.0,42598609.0,1.36,1.58,27.29,1.86,3054029040.0,3054029040.0
2026-07-20T10:45:28,688455.SH,科捷智能,14.16,-4.0,-0.59,14.76,15.18,14.0,14.75,14275.0,20755580.0,0.85,3.18,-13.55,2.58,2379314231.0,2379314231.0
2026-07-20T10:45:28,605228.SH,神通科技,11.5,-4.01,-0.48,11.91,11.94,11.46,11.98,61965.0,72127362.0,1.3,2.02,29.66,2.46,5509136169.0,5487056169.0
2026-07-20T10:45:28,300782.SZ,卓胜微,74.03,-4.01,-3.09,78.45,78.69,72.83,77.12,96806.0,729390426.22,2.16,1.58,-73.74,3.23,42566286574.0,33183763906.0
2026-07-20T10:45:28,002709.SZ,天赐材料,34.19,-4.01,-1.43,35.56,35.67,33.7,35.62,431852.0,1498005563.52,2.86,1.82,10.53,3.77,69698426027.0,51593086740.0
2026-07-20T10:45:28,600721.SH,百花医药,7.18,-4.01,-0.3,7.04,7.32,6.82,7.48,234933.0,167289750.0,6.11,2.59,103.91,3.48,2761052019.0,2761052019.0
2026-07-20T10:45:28,688010.SH,福光股份,26.59,-4.01,-1.11,29.18,29.28,26.27,27.7,30645.0,84633874.0,1.91,1.69,-59.09,2.49,4269332359.0,4269332359.0
2026-07-20T10:45:28,603777.SH,来伊份,12.69,-4.01,-0.53,12.85,13.25,12.56,13.22,62594.0,80293696.0,1.87,2.37,-75.57,2.72,4243842667.0,4243842667.0
2026-07-20T10:45:28,300499.SZ,高澜股份,27.48,-4.02,-1.15,29.85,29.85,27.05,28.63,130163.0,372189320.98,4.8,1.6,138.5,6.11,8388230539.0,7458302997.0
2026-07-20T10:45:28,301286.SZ,侨源股份,38.46,-4.02,-1.61,40.79,41.5,37.66,40.07,17006.0,67084713.0,1.05,2.4,63.08,8.34,15387846000.0,6203122942.0
2026-07-20T10:45:28,688591.SH,泰凌微,27.66,-4.02,-1.16,28.82,29.43,27.5,28.82,40696.0,114682930.0,2.4,1.52,201.54,2.79,6681658276.0,4681669337.0
2026-07-20T10:45:28,605258.SH,协和电子,23.26,-4.04,-0.98,24.24,24.73,23.08,24.24,12193.0,29202829.0,1.39,1.51,100.1,1.74,2046880000.0,2046880000.0
2026-07-20T10:45:28,002654.SZ,万润科技,12.34,-4.04,-0.52,13.13,13.3,12.07,12.86,362245.0,459165283.22,4.29,1.91,-485.61,6.73,10431033393.0,10430292993.0
2026-07-20T10:45:28,603607.SH,京华激光,20.16,-4.05,-0.85,21.12,21.48,20.0,21.01,28095.0,57871843.0,1.57,1.72,33.68,3.67,3598898688.0,3598898688.0
2026-07-20T10:45:28,000700.SZ,模塑科技,11.62,-4.05,-0.49,12.23,12.33,11.4,12.11,236263.0,280932797.6,2.57,1.57,16.4,2.69,10667338820.0,10667338820.0
2026-07-20T10:45:28,688693.SH,锴威特,61.66,-4.05,-2.6,67.89,68.2,60.53,64.26,16140.0,104762826.0,4.15,1.9,-63.05,5.85,4543368450.0,2398846167.0
2026-07-20T10:45:28,301458.SZ,钧崴电子,34.49,-4.06,-1.46,37.51,37.69,33.63,35.95,57094.0,202391464.66,4.86,2.04,62.22,5.72,9197334483.0,4051953732.0
2026-07-20T10:45:28,300669.SZ,沪宁股份,21.74,-4.06,-0.92,22.78,22.83,21.52,22.66,6175.0,13695274.0,0.34,1.62,501.38,4.84,4189418135.0,3967548630.0
2026-07-20T10:45:28,002766.SZ,索菱股份,3.78,-4.06,-0.16,3.94,4.0,3.66,3.94,467257.0,176595234.58,5.45,7.02,-44.71,3.05,3250217215.0,3239377180.0
2026-07-20T10:45:28,002745.SZ,木林森,10.16,-4.06,-0.43,10.85,10.92,10.01,10.59,568335.0,594074288.9,5.34,1.57,9.0,1.27,15079130614.0,10811144281.0
2026-07-20T10:45:28,603026.SH,石大胜华,57.55,-4.08,-2.45,60.5,60.88,57.0,60.0,50779.0,297696526.0,2.18,1.94,11.89,2.58,13391943356.0,13391943356.0
2026-07-20T10:45:28,301248.SZ,杰创智能,58.78,-4.08,-2.5,63.68,64.3,58.06,61.28,44139.0,270879874.74,3.93,2.16,-158.78,5.99,9034779900.0,6602680986.0
2026-07-20T10:45:28,002631.SZ,德尔未来,7.05,-4.08,-0.3,7.35,7.59,6.96,7.35,166683.0,121169236.07,2.1,1.91,-100.05,2.78,5620844311.0,5594685082.0
2026-07-20T10:45:28,600990.SH,四创电子,16.18,-4.09,-0.69,16.77,16.82,16.08,16.87,32604.0,53160012.0,1.21,1.75,-19.12,2.83,4385610536.0,4352625421.0
2026-07-20T10:45:28,301307.SZ,美利信,58.66,-4.09,-2.5,64.86,65.43,57.57,61.16,73061.0,448063326.22,6.72,1.89,-57.69,5.06,12353796000.0,6381113404.0
2026-07-20T10:45:28,920374.BJ,云里物里,14.76,-4.09,-0.63,15.15,15.47,14.71,15.39,9311.0,14026117.74,2.67,2.51,158.59,4.93,1263365964.0,515491347.0
2026-07-20T10:45:28,605028.SH,世茂能源,23.37,-4.1,-1.0,23.9,24.28,23.15,24.37,25107.0,59763979.0,1.57,2.19,311.79,2.92,3739200000.0,3739200000.0
2026-07-20T10:45:28,688191.SH,智洋创新,19.08,-4.12,-0.82,20.44,20.97,18.7,19.9,67857.0,136446227.0,2.07,2.12,-139.96,7.18,6258292241.0,6258292241.0
2026-07-20T10:45:28,301138.SZ,华研精机,25.12,-4.12,-1.08,26.2,26.53,24.9,26.2,8865.0,22770510.0,1.29,1.88,72.18,2.62,3014400000.0,1722230717.0
2026-07-20T10:45:28,300739.SZ,明阳电路,20.9,-4.13,-0.9,22.2,22.58,20.39,21.8,61301.0,131688990.21,2.02,1.6,133.36,2.84,7805212781.0,6332191231.0
2026-07-20T10:45:28,300769.SZ,德方纳米,41.65,-4.14,-1.8,43.47,43.9,41.16,43.45,86916.0,368501342.3,3.45,1.77,11.01,2.24,11669831450.0,10485698959.0
2026-07-20T10:45:28,920069.BJ,普昂医疗,35.66,-4.14,-1.54,36.33,36.89,35.51,37.2,8759.0,31620561.36,5.93,2.42,19.93,2.47,1886913240.0,526974030.0
2026-07-20T10:45:28,002203.SZ,海亮股份,16.91,-4.14,-0.73,17.9,18.29,16.66,17.64,174488.0,301389062.18,0.79,1.74,22.22,2.31,38753581683.0,37407308859.0
2026-07-20T10:45:28,920476.BJ,海能技术,21.07,-4.14,-0.91,21.98,21.98,20.71,21.98,9729.0,20701882.04,1.21,1.99,-1573.84,4.08,1794738386.0,1698873742.0
2026-07-20T10:45:28,300572.SZ,安车检测,17.56,-4.15,-0.76,18.6,18.69,17.19,18.32,47179.0,84187553.0,2.6,2.12,-194.15,2.5,4021043539.0,3183240047.0
2026-07-20T10:45:28,002645.SZ,华宏科技,16.87,-4.15,-0.73,18.09,18.3,16.52,17.6,190463.0,334068944.93,2.8,1.84,14.68,3.02,12705141688.0,11475201509.0
2026-07-20T10:45:28,688627.SH,精智达,490.7,-4.16,-21.28,527.0,549.0,481.0,511.98,40732.0,2095550973.0,4.33,1.97,793.59,26.77,46188685168.0,46188685168.0
2026-07-20T10:45:28,603895.SH,天永智能,24.44,-4.16,-1.06,25.49,25.98,24.0,25.5,9781.0,24370069.0,0.9,2.18,126.52,12.87,2641475200.0,2641475200.0
2026-07-20T10:45:28,301323.SZ,新莱福,64.29,-4.17,-2.8,68.43,70.3,62.69,67.09,12163.0,80619377.4,1.77,1.99,42.05,3.08,6852310433.0,4407893604.0
2026-07-20T10:45:28,603255.SH,鼎际得,28.74,-4.17,-1.25,29.81,29.87,28.38,29.99,6824.0,19823812.0,1.12,0.78,86.51,2.45,3868164510.0,1743806628.0
2026-07-20T10:45:28,920081.BJ,欧伦电气,38.12,-4.17,-1.66,39.85,40.19,37.77,39.78,22478.0,87193146.97,13.15,1.64,11.54,1.73,2767512000.0,651852000.0
2026-07-20T10:45:28,600829.SH,人民同泰,8.97,-4.17,-0.39,8.42,9.08,8.42,9.36,291590.0,253377341.0,5.03,3.54,26.83,1.7,5201600715.0,5201600715.0
2026-07-20T10:45:28,003036.SZ,泰坦股份,57.13,-4.19,-2.5,60.0,62.0,56.13,59.63,45479.0,266834550.0,2.1,2.28,150.83,8.78,12374726203.0,12374409131.0
2026-07-20T10:45:28,301007.SZ,德迈仕,27.6,-4.2,-1.21,28.76,29.23,27.45,28.81,29690.0,83121877.42,1.96,2.22,119.37,6.54,4232184000.0,4176573450.0
2026-07-20T10:45:28,300936.SZ,中英科技,67.1,-4.2,-2.94,71.79,74.5,65.54,70.04,18205.0,127762199.68,3.84,1.75,-1141.2,5.01,5045920000.0,3181962520.0
2026-07-20T10:45:28,688053.SH,ST思科瑞,31.28,-4.2,-1.37,32.8,33.98,31.07,32.65,7425.0,24064610.0,0.74,2.24,-225.26,1.98,3128000000.0,3128000000.0
2026-07-20T10:45:28,300491.SZ,通合科技,23.42,-4.21,-1.03,24.94,25.25,23.06,24.45,67136.0,162955571.8,4.26,2.11,-3364.65,3.45,4160955262.0,3690995911.0
2026-07-20T10:45:28,301199.SZ,迈赫股份,18.19,-4.21,-0.8,18.72,18.99,18.11,18.99,16604.0,30764858.2,0.92,1.23,44.68,1.77,3395636440.0,3268304166.0
2026-07-20T10:45:28,300136.SZ,信维通信,66.58,-4.22,-2.93,72.5,72.96,64.86,69.51,374856.0,2572826367.52,4.54,1.67,153.54,8.08,64420719918.0,54941831846.0
2026-07-20T10:45:28,603906.SH,龙蟠科技,17.72,-4.22,-0.78,18.35,18.6,17.55,18.5,157827.0,285319690.0,2.8,1.53,16.36,2.86,14018502974.0,9976298033.0
2026-07-20T10:45:28,920193.BJ,吉和昌,31.55,-4.22,-1.39,33.85,33.85,31.01,32.94,27858.0,89820545.35,11.05,1.3,34.93,4.73,3512486740.0,795060000.0
2026-07-20T10:45:28,002803.SZ,吉宏股份,19.25,-4.23,-0.85,20.09,20.27,18.9,20.1,60595.0,118469248.71,2.04,1.61,29.83,3.21,8634496794.0,5728110388.0
2026-07-20T10:45:28,603260.SH,合盛硅业,32.95,-4.24,-1.46,34.7,34.95,32.65,34.41,86586.0,290793038.0,0.73,1.6,125.91,1.32,38953718706.0,38953718706.0
2026-07-20T10:45:28,002760.SZ,凤形股份,16.23,-4.25,-0.72,16.41,16.91,16.07,16.95,91745.0,151665602.0,8.5,3.81,65.77,2.09,1752656698.0,1752656698.0
2026-07-20T10:45:28,603135.SH,中重科技,9.01,-4.25,-0.4,9.45,9.58,8.96,9.41,67505.0,62652205.0,1.07,1.42,77.21,1.93,5714656291.0,5672138101.0
2026-07-20T10:45:28,300205.SZ,*ST天喻,4.95,-4.26,-0.22,4.85,5.11,4.81,5.17,30399.0,15127962.0,0.71,3.25,-12.49,5.12,2128777200.0,2128777200.0
2026-07-20T10:45:28,300435.SZ,中泰股份,17.29,-4.26,-0.77,18.15,18.49,17.06,18.06,109268.0,192684650.81,2.96,1.72,39.19,1.98,6668977770.0,6377842439.0
2026-07-20T10:45:28,688312.SH,燕麦科技,47.87,-4.26,-2.13,51.22,52.39,46.96,50.0,42552.0,213042341.0,2.9,2.47,711.19,4.79,7023245901.0,7023245901.0
2026-07-20T10:45:28,603038.SH,华立股份,13.24,-4.27,-0.59,13.89,13.96,13.1,13.83,37816.0,50984260.0,1.41,1.95,12.93,2.5,3557284883.0,3557284883.0
2026-07-20T10:45:28,301028.SZ,鼎熔岩,11.89,-4.27,-0.53,12.48,12.79,11.8,12.42,37392.0,45806362.5,1.49,1.36,19.7,2.73,4593407341.0,2979632799.0
2026-07-20T10:45:28,301178.SZ,天亿马,31.87,-4.29,-1.43,34.43,34.52,31.68,33.3,23611.0,77940167.56,3.44,2.16,815.95,3.82,2967232894.0,2189074545.0
2026-07-20T10:45:28,688529.SH,豪森智能,13.16,-4.29,-0.59,13.62,13.92,13.1,13.75,15062.0,20482714.0,0.9,3.99,-5.88,2.23,2213195541.0,2213195541.0
2026-07-20T10:45:28,920394.BJ,民士达,48.09,-4.3,-2.16,50.25,50.93,47.27,50.25,12192.0,59490035.29,0.84,2.36,57.5,8.64,7033162500.0,6981360529.0
2026-07-20T10:45:28,603843.SH,*ST正平,5.99,-4.31,-0.27,6.21,6.34,5.93,6.26,96444.0,58896081.0,1.38,1.66,-40.12,162.68,4190743190.0,4190743190.0
2026-07-20T10:45:28,603269.SH,海鸥股份,12.2,-4.31,-0.55,13.16,13.3,12.0,12.75,124723.0,156991293.0,2.89,1.62,58.8,5.4,5269734978.0,5269734978.0
2026-07-20T10:45:28,300429.SZ,强力新材,9.78,-4.31,-0.44,10.43,10.52,9.56,10.22,218526.0,218356075.03,5.23,1.95,-47.13,2.89,5431789790.0,4085514736.0
2026-07-20T10:45:28,688172.SH,燕东微,57.51,-4.31,-2.59,61.8,62.0,56.17,60.1,144036.0,851546458.0,1.2,1.78,-79.24,4.52,82102316758.0,68940348924.0
2026-07-20T10:45:28,300964.SZ,本川智能,50.17,-4.31,-2.26,53.61,54.23,48.89,52.43,30389.0,157514214.05,3.88,1.8,112.25,5.29,5361145981.0,3934018189.0
2026-07-20T10:45:28,920026.BJ,卓兆点胶,17.05,-4.32,-0.77,17.75,18.06,16.94,17.82,5970.0,10451464.47,0.69,1.57,118.11,3.19,1959183855.0,1476907436.0
2026-07-20T10:45:28,603657.SH,春光科技,21.26,-4.32,-0.96,22.63,22.77,21.02,22.22,18517.0,40524324.0,1.37,1.55,-20.29,3.29,2874140463.0,2874140463.0
2026-07-20T10:45:28,300430.SZ,*ST益通,4.43,-4.32,-0.2,4.6,4.66,4.39,4.63,77187.0,34870859.0,2.97,1.82,-5.12,0.94,1209597306.0,1151137533.0
2026-07-20T10:45:28,300591.SZ,万里马,6.18,-4.33,-0.28,6.35,6.52,6.15,6.46,195225.0,123434528.67,5.57,1.99,222.49,14.66,2507063942.0,2165749031.0
2026-07-20T10:45:28,300622.SZ,博士眼镜,15.04,-4.33,-0.68,14.99,15.49,14.9,15.72,111246.0,168287090.1,5.1,2.68,30.06,5.42,4797697193.0,3279947926.0
2026-07-20T10:45:28,300196.SZ,长海股份,16.36,-4.33,-0.74,17.62,17.88,16.08,17.1,109679.0,185375698.47,4.44,1.74,20.63,1.43,6688330014.0,4041408052.0
2026-07-20T10:45:28,300709.SZ,精研科技,36.02,-4.33,-1.63,38.33,38.36,35.35,37.65,69457.0,254848596.82,4.64,1.86,-33.8,3.12,6722908992.0,5397383654.0
2026-07-20T10:45:28,688353.SH,华盛锂电,84.67,-4.33,-3.83,90.75,92.5,83.69,88.5,51999.0,459531932.0,3.26,2.35,34.8,3.83,13504865000.0,13504865000.0
2026-07-20T10:45:28,300983.SZ,尤安设计,29.55,-4.34,-1.34,31.21,31.46,29.32,30.89,10729.0,32508426.55,0.7,1.94,-1522.24,1.85,5106240000.0,4515542533.0
2026-07-20T10:45:28,301696.SZ,三瑞智能,97.87,-4.34,-4.44,103.63,103.91,96.27,102.31,18667.0,186509402.06,6.21,1.68,75.12,19.74,39148978700.0,2944257856.0
2026-07-20T10:45:28,300679.SZ,电连技术,41.84,-4.34,-1.9,45.25,46.13,40.9,43.74,107374.0,461675814.81,2.99,1.95,50.99,3.62,17774468800.0,15039025875.0
2026-07-20T10:45:28,002822.SZ,ST中装,2.86,-4.35,-0.13,3.0,3.0,2.86,2.99,72195.0,21000913.0,0.68,1.89,-190.34,5.16,5577000000.0,3057186970.0
2026-07-20T10:45:28,001267.SZ,汇绿生态,33.4,-4.35,-1.52,34.0,35.49,32.41,34.92,240083.0,815838622.83,3.95,3.2,440.88,16.47,26219114495.0,20325789037.0
2026-07-20T10:45:28,002731.SZ,*ST萃华,2.42,-4.35,-0.11,2.6,2.71,2.28,2.53,487001.0,118773295.23,21.21,3.13,2.67,0.33,619897520.0,555768488.0
2026-07-20T10:45:28,603813.SH,原尚股份,32.49,-4.36,-1.48,33.97,34.12,32.49,33.97,3697.0,12287124.0,0.35,1.59,-42.86,6.88,3411937350.0,3411937350.0
2026-07-20T10:45:28,300695.SZ,兆丰股份,46.94,-4.38,-2.15,49.77,49.95,46.5,49.09,8042.0,38863669.0,0.79,1.77,-72.52,1.68,4799940013.0,4799940013.0
2026-07-20T10:45:28,002050.SZ,三花智控,38.01,-4.38,-1.74,39.5,39.88,36.88,39.75,521364.0,2014995982.09,1.42,2.32,43.11,5.09,159946609669.0,140036348229.0
2026-07-20T10:45:28,300968.SZ,格林精密,10.67,-4.39,-0.49,10.16,11.18,10.16,11.16,251650.0,267645745.05,6.09,4.92,-24.47,2.47,4410764600.0,4410764600.0
2026-07-20T10:45:28,300976.SZ,达瑞电子,48.99,-4.39,-2.25,53.8,54.0,48.29,51.24,31200.0,159045410.32,2.59,2.19,31.84,2.57,9167593986.0,5896724608.0
2026-07-20T10:45:28,688589.SH,力合微,17.22,-4.39,-0.79,18.02,18.25,17.1,18.01,27698.0,48975070.0,1.91,1.55,-169.48,2.67,2502557080.0,2502557080.0
2026-07-20T10:45:28,300632.SZ,光莆股份,16.76,-4.39,-0.77,18.65,18.82,16.46,17.53,101075.0,175628853.14,4.57,1.93,1515.01,3.0,5114843951.0,3707237552.0
2026-07-20T10:45:28,000695.SZ,滨海能源,11.74,-4.4,-0.54,12.25,12.44,11.66,12.28,37681.0,45038261.0,1.7,1.55,-60.67,9.1,2720770112.0,2604063065.0
2026-07-20T10:45:28,002843.SZ,泰嘉股份,17.59,-4.4,-0.81,18.17,18.42,17.31,18.4,94512.0,169263315.88,3.78,2.25,45.25,3.29,4428063716.0,4400958405.0
2026-07-20T10:45:28,603158.SH,腾龙股份,9.1,-4.41,-0.42,9.58,9.7,9.0,9.52,123724.0,116086616.0,2.52,2.21,21.03,1.99,4466008347.0,4466008347.0
2026-07-20T10:45:28,300620.SZ,光库科技,228.34,-4.42,-10.56,250.0,254.8,221.02,238.9,65036.0,1543387291.86,2.63,1.81,317.96,26.4,56897885645.0,56423541948.0
2026-07-20T10:45:28,688605.SH,先锋精科,70.5,-4.42,-3.26,76.72,76.9,69.28,73.76,46527.0,339565201.0,4.29,1.81,143.99,8.65,14267779848.0,7638796965.0
2026-07-20T10:45:28,603267.SH,鸿远电子,44.93,-4.42,-2.08,48.86,48.86,44.23,47.01,61138.0,283173222.0,2.65,1.72,26.95,2.33,10382464478.0,10382464478.0
2026-07-20T10:45:28,300302.SZ,同有科技,29.41,-4.42,-1.36,31.71,32.02,28.62,30.77,192996.0,589067493.36,5.23,2.05,40.42,12.8,14095148299.0,10846816652.0
2026-07-20T10:45:28,301316.SZ,慧博云通,32.87,-4.42,-1.52,34.73,35.3,32.18,34.39,101104.0,341581284.39,2.58,1.91,432.75,12.42,13266364870.0,12860301282.0
2026-07-20T10:45:28,002885.SZ,京泉华,25.0,-4.43,-1.16,26.68,27.0,24.44,26.16,91178.0,236205468.57,3.84,1.98,55.01,4.39,6772924200.0,5931395625.0
2026-07-20T10:45:28,000859.SZ,国风新材,7.31,-4.44,-0.34,7.76,7.8,7.19,7.65,165896.0,123660325.04,1.85,1.92,-76.02,2.43,6549586541.0,6549213731.0
2026-07-20T10:45:28,300623.SZ,捷捷微电,26.06,-4.44,-1.21,27.88,28.2,25.62,27.27,185113.0,495376365.14,2.41,1.75,54.08,3.61,21684002689.0,19997321049.0
2026-07-20T10:45:28,920405.BJ,海希通讯,17.66,-4.44,-0.82,18.58,19.03,17.58,18.48,5537.0,10013979.72,0.5,1.44,669.97,2.97,2476991600.0,1944017321.0
2026-07-20T10:45:28,002409.SZ,雅克科技,138.55,-4.45,-6.45,149.11,150.0,134.6,145.0,173579.0,2476971612.71,5.45,1.61,61.81,8.29,65939779787.0,44131326597.0
2026-07-20T10:45:28,603400.SH,DR华之杰,34.58,-4.45,-1.61,36.19,36.54,34.52,36.19,10356.0,36801919.0,2.86,2.63,36.04,3.75,4489523994.0,1252835994.0
2026-07-20T10:45:28,002536.SZ,飞龙股份,47.02,-4.45,-2.19,49.0,51.32,45.76,49.21,338254.0,1655886860.34,6.21,2.22,116.83,8.09,27026432454.0,25597738547.0
2026-07-20T10:45:28,301030.SZ,*ST仕净,7.92,-4.46,-0.37,8.29,8.4,7.83,8.29,49812.0,40214450.8,2.46,1.51,-3.41,-4.03,1602875974.0,1600677223.0
2026-07-20T10:45:28,600107.SH,*ST尔雅,5.35,-4.46,-0.25,5.53,5.57,5.31,5.6,11076.0,6048703.0,0.31,1.76,128.86,4.75,1926000000.0,1926000000.0
2026-07-20T10:45:28,603926.SH,铁流股份,14.57,-4.46,-0.68,15.1,15.23,14.41,15.25,31370.0,46577097.0,1.36,2.72,28.63,1.97,3394614922.0,3363318562.0
2026-07-20T10:45:28,300745.SZ,欣锐科技,31.89,-4.46,-1.49,34.74,35.48,31.5,33.38,63571.0,212063537.12,4.47,2.39,251.07,2.43,5375586323.0,4538314724.0
2026-07-20T10:45:28,002584.SZ,西陇科学,7.28,-4.46,-0.34,7.72,7.74,7.19,7.62,290783.0,216127913.96,6.21,1.72,88.9,1.95,4260375552.0,3410145117.0
2026-07-20T10:45:28,300786.SZ,国林科技,14.09,-4.47,-0.66,14.87,15.19,13.81,14.75,93039.0,135309802.0,6.36,1.45,134.18,2.32,2592783735.0,2062694546.0
2026-07-20T10:45:28,301349.SZ,信德新材,38.88,-4.47,-1.82,42.33,42.94,38.6,40.7,32102.0,129342899.0,2.85,1.72,44.24,2.03,5540340902.0,4374628340.0
2026-07-20T10:45:28,603688.SH,石英股份,47.66,-4.47,-2.23,51.13,51.45,46.7,49.89,101089.0,496053870.0,1.87,1.61,175.53,4.45,25816387254.0,25816387254.0
2026-07-20T10:45:28,002957.SZ,科瑞技术,34.78,-4.48,-1.63,37.35,37.79,33.8,36.41,85287.0,305392554.18,2.04,1.74,52.6,4.56,14606990167.0,14561643864.0
2026-07-20T10:45:28,002787.SZ,华源控股,21.97,-4.48,-1.03,23.55,23.98,21.56,23.0,78584.0,177479568.0,3.17,1.64,71.31,3.95,7302799944.0,5450388739.0
2026-07-20T10:45:28,000609.SZ,*ST中迪,10.03,-4.48,-0.47,10.51,10.59,9.9,10.5,42168.0,43045147.0,1.45,1.77,-17.34,-9.44,3001633186.0,2919314468.0
2026-07-20T10:45:28,603773.SH,沃格光电,81.66,-4.49,-3.84,88.0,89.5,79.53,85.5,109592.0,932459014.0,4.88,2.0,-89.79,17.35,18353626651.0,18347257171.0
2026-07-20T10:45:28,920821.BJ,则成电子,20.14,-4.5,-0.95,22.0,22.6,19.59,21.09,42769.0,88759559.45,5.87,1.87,-256.55,5.37,2786608646.0,1467267919.0
2026-07-20T10:45:28,300852.SZ,四会富仕,38.99,-4.51,-1.84,41.82,43.15,38.21,40.83,41068.0,165890036.0,2.65,1.71,53.1,2.81,6258720223.0,6041746566.0
2026-07-20T10:45:28,301099.SZ,雅创电子,49.08,-4.51,-2.32,53.39,53.97,48.0,51.4,65044.0,334117758.03,5.66,1.5,33.88,6.66,9272463982.0,5642947920.0
2026-07-20T10:45:28,920807.BJ,奔朗新材,9.1,-4.51,-0.43,9.51,9.77,9.0,9.53,20190.0,18903296.79,1.63,1.47,-176.92,1.8,1655108000.0,1124313390.0
2026-07-20T10:45:28,002938.SZ,鹏鼎控股,89.65,-4.52,-4.24,95.97,98.0,86.9,93.89,208437.0,1928131333.1,0.9,1.41,112.25,6.43,207767161390.0,207165574657.0
2026-07-20T10:45:28,003026.SZ,中晶科技,28.1,-4.52,-1.33,29.98,30.39,27.4,29.43,72025.0,207914451.42,4.98,1.42,95.25,8.05,5276268155.0,4062160700.0
2026-07-20T10:45:28,603306.SH,华懋科技,68.14,-4.53,-3.23,72.8,73.39,67.26,71.37,77233.0,543469935.0,2.34,2.03,479.89,7.04,22451836794.0,22451836794.0
2026-07-20T10:45:28,920693.BJ,阿为特,22.12,-4.53,-1.05,22.9,23.93,21.9,23.17,6503.0,14757866.76,1.78,2.32,953.3,4.59,1608124000.0,809813200.0
2026-07-20T10:45:28,301387.SZ,光大同创,53.59,-4.53,-2.54,57.49,58.98,52.72,56.13,15283.0,85997126.03,3.58,1.81,-906.55,3.53,5720582662.0,2287452923.0
2026-07-20T10:45:28,300706.SZ,阿石创,47.95,-4.54,-2.28,52.01,52.5,46.68,50.23,63599.0,314577520.0,5.59,1.43,105.01,10.63,7362065537.0,5458174825.0
2026-07-20T10:45:28,300756.SZ,金马游乐,24.83,-4.54,-1.18,26.01,26.38,24.57,26.01,28595.0,72492835.8,1.49,2.33,50.34,3.74,5478427784.0,4767259910.0
2026-07-20T10:45:28,688531.SH,日联科技,126.3,-4.55,-6.02,139.15,140.96,124.2,132.32,39179.0,523679087.0,3.41,1.87,118.42,6.3,20914514496.0,14496565850.0
2026-07-20T10:45:28,301027.SZ,华蓝集团,19.04,-4.56,-0.91,20.1,20.8,18.8,19.95,37264.0,73317910.89,3.07,1.99,-85.41,3.11,2798880000.0,2307497470.0
2026-07-20T10:45:28,002842.SZ,翔鹭钨业,30.58,-4.56,-1.46,32.69,32.99,30.0,32.04,175970.0,552577743.88,6.55,1.17,9.98,7.07,10004932665.0,8209578938.0
2026-07-20T10:45:28,920218.BJ,新天力,16.13,-4.56,-0.77,16.79,17.22,15.99,16.9,11897.0,19581448.77,5.64,1.37,24.95,1.76,1510917101.0,339959574.0
2026-07-20T10:45:28,600513.SH,联环药业,16.12,-4.56,-0.77,16.01,16.63,15.2,16.89,164522.0,263571408.0,5.76,1.19,179.06,3.66,4601555072.0,4601555072.0
2026-07-20T10:45:28,301003.SZ,江苏博云,43.33,-4.56,-2.07,45.4,46.5,42.61,45.4,14756.0,65569258.45,1.96,2.14,58.96,3.76,4208786886.0,3255831539.0
2026-07-20T10:45:28,688056.SH,莱伯泰科,39.8,-4.56,-1.9,43.18,43.4,39.24,41.7,9360.0,38598349.0,1.39,1.77,101.5,3.34,2684607908.0,2684607908.0
2026-07-20T10:45:28,600366.SH,宁波韵升,11.03,-4.58,-0.53,11.7,11.85,10.92,11.56,382623.0,432293021.0,3.48,1.91,26.01,1.94,12122422793.0,12122422793.0
2026-07-20T10:45:28,002585.SZ,双星新材,7.92,-4.58,-0.38,8.47,8.5,7.74,8.3,309716.0,250527376.86,3.49,1.67,556.88,1.09,9039275087.0,7023113333.0
2026-07-20T10:45:28,688206.SH,概伦电子,36.69,-4.58,-1.76,38.81,39.77,36.12,38.45,73512.0,276204754.0,1.68,1.32,-325.8,7.99,16018077456.0,16018077456.0
2026-07-20T10:45:28,002717.SZ,*ST岭南,1.04,-4.59,-0.05,1.04,1.06,1.02,1.09,459345.0,47724851.0,2.67,2.01,-3.54,-1.28,1893042900.0,1787296125.0
2026-07-20T10:45:28,300863.SZ,卡倍亿,38.78,-4.6,-1.87,41.63,43.17,38.35,40.65,42374.0,170640303.77,1.69,1.55,25.19,6.98,10137332126.0,9738445622.0
2026-07-20T10:45:28,688173.SH,希荻微,12.42,-4.61,-0.6,13.18,13.38,12.22,13.02,130861.0,167943778.0,3.18,2.14,-168.7,3.61,5155637684.0,5107276911.0
2026-07-20T10:45:28,300980.SZ,祥源新材,21.54,-4.61,-1.04,22.81,23.0,21.1,22.58,44272.0,98251445.34,4.5,2.3,42.93,2.13,2973924365.0,2118274790.0
2026-07-20T10:45:28,301297.SZ,富乐德,33.67,-4.64,-1.64,36.05,36.48,33.08,35.31,114474.0,397411276.82,3.06,2.0,65.55,4.54,25408240652.0,12593086228.0
2026-07-20T10:45:28,300878.SZ,维康药业,28.79,-4.64,-1.4,29.83,30.8,28.3,30.19,34044.0,100604829.0,2.36,1.47,597.82,4.57,4168513370.0,4149328780.0
2026-07-20T10:45:28,688727.SH,恒坤新材,44.34,-4.65,-2.16,47.94,48.9,43.57,46.5,34832.0,158891103.0,6.45,1.81,194.75,7.88,19922831064.0,2395612383.0
2026-07-20T10:45:28,920425.BJ,乐创技术,19.7,-4.65,-0.96,20.7,20.95,19.61,20.66,11511.0,23138749.79,1.94,2.37,16.72,5.04,1417149996.0,1166501971.0
2026-07-20T10:45:28,600601.SH,方正科技,10.02,-4.66,-0.49,10.63,10.72,9.85,10.51,1319818.0,1345860731.0,3.16,1.6,46.22,8.78,42822903728.0,41786338736.0
2026-07-20T10:45:28,603378.SH,*ST亚士,4.91,-4.66,-0.24,5.08,5.13,4.88,5.15,41499.0,20711635.0,0.97,1.41,-5.39,-12.65,2104409512.0,2104409512.0
2026-07-20T10:45:28,300225.SZ,金力泰,6.54,-4.66,-0.32,6.97,6.99,6.43,6.86,132169.0,87907708.0,2.8,2.43,54.04,3.55,3109309519.0,3087180121.0
2026-07-20T10:45:28,688352.SH,颀中科技,13.46,-4.67,-0.66,14.68,14.86,13.26,14.12,159614.0,223746073.0,4.36,1.52,-13.66,2.78,16011635472.0,4931953491.0
2026-07-20T10:45:28,300214.SZ,日科化学,9.16,-4.68,-0.45,9.86,10.07,9.01,9.61,243044.0,233115071.0,5.23,1.33,512.41,1.78,4258507944.0,4258507944.0
2026-07-20T10:45:28,603389.SH,亚振家居,45.08,-4.69,-2.22,48.24,48.69,44.09,47.3,18182.0,83149391.0,0.69,2.77,-200.28,59.07,11844860160.0,11844860160.0
2026-07-20T10:45:28,600237.SH,铜峰电子,7.72,-4.69,-0.38,8.26,8.3,7.59,8.1,219966.0,174565189.0,3.52,1.65,49.54,2.49,4867380909.0,4822033937.0
2026-07-20T10:45:28,300984.SZ,金沃股份,33.89,-4.7,-1.67,35.57,37.01,33.55,35.56,25220.0,88296872.7,2.03,1.85,111.3,3.73,6522221122.0,4203359653.0
2026-07-20T10:45:28,605288.SH,凯迪股份,58.46,-4.71,-2.89,62.34,62.9,57.8,61.35,5352.0,32345724.0,0.54,1.27,-168.32,2.65,5784162006.0,5745359765.0
2026-07-20T10:45:28,300648.SZ,星云股份,32.52,-4.72,-1.61,34.34,35.2,32.15,34.13,19657.0,65619959.76,1.48,2.2,-88.33,4.88,5667631128.0,4314979386.0
2026-07-20T10:45:28,688217.SH,睿昂基因,20.53,-4.73,-1.02,21.65,22.19,20.23,21.55,14814.0,31607417.0,2.65,5.07,-57.53,1.37,1146721545.0,1146721545.0
2026-07-20T10:45:28,300042.SZ,朗科科技,41.68,-4.73,-2.07,45.0,45.78,40.4,43.75,96514.0,416402474.86,4.82,1.66,25.5,7.45,8352672000.0,8351903004.0
2026-07-20T10:45:28,688121.SH,*ST卓然,2.62,-4.73,-0.13,2.7,2.77,2.61,2.75,74356.0,19890271.0,3.67,1.42,8.38,0.24,612068688.0,530986668.0
2026-07-20T10:45:28,688700.SH,东威科技,55.44,-4.74,-2.76,60.68,61.02,54.1,58.2,81146.0,467334215.0,2.72,1.95,93.33,9.1,16543371398.0,16543371398.0
2026-07-20T10:45:28,003043.SZ,华亚智能,64.31,-4.74,-3.2,66.05,69.43,62.0,67.51,51706.0,341500276.18,5.5,2.26,296.78,4.53,9261289660.0,6046245746.0
2026-07-20T10:45:28,603175.SH,超颖电子,74.15,-4.75,-3.7,77.08,78.78,72.83,77.85,27816.0,209178542.0,6.12,1.88,-84.69,12.14,32405724152.0,3371914896.0
2026-07-20T10:45:28,301282.SZ,金禄电子,18.6,-4.76,-0.93,19.88,19.95,18.3,19.53,43966.0,84231042.24,2.49,1.69,110.05,2.3,3923370075.0,3284348475.0
2026-07-20T10:45:28,301421.SZ,波长光电,64.09,-4.76,-3.2,69.01,70.08,62.6,67.29,33778.0,223794550.22,7.29,1.76,286.43,6.21,7416366620.0,2967910804.0
2026-07-20T10:45:28,688003.SH,天准科技,71.27,-4.77,-3.57,76.9,78.0,70.1,74.84,34093.0,251675786.0,1.75,1.99,739.24,7.36,13882129247.0,13882129247.0
2026-07-20T10:45:28,000021.SZ,深科技,37.15,-4.77,-1.86,39.95,40.5,36.04,39.01,947737.0,3631339221.49,6.02,1.6,60.38,4.49,58487837327.0,58479879797.0
2026-07-20T10:45:28,003021.SZ,兆威机电,76.12,-4.78,-3.82,78.99,80.66,75.8,79.94,21823.0,170227522.0,1.05,1.83,124.34,4.05,20366990710.0,15786207096.0
2026-07-20T10:45:28,003004.SZ,声迅股份,60.8,-4.79,-3.06,63.0,65.84,59.82,63.86,17786.0,111476506.0,2.59,1.72,-369.22,7.89,4977292349.0,4179534029.0
2026-07-20T10:45:28,600280.SH,中央商场,2.78,-4.79,-0.14,2.72,2.79,2.65,2.92,605595.0,165536756.0,5.37,3.16,-112.15,11.8,3136770711.0,3136770711.0
2026-07-20T10:45:28,300331.SZ,苏大维格,42.42,-4.8,-2.14,46.56,47.2,41.67,44.56,109832.0,490480444.93,4.94,2.21,91.71,7.15,11014874172.0,9422789300.0
2026-07-20T10:45:28,002512.SZ,ST达华,3.37,-4.8,-0.17,3.52,3.57,3.33,3.54,192299.0,66213187.28,1.76,2.04,25.49,11.42,3715144050.0,3688302505.0
2026-07-20T10:45:28,603903.SH,中持股份,13.08,-4.8,-0.66,13.88,13.97,12.9,13.74,68140.0,91269217.0,2.67,1.37,48.41,2.34,3339578798.0,3339578798.0
2026-07-20T10:45:28,688559.SH,海目星,42.34,-4.81,-2.14,45.8,46.14,41.44,44.48,84642.0,370297762.0,3.42,2.03,104.03,4.33,10490117923.0,10490117923.0
2026-07-20T10:45:28,600180.SH,*ST瑞茂,1.38,-4.83,-0.07,1.44,1.47,1.36,1.45,189270.0,26858126.0,1.74,1.23,-1.24,0.35,1499545900.0,1499545900.0
2026-07-20T10:45:28,688135.SH,利扬芯片,24.44,-4.83,-1.24,26.31,26.68,23.8,25.68,118957.0,302938757.0,5.1,1.67,416.63,3.59,5697060318.0,5697060318.0
2026-07-20T10:45:28,688322.SH,奥比中光-W,95.3,-4.84,-4.85,105.0,106.88,94.0,100.15,86342.0,853596967.0,2.7,2.21,317.32,9.86,39343149960.0,30521139378.0
2026-07-20T10:45:28,002975.SZ,博杰股份,86.37,-4.85,-4.4,93.45,95.55,83.08,90.77,65487.0,591621170.88,4.77,1.75,68.19,7.64,17976251668.0,11863268348.0
2026-07-20T10:45:28,688387.SH,信科移动-U,12.53,-4.86,-0.64,13.55,13.74,12.31,13.17,363819.0,472556131.0,1.8,1.22,-83.56,7.3,42836937500.0,25270218316.0
2026-07-20T10:45:28,600992.SH,贵绳股份,11.15,-4.86,-0.57,11.72,11.73,11.01,11.72,177850.0,201105292.0,7.26,2.17,-12.51,1.91,2732753500.0,2732753500.0
2026-07-20T10:45:28,002693.SZ,双成药业,9.01,-4.86,-0.46,9.39,9.4,8.94,9.47,179256.0,163963647.0,4.36,1.28,270.89,8.98,3736354648.0,3702944180.0
2026-07-20T10:45:28,300814.SZ,中富电路,123.34,-4.87,-6.31,138.81,139.39,120.15,129.65,39442.0,508201374.42,2.06,1.96,312.32,14.5,23610992481.0,23610992481.0
2026-07-20T10:45:28,603928.SH,兴业股份,10.73,-4.88,-0.55,11.45,11.6,10.65,11.28,172222.0,191713783.0,5.05,1.29,28.73,2.31,3655753920.0,3655753920.0
2026-07-20T10:45:28,605155.SH,西大门,12.33,-4.93,-0.64,12.95,12.97,12.22,12.97,30439.0,38175154.0,1.63,2.7,29.4,1.77,2358705573.0,2303595405.0
2026-07-20T10:45:28,003018.SZ,金富科技,40.04,-4.94,-2.08,42.34,43.2,39.25,42.12,63163.0,261713580.91,2.22,2.01,152.53,7.7,12570557279.0,11391842622.0
2026-07-20T10:45:28,920035.BJ,精创电气,24.98,-4.95,-1.3,26.31,26.78,24.26,26.28,10386.0,26193942.21,6.6,2.8,38.85,3.07,1734111600.0,393105264.0
2026-07-20T10:45:28,002900.SZ,哈三联,10.36,-4.95,-0.54,9.88,10.49,9.82,10.9,134744.0,137765791.59,8.36,3.02,-116.11,1.86,3277433138.0,1669228064.0
2026-07-20T10:45:28,600460.SH,XD士兰微,31.47,-4.95,-1.64,33.78,33.99,30.75,33.11,538540.0,1743347730.0,3.24,1.67,62.69,4.34,52368340962.0,52368340962.0
2026-07-20T10:45:28,603005.SH,晶方科技,29.51,-4.96,-1.54,31.81,32.0,28.9,31.05,309507.0,943661652.0,4.75,1.59,73.53,4.13,19245587044.0,19245587044.0
2026-07-20T10:45:28,300576.SZ,容大感光,27.67,-4.98,-1.45,29.72,29.86,27.16,29.12,119087.0,339425237.93,4.69,1.88,104.01,6.48,11170057281.0,7030415044.0
2026-07-20T10:45:28,688596.SH,正帆科技,45.78,-4.98,-2.4,50.0,51.2,44.76,48.18,141539.0,674912137.0,4.87,1.68,-130.02,3.7,13312372151.0,13312372151.0
2026-07-20T10:45:28,688668.SH,鼎通科技,231.34,-4.98,-12.12,253.29,255.5,225.55,243.46,36685.0,883379480.0,2.63,2.42,100.27,16.1,32218861992.0,32218861992.0
2026-07-20T10:45:28,600481.SH,双良节能,3.81,-4.99,-0.2,3.94,3.99,3.78,4.01,473189.0,183069211.0,2.29,2.83,-4.98,1.81,7864606911.0,7864606911.0
2026-07-20T10:45:28,688130.SH,晶华微,18.29,-4.99,-0.96,19.86,19.86,18.0,19.25,25535.0,48255549.0,4.24,1.67,-125.33,1.79,2211098109.0,1102614369.0
2026-07-20T10:45:28,300487.SZ,蓝晓科技,61.3,-4.99,-3.22,65.82,66.39,60.01,64.52,112176.0,704386876.78,3.64,1.59,42.89,7.15,31210019759.0,18881590507.0
2026-07-20T10:45:28,300909.SZ,汇创达,41.48,-4.99,-2.18,44.0,44.88,40.9,43.66,24091.0,103498849.3,1.87,1.31,170.56,3.6,7174919169.0,5356697003.0
2026-07-20T10:45:28,688678.SH,福立旺,16.96,-4.99,-0.89,18.95,19.07,16.73,17.85,128470.0,226330179.0,3.19,1.33,37.55,2.96,6836686257.0,6836686257.0
2026-07-20T10:45:28,603663.SH,三祥新材,39.72,-5.0,-2.09,42.59,43.56,38.95,41.81,104263.0,431862523.0,1.76,2.56,159.78,17.5,23576605444.0,23560590340.0
2026-07-20T10:45:28,688772.SH,珠海冠宇,13.5,-5.0,-0.71,14.18,14.36,13.31,14.21,214671.0,295015810.0,1.89,2.03,-45.35,2.22,15366774924.0,15366774924.0
2026-07-20T10:45:28,920100.BJ,三协电机,34.38,-5.0,-1.81,35.86,36.88,33.9,36.19,13139.0,46411653.59,4.8,2.23,54.88,7.8,3552589228.0,941949875.0
2026-07-20T10:45:28,002915.SZ,中欣氟材,16.3,-5.01,-0.86,16.7,17.1,16.18,17.16,63282.0,105119376.62,2.2,2.23,-273.71,3.68,5464955279.0,4695608238.0
2026-07-20T10:45:28,002297.SZ,博云新材,17.25,-5.01,-0.91,18.87,18.95,16.92,18.16,257960.0,463531085.81,4.5,1.48,18.68,4.38,9886058128.0,9886058128.0
2026-07-20T10:45:28,002896.SZ,中大力德,63.9,-5.02,-3.38,67.28,68.0,63.1,67.28,53414.0,350546672.08,2.72,2.02,283.8,10.63,12557798613.0,12557798613.0
2026-07-20T10:45:28,605208.SH,永茂泰,14.75,-5.02,-0.78,16.18,16.5,14.53,15.53,171359.0,263478719.0,5.19,1.84,68.13,2.21,4866615000.0,4866615000.0
2026-07-20T10:45:28,603262.SH,技源集团,22.85,-5.03,-1.21,23.83,24.13,22.72,24.06,9950.0,23086398.0,2.49,0.95,99.66,5.95,9140228500.0,914182800.0
2026-07-20T10:45:28,688577.SH,浙海德曼,43.0,-5.04,-2.28,44.99,46.5,42.7,45.28,8000.0,35202625.0,0.51,2.02,101.1,6.76,6699039660.0,6699039660.0
2026-07-20T10:45:28,688216.SH,气派科技,29.38,-5.04,-1.56,31.99,32.34,28.51,30.94,50056.0,151391366.0,4.71,1.3,-225.61,4.58,3361198951.0,3121381763.0
2026-07-20T10:45:28,301568.SZ,思泰克,69.49,-5.04,-3.69,74.65,76.51,68.25,73.18,29969.0,215312762.0,6.3,2.2,67.86,7.12,7175426216.0,3307679526.0
2026-07-20T10:45:28,002068.SZ,黑猫股份,7.72,-5.04,-0.41,8.29,8.32,7.61,8.13,206139.0,163927176.05,2.8,1.89,-14.93,2.43,5676864913.0,5674040358.0
2026-07-20T10:45:28,688721.SH,龙图光罩,39.71,-5.05,-2.11,43.8,43.91,39.01,41.82,29625.0,121545306.0,5.54,1.46,129.74,4.33,5301285000.0,2123871083.0
2026-07-20T10:45:28,002993.SZ,奥海科技,39.31,-5.05,-2.09,41.41,42.5,38.6,41.4,43230.0,176105904.1,1.81,1.4,58.15,2.32,10851132400.0,9373348936.0
2026-07-20T10:45:28,603040.SH,新坐标,53.38,-5.07,-2.85,56.2,57.36,53.0,56.23,17618.0,96779654.0,0.9,1.9,39.83,7.25,10534941855.0,10479851667.0
2026-07-20T10:45:28,002134.SZ,天津普林,21.15,-5.07,-1.13,22.67,22.8,20.7,22.28,76868.0,166100870.0,3.1,2.05,113.02,10.22,5240087664.0,5236704151.0
2026-07-20T10:45:28,300656.SZ,民德电子,22.96,-5.08,-1.23,24.34,24.7,22.64,24.19,33139.0,78613357.0,2.49,1.41,-37.39,4.57,3929031653.0,3051335600.0
2026-07-20T10:45:28,688383.SH,新益昌,107.54,-5.11,-5.79,117.91,120.32,106.01,113.33,16396.0,186051448.0,1.61,2.37,128.1,8.71,10931064610.0,10931064610.0
2026-07-20T10:45:28,603800.SH,洪田股份,63.67,-5.11,-3.43,68.61,68.75,62.95,67.1,54309.0,355947862.0,2.61,1.52,-206.66,16.74,13243360000.0,13243360000.0
2026-07-20T10:45:28,301313.SZ,凡拓数创,31.69,-5.12,-1.71,34.11,34.73,31.41,33.4,45918.0,151181491.48,5.85,1.99,-32.61,5.08,3278438246.0,2489360890.0
2026-07-20T10:45:28,688166.SH,博瑞医药,36.51,-5.12,-1.97,36.18,37.68,34.2,38.48,172002.0,617272813.0,3.95,2.39,428.0,5.48,15910875121.0,15910875121.0
2026-07-20T10:45:28,002138.SZ,顺络电子,40.14,-5.13,-2.17,43.25,44.35,38.83,42.31,269119.0,1108370122.24,3.56,1.73,45.49,5.09,32365618730.0,30365899845.0
2026-07-20T10:45:28,688449.SH,联芸科技,54.81,-5.14,-2.97,60.0,60.36,53.86,57.78,67155.0,384388166.0,2.29,1.51,711.39,13.24,25212600000.0,16070518639.0
2026-07-20T10:45:28,603567.SH,珍宝岛,5.72,-5.14,-0.31,5.46,6.0,5.43,6.03,652449.0,370639140.0,6.95,3.74,-7.47,0.88,5378145842.0,5373386830.0
2026-07-20T10:45:28,688623.SH,双元科技,57.84,-5.15,-3.14,61.16,61.16,56.83,60.98,4169.0,24553376.0,1.17,2.34,66.42,2.37,4946020847.0,2054452739.0
2026-07-20T10:45:28,300077.SZ,国民技术,18.25,-5.15,-0.99,19.65,19.78,17.94,19.24,352929.0,662967542.54,6.23,1.98,-196.5,7.11,12375812275.0,10335484175.0
2026-07-20T10:45:28,301021.SZ,英诺激光,63.92,-5.16,-3.48,72.12,73.5,62.68,67.4,51395.0,351232986.0,3.37,2.24,212.02,9.48,9771446629.0,9760594419.0
2026-07-20T10:45:28,600206.SH,有研新材,37.79,-5.17,-2.06,42.3,42.3,36.97,39.85,487344.0,1935030666.0,5.76,1.54,90.61,7.5,31991250416.0,31991250416.0
2026-07-20T10:45:28,603303.SH,得邦照明,19.42,-5.18,-1.06,20.45,20.84,19.22,20.48,16300.0,32447105.0,0.34,1.26,52.24,3.01,9262263647.0,9262263647.0
2026-07-20T10:45:28,688163.SH,赛伦生物,30.96,-5.18,-1.69,32.9,32.93,30.52,32.65,13984.0,44483862.0,1.29,1.99,1476.83,3.09,3350491200.0,3350491200.0
2026-07-20T10:45:28,920267.BJ,鑫汇科,16.23,-5.2,-0.89,16.97,17.09,15.42,17.12,16188.0,25997734.08,5.96,1.11,-54.07,3.2,770648132.0,441083489.0
2026-07-20T10:45:28,002913.SZ,奥士康,40.78,-5.21,-2.24,43.92,44.8,39.88,43.02,41225.0,172878363.92,1.37,1.81,185.41,2.98,12941961353.0,12302721396.0
2026-07-20T10:45:28,002903.SZ,宇环数控,23.46,-5.21,-1.29,25.25,25.49,23.07,24.75,67415.0,163891221.64,6.32,1.7,-106.29,4.72,3676135080.0,2502376126.0
2026-07-20T10:45:28,688380.SH,中微半导,37.45,-5.21,-2.06,40.51,41.17,36.72,39.51,92335.0,357861858.0,2.31,1.96,73.14,4.82,14993669250.0,14993669250.0
2026-07-20T10:45:28,300522.SZ,世名科技,12.14,-5.23,-0.67,13.14,13.35,11.93,12.81,102756.0,129792099.4,3.91,1.29,457.82,5.03,3914561295.0,3194102239.0
2026-07-20T10:45:28,600397.SH,江钨装备,14.85,-5.23,-0.82,16.0,16.22,14.61,15.67,360005.0,556523514.0,3.64,1.86,2756.96,76.15,14700904248.0,14700904248.0
2026-07-20T10:45:28,688332.SH,中科蓝讯,87.07,-5.24,-4.81,95.59,96.27,85.7,91.88,27935.0,254241167.0,1.57,1.5,-661.97,3.08,15540718206.0,15540718206.0
2026-07-20T10:45:28,688234.SH,天岳先进,99.02,-5.24,-5.48,108.0,108.55,96.84,104.5,77777.0,794277730.0,1.81,1.97,-198.26,6.75,47986928227.0,42549987577.0
2026-07-20T10:45:28,300567.SZ,精测电子,224.57,-5.25,-12.45,240.0,246.01,216.0,237.02,66615.0,1533848510.65,2.93,1.68,367.71,15.25,62822745838.0,50988556743.0
2026-07-20T10:45:28,603838.SH,*ST四通,7.56,-5.26,-0.42,8.09,8.09,7.53,7.98,6619.0,5129813.0,0.21,1.46,-50.63,2.75,2419320960.0,2419320960.0
2026-07-20T10:45:28,603051.SH,鹿山新材,19.4,-5.27,-1.08,20.51,20.65,19.15,20.48,49433.0,98316395.0,3.06,2.02,39.21,1.84,3135678182.0,3135678182.0
2026-07-20T10:45:28,603063.SH,禾望电气,30.55,-5.27,-1.7,32.8,32.95,30.1,32.25,126895.0,400047109.0,2.75,1.77,69.34,2.74,14179575799.0,14121225299.0
2026-07-20T10:45:28,600379.SH,宝光股份,10.61,-5.27,-0.59,11.36,11.37,10.52,11.2,85981.0,93945159.0,2.6,1.33,94.97,4.5,3503438594.0,3503438594.0
2026-07-20T10:45:28,605389.SH,长龄液压,74.3,-5.29,-4.15,77.18,79.0,73.1,78.45,6785.0,51722730.0,0.38,1.46,92.3,6.65,13917370091.0,13162006348.0
2026-07-20T10:45:28,603316.SH,诚邦股份,13.56,-5.31,-0.76,14.18,14.29,13.33,14.32,85637.0,118846834.0,3.24,2.13,38.96,6.11,3661186440.0,3583419840.0
2026-07-20T10:45:28,301205.SZ,联特科技,190.79,-5.32,-10.71,211.96,212.82,186.5,201.5,45694.0,918992366.51,5.46,2.22,2037.12,15.36,24818821755.0,15977748616.0
2026-07-20T10:45:28,688416.SH,恒烁股份,67.68,-5.32,-3.8,74.33,76.42,66.0,71.48,54665.0,391915024.0,5.07,2.63,37.53,5.47,7301365370.0,7301365370.0
2026-07-20T10:45:28,301596.SZ,瑞迪智驱,44.12,-5.32,-2.48,46.9,47.88,43.8,46.6,13943.0,63599420.24,3.18,1.67,58.77,5.42,4766346250.0,1934364543.0
2026-07-20T10:45:28,603650.SH,彤程新材,63.9,-5.33,-3.6,68.85,69.42,62.51,67.5,152323.0,997272391.0,2.48,2.12,53.99,9.81,39367701783.0,39272102143.0
2026-07-20T10:45:28,002963.SZ,豪尔赛,14.2,-5.33,-0.8,15.0,15.33,13.95,15.0,27977.0,40828168.0,2.27,1.91,-113.69,1.8,2135111006.0,1746515482.0
2026-07-20T10:45:28,301071.SZ,力量钻石,59.54,-5.34,-3.36,64.65,65.14,58.47,62.9,83544.0,516048771.11,4.47,1.98,105.28,2.87,15149970445.0,11136903235.0
2026-07-20T10:45:28,300373.SZ,扬杰科技,88.09,-5.35,-4.98,95.05,96.0,86.7,93.07,121035.0,1104795485.45,2.23,1.57,31.09,4.97,47863506557.0,47756968132.0
2026-07-20T10:45:28,301626.SZ,苏州天脉,231.41,-5.35,-13.08,251.04,258.25,226.0,244.49,17539.0,419675906.2,3.33,2.77,537.15,16.81,26769508800.0,12176562327.0
2026-07-20T10:45:28,300255.SZ,常山药业,30.06,-5.35,-1.7,28.97,30.95,28.01,31.76,454061.0,1352305731.35,4.95,1.59,1176.41,22.83,27626969993.0,27583758743.0
2026-07-20T10:45:28,688625.SH,呈和科技,54.66,-5.35,-3.09,58.87,59.98,53.56,57.75,26271.0,149360637.0,1.01,1.65,39.34,8.94,14193394940.0,14193394940.0
2026-07-20T10:45:28,301235.SZ,华康洁净,39.45,-5.35,-2.23,43.0,43.56,38.88,41.68,48751.0,197818924.94,5.68,2.01,-68.29,2.16,4769201827.0,3387199605.0
2026-07-20T10:45:28,300506.SZ,名家汇,5.28,-5.38,-0.3,5.7,5.77,5.24,5.58,156635.0,85798953.0,2.13,1.29,-146.67,5.51,7527149884.0,3879197589.0
2026-07-20T10:45:28,000608.SZ,阳光股份,6.15,-5.38,-0.35,6.33,6.54,6.1,6.5,172844.0,109349689.56,2.32,1.1,-49.12,2.25,4611966850.0,4584379488.0
2026-07-20T10:45:28,301372.SZ,科净源,29.99,-5.39,-1.71,31.81,32.47,29.61,31.7,11098.0,34300721.0,2.7,2.01,89.6,2.77,2056457186.0,1234701646.0
2026-07-20T10:45:28,301043.SZ,绿岛风,39.24,-5.4,-2.24,38.0,42.18,38.0,41.48,9405.0,37858140.42,1.66,2.78,35.22,3.16,2668320000.0,2226781710.0
2026-07-20T10:45:28,688300.SH,联瑞新材,133.37,-5.41,-7.63,146.58,147.99,130.42,141.0,59044.0,819006688.0,2.45,1.86,112.39,19.45,32204745870.0,32204745870.0
2026-07-20T10:45:28,600500.SH,中化国际,4.88,-5.43,-0.28,5.25,5.26,4.83,5.16,548893.0,275683924.0,1.53,1.97,-20.29,1.72,17510934759.0,17510934759.0
2026-07-20T10:45:28,688017.SH,绿的谐波,308.36,-5.44,-17.74,331.1,335.89,303.0,326.1,79582.0,2535278042.0,4.34,2.04,433.07,16.01,56531677345.0,56531677345.0
2026-07-20T10:45:28,600539.SH,狮头股份,15.96,-5.45,-0.92,16.89,17.15,15.85,16.88,92141.0,152018292.0,4.01,1.86,1743.79,12.22,3670800000.0,3670800000.0
2026-07-20T10:45:28,300540.SZ,蜀道装备,31.49,-5.46,-1.82,34.0,34.5,31.01,33.31,124166.0,404301599.6,6.01,1.51,145.82,6.32,7166866727.0,6509839717.0
2026-07-20T10:45:28,688179.SH,阿拉丁,18.37,-5.46,-1.06,20.05,20.3,18.02,19.43,97907.0,186688638.0,2.7,1.64,57.14,5.15,6650051267.0,6650051267.0
2026-07-20T10:45:28,002132.SZ,恒星科技,4.31,-5.48,-0.25,4.55,4.56,4.25,4.56,565344.0,248525481.58,4.04,1.82,26.66,1.74,6040657648.0,6030493431.0
2026-07-20T10:45:28,301319.SZ,唯特偶,93.71,-5.48,-5.43,102.99,103.75,90.11,99.14,50092.0,487435055.71,3.64,1.59,143.63,14.79,17093465675.0,12882366271.0
2026-07-20T10:45:28,688028.SH,沃尔德,88.89,-5.49,-5.16,98.51,98.51,86.67,94.05,39994.0,364930882.0,2.65,2.15,118.33,6.7,13417856610.0,13417856610.0
2026-07-20T10:45:28,300929.SZ,华骐环保,13.33,-5.53,-0.78,13.97,14.36,13.18,14.11,55578.0,76364586.2,4.43,1.46,-145.87,2.29,1761332303.0,1671053479.0
2026-07-20T10:45:28,300508.SZ,维宏股份,35.52,-5.53,-2.08,38.08,38.91,35.04,37.6,23391.0,86357133.0,2.86,2.21,-53.91,4.64,3866221642.0,2907636404.0
2026-07-20T10:45:28,688325.SH,赛微微电,109.4,-5.53,-6.4,115.23,115.99,109.09,115.8,8455.0,94805474.0,1.03,1.28,210.18,5.66,9423608241.0,8954823552.0
2026-07-20T10:45:28,600172.SH,黄河旋风,11.23,-5.55,-0.66,12.29,12.57,11.02,11.89,893020.0,1064016185.0,7.0,1.71,-41.95,34.93,16195731665.0,14332352073.0
2026-07-20T10:45:28,002008.SZ,大族激光,96.25,-5.55,-5.66,103.96,105.0,93.0,101.91,291712.0,2868951862.23,3.05,1.58,69.97,4.84,99099328020.0,92085010518.0
2026-07-20T10:45:28,688612.SH,威迈斯,27.2,-5.56,-1.6,28.95,29.1,27.15,28.8,28556.0,80077559.0,1.13,1.91,21.74,3.28,11401791418.0,6881194040.0
2026-07-20T10:45:28,300931.SZ,通用电梯,12.4,-5.56,-0.73,13.36,13.62,12.25,13.13,37378.0,48126937.34,1.91,1.85,-59.38,5.01,3015320400.0,2424217397.0
2026-07-20T10:45:28,920117.BJ,龙鑫智能,25.95,-5.57,-1.53,28.0,28.5,25.15,27.48,52367.0,139206969.7,25.91,1.1,27.29,2.24,2331348311.0,524553378.0
2026-07-20T10:45:28,600552.SH,凯盛科技,15.24,-5.58,-0.9,16.6,16.73,14.89,16.14,395380.0,625759564.0,4.19,1.69,128.91,3.37,14395809065.0,14395809065.0
2026-07-20T10:45:28,688657.SH,浩辰软件,30.21,-5.59,-1.79,32.2,32.47,30.16,32.0,8017.0,25078455.0,1.34,0.89,169.36,2.09,2882649438.0,1803372144.0
2026-07-20T10:45:28,688378.SH,奥来德,39.86,-5.61,-2.37,43.45,43.88,38.54,42.23,71877.0,294546373.0,2.98,2.07,32.53,5.2,10420407037.0,9604688360.0
2026-07-20T10:45:28,300408.SZ,三环集团,93.45,-5.62,-5.56,102.84,104.0,90.9,99.01,383769.0,3724814331.95,2.05,1.68,58.72,8.63,185765673155.0,174733178380.0
2026-07-20T10:45:28,300821.SZ,东岳硅材,16.92,-5.63,-1.01,18.11,18.44,16.56,17.93,711467.0,1242718555.87,5.93,1.48,26.16,3.98,20304000000.0,20300459490.0
2026-07-20T10:45:28,300212.SZ,*ST易录,7.36,-5.64,-0.44,7.61,7.73,7.24,7.8,95043.0,71307476.13,1.36,2.25,-27.55,-2.65,5298408226.0,5141046289.0
2026-07-20T10:45:28,920023.BJ,*ST田野,1.84,-5.64,-0.11,1.92,1.92,1.81,1.95,61060.0,11347977.25,2.27,1.65,230.19,0.5,602239360.0,494607695.0
2026-07-20T10:45:28,688103.SH,国力电子,78.12,-5.65,-4.68,85.08,85.7,76.78,82.8,36427.0,292558840.0,3.82,1.62,276.82,6.74,7446052016.0,7446052016.0
2026-07-20T10:45:28,688798.SH,艾为电子,58.12,-5.65,-3.48,61.6,62.6,57.89,61.6,31802.0,191224377.0,2.34,1.74,66.35,3.26,13549436324.0,7889397109.0
2026-07-20T10:45:28,603010.SH,万盛股份,10.52,-5.65,-0.63,11.17,11.36,10.39,11.15,81793.0,88257728.0,1.43,1.29,109.5,2.38,6154518682.0,6004587642.0
2026-07-20T10:45:28,601636.SH,旗滨集团,5.83,-5.66,-0.35,6.18,6.24,5.75,6.18,702632.0,418111929.0,2.37,1.68,328.82,1.18,17248951234.0,17248951234.0
2026-07-20T10:45:28,688757.SH,胜科纳米,34.14,-5.66,-2.05,37.02,37.86,33.56,36.19,42346.0,150652762.0,2.34,1.38,464.33,15.82,13769054132.0,6186862647.0
2026-07-20T10:45:28,603399.SH,永杉锂业,12.15,-5.67,-0.73,13.1,13.13,12.02,12.88,238860.0,297972480.0,4.66,1.66,11.74,3.84,6224331385.0,6224331385.0
2026-07-20T10:45:28,300688.SZ,创业黑马,19.71,-5.69,-1.19,19.5,20.46,18.52,20.9,87970.0,173534804.72,5.93,4.12,-184.27,9.0,3299049235.0,2924539407.0
2026-07-20T10:45:28,300873.SZ,海晨股份,18.57,-5.69,-1.12,19.69,20.11,18.32,19.69,89446.0,173432356.08,3.82,1.35,1216.09,1.91,5984129204.0,4344042941.0
2026-07-20T10:45:28,300757.SZ,罗博特科,389.5,-5.69,-23.5,425.0,429.0,373.73,413.0,57044.0,2264710471.6,3.51,2.87,-420.45,40.16,65283359235.0,63319767432.0
2026-07-20T10:45:28,300398.SZ,飞凯材料,33.6,-5.72,-2.04,36.5,36.98,32.59,35.64,280333.0,973000221.47,4.94,1.9,36.5,3.81,19153117200.0,19049084578.0
2026-07-20T10:45:28,300151.SZ,昌红科技,14.16,-5.73,-0.86,15.54,15.55,13.96,15.02,130849.0,193208131.74,3.55,2.11,111.19,4.91,7540334506.0,5220760664.0
2026-07-20T10:45:28,301107.SZ,瑜欣电子,17.29,-5.73,-1.05,18.36,18.67,17.2,18.34,16902.0,30285340.4,2.06,2.04,54.35,2.64,2458444145.0,1421423522.0
2026-07-20T10:45:28,002850.SZ,科达利,169.49,-5.74,-10.32,179.61,182.0,166.32,179.81,41979.0,718441682.44,2.0,2.28,26.31,3.34,48526883085.0,35531866143.0
2026-07-20T10:45:28,300961.SZ,深水海纳,10.14,-5.76,-0.62,10.67,10.99,10.0,10.76,63462.0,66706088.76,4.18,2.33,-17.01,3.25,1797619200.0,1540539131.0
2026-07-20T10:45:28,002897.SZ,意华股份,59.07,-5.77,-3.62,62.0,63.07,57.56,62.69,88544.0,531392843.92,4.8,1.77,71.1,4.17,11452532713.0,10893870331.0
2026-07-20T10:45:28,600879.SH,航天电子,15.34,-5.77,-0.94,16.2,16.42,15.24,16.28,692128.0,1094087051.0,2.1,1.08,404.53,2.43,50611251784.0,50611251784.0
2026-07-20T10:45:28,688786.SH,悦安新材,26.64,-5.77,-1.63,28.83,29.19,26.21,28.27,44173.0,121431564.0,2.56,2.4,59.86,6.0,4596998507.0,4596998507.0
2026-07-20T10:45:28,300607.SZ,拓斯达,30.2,-5.8,-1.86,32.68,32.84,29.78,32.06,199979.0,624280864.35,5.93,1.81,74.89,4.96,14404566842.0,10192480672.0
2026-07-20T10:45:28,688079.SH,美迪凯,15.07,-5.81,-0.93,16.45,16.68,14.76,16.0,94844.0,148687423.0,2.34,1.97,-37.4,4.96,6205769909.0,6097779495.0
2026-07-20T10:45:28,301611.SZ,珂玛科技,99.89,-5.82,-6.17,110.0,111.4,98.0,106.06,71647.0,738767808.42,4.89,1.8,237.28,24.38,43552040000.0,14642144704.0
2026-07-20T10:45:28,301096.SZ,百诚医药,39.16,-5.84,-2.43,39.42,42.47,36.0,41.59,93422.0,369185344.09,11.24,6.78,83.46,1.71,4277379601.0,3253803069.0
2026-07-20T10:45:28,600584.SH,长电科技,80.5,-5.84,-4.99,86.0,86.99,78.0,85.49,1246592.0,10251481144.0,6.97,1.66,124.06,5.04,144047872885.0,144047872885.0
2026-07-20T10:45:28,603738.SH,泰晶科技,32.03,-5.85,-1.99,35.26,35.5,31.0,34.02,206716.0,688170626.0,5.36,1.94,134.09,6.86,12359976369.0,12359976369.0
2026-07-20T10:45:28,688807.SH,优迅股份,244.71,-5.87,-15.25,267.65,269.99,239.94,259.96,7783.0,197907638.0,4.86,2.05,184.17,11.07,19576800000.0,3915360000.0
2026-07-20T10:45:28,001287.SZ,中电港,21.37,-5.9,-1.34,23.0,23.15,21.05,22.71,241319.0,530340378.83,3.18,1.59,25.62,2.98,16239065073.0,16239065073.0
2026-07-20T10:45:28,603155.SH,新亚强,13.39,-5.9,-0.84,14.51,14.8,13.25,14.23,106268.0,148059179.0,2.32,1.97,45.14,2.92,6131158615.0,6131158615.0
2026-07-20T10:45:28,600176.SH,中国巨石,41.21,-5.91,-2.59,45.5,45.8,40.11,43.8,1240405.0,5281842127.0,3.12,1.96,32.55,5.23,164969264561.0,163669101424.0
2026-07-20T10:45:28,300346.SZ,南大光电,54.0,-5.91,-3.39,58.78,59.1,52.55,57.39,353211.0,1962755261.22,5.38,2.01,75.12,10.96,37322472762.0,35423462214.0
2026-07-20T10:45:28,600520.SH,三佳科技,24.45,-5.93,-1.54,26.48,26.53,23.97,25.99,83064.0,209223582.0,5.24,1.87,649.0,9.84,3873613500.0,3873613500.0
2026-07-20T10:45:28,688400.SH,凌云光,44.91,-5.93,-2.83,48.38,49.4,44.0,47.74,107228.0,499364223.0,2.34,2.44,26.74,3.77,21365916557.0,20546144597.0
2026-07-20T10:45:28,600105.SH,永鼎股份,37.69,-5.96,-2.39,41.0,41.45,36.19,40.08,842862.0,3245492314.0,5.77,2.57,86.73,16.72,55102584087.0,55102584087.0
2026-07-20T10:45:28,300488.SZ,恒锋工具,30.69,-5.97,-1.95,33.0,33.21,30.4,32.64,32383.0,102509604.27,2.0,1.46,35.35,2.73,5868566260.0,4979558043.0
2026-07-20T10:45:28,301362.SZ,民爆光电,117.34,-5.98,-7.46,129.0,132.0,114.97,124.8,28553.0,349742032.71,6.97,1.69,193.45,7.13,17125148282.0,4804448282.0
2026-07-20T10:45:28,301687.SZ,新广益,47.48,-5.98,-3.02,51.21,51.59,46.59,50.5,30394.0,149163421.48,9.76,2.35,66.15,4.68,6973102720.0,1479137128.0
2026-07-20T10:45:28,301373.SZ,凌玮科技,89.99,-5.98,-5.72,98.59,101.0,88.17,95.71,26523.0,251933769.91,6.5,1.81,63.75,5.86,9761403469.0,3670070989.0
2026-07-20T10:45:28,688733.SH,壹石通,24.86,-5.98,-1.58,26.91,27.28,24.41,26.44,68446.0,177012110.0,3.43,1.51,2961.12,2.4,4966411223.0,4966411223.0
2026-07-20T10:45:28,688556.SH,高测股份,8.0,-5.99,-0.51,8.49,8.65,7.91,8.51,168320.0,139043993.0,2.03,2.29,-33.08,1.71,6646191472.0,6646191472.0
2026-07-20T10:45:28,600707.SH,彩虹股份,8.93,-6.0,-0.57,9.75,9.78,8.76,9.5,683542.0,630072773.0,1.91,1.47,1448.45,1.49,32044320307.0,32037890707.0
2026-07-20T10:45:28,002805.SZ,丰元股份,16.99,-6.03,-1.09,18.11,18.38,16.76,18.08,103457.0,180677037.67,3.71,1.8,15.46,5.09,4758262011.0,4737072253.0
2026-07-20T10:45:28,688112.SH,鼎阳科技,52.18,-6.03,-3.35,56.53,57.0,51.49,55.53,17836.0,96573282.0,1.12,1.78,54.3,5.42,8327765355.0,8327765355.0
2026-07-20T10:45:28,300570.SZ,太辰光,148.53,-6.04,-9.55,163.0,165.0,145.18,158.08,73885.0,1155069265.51,3.84,1.6,128.21,21.88,33735153556.0,28546396287.0
2026-07-20T10:45:28,603256.SH,宏和科技,150.59,-6.05,-9.69,165.6,167.48,146.5,160.28,78085.0,1227546811.0,0.89,1.64,242.85,50.26,136221672753.0,132478164225.0
2026-07-20T10:45:28,301188.SZ,力诺药包,35.72,-6.05,-2.3,39.66,39.8,35.14,38.02,90616.0,339146347.08,3.39,1.76,58.27,4.94,9556407888.0,9556407888.0
2026-07-20T10:45:28,603285.SH,键邦股份,30.32,-6.1,-1.97,33.09,33.16,30.08,32.29,32689.0,104294347.0,5.25,2.27,38.16,2.89,4851200000.0,1888838370.0
2026-07-20T10:45:28,688258.SH,卓易信息,100.35,-6.11,-6.53,108.06,109.29,97.97,106.88,28211.0,291929429.0,2.33,1.25,51.1,12.85,12156623483.0,12156623483.0
2026-07-20T10:45:28,300726.SZ,宏达电子,47.69,-6.12,-3.11,52.91,53.1,46.66,50.8,86270.0,425680648.67,4.02,1.91,52.27,4.1,19640642208.0,10226568393.0
2026-07-20T10:45:28,301132.SZ,满坤科技,28.86,-6.15,-1.89,31.37,31.68,28.33,30.75,33521.0,100064467.03,3.54,1.71,58.95,2.41,4273769146.0,2734035967.0
2026-07-20T10:45:28,688081.SH,兴图新科,29.09,-6.16,-1.91,30.8,31.29,28.76,31.0,17750.0,53355533.0,1.72,2.43,-247.47,7.6,2997433600.0,2997433600.0
2026-07-20T10:45:28,605020.SH,永和股份,31.7,-6.16,-2.08,34.11,34.28,31.36,33.78,151261.0,489766005.0,3.01,2.13,22.46,2.84,16192953519.0,15942690388.0
2026-07-20T10:45:28,300537.SZ,广信材料,17.83,-6.16,-1.17,19.51,19.61,17.57,19.0,78868.0,145538102.97,5.2,1.99,123.55,4.09,3705190269.0,2705960286.0
2026-07-20T10:45:28,603124.SH,江南新材,108.44,-6.16,-7.12,118.89,118.89,105.37,115.56,26199.0,293321446.0,3.38,1.96,50.55,8.49,15804609380.0,8415899356.0
2026-07-20T10:45:28,603270.SH,金帝股份,25.25,-6.17,-1.66,26.0,26.8,24.88,26.91,42684.0,109448000.0,6.04,1.92,33.06,2.44,5532443342.0,1785595842.0
2026-07-20T10:45:28,002943.SZ,宇晶股份,31.43,-6.18,-2.07,32.9,33.69,30.65,33.5,61165.0,197274515.43,3.24,1.92,-107.55,9.67,8386655103.0,5935625275.0
2026-07-20T10:45:28,002119.SZ,康强电子,22.17,-6.18,-1.46,24.13,24.33,21.69,23.63,206163.0,474320734.82,5.49,1.88,81.67,5.98,8320046280.0,8320046280.0
2026-07-20T10:45:28,920161.BJ,龙辰科技,23.5,-6.19,-1.55,26.0,26.0,23.03,25.05,23429.0,56716368.01,6.35,2.11,29.8,3.16,3195857614.0,867122740.0
2026-07-20T10:45:28,603435.SH,嘉德利,42.68,-6.2,-2.82,45.5,46.28,42.15,45.5,17201.0,75535768.0,4.82,1.83,77.25,9.2,19597270607.0,1523144293.0
2026-07-20T10:45:28,301312.SZ,智立方,63.0,-6.21,-4.17,69.23,69.9,61.61,67.17,27285.0,180248931.52,3.22,1.93,184.23,8.86,10616785704.0,5340753810.0
2026-07-20T10:45:28,300475.SZ,香农芯创,163.28,-6.21,-10.82,180.99,183.0,159.14,174.1,213131.0,3624125791.46,4.74,1.44,14.44,15.66,76666779716.0,73481840036.0
2026-07-20T10:45:28,002428.SZ,云南锗业,70.38,-6.22,-4.67,76.95,77.6,68.0,75.05,330864.0,2410252723.41,5.07,2.08,1261.83,31.43,45966585600.0,45960647288.0
2026-07-20T10:45:28,300251.SZ,光线传媒,11.74,-6.23,-0.78,12.15,12.5,11.7,12.52,717916.0,860154726.85,2.59,1.76,369.92,3.59,34440328192.0,32582806349.0
2026-07-20T10:45:28,688820.SH,盛合晶微,136.39,-6.23,-9.06,152.13,153.59,133.71,145.45,144410.0,2061178807.0,8.35,1.99,331.97,13.2,254063759090.0,23582191479.0
2026-07-20T10:45:28,300319.SZ,麦捷科技,15.17,-6.24,-1.01,16.65,16.78,14.91,16.18,464360.0,735584958.25,5.45,1.87,71.4,2.78,13464714875.0,12913769237.0
2026-07-20T10:45:28,300283.SZ,温州宏丰,13.68,-6.24,-0.91,14.88,15.15,13.5,14.59,212901.0,304904061.4,5.8,1.75,30.19,5.84,6798662077.0,5023549107.0
2026-07-20T10:45:28,002768.SZ,国恩股份,47.58,-6.25,-3.17,52.59,52.8,46.81,50.75,98283.0,488347960.54,3.8,1.72,20.53,3.12,21070803000.0,12303580166.0
2026-07-20T10:45:28,605133.SH,嵘泰股份,24.47,-6.25,-1.63,26.11,26.18,24.28,26.1,67700.0,170951095.0,2.4,1.81,39.07,1.84,6980682969.0,6903430201.0
2026-07-20T10:45:28,600183.SH,生益科技,124.0,-6.27,-8.29,136.0,136.0,121.0,132.29,555178.0,7070846671.0,2.32,2.21,65.02,18.84,301196455080.0,296918191456.0
2026-07-20T10:45:28,301669.SZ,高特电子,27.08,-6.27,-1.81,28.0,29.18,26.89,28.89,76447.0,213413547.33,9.34,2.19,210.27,7.6,12998400000.0,2217514719.0
2026-07-20T10:45:28,603283.SH,赛腾股份,43.91,-6.28,-2.94,47.56,47.85,42.95,46.85,167522.0,760875042.0,4.75,2.07,42.5,4.53,15479427330.0,15479427330.0
2026-07-20T10:45:28,301067.SZ,显盈科技,24.47,-6.28,-1.64,26.38,26.8,24.26,26.11,18624.0,47206122.2,2.92,1.32,-95.16,3.09,2379364920.0,1561893183.0
2026-07-20T10:45:28,002837.SZ,英维克,57.7,-6.29,-3.87,62.8,63.61,56.5,61.57,288853.0,1741846778.49,2.56,1.85,2123.28,22.28,73529977228.0,65227435024.0
2026-07-20T10:45:28,600745.SH,*ST闻泰,17.87,-6.29,-1.2,18.5,18.93,17.47,19.07,426483.0,780269690.0,3.35,1.7,-30.07,0.94,22764043480.0,22764043480.0
2026-07-20T10:45:28,603933.SH,睿能科技,17.42,-6.29,-1.17,18.25,18.52,17.14,18.59,53487.0,95870981.0,2.58,1.15,26.19,2.73,3615426497.0,3615426497.0
2026-07-20T10:45:28,920091.BJ,大鹏工业,30.66,-6.3,-2.06,32.51,32.69,30.2,32.72,5339.0,16803576.18,3.68,2.53,-99.41,4.17,1884523032.0,444576132.0
2026-07-20T10:45:28,300684.SZ,中石科技,51.05,-6.33,-3.45,56.0,56.65,49.2,54.5,155243.0,823740727.97,7.6,1.97,59.01,7.61,15289945834.0,10429669784.0
2026-07-20T10:45:28,002240.SZ,盛新锂能,27.05,-6.34,-1.83,28.71,29.0,26.59,28.88,310709.0,857411013.47,3.4,2.19,13.34,2.31,24758699238.0,24694180930.0
2026-07-20T10:45:28,301618.SZ,长联科技,36.06,-6.34,-2.44,38.98,39.18,35.68,38.5,15988.0,59344419.73,3.32,2.27,181.82,4.85,4554457476.0,1736339881.0
2026-07-20T10:45:28,301366.SZ,一博科技,37.5,-6.34,-2.54,40.93,41.0,37.09,40.04,45740.0,178594005.4,3.91,1.81,169.36,3.67,7857607538.0,4387363275.0
2026-07-20T10:45:28,002290.SZ,禾盛新材,56.75,-6.35,-3.85,59.39,60.6,55.15,60.6,89863.0,517956307.73,3.64,3.83,81.66,14.68,14080374728.0,14028376121.0
2026-07-20T10:45:28,600667.SH,太极实业,15.79,-6.35,-1.07,17.2,17.37,15.44,16.86,1455905.0,2395791845.0,6.96,1.77,63.94,3.84,33025450991.0,33025450991.0
2026-07-20T10:45:28,920211.BJ,新睿电子,143.18,-6.36,-9.72,148.9,153.0,143.08,152.9,4127.0,61015035.74,7.16,1.07,78.88,11.86,4925392000.0,824716800.0
2026-07-20T10:45:28,002830.SZ,名雕股份,11.88,-6.38,-0.81,12.29,12.68,11.6,12.69,58820.0,71693021.2,6.34,2.73,163.93,3.36,2208444480.0,1102873860.0
2026-07-20T10:45:28,300400.SZ,劲拓股份,22.17,-6.38,-1.51,24.01,24.26,21.5,23.68,82873.0,191081142.0,3.43,1.77,52.53,7.61,5379013986.0,5361016380.0
2026-07-20T10:45:28,301008.SZ,宏昌科技,27.38,-6.39,-1.87,29.58,29.96,26.83,29.25,45159.0,126816759.42,3.91,2.0,624.18,2.38,3585773347.0,3166243297.0
2026-07-20T10:45:28,688507.SH,索辰科技,154.3,-6.4,-10.55,168.66,170.88,151.5,164.85,37324.0,600180368.0,7.58,1.98,-101.28,4.99,13749485371.0,7597073139.0
2026-07-20T10:45:28,688090.SH,瑞松科技,66.61,-6.41,-4.56,72.59,74.7,65.38,71.17,43229.0,302354729.0,2.72,1.71,128.42,11.58,10572503394.0,10572503394.0
2026-07-20T10:45:28,688175.SH,高凌信息,16.65,-6.41,-1.14,18.67,19.0,16.6,17.79,56273.0,99203653.0,3.35,4.03,177.24,1.63,2799066465.0,2799066465.0
2026-07-20T10:45:28,920943.BJ,优机股份,15.9,-6.42,-1.09,16.33,16.81,15.53,16.99,26894.0,43328933.68,5.19,1.25,-50.95,2.56,1614189910.0,823744545.0
2026-07-20T10:45:28,688485.SH,九州一轨,44.19,-6.42,-3.03,48.99,49.94,43.39,47.22,27767.0,128359835.0,1.85,1.76,-381.44,5.31,6641406220.0,6641406220.0
2026-07-20T10:45:28,688381.SH,帝奥微,31.48,-6.42,-2.16,34.6,35.65,31.03,33.64,73664.0,245474282.0,2.98,1.64,-79.01,3.13,7791300000.0,7791300000.0
2026-07-20T10:45:28,000920.SZ,沃顿科技,13.1,-6.43,-0.9,13.76,14.12,12.81,14.0,369518.0,496571042.47,7.82,2.91,35.1,3.2,6191336646.0,6191041896.0
2026-07-20T10:45:28,300806.SZ,斯迪克,59.8,-6.43,-4.11,67.1,68.88,58.5,63.91,171020.0,1069523387.5,5.23,2.62,445.02,11.64,27107370079.0,19544244912.0
2026-07-20T10:45:28,301379.SZ,天山电子,24.86,-6.44,-1.71,28.55,28.92,24.18,26.57,222966.0,585033264.3,10.24,1.64,87.2,4.83,6873490710.0,5411672593.0
2026-07-20T10:45:28,605366.SH,宏柏新材,7.38,-6.46,-0.51,7.99,7.99,7.3,7.89,190474.0,146195522.0,2.46,2.09,-50.88,2.13,5703468426.0,5703468426.0
2026-07-20T10:45:28,605588.SH,冠石科技,40.1,-6.46,-2.77,42.24,42.95,39.46,42.87,17714.0,73565484.0,2.42,1.99,-33.49,3.11,2938346788.0,2931292396.0
2026-07-20T10:45:28,301237.SZ,和顺科技,53.76,-6.46,-3.71,59.67,60.5,52.99,57.47,15795.0,90198463.0,2.71,1.72,915.53,3.74,4300800000.0,3131520000.0
2026-07-20T10:45:28,301276.SZ,嘉曼服饰,21.4,-6.47,-1.48,22.89,23.29,21.39,22.88,16336.0,36414462.0,2.26,1.73,13.79,1.32,2773440000.0,1546526790.0
2026-07-20T10:45:28,000566.SZ,海南海药,4.77,-6.47,-0.33,4.59,5.06,4.59,5.1,1441553.0,691917015.52,11.12,2.05,-20.24,1391.46,6188431651.0,6185428969.0
2026-07-20T10:45:28,688199.SH,久日新材,20.27,-6.5,-1.41,22.3,22.31,20.01,21.68,44693.0,93708296.0,2.77,1.88,80.22,1.27,3268076378.0,3268076378.0
2026-07-20T10:45:28,300819.SZ,聚杰微纤,44.9,-6.5,-3.12,48.98,49.85,44.17,48.02,32362.0,150877610.0,2.4,2.18,161.11,7.78,6699304500.0,6050825025.0
2026-07-20T10:45:28,301588.SZ,美新科技,30.48,-6.5,-2.12,33.57,33.85,30.06,32.6,30990.0,99067071.12,4.22,1.45,84.11,3.85,3623089142.0,2235987898.0
2026-07-20T10:45:28,920190.BJ,雷神科技,25.4,-6.51,-1.77,27.11,27.98,25.0,27.17,60144.0,155281399.19,6.05,1.6,43.31,2.97,2540000025.0,2525853495.0
2026-07-20T10:45:28,605358.SH,立昂微,42.54,-6.51,-2.96,46.61,46.68,41.7,45.5,285448.0,1254544880.0,3.7,1.62,1136.72,3.2,32849361327.0,32849361327.0
2026-07-20T10:45:28,688371.SH,菲沃泰,25.56,-6.51,-1.78,28.37,29.28,25.0,27.34,81831.0,221132670.0,2.44,1.91,-101.06,4.42,8574673419.0,8574673419.0
2026-07-20T10:45:28,300469.SZ,信息发展,50.32,-6.52,-3.51,53.98,54.92,49.81,53.83,61605.0,319671770.41,2.48,2.11,-99.47,53.37,12491377624.0,12485086366.0
2026-07-20T10:45:28,002185.SZ,华天科技,17.5,-6.52,-1.22,18.6,18.71,16.97,18.72,3139608.0,5574373587.44,9.45,1.48,167.54,3.26,58159913280.0,58146405748.0
2026-07-20T10:45:28,300586.SZ,美联新材,8.03,-6.52,-0.56,8.77,8.9,7.87,8.59,227882.0,189617647.6,4.26,2.18,1003.12,3.1,5711069659.0,4292809638.0
2026-07-20T10:45:28,301161.SZ,唯万密封,25.9,-6.53,-1.81,27.75,28.06,25.55,27.71,32478.0,86762780.8,4.21,1.77,26.55,3.3,3108000000.0,1999434675.0
2026-07-20T10:45:28,002980.SZ,华盛昌,90.31,-6.54,-6.32,93.57,97.87,88.0,96.63,81064.0,752559855.4,8.0,2.52,240.77,15.15,17104818760.0,9147232944.0
2026-07-20T10:45:28,688729.SH,屹唐股份,25.86,-6.58,-1.82,28.83,28.84,25.3,27.68,325930.0,879151168.0,1.86,1.58,119.91,8.55,76430781600.0,45209410553.0
2026-07-20T10:45:28,002859.SZ,洁美科技,59.24,-6.64,-4.21,65.01,65.9,57.5,63.45,115314.0,701900330.73,2.69,2.22,140.69,7.44,26873749888.0,25373392448.0
2026-07-20T10:45:28,300285.SZ,国瓷材料,52.85,-6.66,-3.77,59.95,60.2,51.3,56.62,454569.0,2515782913.34,5.32,1.77,92.6,7.41,52694002602.0,45116386884.0
2026-07-20T10:45:28,000639.SZ,ST西王,1.4,-6.67,-0.1,1.48,1.52,1.36,1.5,657142.0,94078091.72,6.09,1.89,-40.66,0.92,1511199333.0,1511197481.0
2026-07-20T10:45:28,600367.SH,红星发展,30.68,-6.69,-2.2,33.54,33.83,30.16,32.88,159320.0,506336830.0,4.95,1.89,91.33,4.21,10465896073.0,9878137224.0
2026-07-20T10:45:28,603203.SH,快克智能,40.78,-6.7,-2.93,44.9,45.39,40.11,43.71,69263.0,295204140.0,2.14,1.49,43.65,9.79,13457875209.0,13208613984.0
2026-07-20T10:45:28,301392.SZ,汇成真空,184.3,-6.7,-13.24,201.59,204.99,180.68,197.54,25049.0,482874362.77,6.14,2.01,167.59,24.66,18430000000.0,7518686397.0
2026-07-20T10:45:28,300476.SZ,胜宏科技,225.33,-6.7,-16.17,246.7,248.36,219.8,241.5,245623.0,5709626430.47,2.84,2.21,42.97,14.14,221450901913.0,194954376957.0
2026-07-20T10:45:28,003020.SZ,立方制药,16.56,-6.7,-1.19,16.21,17.04,16.21,17.75,140126.0,231449356.98,8.31,1.3,26.77,2.11,3779300314.0,2791159103.0
2026-07-20T10:45:28,603011.SH,合锻智能,18.89,-6.72,-1.36,20.27,20.74,18.55,20.25,268060.0,526380139.0,5.42,2.44,-81.4,5.01,9339488715.0,9339488715.0
2026-07-20T10:45:28,920200.BJ,振宏股份,26.2,-6.73,-1.89,27.94,28.01,25.66,28.09,14539.0,38790366.83,3.28,2.88,18.29,2.32,2660872000.0,1162467800.0
2026-07-20T10:45:28,002767.SZ,先锋电子,17.18,-6.78,-1.25,18.62,18.66,17.03,18.43,31577.0,56136312.0,2.43,1.93,1934.8,3.01,2577000000.0,2237082894.0
2026-07-20T10:45:28,688450.SH,光格科技,30.35,-6.79,-2.21,33.85,33.85,29.53,32.56,24771.0,78566552.0,5.06,1.72,-110.76,2.14,2003100000.0,1485045895.0
2026-07-20T10:45:28,688716.SH,中研股份,27.03,-6.79,-1.97,28.73,29.5,26.86,29.0,26890.0,75309661.0,3.85,2.04,-170.82,2.85,3289010400.0,1890131405.0
2026-07-20T10:45:28,600226.SH,亨通股份,5.75,-6.81,-0.42,6.3,6.35,5.68,6.17,894449.0,536051221.0,3.01,1.92,59.54,4.62,17102692038.0,17102692038.0
2026-07-20T10:45:28,300943.SZ,春晖智控,25.0,-6.82,-1.83,27.37,27.58,24.59,26.83,64754.0,169718659.65,4.85,1.87,134.07,5.12,5095500000.0,3335638875.0
2026-07-20T10:45:28,002407.SZ,多氟多,29.11,-6.82,-2.13,31.66,32.0,28.46,31.24,846195.0,2540642597.3,7.84,2.11,23.07,4.06,34653492084.0,31402917413.0
2026-07-20T10:45:28,920015.BJ,锦华新材,53.3,-6.82,-3.9,57.2,58.5,52.05,57.2,26868.0,149288734.42,6.71,1.35,62.02,4.38,7225703351.0,2132663052.0
2026-07-20T10:45:28,301520.SZ,万邦医药,62.07,-6.83,-4.55,56.12,67.11,56.05,66.62,94214.0,572895630.39,28.81,1.74,-5522.86,3.87,5783147122.0,2029592357.0
2026-07-20T10:45:28,603261.SH,立航科技,44.11,-6.84,-3.24,47.35,48.5,43.8,47.35,11469.0,52828242.0,1.48,1.44,-70.42,6.84,3418746520.0,3418746520.0
2026-07-20T10:45:28,688262.SH,国芯科技,25.92,-6.86,-1.91,28.5,28.74,25.51,27.83,129717.0,351342826.0,3.86,1.79,-44.74,4.52,8709117745.0,8709117745.0
2026-07-20T10:45:28,600378.SH,昊华科技,43.65,-6.89,-3.23,48.19,48.65,42.89,46.88,333253.0,1502002927.0,3.11,1.9,45.7,3.12,56308483413.0,46817478095.0
2026-07-20T10:45:28,002350.SZ,北京科锐,13.96,-6.93,-1.04,15.11,15.29,13.55,15.0,223743.0,321307254.06,4.22,2.38,-79.23,4.27,7570945660.0,7406478991.0
2026-07-20T10:45:28,688548.SH,广钢气体,35.14,-6.94,-2.62,38.51,39.0,34.6,37.76,252503.0,925337010.0,3.65,1.8,126.28,7.71,46363664028.0,24289084330.0
2026-07-20T10:45:28,688001.SH,华兴源创,50.58,-6.95,-3.78,55.76,56.96,49.33,54.36,50907.0,266582654.0,1.08,1.62,2042.31,5.84,23851789009.0,23851789009.0
2026-07-20T10:45:28,688456.SH,有研粉材,77.21,-6.96,-5.78,85.0,86.33,76.0,82.99,32417.0,262195482.0,3.13,1.89,66.05,6.34,8003588600.0,8003588600.0
2026-07-20T10:45:28,301095.SZ,广立微,72.17,-6.96,-5.4,79.12,79.67,70.88,77.57,72304.0,541894349.9,4.18,2.17,-337.19,4.66,14454286121.0,12486873680.0
2026-07-20T10:45:28,301200.SZ,大族数控,238.44,-6.97,-17.86,265.0,266.58,232.0,256.3,29396.0,734858658.29,0.69,2.36,90.27,10.56,116599005764.0,101393766126.0
2026-07-20T10:45:28,002925.SZ,盈趣科技,18.87,-7.0,-1.42,20.0,20.19,18.51,20.29,118369.0,227655555.67,1.62,2.27,39.04,2.92,14561395030.0,13794877987.0
2026-07-20T10:45:28,688328.SH,深科达,71.22,-7.02,-5.38,80.43,80.99,69.5,76.6,52183.0,393962184.0,5.52,1.55,62.13,8.0,6727177330.0,6727177330.0
2026-07-20T10:45:28,603505.SH,金石资源,14.95,-7.03,-1.13,16.19,16.26,14.81,16.08,185254.0,286157090.0,2.2,2.52,51.35,6.78,12582948754.0,12582948754.0
2026-07-20T10:45:28,002056.SZ,横店东磁,22.35,-7.03,-1.69,24.21,24.51,21.83,24.04,281978.0,645804491.62,1.74,1.65,23.55,3.61,36357014854.0,36319456461.0
2026-07-20T10:45:28,002303.SZ,美盈森,4.22,-7.05,-0.32,4.38,4.49,4.1,4.54,592141.0,252706173.44,6.12,1.86,26.33,1.48,6462185951.0,4080238061.0
2026-07-20T10:45:28,920206.BJ,彩客科技,33.19,-7.06,-2.52,35.41,35.6,32.85,35.71,11338.0,38715157.44,4.12,2.28,16.23,2.85,2374619274.0,913558169.0
2026-07-20T10:45:28,688728.SH,格科微,14.23,-7.11,-1.09,15.54,15.74,14.03,15.32,322445.0,476526839.0,1.29,1.78,6560.82,4.7,37006348271.0,35559164472.0
2026-07-20T10:45:28,600857.SH,宁波中百,17.75,-7.12,-1.36,17.2,18.84,17.2,19.11,144272.0,257700532.0,6.43,2.68,52.26,4.55,3981678562.0,3981678562.0
2026-07-20T10:45:28,688257.SH,新锐股份,63.23,-7.12,-4.85,72.0,72.5,62.67,68.08,115564.0,781883128.0,3.25,2.0,17.98,8.58,22463297131.0,22463297131.0
2026-07-20T10:45:28,603324.SH,盛剑科技,27.31,-7.14,-2.1,29.78,29.82,27.0,29.41,40298.0,114715844.0,2.73,2.32,-38.61,2.47,4033129330.0,4033129330.0
2026-07-20T10:45:28,300643.SZ,万通智控,15.8,-7.17,-1.22,17.02,17.04,15.71,17.02,54968.0,90073034.88,2.38,2.41,23.15,2.89,3658993293.0,3650657987.0
2026-07-20T10:45:28,001389.SZ,广合科技,163.44,-7.17,-12.63,170.07,172.91,159.21,176.07,73420.0,1220596329.86,4.82,1.77,49.2,11.19,77259585764.0,24901210755.0
2026-07-20T10:45:28,603177.SH,德创环保,8.38,-7.2,-0.65,9.01,9.01,8.33,9.03,49849.0,43152537.0,2.44,1.9,-36.98,5.3,1711128960.0,1711128960.0
2026-07-20T10:45:28,688603.SH,天承科技,103.0,-7.21,-8.0,115.0,115.2,100.9,111.0,27402.0,297359831.0,2.2,1.88,107.27,10.66,12846625972.0,12846625972.0
2026-07-20T10:45:28,000691.SZ,亚太实业,10.16,-7.21,-0.79,10.75,10.78,9.86,10.95,77989.0,80402001.0,2.41,1.99,342.42,10.83,4926634800.0,3284423200.0
2026-07-20T10:45:28,688048.SH,长光华芯,316.59,-7.22,-24.62,350.99,359.99,302.38,341.21,118960.0,3950743800.0,6.75,2.82,3114.57,18.52,55808467154.0,55808467154.0
2026-07-20T10:45:28,300767.SZ,震安科技,17.1,-7.22,-1.33,18.52,18.78,16.66,18.43,97515.0,172540534.5,4.06,3.21,-621.26,3.11,4724576579.0,4102150276.0
2026-07-20T10:45:28,300938.SZ,信测标准,33.44,-7.24,-2.61,37.0,37.4,32.49,36.05,114096.0,396634674.14,3.86,2.15,63.58,6.18,11398426384.0,9893227478.0
2026-07-20T10:45:28,688783.SH,西安奕材-U,36.11,-7.27,-2.83,40.05,40.85,35.5,38.94,151713.0,571167297.0,8.19,2.1,-230.23,11.89,145804958000.0,6686761331.0
2026-07-20T10:45:28,301123.SZ,奕东电子,71.23,-7.28,-5.59,79.81,80.5,69.48,76.82,61927.0,465651625.79,3.75,2.22,440.3,5.96,16713407200.0,11755915732.0
2026-07-20T10:45:28,002077.SZ,大港股份,12.3,-7.31,-0.97,13.1,13.27,12.05,13.27,348261.0,437422899.17,6.0,2.01,46.47,2.11,7138286710.0,7138286710.0
2026-07-20T10:45:28,688512.SH,慧智微-U,11.61,-7.34,-0.92,12.73,12.75,11.39,12.53,138087.0,165693155.0,4.25,1.85,-20.66,3.44,5490328922.0,3768261137.0
2026-07-20T10:45:28,603045.SH,福达合金,52.12,-7.34,-4.13,56.25,56.9,51.0,56.25,54215.0,292485554.0,4.0,2.19,9.75,5.73,7059401479.0,7059401479.0
2026-07-20T10:45:28,002655.SZ,共达电声,26.47,-7.35,-2.1,29.2,29.23,25.95,28.57,200622.0,553193943.0,5.51,2.62,461.38,11.72,9650538480.0,9631450963.0
2026-07-20T10:45:28,688662.SH,富信科技,75.31,-7.36,-5.98,85.06,85.29,73.99,81.29,55850.0,447350576.0,4.87,2.37,292.37,12.28,8638482050.0,8638482050.0
2026-07-20T10:45:28,300528.SZ,幸福蓝海,14.81,-7.38,-1.18,15.2,15.55,14.22,15.99,207017.0,309778765.8,5.56,1.86,-329.62,14.38,5518325280.0,5518325280.0
2026-07-20T10:45:28,603595.SH,ST东尼,21.95,-7.38,-1.75,23.87,24.35,21.66,23.7,21022.0,48211474.0,0.9,2.23,53.6,3.36,5102109056.0,5102109056.0
2026-07-20T10:45:28,603538.SH,美诺华,31.97,-7.39,-2.55,31.07,34.2,31.07,34.52,568676.0,1814666047.0,16.88,1.92,87.19,3.96,10867504170.0,10771330833.0
2026-07-20T10:45:28,603936.SH,博敏电子,13.13,-7.4,-1.05,14.75,14.77,12.91,14.18,261021.0,357251818.0,4.14,2.21,-195.16,1.93,8473419293.0,8277125793.0
2026-07-20T10:45:28,600491.SH,ST龙元,1.25,-7.41,-0.1,1.31,1.34,1.22,1.35,681989.0,86913215.0,4.46,1.61,-3.7,0.28,1912197444.0,1912197444.0
2026-07-20T10:45:28,688598.SH,金博股份,28.94,-7.42,-2.32,32.2,32.5,28.5,31.26,79256.0,241794007.0,3.89,1.86,-19.1,1.56,6007165977.0,5891478327.0
2026-07-20T10:45:28,605006.SH,山东玻纤,12.67,-7.45,-1.02,13.96,14.18,12.5,13.69,170713.0,226670670.0,2.61,1.45,205.34,2.67,8281128522.0,8281128522.0
2026-07-20T10:45:28,688530.SH,欧莱新材,52.88,-7.49,-4.28,59.0,59.8,51.25,57.16,46804.0,258778228.0,6.71,1.79,52.0,9.99,8463170293.0,3689901040.0
2026-07-20T10:45:28,600162.SH,香江控股,2.83,-7.52,-0.23,2.76,2.98,2.75,3.06,2023287.0,569511391.0,6.19,3.34,-105.06,1.62,9249679885.0,9249679885.0
2026-07-20T10:45:28,603398.SH,*ST沐邦,10.45,-7.52,-0.85,11.31,11.5,10.28,11.3,74259.0,80452398.0,1.71,1.78,-15.25,63.35,4531553926.0,4531553926.0
2026-07-20T10:45:28,603015.SH,弘讯科技,9.2,-7.54,-0.75,9.95,10.06,9.19,9.95,40335.0,38911260.0,1.0,3.78,137.42,2.74,3718814800.0,3718814800.0
2026-07-20T10:45:28,605589.SH,圣泉集团,38.67,-7.58,-3.17,42.68,43.11,38.11,41.84,277482.0,1123003492.0,3.28,2.31,46.14,3.16,32729843218.0,32711687653.0
2026-07-20T10:45:28,688183.SH,生益电子,104.89,-7.58,-8.6,116.5,117.49,102.08,113.49,131834.0,1434338157.0,1.57,1.81,49.39,15.53,87854944534.0,87854944534.0
2026-07-20T10:45:28,301630.SZ,同宇新材,167.31,-7.66,-13.87,186.0,187.0,165.01,181.18,10419.0,182365962.6,4.97,2.13,52.0,5.64,9369360000.0,3510113607.0
2026-07-20T10:45:28,300751.SZ,迈为股份,175.9,-7.66,-14.6,192.99,194.73,173.88,190.5,51222.0,937428146.73,2.66,2.13,103.92,6.2,49058818177.0,33922166365.0
2026-07-20T10:45:28,300395.SZ,菲利华,78.15,-7.66,-6.48,86.4,87.0,76.9,84.63,165218.0,1346787427.15,3.22,2.48,71.47,8.59,41085571458.0,40055274212.0
2026-07-20T10:45:28,300260.SZ,新莱应材,57.69,-7.71,-4.82,64.0,65.07,56.63,62.51,124336.0,747192857.39,4.32,2.38,111.29,11.05,23526371523.0,16593775357.0
2026-07-20T10:45:28,002080.SZ,中材科技,51.54,-7.72,-4.31,58.01,59.31,50.38,55.85,360739.0,1942758657.83,2.15,2.28,42.61,4.39,86490489519.0,86490489519.0
2026-07-20T10:45:28,001270.SZ,铖昌科技,101.43,-7.74,-8.51,105.21,108.11,98.95,109.94,103340.0,1061698991.27,5.05,2.61,116.86,13.76,20906234408.0,20773194256.0
2026-07-20T10:45:28,600110.SH,诺德股份,9.18,-7.74,-0.77,10.2,10.28,9.01,9.95,691636.0,659550661.0,3.99,1.94,99.33,2.82,15928960956.0,15928960956.0
2026-07-20T10:45:28,301270.SZ,汉仪股份,28.33,-7.75,-2.38,29.22,30.0,28.01,30.71,44927.0,130253925.43,4.75,3.08,-387.55,2.96,2833000000.0,2676982271.0
2026-07-20T10:45:28,002192.SZ,融捷股份,57.47,-7.75,-4.83,62.64,62.69,56.18,62.3,180315.0,1058217102.88,6.96,2.18,13.42,3.91,14922384516.0,14891492955.0
2026-07-20T10:45:28,688535.SH,华海诚科,102.99,-7.76,-8.66,116.0,117.88,100.8,111.65,67612.0,734133289.0,5.06,1.81,272.71,6.88,14755794410.0,13752644105.0
2026-07-20T10:45:28,688307.SH,中润光学,43.69,-7.77,-3.68,48.26,48.99,42.47,47.37,45153.0,205433753.0,3.63,2.28,91.11,6.15,5429950484.0,5429950484.0
2026-07-20T10:45:28,000677.SZ,ST海龙,1.66,-7.78,-0.14,1.79,1.83,1.63,1.8,425655.0,72828231.75,4.93,1.65,71.37,2.79,1434203394.0,1434203394.0
2026-07-20T10:45:28,603327.SH,福蓉科技,8.11,-7.84,-0.69,7.92,8.54,7.92,8.8,409901.0,334090384.0,3.92,3.91,43.91,3.55,8478675410.0,8478675410.0
2026-07-20T10:45:28,300655.SZ,晶瑞电材,12.18,-7.87,-1.04,13.52,13.62,11.95,13.22,558486.0,708404713.8,4.98,2.38,512.66,5.36,13722310417.0,13659773364.0
2026-07-20T10:45:28,000676.SZ,智度股份,6.3,-7.89,-0.54,6.55,6.73,6.25,6.84,1349683.0,874515883.34,10.72,4.72,43.01,1.85,7936672055.0,7931879752.0
2026-07-20T10:45:28,300234.SZ,开尔新材,7.59,-7.89,-0.65,8.45,8.45,7.49,8.24,184442.0,145487617.7,5.36,2.86,245.65,3.38,3819068573.0,2610861664.0
2026-07-20T10:45:28,688268.SH,华特气体,155.96,-7.93,-13.44,176.0,179.5,153.0,169.4,55949.0,912804788.0,4.38,2.21,146.95,8.11,19913290646.0,19913290646.0
2026-07-20T10:45:28,603922.SH,ST金鸿顺,10.56,-7.93,-0.91,11.47,11.69,10.37,11.47,12210.0,13286769.0,0.68,2.08,54.08,2.03,1892352000.0,1892352000.0
2026-07-20T10:45:28,603678.SH,火炬电子,43.47,-7.96,-3.76,48.59,48.84,42.71,47.23,123704.0,565939932.0,2.6,1.38,130.31,3.38,20672881450.0,20672881450.0
2026-07-20T10:45:28,605255.SH,天普股份,65.0,-7.96,-5.62,69.95,69.95,63.97,70.62,8624.0,57469860.0,0.64,1.83,-915.49,10.77,8715200000.0,8715200000.0
2026-07-20T10:45:28,603666.SH,亿嘉和,21.06,-7.99,-1.83,22.89,23.1,20.7,22.89,50520.0,109736788.0,2.46,2.19,-21.32,2.04,4328470645.0,4328470645.0
2026-07-20T10:45:28,002788.SZ,鹭燕医药,10.18,-8.04,-0.89,10.38,10.64,10.01,11.07,243689.0,250553761.56,6.38,2.03,14.55,1.22,3955100372.0,3886995124.0
2026-07-20T10:45:28,301013.SZ,利和兴,38.7,-8.05,-3.39,43.5,43.96,37.97,42.09,131940.0,538740905.8,6.97,1.97,701.46,13.52,9045856267.0,7323651391.0
2026-07-20T10:45:28,000988.SZ,华工科技,108.12,-8.08,-9.5,118.0,119.4,105.86,117.62,496765.0,5518687498.82,4.94,2.47,42.57,9.5,108714952681.0,108659049235.0
2026-07-20T10:45:28,688545.SH,兴福电子,76.5,-8.09,-6.73,84.34,86.0,74.91,83.23,87565.0,700512357.0,4.8,1.89,107.54,9.46,27540000000.0,13942125000.0
2026-07-20T10:45:28,603898.SH,好莱客,11.35,-8.1,-1.0,12.65,12.77,11.29,12.35,27516.0,32820253.0,0.92,1.24,-38.53,1.12,3407604621.0,3407604621.0
2026-07-20T10:45:28,605090.SH,九丰能源,35.1,-8.12,-3.1,39.0,39.6,34.6,38.2,323233.0,1189669506.0,4.59,1.81,14.26,2.1,24777661007.0,24728896577.0
2026-07-20T10:45:28,300990.SZ,同飞股份,85.2,-8.13,-7.54,96.51,97.39,82.88,92.74,51560.0,462589117.78,6.63,1.49,61.01,6.92,14587653468.0,6625485984.0
2026-07-20T10:45:28,300201.SZ,海伦哲,11.6,-8.16,-1.03,12.99,13.37,11.29,12.63,348095.0,425148904.77,3.47,1.96,68.05,6.32,11704905841.0,11642377294.0
2026-07-20T10:45:28,301377.SZ,鼎泰高科,390.28,-8.17,-34.72,441.0,444.83,380.0,425.0,30962.0,1269846753.75,3.13,1.77,158.78,61.06,165496256842.0,38583445322.0
2026-07-20T10:45:28,301448.SZ,开创电气,39.95,-8.2,-3.57,43.67,45.9,39.66,43.52,23229.0,97635393.0,3.28,2.86,-838.33,6.04,4178770000.0,2831775850.0
2026-07-20T10:45:28,300907.SZ,康平科技,43.67,-8.26,-3.93,48.69,49.35,43.32,47.6,24247.0,112446654.77,2.53,2.05,76.23,5.36,4192320000.0,4192320000.0
2026-07-20T10:45:28,600770.SH,综艺股份,5.0,-8.26,-0.45,5.4,5.4,4.91,5.45,393830.0,201118561.0,3.03,1.82,107.53,1.91,6500000000.0,6500000000.0
2026-07-20T10:45:28,600869.SH,远东股份,15.65,-8.26,-1.41,17.04,17.25,15.35,17.06,893677.0,1454437688.0,4.03,3.03,89.86,8.12,34732870475.0,34732870475.0
2026-07-20T10:45:28,600360.SH,华微电子,10.63,-8.28,-0.96,11.87,11.92,10.46,11.59,698222.0,775474897.0,7.27,1.29,44.07,2.92,10207939082.0,10207939082.0
2026-07-20T10:45:28,603757.SH,大元泵业,70.03,-8.28,-6.32,76.0,79.86,68.72,76.35,156898.0,1157528925.0,8.41,2.54,285.01,6.27,13063904548.0,13063904548.0
2026-07-20T10:45:28,603991.SH,领先股份,129.06,-8.33,-11.73,143.06,143.5,127.0,140.79,42456.0,567553855.0,4.74,1.77,96.68,5.61,19708715173.0,11555580432.0
2026-07-20T10:45:28,603163.SH,圣晖集成,75.17,-8.35,-6.85,82.02,82.88,73.9,82.02,27176.0,210297955.0,2.72,2.1,48.56,6.65,7517000000.0,7517000000.0
2026-07-20T10:45:28,002579.SZ,中京电子,11.29,-8.36,-1.03,12.28,12.43,11.1,12.32,413438.0,482888650.29,7.09,1.81,307.68,2.88,6916464220.0,6586720283.0
2026-07-20T10:45:28,300868.SZ,杰美特,83.75,-8.38,-7.66,94.9,95.9,82.08,91.41,28344.0,252234594.25,3.51,1.79,-332.36,7.3,10715980000.0,6763943209.0
2026-07-20T10:45:28,688419.SH,耐科装备,43.12,-8.41,-3.96,48.02,49.13,42.46,47.08,27940.0,127550580.0,2.44,2.13,86.23,4.91,4939467967.0,4939467967.0
2026-07-20T10:45:28,300489.SZ,光智科技,174.91,-8.44,-16.12,194.46,204.84,170.3,191.03,83035.0,1549951743.86,5.99,2.41,395.57,31.95,24340096920.0,24251005812.0
2026-07-20T10:45:28,603698.SH,航天工程,23.84,-8.45,-2.2,25.51,25.78,23.61,26.04,238364.0,586036846.0,4.45,3.39,77.98,3.67,12778001600.0,12778001600.0
2026-07-20T10:45:28,002739.SZ,儒意电影,9.23,-8.52,-0.86,9.59,10.14,9.09,10.09,1668379.0,1589782039.12,8.01,3.28,56.07,2.56,19491717475.0,19216877057.0
2026-07-20T10:45:28,301389.SZ,隆扬电子,49.87,-8.53,-4.65,55.5,57.0,48.7,54.52,68163.0,356009060.8,2.4,2.84,131.29,6.37,14138145000.0,14138145000.0
2026-07-20T10:45:28,688093.SH,世华科技,25.14,-8.58,-2.36,27.28,27.85,24.88,27.5,32692.0,85763028.0,1.17,2.98,20.64,2.53,7048823366.0,7048823366.0
2026-07-20T10:45:28,002354.SZ,天娱数科,6.54,-8.66,-0.62,6.67,6.86,6.44,7.16,1970759.0,1306283449.52,12.12,1.82,89.46,7.87,10820991263.0,10632037315.0
2026-07-20T10:45:28,688115.SH,思林杰,42.93,-8.66,-4.07,47.89,47.95,42.79,47.0,15975.0,71646616.0,1.71,1.5,190.08,3.15,4007000340.0,4007000340.0
2026-07-20T10:45:28,002083.SZ,孚日股份,9.37,-8.67,-0.89,10.28,10.29,9.23,10.26,386099.0,370015505.0,4.08,2.25,12.29,1.92,8870007542.0,8870007542.0
2026-07-20T10:45:28,603407.SH,长裕集团,53.94,-8.7,-5.14,57.63,58.18,53.48,59.08,32785.0,183025912.0,9.13,2.75,98.63,10.67,22000789960.0,1937092848.0
2026-07-20T10:45:28,301076.SZ,新瀚新材,21.03,-8.72,-2.01,22.03,22.78,20.86,23.04,70452.0,154360122.9,4.62,3.63,76.21,4.03,4798403218.0,3208037354.0
2026-07-20T10:45:28,603078.SH,江化微,32.11,-8.75,-3.08,36.0,36.2,31.67,35.19,159196.0,532313718.0,4.13,1.96,107.58,6.28,12382812033.0,12382812033.0
2026-07-20T10:45:28,688610.SH,埃科光电,154.53,-8.77,-14.86,176.12,176.12,150.24,169.39,12972.0,210094706.0,3.17,1.53,113.21,6.77,10508040000.0,6325309733.0
2026-07-20T10:45:28,600488.SH,津药药业,5.3,-8.78,-0.51,5.23,5.58,5.23,5.81,963930.0,514132929.0,8.83,1.88,104.15,1.93,5786999404.0,5786999404.0
2026-07-20T10:45:28,600234.SH,科新发展,16.91,-8.79,-1.63,18.5,18.88,16.72,18.54,34661.0,61152514.0,1.32,2.55,-716.15,9.86,4439229653.0,4439229653.0
2026-07-20T10:45:28,300606.SZ,金太阳,28.55,-8.82,-2.76,31.66,32.22,28.1,31.31,86535.0,255643642.5,7.35,2.29,103.26,6.0,3949830432.0,3359606575.0
2026-07-20T10:45:28,002853.SZ,皮阿诺,19.61,-8.83,-1.9,21.34,21.51,19.52,21.51,23815.0,48784487.4,1.85,1.75,-80.46,4.03,3586981740.0,2523901422.0
2026-07-20T10:45:28,603115.SH,海星股份,66.51,-8.83,-6.44,71.86,73.44,65.66,72.95,66899.0,459739674.0,2.77,2.8,101.43,7.97,16088130504.0,16088130504.0
2026-07-20T10:45:28,002272.SZ,川润股份,16.09,-8.84,-1.56,17.51,17.6,15.89,17.65,281663.0,470044087.41,6.9,2.41,-63.17,5.35,7801675757.0,6566861547.0
2026-07-20T10:45:28,002360.SZ,ST同德,5.13,-8.88,-0.5,5.5,5.5,5.07,5.63,54452.0,28345604.0,1.67,2.15,-46.43,2.24,2061101892.0,1669916153.0
2026-07-20T10:45:28,301115.SZ,联检科技,22.8,-8.91,-2.23,26.03,26.78,22.5,25.03,49934.0,120743732.0,3.23,2.93,-32.54,1.7,4184366580.0,3528681079.0
2026-07-20T10:45:28,603391.SH,力聚热能,48.19,-8.92,-4.72,53.68,54.16,48.0,52.91,10938.0,56674677.0,4.81,1.77,292.81,2.06,4385290000.0,1096322500.0
2026-07-20T10:45:28,300939.SZ,秋田微,47.35,-8.94,-4.65,51.89,52.6,46.22,52.0,28293.0,139877652.14,2.36,1.9,98.17,3.99,5682000000.0,5682000000.0
2026-07-20T10:45:28,688511.SH,天微电子,20.12,-8.96,-1.98,22.31,22.4,19.76,22.1,21989.0,46487426.0,1.64,2.28,125.03,3.28,2689599046.0,2689599046.0
2026-07-20T10:45:28,603976.SH,正川股份,22.74,-8.97,-2.24,24.64,25.2,22.61,24.98,49161.0,117032816.0,3.1,2.64,132.23,2.68,3611119914.0,3611119914.0
2026-07-20T10:45:28,688150.SH,莱特光电,43.25,-8.97,-4.26,49.18,49.18,42.0,47.51,92466.0,420721640.0,2.3,3.35,94.64,9.15,17405425551.0,17405425551.0
2026-07-20T10:45:28,688661.SH,和林微纳,88.26,-9.02,-8.75,101.37,101.37,86.47,97.01,28680.0,266397590.0,1.89,2.51,-261.28,11.15,13405619523.0,13405619523.0
2026-07-20T10:45:28,002463.SZ,沪电股份,116.21,-9.07,-11.59,130.35,131.48,115.02,127.8,572186.0,6926918055.44,2.98,2.22,45.01,14.13,223630286635.0,223449806578.0
2026-07-20T10:45:28,688386.SH,泛亚微透,63.67,-9.08,-6.36,72.0,72.96,61.55,70.03,24556.0,166398045.0,2.7,2.7,87.31,4.28,6342102356.0,5793970000.0
2026-07-20T10:45:28,688110.SH,东芯股份,106.18,-9.12,-10.65,121.11,121.99,103.88,116.83,175923.0,1971745821.0,3.98,2.66,84.92,13.07,46971631376.0,46971631376.0
2026-07-20T10:45:28,600353.SH,旭光电子,27.35,-9.14,-2.75,31.3,31.5,27.09,30.1,318534.0,915836680.0,3.84,1.94,169.81,12.08,22667985199.0,22667985199.0
2026-07-20T10:45:28,002208.SZ,合肥城建,12.43,-9.27,-1.27,12.88,13.1,12.33,13.7,524298.0,661225688.35,6.53,2.27,-100.27,1.69,9984918242.0,9982188279.0
2026-07-20T10:45:28,002741.SZ,光华科技,22.5,-9.27,-2.3,25.3,25.6,22.32,24.8,220721.0,520510923.96,5.13,2.53,63.57,5.29,10463001975.0,9675598388.0
2026-07-20T10:45:28,300050.SZ,世纪鼎利,5.19,-9.27,-0.53,5.75,5.81,5.15,5.72,257809.0,141682741.0,4.73,2.7,221.05,6.85,2827754466.0,2826030509.0
2026-07-20T10:45:28,688797.SH,臻宝科技,303.6,-9.29,-31.1,347.07,353.0,300.1,334.7,32059.0,1041754184.0,10.98,2.05,230.99,16.44,47146133866.0,8862903113.0
2026-07-20T10:45:28,300553.SZ,集智股份,51.96,-9.29,-5.32,60.58,60.58,48.81,57.28,46433.0,253159892.18,5.46,2.61,218.39,6.84,5768861442.0,4421235456.0
2026-07-20T10:45:28,688066.SH,*ST航图,8.4,-9.29,-0.86,9.13,9.17,8.35,9.26,45944.0,40188087.0,1.74,2.75,-5.11,-1.88,2211967103.0,2211967103.0
2026-07-20T10:45:28,002436.SZ,兴森科技,30.88,-9.34,-3.18,34.06,34.44,30.65,34.06,831353.0,2652797943.68,5.48,2.54,700.01,9.93,52485919625.0,46873691709.0
2026-07-20T10:45:28,688388.SH,嘉元科技,26.06,-9.36,-2.69,29.32,29.72,25.61,28.75,305495.0,835200550.0,4.63,2.0,35.67,2.13,17197184420.0,17197184420.0
2026-07-20T10:45:28,920961.BJ,创远信科,19.05,-9.37,-1.97,20.71,20.76,18.62,21.02,31724.0,61181113.6,3.05,3.16,-76.92,3.64,2721111677.0,1980254168.0
2026-07-20T10:45:28,920178.BJ,锐翔智能,99.67,-9.39,-10.33,108.0,112.99,96.0,110.0,11306.0,116000302.64,5.87,2.72,50.29,7.02,6572047736.0,1919167179.0
2026-07-20T10:45:28,920169.BJ,七丰精工,17.19,-9.43,-1.79,18.98,18.99,17.08,18.98,15722.0,28032321.35,3.09,2.82,314.06,4.12,1388953547.0,873966863.0
2026-07-20T10:45:28,603139.SH,康惠股份,32.56,-9.48,-3.41,33.45,35.97,32.37,35.97,36502.0,122558645.0,3.65,2.8,38.94,5.96,3252092800.0,3252092800.0
2026-07-20T10:45:28,920510.BJ,丰光精密,23.35,-9.5,-2.45,26.15,26.5,22.91,25.8,82175.0,199828248.51,8.75,1.89,-1095.76,11.0,4296519762.0,2192543471.0
2026-07-20T10:45:28,002364.SZ,中恒电气,37.98,-9.51,-3.99,42.5,42.81,37.77,41.97,276799.0,1099040680.1,4.96,1.88,214.59,8.76,21404197181.0,21196780805.0
2026-07-20T10:45:28,301150.SZ,中一科技,35.1,-9.51,-3.69,39.42,39.69,34.17,38.79,125400.0,458917045.29,4.13,2.71,40.12,3.15,11369026785.0,10664749111.0
2026-07-20T10:45:28,002384.SZ,东山精密,218.73,-9.59,-23.19,241.91,246.0,217.73,241.92,742591.0,16931856300.28,5.36,2.12,90.24,17.7,400627515474.0,303230150472.0
2026-07-20T10:45:28,605376.SH,博迁新材,135.07,-9.6,-14.35,152.0,153.0,134.48,149.42,78650.0,1113758301.0,3.01,1.9,123.33,20.38,35334312000.0,35334312000.0
2026-07-20T10:45:28,603690.SH,至纯科技,21.69,-9.7,-2.33,23.96,24.1,21.62,24.02,238013.0,537003866.0,6.22,2.02,-26.34,2.39,8306494583.0,8306494583.0
2026-07-20T10:45:28,000078.SZ,ST海王,1.76,-9.74,-0.19,1.85,1.91,1.76,1.95,1265827.0,227786100.82,4.82,1.46,79.88,3.73,4630776932.0,4620379639.0
2026-07-20T10:45:28,002326.SZ,永太科技,16.43,-9.87,-1.8,18.22,18.23,16.41,18.23,375969.0,629047142.62,4.65,3.19,36.31,5.47,15199847059.0,13284362443.0
2026-07-20T10:45:28,600203.SH,福日电子,9.67,-9.88,-1.06,10.15,10.4,9.66,10.73,311428.0,307199110.0,5.25,1.83,30.88,3.48,5734194753.0,5734194753.0
2026-07-20T10:45:28,688359.SH,三孚新科,119.18,-9.9,-13.1,138.0,139.89,117.71,132.28,37789.0,477711315.0,3.79,1.84,533.27,16.13,11879879919.0,11879879919.0
2026-07-20T10:45:28,002816.SZ,*ST和科,23.72,-9.91,-2.61,26.29,26.33,23.7,26.33,25233.0,61986074.86,2.52,3.6,-144.43,9.96,2372000000.0,2372000000.0
2026-07-20T10:45:28,002466.SZ,天齐锂业,42.33,-9.92,-4.66,46.01,46.13,42.29,46.99,573440.0,2496561607.97,3.89,2.66,9.66,1.56,72520531528.0,62467396708.0
2026-07-20T10:45:28,603031.SH,安孚科技,39.75,-9.93,-4.38,43.77,44.0,39.72,44.13,115099.0,477802589.0,3.66,1.82,27.8,5.28,14860376513.0,12497017168.0
2026-07-20T10:45:28,002141.SZ,贤丰控股,5.44,-9.93,-0.6,5.44,5.44,5.44,6.04,132054.0,71837376.0,1.28,0.25,141.26,6.96,5619170741.0,5619170741.0
2026-07-20T10:45:28,002677.SZ,浙江美大,7.16,-9.94,-0.79,8.2,8.2,7.16,7.95,321283.0,239685300.13,5.83,6.72,397.43,3.16,4625729793.0,3948810526.0
2026-07-20T10:45:28,603002.SH,宏昌电子,14.36,-9.97,-1.59,16.2,16.26,14.36,15.95,357297.0,539648431.0,3.15,1.87,8689.58,4.74,16285367389.0,16285367389.0
2026-07-20T10:45:28,603313.SH,梦百合,6.23,-9.97,-0.69,6.86,6.88,6.23,6.92,333134.0,218031365.0,5.84,1.49,-23.32,1.05,3554756294.0,3554756294.0
2026-07-20T10:45:28,600246.SH,万通发展,15.78,-9.98,-1.75,17.1,17.17,15.78,17.53,1098052.0,1795027161.0,5.81,2.07,-68.27,6.71,30660342371.0,29830708871.0
2026-07-20T10:45:28,603201.SH,常润股份,16.05,-9.98,-1.78,17.84,17.85,16.05,17.83,52071.0,88629010.0,2.76,1.74,23.11,1.76,3049174538.0,3023093609.0
2026-07-20T10:45:28,600288.SH,大恒科技,11.27,-9.98,-1.25,11.64,11.77,11.27,12.52,159148.0,181802910.0,3.64,0.96,24.06,2.47,4922736000.0,4922736000.0
2026-07-20T10:45:28,000779.SZ,甘咨询,11.01,-9.98,-1.22,12.0,12.01,11.01,12.23,90687.0,103068644.0,1.95,0.35,21.97,1.29,5117772267.0,5117150785.0
2026-07-20T10:45:28,002931.SZ,锋龙股份,44.11,-9.98,-4.89,49.12,50.0,44.1,49.0,101042.0,465490484.04,5.02,2.57,727.23,10.22,9638293308.0,8877293120.0
2026-07-20T10:45:28,002815.SZ,崇达技术,12.35,-9.99,-1.37,13.48,13.71,12.35,13.72,411626.0,527417853.49,5.3,1.52,117.53,1.75,15241768851.0,9597703873.0
2026-07-20T10:45:28,000636.SZ,风华高科,41.88,-9.99,-4.65,46.53,47.3,41.88,46.53,635673.0,2782811506.98,5.49,2.25,136.79,3.92,48455713277.0,48455709089.0
2026-07-20T10:45:28,001395.SZ,亚联机械,30.47,-9.99,-3.38,32.5,33.66,30.47,33.85,38994.0,125399644.74,7.5,1.4,10.98,2.72,3455663640.0,1584638055.0
2026-07-20T10:45:28,601133.SH,柏诚股份,27.4,-9.99,-3.04,30.99,31.0,27.4,30.44,154406.0,444269392.0,2.94,1.67,115.97,4.82,14417950774.0,14368196786.0
2026-07-20T10:45:28,605178.SH,时空科技,79.79,-9.99,-8.86,79.79,83.43,79.79,88.65,32851.0,264251059.0,3.32,1.82,-290.84,7.16,7905593200.0,7905593200.0
2026-07-20T10:45:28,603459.SH,红板科技,74.09,-9.99,-8.22,80.2,80.89,74.08,82.31,92924.0,708004336.0,11.75,1.77,112.78,13.7,55845603335.0,5856952159.0
2026-07-20T10:45:28,002167.SZ,东方锆业,15.32,-9.99,-1.7,17.58,17.84,15.32,17.02,697828.0,1133336637.32,9.2,2.82,146.55,6.67,11867994956.0,11623482593.0
2026-07-20T10:45:28,002552.SZ,宝鼎科技,43.95,-9.99,-4.88,49.93,50.1,43.95,48.83,92464.0,427554088.72,2.51,1.39,64.55,10.89,17051955297.0,16195719552.0
2026-07-20T10:45:28,001359.SZ,平安电工,86.57,-10.0,-9.62,94.36,95.23,86.57,96.19,35243.0,318044704.0,5.85,1.95,94.45,10.47,20876711649.0,5219280195.0
2026-07-20T10:45:28,605186.SH,健麾信息,25.92,-10.0,-2.88,28.52,28.52,25.92,28.8,43163.0,113839027.0,3.17,3.84,258.22,3.19,3525120000.0,3525120000.0
2026-07-20T10:45:28,603931.SH,格林达,38.78,-10.0,-4.31,39.39,40.94,38.78,43.09,32712.0,127522359.0,1.64,0.92,65.99,3.95,7738873976.0,7738873976.0
2026-07-20T10:45:28,601208.SH,东材科技,39.51,-10.0,-4.39,45.1,45.45,39.51,43.9,556645.0,2321692139.0,5.51,2.76,53.41,6.56,39912328078.0,39912328078.0
2026-07-20T10:45:28,603683.SH,晶华新材,20.7,-10.0,-2.3,20.7,20.7,20.7,23.0,4659.0,9644130.0,0.16,0.15,58.96,3.63,6028487020.0,5966690068.0
2026-07-20T10:45:28,603186.SH,华正新材,143.37,-10.0,-15.93,163.0,163.55,143.37,159.3,109346.0,1647030622.0,6.97,1.86,181.75,9.68,22479056566.0,22479056566.0
2026-07-20T10:45:28,002484.SZ,江海股份,65.95,-10.0,-7.33,73.9,76.0,65.95,73.28,332788.0,2302581922.11,4.06,2.23,86.56,9.04,56092053909.0,54110145877.0
2026-07-20T10:45:28,002747.SZ,埃斯顿,34.37,-10.0,-3.82,35.46,36.46,34.37,38.19,625931.0,2189261197.99,8.0,2.05,85.0,10.27,33263232830.0,26891247064.0
2026-07-20T10:45:28,002971.SZ,和远气体,37.81,-10.0,-4.2,42.1,42.33,37.81,42.01,115052.0,459441550.8,7.15,2.11,110.34,4.43,7963731250.0,6087581884.0
2026-07-20T10:45:28,002281.SZ,光迅科技,170.51,-10.0,-18.94,186.0,188.0,170.51,189.45,321731.0,5724383508.67,4.12,2.3,147.03,10.21,141108114629.0,133082774000.0
2026-07-20T10:45:28,002723.SZ,小崧股份,7.2,-10.0,-0.8,7.99,8.1,7.2,8.0,97055.0,74164087.6,3.06,3.19,-19.91,3.26,2392919107.0,2282758798.0
2026-07-20T10:45:28,002718.SZ,友邦吊顶,87.5,-10.0,-9.72,97.59,102.75,87.5,97.22,17523.0,160870720.66,1.86,2.85,3091.23,12.31,11326685038.0,8223322100.0
2026-07-20T10:45:28,002636.SZ,金安国纪,72.54,-10.0,-8.06,77.82,78.99,72.54,80.6,265400.0,1982269826.9,3.66,1.79,65.41,14.18,52809120000.0,52541840349.0
2026-07-20T10:45:28,001309.SZ,德明利,482.89,-10.0,-53.65,482.89,500.0,482.89,536.54,170694.0,8263342718.19,10.34,7.93,8.18,16.54,109541499792.0,79709691349.0
2026-07-20T10:45:28,002937.SZ,兴瑞科技,34.3,-10.0,-3.81,38.0,38.58,34.3,38.11,65941.0,235861114.3,2.09,2.9,74.9,5.73,10839133705.0,10810835519.0
2026-07-20T10:45:28,603211.SH,晋拓股份,29.16,-10.0,-3.24,31.95,31.95,29.16,32.4,90383.0,274757927.0,3.33,2.04,174.91,6.43,7925921280.0,7925921280.0
2026-07-20T10:45:28,001314.SZ,亿道信息,55.27,-10.0,-6.14,58.49,59.78,55.27,61.41,36333.0,206144506.5,2.93,0.79,45.93,3.78,7883381180.0,6858973119.0
2026-07-20T10:45:28,603083.SH,剑桥科技,158.52,-10.0,-17.61,176.0,176.76,158.52,176.13,168686.0,2788065307.0,6.12,2.16,123.33,7.82,58375049128.0,43686268888.0
2026-07-20T10:45:28,002851.SZ,麦格米特,122.93,-10.0,-13.66,133.31,133.6,122.93,136.59,257661.0,3266734859.98,5.59,2.05,156.69,8.03,71881715476.0,56695466835.0
2026-07-20T10:45:28,603989.SH,艾华集团,28.51,-10.01,-3.17,31.71,31.88,28.51,31.68,126155.0,374489036.0,3.16,2.19,41.3,2.94,11369213809.0,11369213809.0
2026-07-20T10:45:28,600641.SH,先导基电,28.94,-10.01,-3.22,32.98,32.98,28.94,32.16,469373.0,1443133400.0,5.04,2.03,-405.31,3.31,27402299725.0,26932429885.0
2026-07-20T10:45:28,002632.SZ,道明光学,9.53,-10.01,-1.06,9.53,9.78,9.53,10.59,116205.0,110869806.0,2.02,1.13,36.3,2.81,5952429328.0,5474277502.0
2026-07-20T10:45:28,002759.SZ,ST天际,12.94,-10.01,-1.44,12.94,12.94,12.94,14.38,15864.0,20528016.0,0.32,0.48,8.22,1.86,6487890909.0,6482186801.0
2026-07-20T10:45:28,003001.SZ,中岩大地,17.6,-10.02,-1.96,21.52,21.52,17.6,19.56,222325.0,426097815.79,19.44,4.89,116.11,2.6,3072086934.0,2012851843.0
2026-07-20T10:45:28,002695.SZ,煌上煌,8.44,-10.02,-0.94,9.08,9.08,8.44,9.38,140219.0,120437139.0,2.74,6.48,25.89,1.71,4722904160.0,4316680909.0
2026-07-20T10:45:28,603065.SH,宿迁联盛,15.44,-10.02,-1.72,15.44,16.16,15.44,17.16,239870.0,372364803.0,5.73,2.6,297.34,3.38,6468859312.0,6468859312.0
2026-07-20T10:45:28,002674.SZ,兴业科技,20.93,-10.02,-2.33,21.93,21.99,20.93,23.26,115478.0,244526220.38,3.95,1.28,68.44,2.52,6185881258.0,6123357236.0
2026-07-20T10:45:28,002235.SZ,安妮股份,7.62,-10.04,-0.85,8.06,8.29,7.62,8.47,311338.0,241753577.93,5.62,1.72,-1512.75,6.05,4416340804.0,4218266661.0
2026-07-20T10:45:28,300998.SZ,宁波方正,21.12,-10.05,-2.36,23.88,24.0,20.99,23.48,51502.0,114650212.26,4.78,2.86,292.66,2.3,2897014138.0,2274213850.0
2026-07-20T10:45:28,603669.SH,灵康药业,5.91,-10.05,-0.66,5.91,6.08,5.91,6.57,212030.0,125435227.0,2.98,0.86,356.06,7.48,4209877185.0,4209877185.0
2026-07-20T10:45:28,601010.SH,ST文峰,1.4,-10.26,-0.16,1.4,1.4,1.4,1.56,50553.0,7077420.0,0.28,0.48,13.85,0.61,2532174680.0,2532174680.0
2026-07-20T10:45:28,301557.SZ,常友科技,69.95,-10.32,-8.05,77.28,77.99,68.02,78.0,7091.0,51712314.2,2.85,2.11,-213.33,4.35,4339069779.0,1739724841.0
2026-07-20T10:45:28,688549.SH,中巨芯-U,22.9,-10.72,-2.75,27.1,27.8,22.58,25.65,733909.0,1822812989.0,12.45,2.67,1326.29,11.24,33829620400.0,13495405100.0
2026-07-20T10:45:28,688314.SH,康拓医疗,32.01,-11.11,-4.0,35.91,35.91,31.51,36.01,17565.0,59214156.0,2.15,2.74,49.64,3.66,2612920987.0,2612920987.0
2026-07-20T10:45:28,301086.SZ,鸿富瀚,114.86,-11.18,-14.46,133.28,136.68,113.12,129.32,31714.0,393740271.4,4.84,2.48,93.08,7.46,14456762012.0,7529407357.0
2026-07-20T10:45:28,301583.SZ,托伦斯,120.7,-11.25,-15.3,144.02,146.88,115.01,136.0,98577.0,1281688015.15,31.97,1.99,382.25,12.1,22386674624.0,3721346721.0
2026-07-20T10:45:28,920701.BJ,豪声电子,12.2,-11.27,-1.55,13.44,13.5,11.57,13.75,55200.0,67933298.0,5.51,4.03,152.31,2.09,1673840000.0,1222528328.0
2026-07-20T10:45:28,688502.SH,茂莱光学,403.59,-11.28,-51.31,469.97,469.97,392.09,454.9,16573.0,707073841.0,3.14,2.17,-479.61,18.08,21309853885.0,21309853885.0
2026-07-20T10:45:28,300440.SZ,运达科技,17.3,-11.37,-2.22,19.78,19.89,17.25,19.52,97985.0,180294989.0,2.23,2.76,-122.38,4.61,7645158910.0,7615834805.0
2026-07-20T10:45:28,688635.SH,长进光子,264.02,-11.4,-33.96,299.0,302.49,259.5,297.98,16086.0,448247662.0,9.06,2.85,310.9,16.53,24730753400.0,4688075618.0
2026-07-20T10:45:28,688106.SH,金宏气体,29.19,-11.55,-3.81,34.0,34.0,28.7,33.0,372969.0,1146803356.0,6.97,2.03,802.4,4.02,15627884881.0,15627884881.0
2026-07-20T10:45:28,300631.SZ,久吾高科,19.35,-11.6,-2.54,19.21,19.67,19.1,21.89,35932.0,69797726.44,2.95,2.73,38.21,1.83,2419358054.0,2353058317.0
2026-07-20T10:45:28,688809.SH,强一股份,373.79,-11.63,-49.21,433.57,440.89,363.88,423.0,21825.0,865097363.0,8.42,2.83,108.09,11.96,48427970747.0,9685611344.0
2026-07-20T10:45:28,688308.SH,欧科亿,94.35,-11.82,-12.65,110.0,112.47,92.2,107.0,98842.0,1009215690.0,6.23,2.77,18.37,5.36,14981054150.0,14981054150.0
2026-07-20T10:45:28,301526.SZ,国际复材,27.7,-12.31,-3.89,33.0,33.47,27.3,31.59,1144119.0,3420596702.73,8.15,2.24,96.65,12.35,104453321930.0,38901683967.0
2026-07-20T10:45:28,688319.SH,欧林生物,26.57,-12.63,-3.84,30.09,30.41,26.45,30.41,95369.0,268929174.0,2.35,1.58,99.04,11.57,10771725101.0,10771725101.0
2026-07-20T10:45:28,300780.SZ,德恩精工,21.68,-12.97,-3.23,24.28,24.34,21.2,24.91,63555.0,145156674.4,5.91,2.15,-74.28,3.17,3179805600.0,2331318410.0
2026-07-20T10:45:28,688519.SH,南亚新材,249.41,-13.05,-37.42,296.64,300.0,246.12,286.83,60856.0,1644710883.0,2.59,2.32,97.67,20.83,58656354039.0,58656354039.0
2026-07-20T10:45:28,688685.SH,迈信林,33.39,-13.11,-5.04,39.18,39.54,32.46,38.43,68113.0,242874676.0,4.64,4.45,467.32,6.17,4903377161.0,4903377161.0
2026-07-20T10:45:28,688020.SH,方邦股份,123.12,-13.3,-18.88,145.55,146.88,119.99,142.0,36328.0,475862157.0,4.41,3.16,-146.5,7.71,10145457360.0,10145457360.0
2026-07-20T10:45:28,688146.SH,中船特气,214.84,-14.41,-36.16,252.0,257.99,205.0,251.0,129257.0,2940180464.0,8.92,2.43,163.47,18.93,113738823593.0,31145535695.0
2026-07-20T10:45:28,688260.SH,昀冢科技,69.46,-14.7,-11.97,82.77,84.01,68.2,81.43,39902.0,302692957.0,3.33,2.63,-39.39,51.61,8335200000.0,8335200000.0
2026-07-20T10:45:28,300163.SZ,先锋新材,4.91,-15.2,-0.88,5.6,5.69,4.88,5.79,427123.0,225273908.05,9.35,2.77,-54.76,4.24,2327340000.0,2241887548.0
2026-07-20T10:45:28,688498.SH,源杰科技,1403.0,-15.28,-253.0,1690.0,1690.0,1324.8,1656.0,56277.0,8335008459.0,4.58,3.46,243.36,70.87,174674028931.0,172417678032.0
2026-07-20T10:45:28,301042.SZ,安联锐视,35.18,-15.49,-6.45,39.51,40.0,34.47,41.63,61886.0,233655006.87,6.71,4.81,75.69,3.25,3404620278.0,3245391024.0
2026-07-20T10:45:28,688059.SH,华锐精密,71.5,-16.07,-13.69,80.98,83.98,70.82,85.19,91989.0,714791702.0,7.02,5.47,14.28,4.74,10008675463.0,9367214428.0
2026-07-20T10:45:28,301176.SZ,逸豪新材,41.58,-16.14,-8.0,50.5,50.68,40.43,49.58,133868.0,604353662.13,8.16,2.96,187.14,4.73,7029792014.0,6821349021.0
2026-07-20T10:45:28,301511.SZ,德福科技,79.77,-17.1,-16.45,98.14,99.0,78.5,96.22,305631.0,2637607203.49,8.16,3.63,85.38,12.28,50280785940.0,29884318938.0
2026-07-20T10:45:28,688207.SH,格灵深瞳,16.03,-18.67,-3.68,19.71,20.22,15.77,19.71,240452.0,424868457.0,9.28,3.62,-25.48,2.28,4151339546.0,4151339546.0
2026-07-20T10:45:28,300005.SZ,探路者,11.9,-19.97,-2.97,15.5,15.8,11.9,14.87,1022197.0,1319707605.65,11.66,6.33,46.58,4.88,10516056013.0,10430937098.0
2026-07-20T10:45:28,301092.SZ,争光股份,49.46,-19.99,-12.36,61.37,61.37,49.46,61.82,86933.0,454554798.76,14.27,2.41,94.08,3.43,6654115147.0,3014064406.0
2026-07-20T10:45:28,301217.SZ,铜冠铜箔,103.24,-20.0,-25.81,112.63,119.0,103.24,129.05,240812.0,2566450378.25,2.9,2.05,201.2,15.56,85587564763.0,85587564763.0
2026-07-20T10:45:28,688500.SH,慧辰股份,27.46,-20.01,-6.87,27.46,27.46,27.46,34.33,18355.0,50404148.0,2.45,3.5,-18.93,2.83,2086473354.0,2057232847.0
2026-07-20T10:45:28,920305.BJ,云创退,1.42,-29.7,-0.6,1.42,1.42,1.42,2.02,45417.0,6449191.28,5.6,0.85,-8.37,0.39,187974098.0,115163243.0
2026-07-20T10:45:28,920685.BJ,新芝生物,,,,,,,10.5,,,0.0,,34.53,1.74,960917381.0,612296727.0
2026-07-20T10:45:28,920680.BJ,广道退,,,,,,,0.86,,,0.0,,,,,
2026-07-20T10:45:28,920238.BJ,长鹰硬科,,,,,,,18.89,,,0.0,,,,,
2026-07-20T10:45:28,920176.BJ,维琪科技,,,,,,,22.16,,,0.0,,,,,
2026-07-20T10:45:28,920079.BJ,乔路铭,,,,,,,14.36,,,0.0,,,,,
2026-07-20T10:45:28,920065.BJ,千岸科技,,,,,,,24.3,,,0.0,,,,,
2026-07-20T10:45:28,833994.BJ,翰博高新,,,,,,,32.9,,,0.0,,,,,
2026-07-20T10:45:28,833874.BJ,泰祥股份,,,,,,,20.13,,,0.0,,,,,
2026-07-20T10:45:28,832317.BJ,观典防务,,,,,,,21.88,,,0.0,,,,,
2026-07-20T10:45:28,810014.BJ,莱特定转,,,,,,,100.0,,,0.0,,,,,200000000.0
2026-07-20T10:45:28,810013.BJ,万通定转,,,,,,,100.0,,,0.0,,,,,150000000.0
2026-07-20T10:45:28,810011.BJ,优机定转,,,,,,,100.0,,,0.0,,,,,120000000.0
2026-07-20T10:45:28,688825.SH,长鑫科技,,,,,,,8.66,,,0.0,,5.26,6.38,521269626082.0,
2026-07-20T10:45:28,688806.SH,泰诺麦博,,,,,,,14.46,,,0.0,,-17.27,7.37,6659497907.0,737831044.0
2026-07-20T10:45:28,688555.SH,退市泽达,,,,,,,1.12,,,0.0,,,,,
2026-07-20T10:45:28,688287.SH,退市观典,,,,,,,0.37,,,0.0,,,,,
2026-07-20T10:45:28,688277.SH,天智航-U,,,,,,,19.09,,,0.0,,-47.92,7.39,8904432358.0,8904432358.0
2026-07-20T10:45:28,688237.SH,超卓航科,,,,,,,53.5,,,0.0,,324.93,4.05,4797984432.0,4797984432.0
2026-07-20T10:45:28,688086.SH,退市紫晶,,,,,,,0.64,,,0.0,,,,,
2026-07-20T10:45:28,605081.SH,退市太和,,,,,,,0.4,,,0.0,,,,,
2026-07-20T10:45:28,603996.SH,退市中新,,,,,,,0.39,,,0.0,,,,,
2026-07-20T10:45:28,603963.SH,*ST大药,,,,,,,1.18,,,0.0,,,,,
2026-07-20T10:45:28,603603.SH,退市博天,,,,,,,0.39,,,0.0,,,,,
2026-07-20T10:45:28,603555.SH,ST贵人,,,,,,,0.67,,,0.0,,,,,
2026-07-20T10:45:28,603468.SH,津富士达,,,,,,,,,,0.0,,,,,
2026-07-20T10:45:28,603388.SH,*ST元成,,,,,,,0.58,,,0.0,,,,,
2026-07-20T10:45:28,603157.SH,退市拉夏,,,,,,,0.59,,,0.0,,,,,
2026-07-20T10:45:28,603133.SH,退市碳元,,,,,,,0.29,,,0.0,,,,,
2026-07-20T10:45:28,603056.SH,德邦股份,,,,,,,18.85,,,0.0,,,,,
2026-07-20T10:45:28,603003.SH,退市龙宇,,,,,,,2.44,,,0.0,,,,,
2026-07-20T10:45:28,601989.SH,中国重工,,,,,,,5.1,,,0.0,,,,,
2026-07-20T10:45:28,601558.SH,退市锐电,,,,,,,0.25,,,0.0,,,,,
2026-07-20T10:45:28,601299.SH,中国北车,,,,,,,29.98,,,0.0,,,,,
2026-07-20T10:45:28,601268.SH,*ST二重,,,,,,,2.35,,,0.0,,,,,
2026-07-20T10:45:28,601258.SH,*ST庞大,,,,,,,0.4,,,0.0,,,,,
2026-07-20T10:45:28,601028.SH,玉龙股份,,,,,,,12.83,,,0.0,,,,,
2026-07-20T10:45:28,600991.SH,广汽长丰,,,,,,,17.82,,,0.0,,,,,
2026-07-20T10:45:28,600978.SH,*ST宜生,,,,,,,0.52,,,0.0,,,,,
2026-07-20T10:45:28,600899.SH,*ST信联,,,,,,,1.13,,,0.0,,,,,
2026-07-20T10:45:28,600898.SH,*ST美讯,,,,,,,0.74,,,0.0,,,,,
2026-07-20T10:45:28,600896.SH,退市海医,,,,,,,1.12,,,0.0,,,,,
2026-07-20T10:45:28,600891.SH,退市秋林,,,,,,,0.38,,,0.0,,,,,
2026-07-20T10:45:28,600890.SH,退市中房,,,,,,,0.36,,,0.0,,,,,
2026-07-20T10:45:28,600878.SH,*ST北科,,,,,,,2.64,,,0.0,,,,,
2026-07-20T10:45:28,600870.SH,退市厦华,,,,,,,0.6,,,0.0,,,,,
2026-07-20T10:45:28,600856.SH,退市中天,,,,,,,0.27,,,0.0,,,,,
2026-07-20T10:45:28,600852.SH,*ST中川,,,,,,,0.72,,,0.0,,,,,
2026-07-20T10:45:28,600849.SH,上药转换,,,,,,,14.73,,,0.0,,,,,
2026-07-20T10:45:28,600842.SH,中西药业,,,,,,,13.96,,,0.0,,,,,
2026-07-20T10:45:28,600840.SH,新湖创业,,,,,,,23.8,,,0.0,,,,,
2026-07-20T10:45:28,600837.SH,海通证券,,,,,,,10.41,,,0.0,,,,,
2026-07-20T10:45:28,600836.SH,*ST易连,,,,,,,0.45,,,0.0,,,,,
2026-07-20T10:45:28,600832.SH,东方明珠,,,,,,,23.18,,,0.0,,,,,
2026-07-20T10:45:28,600823.SH,*ST世茂,,,,,,,0.43,,,0.0,,,,,
2026-07-20T10:45:28,600813.SH,ST鞍一工,,,,,,,3.83,,,0.0,,,,,
2026-07-20T10:45:28,600811.SH,*ST东方,,,,,,,0.36,,,0.0,,,,,
2026-07-20T10:45:28,600806.SH,退市昆机,,,,,,,1.47,,,0.0,,,,,
2026-07-20T10:45:28,600804.SH,退市鹏博,,,,,,,0.14,,,0.0,,,,,
2026-07-20T10:45:28,600799.SH,*ST龙科,,,,,,,0.54,,,0.0,,,,,
2026-07-20T10:45:28,600788.SH,*ST达曼,,,,,,,0.91,,,0.0,,,,,
2026-07-20T10:45:28,600786.SH,东方锅炉,,,,,,,82.2,,,0.0,,,,,
2026-07-20T10:45:28,600781.SH,退市辅仁,,,,,,,0.77,,,0.0,,,,,
2026-07-20T10:45:28,600772.SH,S*ST龙昌,,,,,,,1.3,,,0.0,,,,,
2026-07-20T10:45:28,600767.SH,退市运盛,,,,,,,0.42,,,0.0,,,,,
2026-07-20T10:45:28,600766.SH,退市园城,,,,,,,0.42,,,0.0,,,,,
2026-07-20T10:45:28,600762.SH,S*ST金荔,,,,,,,0.77,,,0.0,,,,,
2026-07-20T10:45:28,600752.SH,*ST哈慈,,,,,,,0.84,,,0.0,,,,,
2026-07-20T10:45:28,600747.SH,退市大控,,,,,,,0.26,,,0.0,,,,,
2026-07-20T10:45:28,600723.SH,首商股份,,,,,,,8.93,,,0.0,,,,,
2026-07-20T10:45:28,600709.SH,ST生态,,,,,,,3.02,,,0.0,,,,,
2026-07-20T10:45:28,600705.SH,中航产融,,,,,,,3.47,,,0.0,,,,,
2026-07-20T10:45:28,600701.SH,退市工新,,,,,,,0.45,,,0.0,,,,,
2026-07-20T10:45:28,600700.SH,*ST数码,,,,,,,0.64,,,0.0,,,,,
2026-07-20T10:45:28,600696.SH,退市岩石,,,,,,,0.74,,,0.0,,,,,
2026-07-20T10:45:28,600695.SH,退市绿庭,,,,,,,0.51,,,0.0,,,,,
2026-07-20T10:45:28,600687.SH,退市刚泰,,,,,,,0.3,,,0.0,,,,,
2026-07-20T10:45:28,600680.SH,*ST上普,,,,,,,7.69,,,0.0,,,,,
2026-07-20T10:45:28,600677.SH,*ST航通,,,,,,,3.01,,,0.0,,,,,
2026-07-20T10:45:28,600672.SH,*ST华圣,,,,,,,0.7,,,0.0,,,,,
2026-07-20T10:45:28,600670.SH,*ST斯达,,,,,,,2.87,,,0.0,,,,,
2026-07-20T10:45:28,600669.SH,*ST鞍成,,,,,,,2.19,,,0.0,,,,,
2026-07-20T10:45:28,600659.SH,*ST花雕,,,,,,,1.41,,,0.0,,,,,
2026-07-20T10:45:28,600656.SH,退市博元,,,,,,,4.49,,,0.0,,,,,
2026-07-20T10:45:28,600652.SH,退市游久,,,,,,,1.19,,,0.0,,,,,
2026-07-20T10:45:28,600647.SH,退市同达,,,,,,,1.52,,,0.0,,,,,
2026-07-20T10:45:28,600646.SH,ST国嘉,,,,,,,5.82,,,0.0,,,,,
2026-07-20T10:45:28,600636.SH,退市国化,,,,,,,1.71,,,0.0,,,,,
2026-07-20T10:45:28,600634.SH,退市富控,,,,,,,0.28,,,0.0,,,,,
2026-07-20T10:45:28,600632.SH,华联商厦,,,,,,,9.53,,,0.0,,,,,
2026-07-20T10:45:28,600631.SH,百联股份,,,,,,,15.68,,,0.0,,,,,
2026-07-20T10:45:28,600627.SH,上电股份,,,,,,,28.73,,,0.0,,,,,
2026-07-20T10:45:28,600625.SH,PT水仙,,,,,,,4.8,,,0.0,,,,,
2026-07-20T10:45:28,600614.SH,退市鹏起,,,,,,,0.26,,,0.0,,,,,
2026-07-20T10:45:28,600608.SH,退市沪科,,,,,,,0.17,,,0.0,,,,,
2026-07-20T10:45:28,600607.SH,上实医药,,,,,,,23.52,,,0.0,,,,,
2026-07-20T10:45:28,600599.SH,退市熊猫,,,,,,,0.43,,,0.0,,,,,
2026-07-20T10:45:28,600591.SH,*ST上航,,,,,,,7.27,,,0.0,,,,,
2026-07-20T10:45:28,600565.SH,ST迪马,,,,,,,0.85,,,0.0,,,,,
2026-07-20T10:45:28,600555.SH,退市海创,,,,,,,0.26,,,0.0,,,,,
2026-07-20T10:45:28,600553.SH,太行水泥,,,,,,,14.98,,,0.0,,,,,
2026-07-20T10:45:28,600532.SH,退市未来,,,,,,,0.72,,,0.0,,,,,
2026-07-20T10:45:28,600485.SH,*ST信威,,,,,,,1.39,,,0.0,,,,,
2026-07-20T10:45:28,600472.SH,包头铝业,,,,,,,51.82,,,0.0,,,,,
2026-07-20T10:45:28,600466.SH,*ST蓝光,,,,,,,0.4,,,0.0,,,,,
2026-07-20T10:45:28,600462.SH,退市九有,,,,,,,0.21,,,0.0,,,,,
2026-07-20T10:45:28,600432.SH,退市吉恩,,,,,,,1.38,,,0.0,,,,,
2026-07-20T10:45:28,600421.SH,退市华嵘,,,,,,,0.24,,,0.0,,,,,
2026-07-20T10:45:28,600401.SH,退市海润,,,,,,,0.15,,,0.0,,,,,
2026-07-20T10:45:28,600393.SH,ST粤泰,,,,,,,0.37,,,0.0,,,,,
2026-07-20T10:45:28,600387.SH,退市海越,,,,,,,0.94,,,0.0,,,,,
2026-07-20T10:45:28,600385.SH,退市金泰,,,,,,,1.2,,,0.0,,,,,
2026-07-20T10:45:28,600357.SH,承德钒钛,,,,,,,7.4,,,0.0,,,,,
2026-07-20T10:45:28,600355.SH,*ST精伦,,,,,,,0.58,,,0.0,,,,,
2026-07-20T10:45:28,600321.SH,正源股份,,,,,,,0.5,,,0.0,,,,,
2026-07-20T10:45:28,600317.SH,营口港,,,,,,,2.6,,,0.0,,,,,
2026-07-20T10:45:28,600311.SH,*ST荣华,,,,,,,0.61,,,0.0,,,,,
2026-07-20T10:45:28,600306.SH,退市商城,,,,,,,0.29,,,0.0,,,,,
2026-07-20T10:45:28,600297.SH,广汇汽车,,,,,,,0.78,,,0.0,,,,,
2026-07-20T10:45:28,600296.SH,S兰铝,,,,,,,14.61,,,0.0,,,,,
2026-07-20T10:45:28,600291.SH,退市西水,,,,,,,0.89,,,0.0,,,,,
2026-07-20T10:45:28,600290.SH,*ST华仪,,,,,,,0.37,,,0.0,,,,,
2026-07-20T10:45:28,600286.SH,S*ST国瓷,,,,,,,0.67,,,0.0,,,,,
2026-07-20T10:45:28,600277.SH,ST亿利,,,,,,,0.38,,,0.0,,,,,
2026-07-20T10:45:28,600275.SH,退市昌鱼,,,,,,,0.41,,,0.0,,,,,
2026-07-20T10:45:28,600270.SH,外运发展,,,,,,,20.99,,,0.0,,,,,
2026-07-20T10:45:28,600263.SH,路桥建设,,,,,,,16.43,,,0.0,,,,,
2026-07-20T10:45:28,600260.SH,*ST凯乐,,,,,,,0.47,,,0.0,,,,,
2026-07-20T10:45:28,600253.SH,天方药业,,,,,,,6.26,,,0.0,,,,,
2026-07-20T10:45:28,600247.SH,*ST成城,,,,,,,0.65,,,0.0,,,,,
2026-07-20T10:45:28,600242.SH,退市中昌,,,,,,,0.25,,,0.0,,,,,
2026-07-20T10:45:28,600240.SH,退市华业,,,,,,,0.41,,,0.0,,,,,
2026-07-20T10:45:28,600225.SH,退市卓朗,,,,,,,0.29,,,0.0,,,,,
2026-07-20T10:45:28,600220.SH,ST阳光,,,,,,,0.37,,,0.0,,,,,
2026-07-20T10:45:28,600213.SH,*ST亚星,,,,,,,6.36,,,0.0,,,,,
2026-07-20T10:45:28,600209.SH,退市罗顿,,,,,,,1.18,,,0.0,,,,,
2026-07-20T10:45:28,600205.SH,S山东铝,,,,,,,25.41,,,0.0,,,,,
2026-07-20T10:45:28,600200.SH,退市苏吴,,,,,,,0.29,,,0.0,,,,,
2026-07-20T10:45:28,600193.SH,退市创兴,,,,,,,0.16,,,0.0,,,,,
2026-07-20T10:45:28,600190.SH,退市锦港,,,,,,,0.63,,,0.0,,,,,
2026-07-20T10:45:28,600181.SH,S*ST云大,,,,,,,1.02,,,0.0,,,,,
2026-07-20T10:45:28,600175.SH,退市美都,,,,,,,0.21,,,0.0,,,,,
2026-07-20T10:45:28,600146.SH,退市环球,,,,,,,0.22,,,0.0,,,,,
2026-07-20T10:45:28,600145.SH,退市新亿,,,,,,,0.34,,,0.0,,,,,
2026-07-20T10:45:28,600139.SH,*ST西源,,,,,,,0.74,,,0.0,,,,,
2026-07-20T10:45:28,600122.SH,*ST宏图,,,,,,,0.38,,,0.0,,,,,
2026-07-20T10:45:28,600112.SH,*ST天成,,,,,,,0.73,,,0.0,,,,,
2026-07-20T10:45:28,600102.SH,莱钢股份,,,,,,,7.13,,,0.0,,,,,
2026-07-20T10:45:28,600093.SH,退市易见,,,,,,,0.5,,,0.0,,,,,
2026-07-20T10:45:28,600092.SH,S*ST精密,,,,,,,0.96,,,0.0,,,,,
2026-07-20T10:45:28,600091.SH,退市明科,,,,,,,0.76,,,0.0,,,,,
2026-07-20T10:45:28,600090.SH,退市济堂,,,,,,,0.27,,,0.0,,,,,
2026-07-20T10:45:28,600087.SH,退市长油,,,,,,,0.83,,,0.0,,,,,
2026-07-20T10:45:28,600086.SH,退市金钰,,,,,,,0.16,,,0.0,,,,,
2026-07-20T10:45:28,600083.SH,*ST博信,,,,,,,0.92,,,0.0,,,,,
2026-07-20T10:45:28,600077.SH,*ST宋都,,,,,,,0.41,,,0.0,,,,,
2026-07-20T10:45:28,600074.SH,退市保千,,,,,,,0.17,,,0.0,,,,,
2026-07-20T10:45:28,600070.SH,*ST富润,,,,,,,0.42,,,0.0,,,,,
2026-07-20T10:45:28,600069.SH,退市银鸽,,,,,,,0.28,,,0.0,,,,,
2026-07-20T10:45:28,600068.SH,葛洲坝,,,,,,,9.93,,,0.0,,,,,
2026-07-20T10:45:28,600065.SH,*ST联谊,,,,,,,1.7,,,0.0,,,,,
2026-07-20T10:45:28,600005.SH,武钢股份,,,,,,,3.71,,,0.0,,,,,
2026-07-20T10:45:28,600003.SH,ST东北高,,,,,,,3.87,,,0.0,,,,,
2026-07-20T10:45:28,600002.SH,齐鲁石化,,,,,,,10.09,,,0.0,,,,,
2026-07-20T10:45:28,600001.SH,邯郸钢铁,,,,,,,5.29,,,0.0,,,,,
2026-07-20T10:45:28,301707.SZ,展芯股份,,,,,,,,,,0.0,,,,,
2026-07-20T10:45:28,301677.SZ,欣兴工具,,,,,,,33.58,,,0.0,,13.31,1.8,2518500000.0,
2026-07-20T10:45:28,301234.SZ,五洲医疗,,,,,,,34.0,,,0.0,,71.79,3.06,2312000000.0,1365800842.0
2026-07-20T10:45:28,300799.SZ,左江退,,,,,,,1.08,,,0.0,,,,,
2026-07-20T10:45:28,300742.SZ,越博退,,,,,,,0.18,,,0.0,,,,,
2026-07-20T10:45:28,300630.SZ,普利退,,,,,,,0.89,,,0.0,,,,,
2026-07-20T10:45:28,300526.SZ,中潜退,,,,,,,0.56,,,0.0,,,,,
2026-07-20T10:45:28,300495.SZ,*ST美尚,,,,,,,0.13,,,0.0,,,,,
2026-07-20T10:45:28,300431.SZ,暴风退,,,,,,,0.28,,,0.0,,,,,
2026-07-20T10:45:28,300392.SZ,腾信退,,,,,,,0.21,,,0.0,,,,,
2026-07-20T10:45:28,300391.SZ,长药退,,,,,,,0.19,,,0.0,,,,,
2026-07-20T10:45:28,300379.SZ,东通退,,,,,,,1.72,,,0.0,,,,,
2026-07-20T10:45:28,300372.SZ,欣泰退,,,,,,,1.48,,,0.0,,,,,
2026-07-20T10:45:28,300367.SZ,网力退,,,,,,,0.29,,,0.0,,,,,
2026-07-20T10:45:28,300362.SZ,天翔退,,,,,,,1.34,,,0.0,,,,,
2026-07-20T10:45:28,300356.SZ,光一退,,,,,,,1.69,,,0.0,,,,,
2026-07-20T10:45:28,300344.SZ,立方退,,,,,,,0.25,,,0.0,,,,,
2026-07-20T10:45:28,300336.SZ,新文退,,,,,,,0.25,,,0.0,,,,,
2026-07-20T10:45:28,300330.SZ,计通退,,,,,,,2.45,,,0.0,,,,,
2026-07-20T10:45:28,300325.SZ,德威退,,,,,,,0.25,,,0.0,,,,,
2026-07-20T10:45:28,300312.SZ,邦讯退,,,,,,,0.3,,,0.0,,,,,
2026-07-20T10:45:28,300309.SZ,吉艾退,,,,,,,0.23,,,0.0,,,,,
2026-07-20T10:45:28,300297.SZ,蓝盾退,,,,,,,0.23,,,0.0,,,,,
2026-07-20T10:45:28,300282.SZ,三盛退,,,,,,,0.13,,,0.0,,,,,
2026-07-20T10:45:28,300280.SZ,紫天退,,,,,,,0.33,,,0.0,,,,,
2026-07-20T10:45:28,300273.SZ,和佳退,,,,,,,0.38,,,0.0,,,,,
2026-07-20T10:45:28,300262.SZ,*ST巴安,,,,,,,0.68,,,0.0,,,,,
2026-07-20T10:45:28,300216.SZ,千山退,,,,,,,0.19,,,0.0,,,,,
2026-07-20T10:45:28,300208.SZ,中程退,,,,,,,0.28,,,0.0,,,,,
2026-07-20T10:45:28,300202.SZ,聚龙退,,,,,,,0.5,,,0.0,,,,,
2026-07-20T10:45:28,300186.SZ,大华农,,,,,,,45.72,,,0.0,,,,,
2026-07-20T10:45:28,300178.SZ,腾邦退,,,,,,,0.2,,,0.0,,,,,
2026-07-20T10:45:28,300156.SZ,神雾退,,,,,,,0.12,,,0.0,,,,,
2026-07-20T10:45:28,300117.SZ,*ST嘉寓,,,,,,,0.43,,,0.0,,,,,
2026-07-20T10:45:28,300116.SZ,*ST保力,,,,,,,0.11,,,0.0,,,,,
2026-07-20T10:45:28,300108.SZ,*ST吉药,,,,,,,0.21,,,0.0,,,,,
2026-07-20T10:45:28,300104.SZ,乐视退,,,,,,,0.18,,,0.0,,,,,
2026-07-20T10:45:28,300090.SZ,盛运退,,,,,,,0.12,,,0.0,,,,,
2026-07-20T10:45:28,300089.SZ,文化退,,,,,,,0.19,,,0.0,,,,,
2026-07-20T10:45:28,300064.SZ,金刚退,,,,,,,1.32,,,0.0,,,,,
2026-07-20T10:45:28,300038.SZ,数知退,,,,,,,0.3,,,0.0,,,,,
2026-07-20T10:45:28,300029.SZ,天龙退,,,,,,,0.12,,,0.0,,,,,
2026-07-20T10:45:28,300028.SZ,金亚退,,,,,,,0.3,,,0.0,,,,,
2026-07-20T10:45:28,300023.SZ,宝德退,,,,,,,1.09,,,0.0,,,,,
2026-07-20T10:45:28,002898.SZ,赛隆退,,,,,,,0.37,,,0.0,,,,,
2026-07-20T10:45:28,002808.SZ,恒久退,,,,,,,0.22,,,0.0,,,,,
2026-07-20T10:45:28,002781.SZ,奇信退,,,,,,,0.42,,,0.0,,,,,
2026-07-20T10:45:28,002776.SZ,*ST柏龙,,,,,,,0.4,,,0.0,,,,,
2026-07-20T10:45:28,002770.SZ,科迪退,,,,,,,0.6,,,0.0,,,,,
2026-07-20T10:45:28,002751.SZ,易尚退,,,,,,,0.86,,,0.0,,,,,
2026-07-20T10:45:28,002750.SZ,龙津退,,,,,,,0.59,,,0.0,,,,,
2026-07-20T10:45:28,002740.SZ,*ST爱迪,,,,,,,0.38,,,0.0,,,,,
2026-07-20T10:45:28,002711.SZ,欧浦退,,,,,,,0.32,,,0.0,,,,,
2026-07-20T10:45:28,002699.SZ,*ST美盛,,,,,,,0.41,,,0.0,,,,,
2026-07-20T10:45:28,002684.SZ,猛狮退,,,,,,,0.69,,,0.0,,,,,
2026-07-20T10:45:28,002680.SZ,长生退,,,,,,,0.77,,,0.0,,,,,
2026-07-20T10:45:28,002665.SZ,ST航高,,,,,,,0.37,,,0.0,,,,,
2026-07-20T10:45:28,002621.SZ,*ST美吉,,,,,,,0.37,,,0.0,,,,,
2026-07-20T10:45:28,002619.SZ,*ST艾格,,,,,,,0.56,,,0.0,,,,,
2026-07-20T10:45:28,002618.SZ,丹邦退,,,,,,,1.26,,,0.0,,,,,
2026-07-20T10:45:28,002610.SZ,ST爱康,,,,,,,0.37,,,0.0,,,,,
2026-07-20T10:45:28,002604.SZ,龙力退,,,,,,,0.25,,,0.0,,,,,
2026-07-20T10:45:28,002509.SZ,天茂退,,,,,,,0.15,,,0.0,,,,,
2026-07-20T10:45:28,002505.SZ,鹏都农牧,,,,,,,0.36,,,0.0,,,,,
2026-07-20T10:45:28,002504.SZ,*ST弘高,,,,,,,0.38,,,0.0,,,,,
2026-07-20T10:45:28,002503.SZ,*ST搜特,,,,,,,0.42,,,0.0,,,,,
2026-07-20T10:45:28,002502.SZ,ST鼎龙,,,,,,,0.64,,,0.0,,,,,
2026-07-20T10:45:28,002499.SZ,科林退,,,,,,,0.86,,,0.0,,,,,
2026-07-20T10:45:28,002477.SZ,雏鹰退,,,,,,,0.17,,,0.0,,,,,
2026-07-20T10:45:28,002473.SZ,圣莱退,,,,,,,0.79,,,0.0,,,,,
2026-07-20T10:45:28,002464.SZ,众应退,,,,,,,0.26,,,0.0,,,,,
2026-07-20T10:45:28,002450.SZ,康得退,,,,,,,0.2,,,0.0,,,,,
2026-07-20T10:45:28,002447.SZ,晨鑫退,,,,,,,0.19,,,0.0,,,,,
2026-07-20T10:45:28,002435.SZ,ST长康,,,,,,,0.37,,,0.0,,,,,
2026-07-20T10:45:28,002433.SZ,太安退,,,,,,,0.27,,,0.0,,,,,
2026-07-20T10:45:28,002417.SZ,深南退,,,,,,,0.45,,,0.0,,,,,
2026-07-20T10:45:28,002411.SZ,必康退,,,,,,,0.62,,,0.0,,,,,
2026-07-20T10:45:28,002359.SZ,北讯退,,,,,,,0.35,,,0.0,,,,,
2026-07-20T10:45:28,002341.SZ,ST新纶,,,,,,,0.61,,,0.0,,,,,
2026-07-20T10:45:28,002336.SZ,人乐退,,,,,,,0.36,,,0.0,,,,,
2026-07-20T10:45:28,002325.SZ,*ST洪涛,,,,,,,0.38,,,0.0,,,,,
2026-07-20T10:45:28,002308.SZ,*ST威创,,,,,,,0.37,,,0.0,,,,,
2026-07-20T10:45:28,002288.SZ,*ST超华,,,,,,,0.37,,,0.0,,,,,
2026-07-20T10:45:28,002280.SZ,ST联络,,,,,,,0.37,,,0.0,,,,,
2026-07-20T10:45:28,002260.SZ,德奥退,,,,,,,0.53,,,0.0,,,,,
2026-07-20T10:45:28,002231.SZ,*ST奥维,,,,,,,0.6,,,0.0,,,,,
2026-07-20T10:45:28,002220.SZ,天宝退,,,,,,,0.26,,,0.0,,,,,
2026-07-20T10:45:28,002147.SZ,新光退,,,,,,,0.37,,,0.0,,,,,
2026-07-20T10:45:28,002143.SZ,印纪退,,,,,,,0.25,,,0.0,,,,,
2026-07-20T10:45:28,002118.SZ,*ST紫鑫,,,,,,,0.37,,,0.0,,,,,
2026-07-20T10:45:28,002113.SZ,*ST天润,,,,,,,0.41,,,0.0,,,,,
2026-07-20T10:45:28,002089.SZ,新海退,,,,,,,0.24,,,0.0,,,,,
2026-07-20T10:45:28,002087.SZ,新纺退,,,,,,,0.16,,,0.0,,,,,
2026-07-20T10:45:28,002071.SZ,长城退,,,,,,,0.31,,,0.0,,,,,
2026-07-20T10:45:28,002070.SZ,众和退,,,,,,,0.71,,,0.0,,,,,
2026-07-20T10:45:28,002018.SZ,华信退,,,,,,,0.26,,,0.0,,,,,
2026-07-20T10:45:28,002013.SZ,中航机电,,,,,,,10.78,,,0.0,,,,,
2026-07-20T10:45:28,002002.SZ,ST鸿达,,,,,,,0.58,,,0.0,,,,,
2026-07-20T10:45:28,001232.SZ,嘉立创,,,,,,,,,,0.0,,,,,
2026-07-20T10:45:28,000996.SZ,中期退,,,,,,,0.38,,,0.0,,,,,
2026-07-20T10:45:28,000982.SZ,中银绒业,,,,,,,0.18,,,0.0,,,,,
2026-07-20T10:45:28,000979.SZ,中弘退,,,,,,,0.22,,,0.0,,,,,
2026-07-20T10:45:28,000976.SZ,*ST华铁,,,,,,,0.41,,,0.0,,,,,
2026-07-20T10:45:28,000971.SZ,*ST高升,,,,,,,0.55,,,0.0,,,,,
2026-07-20T10:45:28,000961.SZ,ST中南,,,,,,,0.56,,,0.0,,,,,
2026-07-20T10:45:28,000956.SZ,中原油气,,,,,,,11.91,,,0.0,,,,,
2026-07-20T10:45:28,000939.SZ,凯迪退,,,,,,,0.15,,,0.0,,,,,
2026-07-20T10:45:28,000918.SZ,*ST嘉凯,,,,,,,0.49,,,0.0,,,,,
2026-07-20T10:45:28,000916.SZ,华北高速,,,,,,,8.82,,,0.0,,,,,
2026-07-20T10:45:28,000866.SZ,扬子石化,,,,,,,13.84,,,0.0,,,,,
2026-07-20T10:45:28,000861.SZ,海印股份,,,,,,,0.62,,,0.0,,,,,
2026-07-20T10:45:28,000851.SZ,*ST高鸿,,,,,,,0.38,,,0.0,,,,,
2026-07-20T10:45:28,000836.SZ,ST富通,,,,,,,0.37,,,0.0,,,,,
2026-07-20T10:45:28,000835.SZ,长动退,,,,,,,0.35,,,0.0,,,,,
2026-07-20T10:45:28,000832.SZ,*ST龙涤,,,,,,,1.45,,,0.0,,,,,
2026-07-20T10:45:28,000827.SZ,*ST长兴,,,,,,,1.16,,,0.0,,,,,
2026-07-20T10:45:28,000817.SZ,辽河油田,,,,,,,8.75,,,0.0,,,,,
2026-07-20T10:45:28,000806.SZ,银河退,,,,,,,0.43,,,0.0,,,,,
2026-07-20T10:45:28,000805.SZ,*ST炎黄,,,,,,,1.88,,,0.0,,,,,
2026-07-20T10:45:28,000787.SZ,*ST创智,,,,,,,4.68,,,0.0,,,,,
2026-07-20T10:45:28,000780.SZ,ST平能,,,,,,,10.95,,,0.0,,,,,
2026-07-20T10:45:28,000769.SZ,*ST大菲,,,,,,,0.9,,,0.0,,,,,
2026-07-20T10:45:28,000765.SZ,*ST华信,,,,,,,2.36,,,0.0,,,,,
2026-07-20T10:45:28,000763.SZ,锦州石化,,,,,,,4.22,,,0.0,,,,,
2026-07-20T10:45:28,000760.SZ,斯太退,,,,,,,0.26,,,0.0,,,,,
2026-07-20T10:45:28,000748.SZ,长城信息,,,,,,,20.31,,,0.0,,,,,
2026-07-20T10:45:28,000732.SZ,ST泰禾,,,,,,,0.43,,,0.0,,,,,
2026-07-20T10:45:28,000730.SZ,*ST环保,,,,,,,2.6,,,0.0,,,,,
2026-07-20T10:45:28,000699.SZ,S*ST佳纸,,,,,,,0.81,,,0.0,,,,,
2026-07-20T10:45:28,000693.SZ,华泽退,,,,,,,0.37,,,0.0,,,,,
2026-07-20T10:45:28,000689.SZ,ST宏业,,,,,,,4.88,,,0.0,,,,,
2026-07-20T10:45:28,000687.SZ,华讯退,,,,,,,0.29,,,0.0,,,,,
2026-07-20T10:45:28,000675.SZ,ST银山,,,,,,,7.94,,,0.0,,,,,
2026-07-20T10:45:28,000673.SZ,当代退,,,,,,,0.25,,,0.0,,,,,
2026-07-20T10:45:28,000671.SZ,ST阳光城,,,,,,,0.37,,,0.0,,,,,
2026-07-20T10:45:28,000667.SZ,ST美置,,,,,,,0.58,,,0.0,,,,,
2026-07-20T10:45:28,000666.SZ,经纬纺机,,,,,,,8.97,,,0.0,,,,,
2026-07-20T10:45:28,000662.SZ,天夏退,,,,,,,0.25,,,0.0,,,,,
2026-07-20T10:45:28,000660.SZ,*ST南华,,,,,,,2.38,,,0.0,,,,,
2026-07-20T10:45:28,000658.SZ,ST海洋,,,,,,,4.24,,,0.0,,,,,
2026-07-20T10:45:28,000653.SZ,ST九州,,,,,,,2.51,,,0.0,,,,,
2026-07-20T10:45:28,000638.SZ,*ST万方,,,,,,,0.89,,,0.0,,,,,
2026-07-20T10:45:28,000627.SZ,*ST天茂,,,,,,,1.58,,,0.0,,,,,
2026-07-20T10:45:28,000622.SZ,恒立退,,,,,,,0.15,,,0.0,,,,,
2026-07-20T10:45:28,000621.SZ,*ST比特,,,,,,,2.66,,,0.0,,,,,
2026-07-20T10:45:28,000618.SZ,吉林化工,,,,,,,5.24,,,0.0,,,,,
2026-07-20T10:45:28,000616.SZ,*ST海投,,,,,,,0.85,,,0.0,,,,,
2026-07-20T10:45:28,000613.SZ,东海A退,,,,,,,0.58,,,0.0,,,,,
2026-07-20T10:45:28,000611.SZ,天首退,,,,,,,1.39,,,0.0,,,,,
2026-07-20T10:45:28,000606.SZ,顺利退,,,,,,,0.28,,,0.0,,,,,
2026-07-20T10:45:28,000602.SZ,金马集团,,,,,,,13.41,,,0.0,,,,,
2026-07-20T10:45:28,000594.SZ,国恒退,,,,,,,1.29,,,0.0,,,,,
2026-07-20T10:45:28,000588.SZ,PT粤金曼,,,,,,,4.37,,,0.0,,,,,
2026-07-20T10:45:28,000587.SZ,*ST金洲,,,,,,,0.72,,,0.0,,,,,
2026-07-20T10:45:28,000585.SZ,东电退,,,,,,,0.35,,,0.0,,,,,
2026-07-20T10:45:28,000584.SZ,工智退,,,,,,,0.29,,,0.0,,,,,
2026-07-20T10:45:28,000583.SZ,S*ST托普,,,,,,,0.76,,,0.0,,,,,
2026-07-20T10:45:28,000578.SZ,盐湖集团,,,,,,,24.44,,,0.0,,,,,
2026-07-20T10:45:28,000569.SZ,长城股份,,,,,,,7.05,,,0.0,,,,,
2026-07-20T10:45:28,000562.SZ,宏源证券,,,,,,,30.5,,,0.0,,,,,
2026-07-20T10:45:28,000556.SZ,PT南洋,,,,,,,1.5,,,0.0,,,,,
2026-07-20T10:45:28,000549.SZ,S湘火炬,,,,,,,8.9,,,0.0,,,,,
2026-07-20T10:45:28,000542.SZ,TCL通讯,,,,,,,27.34,,,0.0,,,,,
2026-07-20T10:45:28,000540.SZ,*ST中天,,,,,,,0.4,,,0.0,,,,,
2026-07-20T10:45:28,000535.SZ,*ST猴王,,,,,,,0.5,,,0.0,,,,,
2026-07-20T10:45:28,000527.SZ,美的电器,,,,,,,14.02,,,0.0,,,,,
2026-07-20T10:45:28,000522.SZ,白云山A,,,,,,,23.27,,,0.0,,,,,
2026-07-20T10:45:28,000515.SZ,攀渝钛业,,,,,,,15.29,,,0.0,,,,,
2026-07-20T10:45:28,000511.SZ,烯碳退,,,,,,,0.61,,,0.0,,,,,
2026-07-20T10:45:28,000508.SZ,琼民源A,,,,,,,,,,0.0,,,,,
2026-07-20T10:45:28,000502.SZ,绿景退,,,,,,,0.59,,,0.0,,,,,
2026-07-20T10:45:28,000418.SZ,小天鹅A,,,,,,,57.39,,,0.0,,,,,
2026-07-20T10:45:28,000416.SZ,*ST民控,,,,,,,0.45,,,0.0,,,,,
2026-07-20T10:45:28,000413.SZ,ST旭电,,,,,,,0.37,,,0.0,,,,,
2026-07-20T10:45:28,000412.SZ,ST五环,,,,,,,2.89,,,0.0,,,,,
2026-07-20T10:45:28,000406.SZ,石油大明,,,,,,,10.12,,,0.0,,,,,
2026-07-20T10:45:28,000405.SZ,ST鑫光,,,,,,,2.86,,,0.0,,,,,
2026-07-20T10:45:28,000150.SZ,*ST宜康,,,,,,,0.51,,,0.0,,,,,
2026-07-20T10:45:28,000047.SZ,ST中侨,,,,,,,8.03,,,0.0,,,,,
2026-07-20T10:45:28,000046.SZ,*ST泛海,,,,,,,0.38,,,0.0,,,,,
2026-07-20T10:45:28,000040.SZ,*ST旭蓝,,,,,,,0.49,,,0.0,,,,,
2026-07-20T10:45:28,000038.SZ,大通退,,,,,,,0.52,,,0.0,,,,,
2026-07-20T10:45:28,000033.SZ,新都退,,,,,,,1.7,,,0.0,,,,,
2026-07-20T10:45:28,000024.SZ,招商地产,,,,,,,40.5,,,0.0,,,,,
2026-07-20T10:45:28,000023.SZ,*ST深天,,,,,,,1.72,,,0.0,,,,,
2026-07-20T10:45:28,000018.SZ,神城A退,,,,,,,0.27,,,0.0,,,,,
2026-07-20T10:45:28,000015.SZ,PT中浩A,,,,,,,6.85,,,0.0,,,,,
2026-07-20T10:45:28,000013.SZ,*ST石化A,,,,,,,2.47,,,0.0,,,,,
2026-07-20T10:45:28,000005.SZ,ST星源,,,,,,,0.83,,,0.0,,,,,
2026-07-20T10:45:28,000004.SZ,国华退,,,,,,,0.51,,,0.0,,,,,
2026-07-20T10:45:28,000003.SZ,PT金田A,,,,,,,2.71,,,0.0,,,,,
