membership_id,company_id,industry_id,valid_from,valid_to,available_time,source,evidence_kind,confidence
MEMBERSHIP_801a13e78b7fc9f14d35,CNINFO_ORG_gssh0600000,INDUSTRY_b5ff8607e606f7dd55ba,2026-08-10,,2026-08-16T13:48:42+00:00,BaoStock query_stock_industry,observation,medium
MEMBERSHIP_7a539dbb08dec967ca2d,CNINFO_ORG_gssh0600004,INDUSTRY_aff052295ad57fe9c64a,2026-08-10,,2026-08-16T13:48:42+00:00,BaoStock query_stock_industry,observation,medium
MEMBERSHIP_8c80837c2753354a71de,CNINFO_ORG_gssh0600006,INDUSTRY_e7fb954d2ab5bf5bc733,2026-08-10,,2026-08-16T13:48:42+00:00,BaoStock query_stock_industry,observation,medium
MEMBERSHIP_948cb66b0dde27e36f2b,CNINFO_ORG_gssh0600007,INDUSTRY_465aebe5f53921515851,2026-08-10,,2026-08-16T13:48:42+00:00,BaoStock query_stock_industry,observation,medium
MEMBERSHIP_6890264edad3d13df6bb,CNINFO_ORG_gssh0600008,INDUSTRY_7f6973b5c1a2122e9e27,2026-08-10,,2026-08-16T13:48:42+00:00,BaoStock query_stock_industry,observation,medium
MEMBERSHIP_0173fcce62c65488fd14,CNINFO_ORG_gssh0600009,INDUSTRY_aff052295ad57fe9c64a,2026-08-10,,2026-08-16T13:48:42+00:00,BaoStock query_stock_industry,observation,medium
MEMBERSHIP_3822fa39c0e7af7e9606,CNINFO_ORG_gssh0600010,INDUSTRY_f54ff34c4bdec689eff1,2026-08-10,,2026-08-16T13:48:42+00:00,BaoStock query_stock_industry,observation,medium
MEMBERSHIP_fe69f37bba95d2596602,CNINFO_ORG_gssh0600011,INDUSTRY_f9da9c9738f21980b6d7,2026-08-10,,2026-08-16T13:48:42+00:00,BaoStock query_stock_industry,observation,medium
MEMBERSHIP_00155a7f113007221b6b,CNINFO_ORG_gssh0600012,INDUSTRY_78ad5e2bbce7305748bd,2026-08-10,,2026-08-16T13:48:42+00:00,BaoStock query_stock_industry,observation,medium
MEMBERSHIP_46c5e157f03a4c16e789,CNINFO_ORG_gssh0600015,INDUSTRY_b5ff8607e606f7dd55ba,2026-08-10,,2026-08-16T13:48:42+00:00,BaoStock query_stock_industry,observation,medium
MEMBERSHIP_5aa8a379b6c6ec80cbb8,CNINFO_ORG_gssh0600016,INDUSTRY_b5ff8607e606f7dd55ba,2026-08-10,,2026-08-16T13:48:42+00:00,BaoStock query_stock_industry,observation,medium
MEMBERSHIP_e12ac66c273a344d1342,CNINFO_ORG_9900000981,INDUSTRY_3553a2b402e33a129417,2026-08-10,,2026-08-16T13:48:42+00:00,BaoStock query_stock_industry,observation,medium
MEMBERSHIP_94f9438e7645f6d307f1,CNINFO_ORG_9900001281,INDUSTRY_3553a2b402e33a129417,2026-08-10,,2026-08-16T13:48:42+00:00,BaoStock query_stock_industry,observation,medium
MEMBERSHIP_2502d73dcea862c53434,CNINFO_ORG_gssh0600019,INDUSTRY_f54ff34c4bdec689eff1,2026-08-10,,2026-08-16T13:48:42+00:00,BaoStock query_stock_industry,observation,medium
MEMBERSHIP_a56ae7138608843f598e,CNINFO_ORG_gssh0600020,INDUSTRY_78ad5e2bbce7305748bd,2026-08-10,,2026-08-16T13:48:42+00:00,BaoStock query_stock_industry,observation,medium
MEMBERSHIP_f7e638d2090d55a41d4e,CNINFO_ORG_gssh0600021,INDUSTRY_f9da9c9738f21980b6d7,2026-08-10,,2026-08-16T13:48:42+00:00,BaoStock query_stock_industry,observation,medium
MEMBERSHIP_ab64266bc4a22aa448e0,CNINFO_ORG_gssh0600022,INDUSTRY_f54ff34c4bdec689eff1,2026-08-10,,2026-08-16T13:48:42+00:00,BaoStock query_stock_industry,observation,medium
MEMBERSHIP_af7a3f32c75ebf0fbc20,CNINFO_ORG_9900027828,INDUSTRY_f9da9c9738f21980b6d7,2026-08-10,,2026-08-16T13:48:42+00:00,BaoStock query_stock_industry,observation,medium
MEMBERSHIP_3bfe05fa8f1a265b2b2a,CNINFO_ORG_9900030360,INDUSTRY_f9da9c9738f21980b6d7,2026-08-10,,2026-08-16T13:48:42+00:00,BaoStock query_stock_industry,observation,medium
MEMBERSHIP_5dc095a5ceda352631ad,CNINFO_ORG_gssh0600026,INDUSTRY_3553a2b402e33a129417,2026-08-10,,2026-08-16T13:48:42+00:00,BaoStock query_stock_industry,observation,medium
MEMBERSHIP_d288c3d5cdb6e070d901,CNINFO_ORG_gssh0600027,INDUSTRY_f9da9c9738f21980b6d7,2026-08-10,,2026-08-16T13:48:42+00:00,BaoStock query_stock_industry,observation,medium
MEMBERSHIP_8801d7f5b76f7b720b47,CNINFO_ORG_gssh0600028,INDUSTRY_6e59023629c5a35ea710,2026-08-10,,2026-08-16T13:48:42+00:00,BaoStock query_stock_industry,observation,medium
MEMBERSHIP_8b8327d314d928efbe50,CNINFO_ORG_gssh0600029,INDUSTRY_aff052295ad57fe9c64a,2026-08-10,,2026-08-16T13:48:42+00:00,BaoStock query_stock_industry,observation,medium
MEMBERSHIP_217d9ec37eb470653278,CNINFO_ORG_gssh0600030,INDUSTRY_963e913f30a1f4833ac7,2026-08-10,,2026-08-16T13:48:42+00:00,BaoStock query_stock_industry,observation,medium
MEMBERSHIP_9168e5c40e4eb6d432fc,CNINFO_ORG_gssh0600031,INDUSTRY_3875d79da62b4dff67e8,2026-08-10,,2026-08-16T13:48:42+00:00,BaoStock query_stock_industry,observation,medium
MEMBERSHIP_91be3b97a77610652737,CNINFO_ORG_9900041932,INDUSTRY_f9da9c9738f21980b6d7,2026-08-10,,2026-08-16T13:48:42+00:00,BaoStock query_stock_industry,observation,medium
MEMBERSHIP_5240ac17d658d384f225,CNINFO_ORG_gssh0600033,INDUSTRY_78ad5e2bbce7305748bd,2026-08-10,,2026-08-16T13:48:42+00:00,BaoStock query_stock_industry,observation,medium
MEMBERSHIP_936d22bec69b40cea029,CNINFO_ORG_gssh0600035,INDUSTRY_78ad5e2bbce7305748bd,2026-08-10,,2026-08-16T13:48:42+00:00,BaoStock query_stock_industry,observation,medium
MEMBERSHIP_e3acb6d9b82e51292e56,CNINFO_ORG_gssh0600036,INDUSTRY_b5ff8607e606f7dd55ba,2026-08-10,,2026-08-16T13:48:42+00:00,BaoStock query_stock_industry,observation,medium
MEMBERSHIP_ae68d8ab17cff870c4a8,CNINFO_ORG_gssh0600037,INDUSTRY_a1191d63decae1d34c73,2026-08-10,,2026-08-16T13:48:42+00:00,BaoStock query_stock_industry,observation,medium
MEMBERSHIP_a27f4b611ceb6a8194a7,CNINFO_ORG_gssh0600038,INDUSTRY_ad86b4a2a3856ba2d571,2026-08-10,,2026-08-16T13:48:42+00:00,BaoStock query_stock_industry,observation,medium
MEMBERSHIP_16c3faa42c1a74093101,CNINFO_ORG_gssh0600039,INDUSTRY_17cf2674a1f785e3272e,2026-08-10,,2026-08-16T13:48:42+00:00,BaoStock query_stock_industry,observation,medium
MEMBERSHIP_179c3490dde9fa2b4761,CNINFO_ORG_9900000161,INDUSTRY_465aebe5f53921515851,2026-08-10,,2026-08-16T13:48:42+00:00,BaoStock query_stock_industry,observation,medium
MEMBERSHIP_b11e8bd13411b0d667eb,CNINFO_ORG_gssh0600050,INDUSTRY_a1191d63decae1d34c73,2026-08-10,,2026-08-16T13:48:42+00:00,BaoStock query_stock_industry,observation,medium
MEMBERSHIP_5ab9c66e7ee85bf7446e,CNINFO_ORG_gssh0600051,INDUSTRY_8c865bedc2ef9574d2e5,2026-08-10,,2026-08-16T13:48:42+00:00,BaoStock query_stock_industry,observation,medium
MEMBERSHIP_ca8e74d635267aba505c,CNINFO_ORG_gssh0600052,INDUSTRY_91e10380fe1770769bdb,2026-08-10,,2026-08-16T13:48:42+00:00,BaoStock query_stock_industry,observation,medium
MEMBERSHIP_92ad6599903663f8f17f,CNINFO_ORG_gssh0600053,INDUSTRY_963e913f30a1f4833ac7,2026-08-10,,2026-08-16T13:48:42+00:00,BaoStock query_stock_industry,observation,medium
MEMBERSHIP_c071018d9d5055a626ec,CNINFO_ORG_gssh0600054,INDUSTRY_1233924bed568c1b168b,2026-08-10,,2026-08-16T13:48:42+00:00,BaoStock query_stock_industry,observation,medium
MEMBERSHIP_2c70ee7ba5225f01a16e,CNINFO_ORG_gssh0600055,INDUSTRY_3875d79da62b4dff67e8,2026-08-10,,2026-08-16T13:48:42+00:00,BaoStock query_stock_industry,observation,medium
MEMBERSHIP_80a3899223685c124512,CNINFO_ORG_gssh0600056,INDUSTRY_8c865bedc2ef9574d2e5,2026-08-10,,2026-08-16T13:48:42+00:00,BaoStock query_stock_industry,observation,medium
MEMBERSHIP_c52022ac80cad8835a85,CNINFO_ORG_gssh0600057,INDUSTRY_91e10380fe1770769bdb,2026-08-10,,2026-08-16T13:48:42+00:00,BaoStock query_stock_industry,observation,medium
MEMBERSHIP_19e3d61a0e542265f3f0,CNINFO_ORG_gssh0600058,INDUSTRY_8c865bedc2ef9574d2e5,2026-08-10,,2026-08-16T13:48:42+00:00,BaoStock query_stock_industry,observation,medium
MEMBERSHIP_6b02447b5b64714bbd15,CNINFO_ORG_gssh0600059,INDUSTRY_c8598f31bb2607e3007b,2026-08-10,,2026-08-16T13:48:42+00:00,BaoStock query_stock_industry,observation,medium
MEMBERSHIP_a4e6b6d1d77c03e3fb2e,CNINFO_ORG_gssh0600060,INDUSTRY_90d9ee5bdc1ee446fff0,2026-08-10,,2026-08-16T13:48:42+00:00,BaoStock query_stock_industry,observation,medium
MEMBERSHIP_b3b46c90fee3c5a498b6,CNINFO_ORG_gssh0600061,INDUSTRY_963e913f30a1f4833ac7,2026-08-10,,2026-08-16T13:48:42+00:00,BaoStock query_stock_industry,observation,medium
MEMBERSHIP_39ee6ca75c332f36d0c4,CNINFO_ORG_gssh0600062,INDUSTRY_eb1bb5863556657a5ed0,2026-08-10,,2026-08-16T13:48:42+00:00,BaoStock query_stock_industry,observation,medium
MEMBERSHIP_f10bf62559e68054537a,CNINFO_ORG_gssh0600063,INDUSTRY_af522b5025b7206d78cb,2026-08-10,,2026-08-16T13:48:42+00:00,BaoStock query_stock_industry,observation,medium
MEMBERSHIP_3b3e839a5e5618f30f50,CNINFO_ORG_gssh0600064,INDUSTRY_465aebe5f53921515851,2026-08-10,,2026-08-16T13:48:42+00:00,BaoStock query_stock_industry,observation,medium
MEMBERSHIP_7b4696fb05dc71b2e17a,CNINFO_ORG_gssh0600066,INDUSTRY_e7fb954d2ab5bf5bc733,2026-08-10,,2026-08-16T13:48:42+00:00,BaoStock query_stock_industry,observation,medium
MEMBERSHIP_65aa8be759f0bf20b8f5,CNINFO_ORG_gssh0600067,INDUSTRY_b90e93f47f56746b9938,2026-08-10,,2026-08-16T13:48:42+00:00,BaoStock query_stock_industry,observation,medium
MEMBERSHIP_3995e0d4dbeb66f269ef,CNINFO_ORG_gssh0600071,INDUSTRY_735889820fa0518be404,2026-08-10,,2026-08-16T13:48:42+00:00,BaoStock query_stock_industry,observation,medium
MEMBERSHIP_b86d314b999ae471fab5,CNINFO_ORG_gssh0600072,INDUSTRY_17cf2674a1f785e3272e,2026-08-10,,2026-08-16T13:48:42+00:00,BaoStock query_stock_industry,observation,medium
MEMBERSHIP_215981b3486f5bbbc9e8,CNINFO_ORG_gssh0600073,INDUSTRY_06f2dd83830b4e6e7446,2026-08-10,,2026-08-16T13:48:42+00:00,BaoStock query_stock_industry,observation,medium
MEMBERSHIP_d483c190a2990118e852,CNINFO_ORG_gssh0600075,INDUSTRY_af522b5025b7206d78cb,2026-08-10,,2026-08-16T13:48:42+00:00,BaoStock query_stock_industry,observation,medium
MEMBERSHIP_175d0ceab8ea290c76fb,CNINFO_ORG_gssh0600076,INDUSTRY_c49db8c55c2b36c315c6,2026-08-10,,2026-08-16T13:48:42+00:00,BaoStock query_stock_industry,observation,medium
MEMBERSHIP_b356a48478c6403eedf0,CNINFO_ORG_gssh0600078,INDUSTRY_af522b5025b7206d78cb,2026-08-10,,2026-08-16T13:48:42+00:00,BaoStock query_stock_industry,observation,medium
MEMBERSHIP_adfc801f125d6b74124b,CNINFO_ORG_gssh0600079,INDUSTRY_eb1bb5863556657a5ed0,2026-08-10,,2026-08-16T13:48:42+00:00,BaoStock query_stock_industry,observation,medium
MEMBERSHIP_0f994120573bd0b05bf6,CNINFO_ORG_gssh0600080,INDUSTRY_eb1bb5863556657a5ed0,2026-08-10,,2026-08-16T13:48:42+00:00,BaoStock query_stock_industry,observation,medium
MEMBERSHIP_54f5bbcdaf4d4f1bdfd1,CNINFO_ORG_gssh0600081,INDUSTRY_e7fb954d2ab5bf5bc733,2026-08-10,,2026-08-16T13:48:42+00:00,BaoStock query_stock_industry,observation,medium
MEMBERSHIP_bb336c591c47cf2edb68,CNINFO_ORG_gssh0600082,INDUSTRY_8c865bedc2ef9574d2e5,2026-08-10,,2026-08-16T13:48:42+00:00,BaoStock query_stock_industry,observation,medium
MEMBERSHIP_b9a614c80bf9b336efd8,CNINFO_ORG_gssh0600084,INDUSTRY_c8598f31bb2607e3007b,2026-08-10,,2026-08-16T13:48:42+00:00,BaoStock query_stock_industry,observation,medium
MEMBERSHIP_18b540c93f58e42588a6,CNINFO_ORG_gssh0600085,INDUSTRY_eb1bb5863556657a5ed0,2026-08-10,,2026-08-16T13:48:42+00:00,BaoStock query_stock_industry,observation,medium
MEMBERSHIP_ac97ff64688e7efe5ee8,CNINFO_ORG_gssh0600088,INDUSTRY_a3b7ae0c6bfa4b2b7bfb,2026-08-10,,2026-08-16T13:48:42+00:00,BaoStock query_stock_industry,observation,medium
MEMBERSHIP_ec44d0681fcd81a20292,CNINFO_ORG_gssh0600089,INDUSTRY_b90e93f47f56746b9938,2026-08-10,,2026-08-16T13:48:42+00:00,BaoStock query_stock_industry,observation,medium
MEMBERSHIP_f2e6ca2b4c5cf39f7864,CNINFO_ORG_gssh0600094,INDUSTRY_465aebe5f53921515851,2026-08-10,,2026-08-16T13:48:42+00:00,BaoStock query_stock_industry,observation,medium
MEMBERSHIP_d6d972579455d6d6e4b9,CNINFO_ORG_gssh0600095,INDUSTRY_963e913f30a1f4833ac7,2026-08-10,,2026-08-16T13:48:42+00:00,BaoStock query_stock_industry,observation,medium
MEMBERSHIP_a562d2fb8a0de8d61d49,CNINFO_ORG_gssh0600096,INDUSTRY_af522b5025b7206d78cb,2026-08-10,,2026-08-16T13:48:42+00:00,BaoStock query_stock_industry,observation,medium
MEMBERSHIP_72df2b30c3fcebfcddda,CNINFO_ORG_gssh0600097,INDUSTRY_9ce480240011dacb27f8,2026-08-10,,2026-08-16T13:48:42+00:00,BaoStock query_stock_industry,observation,medium
MEMBERSHIP_c796a0751c512863dc20,CNINFO_ORG_gssh0600098,INDUSTRY_f9da9c9738f21980b6d7,2026-08-10,,2026-08-16T13:48:42+00:00,BaoStock query_stock_industry,observation,medium
MEMBERSHIP_6a2e70f885cd03634491,CNINFO_ORG_gssh0600099,INDUSTRY_ad86b4a2a3856ba2d571,2026-08-10,,2026-08-16T13:48:42+00:00,BaoStock query_stock_industry,observation,medium
MEMBERSHIP_8ddbbfeef5ae20ec933f,CNINFO_ORG_gssh0600100,INDUSTRY_90d9ee5bdc1ee446fff0,2026-08-10,,2026-08-16T13:48:42+00:00,BaoStock query_stock_industry,observation,medium
MEMBERSHIP_b6c438985f6e521bf9c0,CNINFO_ORG_gssh0600101,INDUSTRY_f9da9c9738f21980b6d7,2026-08-10,,2026-08-16T13:48:42+00:00,BaoStock query_stock_industry,observation,medium
MEMBERSHIP_3a2dcc7f0ff104374c16,CNINFO_ORG_gssh0600103,INDUSTRY_ee7eb75e38ebcde947a9,2026-08-10,,2026-08-16T13:48:42+00:00,BaoStock query_stock_industry,observation,medium
MEMBERSHIP_22162ba36a252beac021,CNINFO_ORG_gssh0600104,INDUSTRY_e7fb954d2ab5bf5bc733,2026-08-10,,2026-08-16T13:48:42+00:00,BaoStock query_stock_industry,observation,medium
MEMBERSHIP_c53ced960b7701f837ae,CNINFO_ORG_gssh0600105,INDUSTRY_b90e93f47f56746b9938,2026-08-10,,2026-08-16T13:48:42+00:00,BaoStock query_stock_industry,observation,medium
MEMBERSHIP_b693f4f1a028ff6f580e,CNINFO_ORG_gssh0600106,INDUSTRY_78ad5e2bbce7305748bd,2026-08-10,,2026-08-16T13:48:42+00:00,BaoStock query_stock_industry,observation,medium
MEMBERSHIP_717204ddc803f93aa4f3,CNINFO_ORG_gssh0600107,INDUSTRY_857cc70f4407799bbfbc,2026-08-10,,2026-08-16T13:48:42+00:00,BaoStock query_stock_industry,observation,medium
MEMBERSHIP_b3a2b9ce0d4514bd8330,CNINFO_ORG_gssh0600108,INDUSTRY_f8cb7f30edbaa3a4825a,2026-08-10,,2026-08-16T13:48:42+00:00,BaoStock query_stock_industry,observation,medium
MEMBERSHIP_4ec3318a4e5bc686fa9b,CNINFO_ORG_gssh0600109,INDUSTRY_963e913f30a1f4833ac7,2026-08-10,,2026-08-16T13:48:42+00:00,BaoStock query_stock_industry,observation,medium
MEMBERSHIP_45de992c517f66a81032,CNINFO_ORG_gssh0600110,INDUSTRY_90d9ee5bdc1ee446fff0,2026-08-10,,2026-08-16T13:48:42+00:00,BaoStock query_stock_industry,observation,medium
MEMBERSHIP_1832057c557aec27ba91,CNINFO_ORG_gssh0600111,INDUSTRY_fc163d1647ca522ec4cd,2026-08-10,,2026-08-16T13:48:42+00:00,BaoStock query_stock_industry,observation,medium
MEMBERSHIP_235d2bc8679bfe59fd9f,CNINFO_ORG_gssh0600113,INDUSTRY_91e10380fe1770769bdb,2026-08-10,,2026-08-16T13:48:42+00:00,BaoStock query_stock_industry,observation,medium
MEMBERSHIP_60a52359d0ff50a2c414,CNINFO_ORG_gssh0600114,INDUSTRY_be6d1ff74018fda3a9a4,2026-08-10,,2026-08-16T13:48:42+00:00,BaoStock query_stock_industry,observation,medium
MEMBERSHIP_9df846eaa23b8f93976e,CNINFO_ORG_gssh0600115,INDUSTRY_aff052295ad57fe9c64a,2026-08-10,,2026-08-16T13:48:42+00:00,BaoStock query_stock_industry,observation,medium
MEMBERSHIP_e7e988e6584934637221,CNINFO_ORG_gssh0600116,INDUSTRY_f9da9c9738f21980b6d7,2026-08-10,,2026-08-16T13:48:42+00:00,BaoStock query_stock_industry,observation,medium
MEMBERSHIP_252182b5e36379729a70,CNINFO_ORG_gssh0600117,INDUSTRY_f54ff34c4bdec689eff1,2026-08-10,,2026-08-16T13:48:42+00:00,BaoStock query_stock_industry,observation,medium
MEMBERSHIP_82d0852cef743f34d8ce,CNINFO_ORG_gssh0600118,INDUSTRY_90d9ee5bdc1ee446fff0,2026-08-10,,2026-08-16T13:48:42+00:00,BaoStock query_stock_industry,observation,medium
MEMBERSHIP_de3a8ccf16b25a218ec0,CNINFO_ORG_gssh0600119,INDUSTRY_78ad5e2bbce7305748bd,2026-08-10,,2026-08-16T13:48:42+00:00,BaoStock query_stock_industry,observation,medium
MEMBERSHIP_3d78a81742f179c2a434,CNINFO_ORG_gssh0600120,INDUSTRY_7ee4f97d9c6b6c9f19de,2026-08-10,,2026-08-16T13:48:42+00:00,BaoStock query_stock_industry,observation,medium
MEMBERSHIP_ea901d2d161b9455f7cd,CNINFO_ORG_gssh0600121,INDUSTRY_bd64f2d1a81c9866dda4,2026-08-10,,2026-08-16T13:48:42+00:00,BaoStock query_stock_industry,observation,medium
MEMBERSHIP_74faa405c63e57e69010,CNINFO_ORG_gssh0600123,INDUSTRY_bd64f2d1a81c9866dda4,2026-08-10,,2026-08-16T13:48:42+00:00,BaoStock query_stock_industry,observation,medium
MEMBERSHIP_dc84a016b2cb8fcab8f5,CNINFO_ORG_gssh0600125,INDUSTRY_8ea363eb92f9e2d3a89e,2026-08-10,,2026-08-16T13:48:42+00:00,BaoStock query_stock_industry,observation,medium
MEMBERSHIP_821196b6866e12706c08,CNINFO_ORG_gssh0600126,INDUSTRY_f54ff34c4bdec689eff1,2026-08-10,,2026-08-16T13:48:42+00:00,BaoStock query_stock_industry,observation,medium
MEMBERSHIP_fffda1d49b4d05f75b5d,CNINFO_ORG_gssh0600127,INDUSTRY_06f2dd83830b4e6e7446,2026-08-10,,2026-08-16T13:48:42+00:00,BaoStock query_stock_industry,observation,medium
MEMBERSHIP_fb0a64aac36c4895ae47,CNINFO_ORG_gssh0600128,INDUSTRY_8c865bedc2ef9574d2e5,2026-08-10,,2026-08-16T13:48:42+00:00,BaoStock query_stock_industry,observation,medium
MEMBERSHIP_ba58fe19afc222bfdaf2,CNINFO_ORG_gssh0600129,INDUSTRY_eb1bb5863556657a5ed0,2026-08-10,,2026-08-16T13:48:42+00:00,BaoStock query_stock_industry,observation,medium
MEMBERSHIP_a767aa86f516979ca1c3,CNINFO_ORG_gssh0600130,INDUSTRY_90d9ee5bdc1ee446fff0,2026-08-10,,2026-08-16T13:48:42+00:00,BaoStock query_stock_industry,observation,medium
MEMBERSHIP_bb8c80cb12834690d101,CNINFO_ORG_gssh0600131,INDUSTRY_fcb657f75803ca816490,2026-08-10,,2026-08-16T13:48:42+00:00,BaoStock query_stock_industry,observation,medium
MEMBERSHIP_2fbb75ebe42c95fc3925,CNINFO_ORG_gssh0600132,INDUSTRY_c8598f31bb2607e3007b,2026-08-10,,2026-08-16T13:48:42+00:00,BaoStock query_stock_industry,observation,medium
MEMBERSHIP_285432a697aa31beb274,CNINFO_ORG_gssh0600133,INDUSTRY_ee9bbaf36a819df8934d,2026-08-10,,2026-08-16T13:48:42+00:00,BaoStock query_stock_industry,observation,medium
MEMBERSHIP_af5367fdb8786a86d0fe,CNINFO_ORG_gssh0600135,INDUSTRY_af522b5025b7206d78cb,2026-08-10,,2026-08-16T13:48:42+00:00,BaoStock query_stock_industry,observation,medium
MEMBERSHIP_a63a153c4ff904435692,CNINFO_ORG_gssh0600136,INDUSTRY_a3b7ae0c6bfa4b2b7bfb,2026-08-10,,2026-08-16T13:48:42+00:00,BaoStock query_stock_industry,observation,medium
MEMBERSHIP_db4e3dc428a11e388237,CNINFO_ORG_gssh0600137,INDUSTRY_857cc70f4407799bbfbc,2026-08-10,,2026-08-16T13:48:42+00:00,BaoStock query_stock_industry,observation,medium
MEMBERSHIP_2f423e43826fa4e5d9ed,CNINFO_ORG_gssh0600138,INDUSTRY_91e10380fe1770769bdb,2026-08-10,,2026-08-16T13:48:42+00:00,BaoStock query_stock_industry,observation,medium
MEMBERSHIP_a592a11b06396dfa4de4,CNINFO_ORG_gssh0600141,INDUSTRY_af522b5025b7206d78cb,2026-08-10,,2026-08-16T13:48:42+00:00,BaoStock query_stock_industry,observation,medium
MEMBERSHIP_1a10af89b0977ceda939,CNINFO_ORG_gssh0600143,INDUSTRY_b62fae243f391f69617b,2026-08-10,,2026-08-16T13:48:42+00:00,BaoStock query_stock_industry,observation,medium
MEMBERSHIP_4a0e1a8f314b0bc1e4c7,CNINFO_ORG_gssh0600148,INDUSTRY_e7fb954d2ab5bf5bc733,2026-08-10,,2026-08-16T13:48:42+00:00,BaoStock query_stock_industry,observation,medium
MEMBERSHIP_dac6b2301401b27a9ee4,CNINFO_ORG_gssh0600149,INDUSTRY_f9da9c9738f21980b6d7,2026-08-10,,2026-08-16T13:48:42+00:00,BaoStock query_stock_industry,observation,medium
MEMBERSHIP_242d990e0718d426eb84,CNINFO_ORG_gssh0600150,INDUSTRY_ad86b4a2a3856ba2d571,2026-08-10,,2026-08-16T13:48:42+00:00,BaoStock query_stock_industry,observation,medium
MEMBERSHIP_24885977d17b3ba3b461,CNINFO_ORG_gssh0600151,INDUSTRY_b90e93f47f56746b9938,2026-08-10,,2026-08-16T13:48:42+00:00,BaoStock query_stock_industry,observation,medium
MEMBERSHIP_4b0b5868e3868da8dc75,CNINFO_ORG_gssh0600152,INDUSTRY_b90e93f47f56746b9938,2026-08-10,,2026-08-16T13:48:42+00:00,BaoStock query_stock_industry,observation,medium
MEMBERSHIP_994671b8dd9f169d54e3,CNINFO_ORG_gssh0600153,INDUSTRY_91e10380fe1770769bdb,2026-08-10,,2026-08-16T13:48:42+00:00,BaoStock query_stock_industry,observation,medium
MEMBERSHIP_0b65d47941b9f50ba867,CNINFO_ORG_gssh0600155,INDUSTRY_963e913f30a1f4833ac7,2026-08-10,,2026-08-16T13:48:42+00:00,BaoStock query_stock_industry,observation,medium
MEMBERSHIP_5a11edc0216f31d68fe1,CNINFO_ORG_gssh0600156,INDUSTRY_a971ce8c4913016d33d1,2026-08-10,,2026-08-16T13:48:42+00:00,BaoStock query_stock_industry,observation,medium
MEMBERSHIP_9c7282a2e5a1a2970c3a,CNINFO_ORG_gssh0600157,INDUSTRY_f9da9c9738f21980b6d7,2026-08-10,,2026-08-16T13:48:42+00:00,BaoStock query_stock_industry,observation,medium
MEMBERSHIP_1602b24cd069f3a763eb,CNINFO_ORG_gssh0600158,INDUSTRY_a235e1f3ff04f36f606b,2026-08-10,,2026-08-16T13:48:42+00:00,BaoStock query_stock_industry,observation,medium
MEMBERSHIP_71510d4f2d2d91d56f3e,CNINFO_ORG_gssh0600159,INDUSTRY_d6545b48534350ac41c9,2026-08-10,,2026-08-16T13:48:42+00:00,BaoStock query_stock_industry,observation,medium
MEMBERSHIP_0f73b4751981f4b016dc,CNINFO_ORG_gssh0600160,INDUSTRY_af522b5025b7206d78cb,2026-08-10,,2026-08-16T13:48:42+00:00,BaoStock query_stock_industry,observation,medium
MEMBERSHIP_4a08c8b6ae6ed73d6ba6,CNINFO_ORG_gssh0600161,INDUSTRY_eb1bb5863556657a5ed0,2026-08-10,,2026-08-16T13:48:42+00:00,BaoStock query_stock_industry,observation,medium
MEMBERSHIP_4b36b7ac3f2a148cbdcf,CNINFO_ORG_gssh0600162,INDUSTRY_465aebe5f53921515851,2026-08-10,,2026-08-16T13:48:42+00:00,BaoStock query_stock_industry,observation,medium
MEMBERSHIP_318a5d2d78119e464bbe,CNINFO_ORG_gssh0600163,INDUSTRY_f9da9c9738f21980b6d7,2026-08-10,,2026-08-16T13:48:42+00:00,BaoStock query_stock_industry,observation,medium
MEMBERSHIP_218d5c6d1cca3f243337,CNINFO_ORG_gssh0600165,INDUSTRY_af522b5025b7206d78cb,2026-08-10,,2026-08-16T13:48:42+00:00,BaoStock query_stock_industry,observation,medium
MEMBERSHIP_d5d24900ee42580d5848,CNINFO_ORG_gssh0600166,INDUSTRY_e7fb954d2ab5bf5bc733,2026-08-10,,2026-08-16T13:48:42+00:00,BaoStock query_stock_industry,observation,medium
MEMBERSHIP_9a99911a1ed62eada83c,CNINFO_ORG_gssh0600167,INDUSTRY_f9da9c9738f21980b6d7,2026-08-10,,2026-08-16T13:48:42+00:00,BaoStock query_stock_industry,observation,medium
MEMBERSHIP_e306170c525c03b3f2d6,CNINFO_ORG_gssh0600168,INDUSTRY_7f6973b5c1a2122e9e27,2026-08-10,,2026-08-16T13:48:42+00:00,BaoStock query_stock_industry,observation,medium
MEMBERSHIP_863e8f90783b5fb9ecf9,CNINFO_ORG_gssh0600169,INDUSTRY_3875d79da62b4dff67e8,2026-08-10,,2026-08-16T13:48:42+00:00,BaoStock query_stock_industry,observation,medium
MEMBERSHIP_3065d6bba9089d5b6cd4,CNINFO_ORG_gssh0600170,INDUSTRY_17cf2674a1f785e3272e,2026-08-10,,2026-08-16T13:48:42+00:00,BaoStock query_stock_industry,observation,medium
MEMBERSHIP_6b856b65ce6adbff6c40,CNINFO_ORG_gssh0600171,INDUSTRY_90d9ee5bdc1ee446fff0,2026-08-10,,2026-08-16T13:48:42+00:00,BaoStock query_stock_industry,observation,medium
MEMBERSHIP_906a2f94a83fde9edb73,CNINFO_ORG_gssh0600172,INDUSTRY_7063d42ae24daea94a9c,2026-08-10,,2026-08-16T13:48:42+00:00,BaoStock query_stock_industry,observation,medium
MEMBERSHIP_76afa2d94a0a07f13922,CNINFO_ORG_gssh0600173,INDUSTRY_465aebe5f53921515851,2026-08-10,,2026-08-16T13:48:42+00:00,BaoStock query_stock_industry,observation,medium
MEMBERSHIP_a2f8855b13581b12bfc0,CNINFO_ORG_gssh0600176,INDUSTRY_7063d42ae24daea94a9c,2026-08-10,,2026-08-16T13:48:42+00:00,BaoStock query_stock_industry,observation,medium
MEMBERSHIP_c6a7e2d6a9c2d943beda,CNINFO_ORG_gssh0600177,INDUSTRY_857cc70f4407799bbfbc,2026-08-10,,2026-08-16T13:48:42+00:00,BaoStock query_stock_industry,observation,medium
MEMBERSHIP_d71e0d1d9a382dc2ecca,CNINFO_ORG_gssh0600178,INDUSTRY_e7fb954d2ab5bf5bc733,2026-08-10,,2026-08-16T13:48:42+00:00,BaoStock query_stock_industry,observation,medium
MEMBERSHIP_f4a5b834d860318528af,CNINFO_ORG_gssh0600179,INDUSTRY_05c09799f5cd1d96eaf2,2026-08-10,,2026-08-16T13:48:42+00:00,BaoStock query_stock_industry,observation,medium
MEMBERSHIP_de09cf743a0a633c4c66,CNINFO_ORG_gssh0600180,INDUSTRY_8c865bedc2ef9574d2e5,2026-08-10,,2026-08-16T13:48:42+00:00,BaoStock query_stock_industry,observation,medium
MEMBERSHIP_0e34c7cba1cf6cd9aa0b,CNINFO_ORG_gssh0600182,INDUSTRY_b62fae243f391f69617b,2026-08-10,,2026-08-16T13:48:42+00:00,BaoStock query_stock_industry,observation,medium
MEMBERSHIP_3e5a05651e604ad47ddf,CNINFO_ORG_gssh0600183,INDUSTRY_90d9ee5bdc1ee446fff0,2026-08-10,,2026-08-16T13:48:42+00:00,BaoStock query_stock_industry,observation,medium
MEMBERSHIP_98a7539ec1ac65f1811f,CNINFO_ORG_gssh0600184,INDUSTRY_3875d79da62b4dff67e8,2026-08-10,,2026-08-16T13:48:42+00:00,BaoStock query_stock_industry,observation,medium
MEMBERSHIP_42ed2c69795721908518,CNINFO_ORG_gssh0600185,INDUSTRY_91e10380fe1770769bdb,2026-08-10,,2026-08-16T13:48:42+00:00,BaoStock query_stock_industry,observation,medium
MEMBERSHIP_4d9075d40ddd2899aeca,CNINFO_ORG_gssh0600186,INDUSTRY_34765f16a5c28d382e0e,2026-08-10,,2026-08-16T13:48:42+00:00,BaoStock query_stock_industry,observation,medium
MEMBERSHIP_023b69372df821dccca0,CNINFO_ORG_gssh0600187,INDUSTRY_7f6973b5c1a2122e9e27,2026-08-10,,2026-08-16T13:48:42+00:00,BaoStock query_stock_industry,observation,medium
MEMBERSHIP_fd6ba59f956465cbc206,CNINFO_ORG_gssh0600188,INDUSTRY_bd64f2d1a81c9866dda4,2026-08-10,,2026-08-16T13:48:42+00:00,BaoStock query_stock_industry,observation,medium
MEMBERSHIP_db9419d8e63df40ffc34,CNINFO_ORG_gssh0600189,INDUSTRY_c8598f31bb2607e3007b,2026-08-10,,2026-08-16T13:48:42+00:00,BaoStock query_stock_industry,observation,medium
MEMBERSHIP_264fac18ecfa35752599,CNINFO_ORG_gssh0600191,INDUSTRY_06f2dd83830b4e6e7446,2026-08-10,,2026-08-16T13:48:42+00:00,BaoStock query_stock_industry,observation,medium
MEMBERSHIP_4ee6261c95b2be6dc8e4,CNINFO_ORG_gssh0600192,INDUSTRY_b90e93f47f56746b9938,2026-08-10,,2026-08-16T13:48:42+00:00,BaoStock query_stock_industry,observation,medium
MEMBERSHIP_a7a06c528426db2d1d8b,CNINFO_ORG_gssh0600195,INDUSTRY_eb1bb5863556657a5ed0,2026-08-10,,2026-08-16T13:48:42+00:00,BaoStock query_stock_industry,observation,medium
MEMBERSHIP_b96ebf92166bed10453a,CNINFO_ORG_gssh0600196,INDUSTRY_eb1bb5863556657a5ed0,2026-08-10,,2026-08-16T13:48:42+00:00,BaoStock query_stock_industry,observation,medium
MEMBERSHIP_2e11443cfe9e162d9471,CNINFO_ORG_gssh0600197,INDUSTRY_c8598f31bb2607e3007b,2026-08-10,,2026-08-16T13:48:42+00:00,BaoStock query_stock_industry,observation,medium
MEMBERSHIP_3894eca6e692fde78803,CNINFO_ORG_gssh0600198,INDUSTRY_90d9ee5bdc1ee446fff0,2026-08-10,,2026-08-16T13:48:42+00:00,BaoStock query_stock_industry,observation,medium
MEMBERSHIP_3cf1b718808dcaaff8db,CNINFO_ORG_gssh0600199,INDUSTRY_c8598f31bb2607e3007b,2026-08-10,,2026-08-16T13:48:42+00:00,BaoStock query_stock_industry,observation,medium
MEMBERSHIP_7cdbc6749c86b0d7dd51,CNINFO_ORG_gssh0600201,INDUSTRY_eb1bb5863556657a5ed0,2026-08-10,,2026-08-16T13:48:42+00:00,BaoStock query_stock_industry,observation,medium
MEMBERSHIP_a8ad4f87fc9c865f79ee,CNINFO_ORG_gssh0600202,INDUSTRY_35fe091671cdb8d5f5e0,2026-08-10,,2026-08-16T13:48:42+00:00,BaoStock query_stock_industry,observation,medium
MEMBERSHIP_5e4e19960efebe26d5ad,CNINFO_ORG_gssh0600203,INDUSTRY_90d9ee5bdc1ee446fff0,2026-08-10,,2026-08-16T13:48:42+00:00,BaoStock query_stock_industry,observation,medium
MEMBERSHIP_fdbf580aaa9c3417721a,CNINFO_ORG_gssh0600206,INDUSTRY_fc163d1647ca522ec4cd,2026-08-10,,2026-08-16T13:48:42+00:00,BaoStock query_stock_industry,observation,medium
MEMBERSHIP_63400c49301296e12e4b,CNINFO_ORG_gssh0600207,INDUSTRY_7063d42ae24daea94a9c,2026-08-10,,2026-08-16T13:48:42+00:00,BaoStock query_stock_industry,observation,medium
MEMBERSHIP_c7da2962d9cccc53b626,CNINFO_ORG_gssh0600208,INDUSTRY_465aebe5f53921515851,2026-08-10,,2026-08-16T13:48:42+00:00,BaoStock query_stock_industry,observation,medium
MEMBERSHIP_a0bbd83ce4c86bb0a4c8,CNINFO_ORG_gssh0600210,INDUSTRY_b62fae243f391f69617b,2026-08-10,,2026-08-16T13:48:42+00:00,BaoStock query_stock_industry,observation,medium
MEMBERSHIP_849d0c88480f59dabc44,CNINFO_ORG_gssh0600211,INDUSTRY_eb1bb5863556657a5ed0,2026-08-10,,2026-08-16T13:48:42+00:00,BaoStock query_stock_industry,observation,medium
MEMBERSHIP_cdfe1ba5d1c73b3f1238,CNINFO_ORG_gssh0600212,INDUSTRY_b90e93f47f56746b9938,2026-08-10,,2026-08-16T13:48:42+00:00,BaoStock query_stock_industry,observation,medium
MEMBERSHIP_69954dce26bb3346aee8,CNINFO_ORG_gssh0600215,INDUSTRY_35fe091671cdb8d5f5e0,2026-08-10,,2026-08-16T13:48:42+00:00,BaoStock query_stock_industry,observation,medium
MEMBERSHIP_9a1cdff96c48cee432c3,CNINFO_ORG_gssh0600216,INDUSTRY_eb1bb5863556657a5ed0,2026-08-10,,2026-08-16T13:48:42+00:00,BaoStock query_stock_industry,observation,medium
MEMBERSHIP_210b9aba0e530fcbe299,CNINFO_ORG_gssh0600217,INDUSTRY_2c3b8b7969b736730fe1,2026-08-10,,2026-08-16T13:48:42+00:00,BaoStock query_stock_industry,observation,medium
MEMBERSHIP_925ab33c03932fe2b11b,CNINFO_ORG_gssh0600218,INDUSTRY_35fe091671cdb8d5f5e0,2026-08-10,,2026-08-16T13:48:42+00:00,BaoStock query_stock_industry,observation,medium
MEMBERSHIP_4aaf4d08f6fc15e98503,CNINFO_ORG_gssh0600219,INDUSTRY_fc163d1647ca522ec4cd,2026-08-10,,2026-08-16T13:48:42+00:00,BaoStock query_stock_industry,observation,medium
MEMBERSHIP_7d7560c3944cde44ba6b,CNINFO_ORG_gssh0600221,INDUSTRY_aff052295ad57fe9c64a,2026-08-10,,2026-08-16T13:48:42+00:00,BaoStock query_stock_industry,observation,medium
MEMBERSHIP_eb53d3311ca0a43abcc2,CNINFO_ORG_gssh0600222,INDUSTRY_eb1bb5863556657a5ed0,2026-08-10,,2026-08-16T13:48:42+00:00,BaoStock query_stock_industry,observation,medium
MEMBERSHIP_554af75451923e3a5ad3,CNINFO_ORG_gssh0600223,INDUSTRY_af522b5025b7206d78cb,2026-08-10,,2026-08-16T13:48:42+00:00,BaoStock query_stock_industry,observation,medium
MEMBERSHIP_26d49d4dd6a8258118dd,CNINFO_ORG_gssh0600226,INDUSTRY_f9da9c9738f21980b6d7,2026-08-10,,2026-08-16T13:48:42+00:00,BaoStock query_stock_industry,observation,medium
MEMBERSHIP_fedb15a8c377789942ce,CNINFO_ORG_gssh0600227,INDUSTRY_af522b5025b7206d78cb,2026-08-10,,2026-08-16T13:48:42+00:00,BaoStock query_stock_industry,observation,medium
MEMBERSHIP_231bb2ac633863e88cfb,CNINFO_ORG_gssh0600228,INDUSTRY_9f7679f9ad900c7a65d2,2026-08-10,,2026-08-16T13:48:42+00:00,BaoStock query_stock_industry,observation,medium
MEMBERSHIP_3d91fc0e19332466e876,CNINFO_ORG_gssh0600229,INDUSTRY_979f61913dc6006fe56d,2026-08-10,,2026-08-16T13:48:42+00:00,BaoStock query_stock_industry,observation,medium
MEMBERSHIP_1db5b38269af3d07f9cc,CNINFO_ORG_gssh0600230,INDUSTRY_af522b5025b7206d78cb,2026-08-10,,2026-08-16T13:48:42+00:00,BaoStock query_stock_industry,observation,medium
MEMBERSHIP_9478664a48375f013826,CNINFO_ORG_gssh0600231,INDUSTRY_f54ff34c4bdec689eff1,2026-08-10,,2026-08-16T13:48:42+00:00,BaoStock query_stock_industry,observation,medium
MEMBERSHIP_703ccbd555ff982ec8b5,CNINFO_ORG_gssh0600232,INDUSTRY_a971ce8c4913016d33d1,2026-08-10,,2026-08-16T13:48:42+00:00,BaoStock query_stock_industry,observation,medium
MEMBERSHIP_93208658032de51911d8,CNINFO_ORG_gssh0600233,INDUSTRY_75157574f5864bd79d04,2026-08-10,,2026-08-16T13:48:42+00:00,BaoStock query_stock_industry,observation,medium
MEMBERSHIP_f6c3212f437ce204eda9,CNINFO_ORG_gssh0600234,INDUSTRY_1395c3d9f1fe1a080e75,2026-08-10,,2026-08-16T13:48:42+00:00,BaoStock query_stock_industry,observation,medium
MEMBERSHIP_7447aaddd606a8d7b2f0,CNINFO_ORG_gssh0600235,INDUSTRY_ee7eb75e38ebcde947a9,2026-08-10,,2026-08-16T13:48:42+00:00,BaoStock query_stock_industry,observation,medium
MEMBERSHIP_5c2a2fa8f4c7ecbb61a6,CNINFO_ORG_gssh0600236,INDUSTRY_f9da9c9738f21980b6d7,2026-08-10,,2026-08-16T13:48:42+00:00,BaoStock query_stock_industry,observation,medium
MEMBERSHIP_a8b0859b097cc6eea8f5,CNINFO_ORG_gssh0600237,INDUSTRY_90d9ee5bdc1ee446fff0,2026-08-10,,2026-08-16T13:48:42+00:00,BaoStock query_stock_industry,observation,medium
MEMBERSHIP_f91e545dd90b8a2cd135,CNINFO_ORG_gssh0600238,INDUSTRY_c8598f31bb2607e3007b,2026-08-10,,2026-08-16T13:48:42+00:00,BaoStock query_stock_industry,observation,medium
MEMBERSHIP_d1b3112b69184defeb85,CNINFO_ORG_gssh0600239,INDUSTRY_465aebe5f53921515851,2026-08-10,,2026-08-16T13:48:42+00:00,BaoStock query_stock_industry,observation,medium
MEMBERSHIP_25b159226adb173e4a44,CNINFO_ORG_gssh0600241,INDUSTRY_b90e93f47f56746b9938,2026-08-10,,2026-08-16T13:48:42+00:00,BaoStock query_stock_industry,observation,medium
MEMBERSHIP_f39b0efd3c42c2ac31c5,CNINFO_ORG_gssh0600243,INDUSTRY_35fe091671cdb8d5f5e0,2026-08-10,,2026-08-16T13:48:42+00:00,BaoStock query_stock_industry,observation,medium
MEMBERSHIP_011e74b9541260b4555c,CNINFO_ORG_gssh0600246,INDUSTRY_465aebe5f53921515851,2026-08-10,,2026-08-16T13:48:42+00:00,BaoStock query_stock_industry,observation,medium
MEMBERSHIP_6a715cd56252d0efcbe4,CNINFO_ORG_gssh0600248,INDUSTRY_17cf2674a1f785e3272e,2026-08-10,,2026-08-16T13:48:42+00:00,BaoStock query_stock_industry,observation,medium
MEMBERSHIP_a953e035421329c8c9d8,CNINFO_ORG_gssh0600249,INDUSTRY_af522b5025b7206d78cb,2026-08-10,,2026-08-16T13:48:42+00:00,BaoStock query_stock_industry,observation,medium
MEMBERSHIP_92c6783ee37a3a74c3dd,CNINFO_ORG_gssh0600250,INDUSTRY_1233924bed568c1b168b,2026-08-10,,2026-08-16T13:48:42+00:00,BaoStock query_stock_industry,observation,medium
MEMBERSHIP_02092d1ea7a95fdb3aea,CNINFO_ORG_gssh0600251,INDUSTRY_06f2dd83830b4e6e7446,2026-08-10,,2026-08-16T13:48:42+00:00,BaoStock query_stock_industry,observation,medium
MEMBERSHIP_91ccfb2924164ad75b53,CNINFO_ORG_gssh0600252,INDUSTRY_eb1bb5863556657a5ed0,2026-08-10,,2026-08-16T13:48:42+00:00,BaoStock query_stock_industry,observation,medium
MEMBERSHIP_d5e6cf3f5f56e1e695f3,CNINFO_ORG_gssh0600255,INDUSTRY_fc163d1647ca522ec4cd,2026-08-10,,2026-08-16T13:48:42+00:00,BaoStock query_stock_industry,observation,medium
MEMBERSHIP_f42931d86e95bb16e7a8,CNINFO_ORG_gssh0600256,INDUSTRY_6e59023629c5a35ea710,2026-08-10,,2026-08-16T13:48:42+00:00,BaoStock query_stock_industry,observation,medium
MEMBERSHIP_f61befc5059c32fc8c75,CNINFO_ORG_gssh0600257,INDUSTRY_9ce480240011dacb27f8,2026-08-10,,2026-08-16T13:48:42+00:00,BaoStock query_stock_industry,observation,medium
MEMBERSHIP_3f7cdedd6e2080fa0f94,CNINFO_ORG_gssh0600258,INDUSTRY_1d3ab83e303b9057212b,2026-08-10,,2026-08-16T13:48:42+00:00,BaoStock query_stock_industry,observation,medium
MEMBERSHIP_136f16fbf658eae693d9,CNINFO_ORG_gssh0600259,INDUSTRY_515421a19bebcbe891cf,2026-08-10,,2026-08-16T13:48:42+00:00,BaoStock query_stock_industry,observation,medium
MEMBERSHIP_9ef0d900a79c7cd6de24,CNINFO_ORG_gssh0600261,INDUSTRY_b90e93f47f56746b9938,2026-08-10,,2026-08-16T13:48:42+00:00,BaoStock query_stock_industry,observation,medium
MEMBERSHIP_ca2e32d610b91e6c280f,CNINFO_ORG_gssh0600262,INDUSTRY_3875d79da62b4dff67e8,2026-08-10,,2026-08-16T13:48:42+00:00,BaoStock query_stock_industry,observation,medium
MEMBERSHIP_aa8ed50f61ddbd5b43e4,CNINFO_ORG_gssh0600265,INDUSTRY_c49db8c55c2b36c315c6,2026-08-10,,2026-08-16T13:48:42+00:00,BaoStock query_stock_industry,observation,medium
MEMBERSHIP_587ac1cec421e4597b14,CNINFO_ORG_gssh0600266,INDUSTRY_465aebe5f53921515851,2026-08-10,,2026-08-16T13:48:42+00:00,BaoStock query_stock_industry,observation,medium
MEMBERSHIP_d289cc0e9ffe1d828b9d,CNINFO_ORG_gssh0600267,INDUSTRY_eb1bb5863556657a5ed0,2026-08-10,,2026-08-16T13:48:42+00:00,BaoStock query_stock_industry,observation,medium
MEMBERSHIP_5136eda7ae3d2a5ce3f1,CNINFO_ORG_gssh0600268,INDUSTRY_b90e93f47f56746b9938,2026-08-10,,2026-08-16T13:48:42+00:00,BaoStock query_stock_industry,observation,medium
MEMBERSHIP_cb6edafc290feb12a608,CNINFO_ORG_gssh0600269,INDUSTRY_78ad5e2bbce7305748bd,2026-08-10,,2026-08-16T13:48:42+00:00,BaoStock query_stock_industry,observation,medium
MEMBERSHIP_a5259c2200665702e420,CNINFO_ORG_gssh0600271,INDUSTRY_fcb657f75803ca816490,2026-08-10,,2026-08-16T13:48:42+00:00,BaoStock query_stock_industry,observation,medium
MEMBERSHIP_2f95dc769651e424719b,CNINFO_ORG_gssh0600272,INDUSTRY_8c865bedc2ef9574d2e5,2026-08-10,,2026-08-16T13:48:42+00:00,BaoStock query_stock_industry,observation,medium
MEMBERSHIP_6c164661cbcf7617530d,CNINFO_ORG_gssh0600273,INDUSTRY_af522b5025b7206d78cb,2026-08-10,,2026-08-16T13:48:42+00:00,BaoStock query_stock_industry,observation,medium
MEMBERSHIP_81e2c769d727bf9ff0fb,CNINFO_ORG_gssh0600276,INDUSTRY_eb1bb5863556657a5ed0,2026-08-10,,2026-08-16T13:48:42+00:00,BaoStock query_stock_industry,observation,medium
MEMBERSHIP_dbbf48ee4eec48e77e77,CNINFO_ORG_gssh0600278,INDUSTRY_8c865bedc2ef9574d2e5,2026-08-10,,2026-08-16T13:48:42+00:00,BaoStock query_stock_industry,observation,medium
MEMBERSHIP_c3a8ce478ef9974bfcbb,CNINFO_ORG_gssh0600279,INDUSTRY_3553a2b402e33a129417,2026-08-10,,2026-08-16T13:48:42+00:00,BaoStock query_stock_industry,observation,medium
MEMBERSHIP_ae644d07d22ef5f4904e,CNINFO_ORG_gssh0600280,INDUSTRY_4fb51c32200208ed64a8,2026-08-10,,2026-08-16T13:48:42+00:00,BaoStock query_stock_industry,observation,medium
MEMBERSHIP_d4a43cdc189476c8bd75,CNINFO_ORG_gssh0600281,INDUSTRY_fc163d1647ca522ec4cd,2026-08-10,,2026-08-16T13:48:42+00:00,BaoStock query_stock_industry,observation,medium
MEMBERSHIP_e03e94bb6b2fbc67b325,CNINFO_ORG_gssh0600282,INDUSTRY_f54ff34c4bdec689eff1,2026-08-10,,2026-08-16T13:48:42+00:00,BaoStock query_stock_industry,observation,medium
MEMBERSHIP_236b4392ae7091da44aa,CNINFO_ORG_gssh0600283,INDUSTRY_7f6973b5c1a2122e9e27,2026-08-10,,2026-08-16T13:48:42+00:00,BaoStock query_stock_industry,observation,medium
MEMBERSHIP_97cdd87aa6d6f93b5452,CNINFO_ORG_gssh0600284,INDUSTRY_17cf2674a1f785e3272e,2026-08-10,,2026-08-16T13:48:42+00:00,BaoStock query_stock_industry,observation,medium
MEMBERSHIP_4936b1bc25eb286f23d5,CNINFO_ORG_gssh0600285,INDUSTRY_eb1bb5863556657a5ed0,2026-08-10,,2026-08-16T13:48:42+00:00,BaoStock query_stock_industry,observation,medium
MEMBERSHIP_42341ee5d9e645561d60,CNINFO_ORG_gssh0600287,INDUSTRY_8c865bedc2ef9574d2e5,2026-08-10,,2026-08-16T13:48:42+00:00,BaoStock query_stock_industry,observation,medium
MEMBERSHIP_a89eccc92a8e8f6fad72,CNINFO_ORG_gssh0600288,INDUSTRY_90d9ee5bdc1ee446fff0,2026-08-10,,2026-08-16T13:48:42+00:00,BaoStock query_stock_industry,observation,medium
MEMBERSHIP_06d7b0c35caa5d8d00f5,CNINFO_ORG_gssh0600289,INDUSTRY_fcb657f75803ca816490,2026-08-10,,2026-08-16T13:48:42+00:00,BaoStock query_stock_industry,observation,medium
MEMBERSHIP_453ea1f6179c268683c3,CNINFO_ORG_gssh0600292,INDUSTRY_ee9bbaf36a819df8934d,2026-08-10,,2026-08-16T13:48:42+00:00,BaoStock query_stock_industry,observation,medium
MEMBERSHIP_f1f11dbe8a5717dde8b4,CNINFO_ORG_gssh0600293,INDUSTRY_7063d42ae24daea94a9c,2026-08-10,,2026-08-16T13:48:42+00:00,BaoStock query_stock_industry,observation,medium
MEMBERSHIP_5f26b9c6fd4aeaead637,CNINFO_ORG_gssh0600295,INDUSTRY_f54ff34c4bdec689eff1,2026-08-10,,2026-08-16T13:48:42+00:00,BaoStock query_stock_industry,observation,medium
MEMBERSHIP_ff87c1072f997d9f4aab,CNINFO_ORG_gssh0600298,INDUSTRY_34765f16a5c28d382e0e,2026-08-10,,2026-08-16T13:48:42+00:00,BaoStock query_stock_industry,observation,medium
MEMBERSHIP_2d74e2defd913004cfc0,CNINFO_ORG_gssh0600299,INDUSTRY_34765f16a5c28d382e0e,2026-08-10,,2026-08-16T13:48:42+00:00,BaoStock query_stock_industry,observation,medium
MEMBERSHIP_872c1f0c06008f5a00fd,CNINFO_ORG_gssh0600300,INDUSTRY_c8598f31bb2607e3007b,2026-08-10,,2026-08-16T13:48:42+00:00,BaoStock query_stock_industry,observation,medium
MEMBERSHIP_636f868f172549151b8b,CNINFO_ORG_gssh0600301,INDUSTRY_515421a19bebcbe891cf,2026-08-10,,2026-08-16T13:48:42+00:00,BaoStock query_stock_industry,observation,medium
MEMBERSHIP_48ef8843f46e3f8bd7fa,CNINFO_ORG_gssh0600302,INDUSTRY_3875d79da62b4dff67e8,2026-08-10,,2026-08-16T13:48:42+00:00,BaoStock query_stock_industry,observation,medium
MEMBERSHIP_7f10dd72a61b8b10a5f6,CNINFO_ORG_gssh0600303,INDUSTRY_e7fb954d2ab5bf5bc733,2026-08-10,,2026-08-16T13:48:42+00:00,BaoStock query_stock_industry,observation,medium
MEMBERSHIP_99d0c013440f5a790db4,CNINFO_ORG_gssh0600305,INDUSTRY_34765f16a5c28d382e0e,2026-08-10,,2026-08-16T13:48:42+00:00,BaoStock query_stock_industry,observation,medium
MEMBERSHIP_e11bab3ee6c6e454ba48,CNINFO_ORG_gssh0600307,INDUSTRY_f54ff34c4bdec689eff1,2026-08-10,,2026-08-16T13:48:42+00:00,BaoStock query_stock_industry,observation,medium
MEMBERSHIP_13fa57998c6060ac4466,CNINFO_ORG_gssh0600308,INDUSTRY_ee7eb75e38ebcde947a9,2026-08-10,,2026-08-16T13:48:42+00:00,BaoStock query_stock_industry,observation,medium
MEMBERSHIP_05ad462e4520ab0cca1e,CNINFO_ORG_gssh0600309,INDUSTRY_af522b5025b7206d78cb,2026-08-10,,2026-08-16T13:48:42+00:00,BaoStock query_stock_industry,observation,medium
MEMBERSHIP_94e2ec4c88d898714618,CNINFO_ORG_gssh0600310,INDUSTRY_f9da9c9738f21980b6d7,2026-08-10,,2026-08-16T13:48:42+00:00,BaoStock query_stock_industry,observation,medium
MEMBERSHIP_df5d9de38c2d87cca14c,CNINFO_ORG_gssh0600312,INDUSTRY_b90e93f47f56746b9938,2026-08-10,,2026-08-16T13:48:42+00:00,BaoStock query_stock_industry,observation,medium
MEMBERSHIP_b4d1b90d2cd454e34960,CNINFO_ORG_gssh0600313,INDUSTRY_8c865bedc2ef9574d2e5,2026-08-10,,2026-08-16T13:48:42+00:00,BaoStock query_stock_industry,observation,medium
MEMBERSHIP_87a5a9e6f46ac7544cfd,CNINFO_ORG_gssh0600315,INDUSTRY_af522b5025b7206d78cb,2026-08-10,,2026-08-16T13:48:42+00:00,BaoStock query_stock_industry,observation,medium
MEMBERSHIP_01a449e8a4250f3f54ee,CNINFO_ORG_gssh0600316,INDUSTRY_ad86b4a2a3856ba2d571,2026-08-10,,2026-08-16T13:48:42+00:00,BaoStock query_stock_industry,observation,medium
MEMBERSHIP_12affe706e97e5a4426d,CNINFO_ORG_gssh0600318,INDUSTRY_b5ff8607e606f7dd55ba,2026-08-10,,2026-08-16T13:48:42+00:00,BaoStock query_stock_industry,observation,medium
MEMBERSHIP_efc537b51fe5dbb09393,CNINFO_ORG_gssh0600319,INDUSTRY_af522b5025b7206d78cb,2026-08-10,,2026-08-16T13:48:42+00:00,BaoStock query_stock_industry,observation,medium
MEMBERSHIP_442f199d3211a11c332c,CNINFO_ORG_gssh0600320,INDUSTRY_35fe091671cdb8d5f5e0,2026-08-10,,2026-08-16T13:48:42+00:00,BaoStock query_stock_industry,observation,medium
MEMBERSHIP_4e66b77152bd0e7b96fb,CNINFO_ORG_gssh0600322,INDUSTRY_465aebe5f53921515851,2026-08-10,,2026-08-16T13:48:42+00:00,BaoStock query_stock_industry,observation,medium
MEMBERSHIP_54f2293578a4f34697b5,CNINFO_ORG_gssh0600323,INDUSTRY_ee9bbaf36a819df8934d,2026-08-10,,2026-08-16T13:48:42+00:00,BaoStock query_stock_industry,observation,medium
MEMBERSHIP_8740385f5178e48357b9,CNINFO_ORG_gssh0600325,INDUSTRY_465aebe5f53921515851,2026-08-10,,2026-08-16T13:48:42+00:00,BaoStock query_stock_industry,observation,medium
MEMBERSHIP_60fa5f11caf133f5d2f6,CNINFO_ORG_gssh0600326,INDUSTRY_7063d42ae24daea94a9c,2026-08-10,,2026-08-16T13:48:42+00:00,BaoStock query_stock_industry,observation,medium
MEMBERSHIP_d59b32f2cf556017eb06,CNINFO_ORG_gssh0600327,INDUSTRY_dfb3dd085310dba8a2e0,2026-08-10,,2026-08-16T13:48:42+00:00,BaoStock query_stock_industry,observation,medium
MEMBERSHIP_548e95e2047b6066f5a2,CNINFO_ORG_gssh0600328,INDUSTRY_af522b5025b7206d78cb,2026-08-10,,2026-08-16T13:48:42+00:00,BaoStock query_stock_industry,observation,medium
MEMBERSHIP_19abb52b0d53ff1de507,CNINFO_ORG_gssh0600329,INDUSTRY_eb1bb5863556657a5ed0,2026-08-10,,2026-08-16T13:48:42+00:00,BaoStock query_stock_industry,observation,medium
MEMBERSHIP_c172afa787de33db6ab9,CNINFO_ORG_gssh0600330,INDUSTRY_90d9ee5bdc1ee446fff0,2026-08-10,,2026-08-16T13:48:42+00:00,BaoStock query_stock_industry,observation,medium
MEMBERSHIP_e0d8dac52293f05c2636,CNINFO_ORG_gssh0600331,INDUSTRY_af522b5025b7206d78cb,2026-08-10,,2026-08-16T13:48:42+00:00,BaoStock query_stock_industry,observation,medium
MEMBERSHIP_1527dd15574b24aa4771,CNINFO_ORG_gssh0600332,INDUSTRY_eb1bb5863556657a5ed0,2026-08-10,,2026-08-16T13:48:42+00:00,BaoStock query_stock_industry,observation,medium
MEMBERSHIP_4fd5d66b551696c4ac3b,CNINFO_ORG_gssh0600333,INDUSTRY_2b12590880b654376532,2026-08-10,,2026-08-16T13:48:42+00:00,BaoStock query_stock_industry,observation,medium
MEMBERSHIP_bca651bb050d94f8305c,CNINFO_ORG_gssh0600335,INDUSTRY_8c865bedc2ef9574d2e5,2026-08-10,,2026-08-16T13:48:42+00:00,BaoStock query_stock_industry,observation,medium
MEMBERSHIP_b8b5f26a1362d89fbc82,CNINFO_ORG_gssh0600336,INDUSTRY_b90e93f47f56746b9938,2026-08-10,,2026-08-16T13:48:42+00:00,BaoStock query_stock_industry,observation,medium
MEMBERSHIP_3eee5f1be67bc4a5e32e,CNINFO_ORG_gssh0600337,INDUSTRY_4fb51c32200208ed64a8,2026-08-10,,2026-08-16T13:48:42+00:00,BaoStock query_stock_industry,observation,medium
MEMBERSHIP_6ca8ea373e6a294ebdd7,CNINFO_ORG_gssh0600338,INDUSTRY_515421a19bebcbe891cf,2026-08-10,,2026-08-16T13:48:42+00:00,BaoStock query_stock_industry,observation,medium
MEMBERSHIP_89b18128b671562fc419,CNINFO_ORG_gssh0600339,INDUSTRY_93d93f4712457bea147b,2026-08-10,,2026-08-16T13:48:42+00:00,BaoStock query_stock_industry,observation,medium
MEMBERSHIP_a508d3833fa327b87f02,CNINFO_ORG_gssh0600340,INDUSTRY_465aebe5f53921515851,2026-08-10,,2026-08-16T13:48:42+00:00,BaoStock query_stock_industry,observation,medium
MEMBERSHIP_0ae395488165470a5e2a,CNINFO_ORG_gssh0600343,INDUSTRY_35fe091671cdb8d5f5e0,2026-08-10,,2026-08-16T13:48:42+00:00,BaoStock query_stock_industry,observation,medium
MEMBERSHIP_7b52cb7e2ba7011e1321,CNINFO_ORG_gssh0600345,INDUSTRY_90d9ee5bdc1ee446fff0,2026-08-10,,2026-08-16T13:48:42+00:00,BaoStock query_stock_industry,observation,medium
MEMBERSHIP_5e49253396198596786a,CNINFO_ORG_gssh0600346,INDUSTRY_af522b5025b7206d78cb,2026-08-10,,2026-08-16T13:48:42+00:00,BaoStock query_stock_industry,observation,medium
MEMBERSHIP_b440e235d3944c827489,CNINFO_ORG_gssh0600348,INDUSTRY_bd64f2d1a81c9866dda4,2026-08-10,,2026-08-16T13:48:42+00:00,BaoStock query_stock_industry,observation,medium
MEMBERSHIP_903e775f47539095d335,CNINFO_ORG_gssh0600350,INDUSTRY_78ad5e2bbce7305748bd,2026-08-10,,2026-08-16T13:48:42+00:00,BaoStock query_stock_industry,observation,medium
MEMBERSHIP_9487a9e88e8803ed4b4b,CNINFO_ORG_gssh0600351,INDUSTRY_eb1bb5863556657a5ed0,2026-08-10,,2026-08-16T13:48:42+00:00,BaoStock query_stock_industry,observation,medium
MEMBERSHIP_354c07bca34ac4ce66b7,CNINFO_ORG_gssh0600352,INDUSTRY_af522b5025b7206d78cb,2026-08-10,,2026-08-16T13:48:42+00:00,BaoStock query_stock_industry,observation,medium
MEMBERSHIP_38006b1dfa42ecec4b18,CNINFO_ORG_gssh0600353,INDUSTRY_90d9ee5bdc1ee446fff0,2026-08-10,,2026-08-16T13:48:42+00:00,BaoStock query_stock_industry,observation,medium
MEMBERSHIP_a4ad601718b6ff2b1cd2,CNINFO_ORG_gssh0600354,INDUSTRY_b767e92ab1f7435c1ef3,2026-08-10,,2026-08-16T13:48:42+00:00,BaoStock query_stock_industry,observation,medium
MEMBERSHIP_4e29a2939f71d785ada5,CNINFO_ORG_gssh0600356,INDUSTRY_ee7eb75e38ebcde947a9,2026-08-10,,2026-08-16T13:48:42+00:00,BaoStock query_stock_industry,observation,medium
MEMBERSHIP_fdb2c595e3de8f8c83ff,CNINFO_ORG_gssh0600358,INDUSTRY_91e10380fe1770769bdb,2026-08-10,,2026-08-16T13:48:42+00:00,BaoStock query_stock_industry,observation,medium
MEMBERSHIP_d9ed3166ebddf2df3ec8,CNINFO_ORG_gssh0600359,INDUSTRY_f8cb7f30edbaa3a4825a,2026-08-10,,2026-08-16T13:48:42+00:00,BaoStock query_stock_industry,observation,medium
MEMBERSHIP_41e5ff67fcd44e8b4b4a,CNINFO_ORG_gssh0600360,INDUSTRY_90d9ee5bdc1ee446fff0,2026-08-10,,2026-08-16T13:48:42+00:00,BaoStock query_stock_industry,observation,medium
MEMBERSHIP_0161166c95ee8a914d7b,CNINFO_ORG_gssh0600361,INDUSTRY_fc163d1647ca522ec4cd,2026-08-10,,2026-08-16T13:48:42+00:00,BaoStock query_stock_industry,observation,medium
MEMBERSHIP_b16a68915320f716b4ef,CNINFO_ORG_gssh0600362,INDUSTRY_fc163d1647ca522ec4cd,2026-08-10,,2026-08-16T13:48:42+00:00,BaoStock query_stock_industry,observation,medium
MEMBERSHIP_b57e3c40cd52248d8d27,CNINFO_ORG_gssh0600363,INDUSTRY_90d9ee5bdc1ee446fff0,2026-08-10,,2026-08-16T13:48:42+00:00,BaoStock query_stock_industry,observation,medium
MEMBERSHIP_cd38246a964544a1b148,CNINFO_ORG_gssh0600365,INDUSTRY_4fb51c32200208ed64a8,2026-08-10,,2026-08-16T13:48:42+00:00,BaoStock query_stock_industry,observation,medium
MEMBERSHIP_02d9160175b83c6e6ce5,CNINFO_ORG_gssh0600366,INDUSTRY_7063d42ae24daea94a9c,2026-08-10,,2026-08-16T13:48:42+00:00,BaoStock query_stock_industry,observation,medium
MEMBERSHIP_1f1ed2bffc8fb50bc0df,CNINFO_ORG_gssh0600367,INDUSTRY_af522b5025b7206d78cb,2026-08-10,,2026-08-16T13:48:42+00:00,BaoStock query_stock_industry,observation,medium
MEMBERSHIP_c23bff86be7d30b83779,CNINFO_ORG_gssh0600368,INDUSTRY_78ad5e2bbce7305748bd,2026-08-10,,2026-08-16T13:48:42+00:00,BaoStock query_stock_industry,observation,medium
MEMBERSHIP_cbc9bef5099f9fac9322,CNINFO_ORG_gssh0600369,INDUSTRY_963e913f30a1f4833ac7,2026-08-10,,2026-08-16T13:48:42+00:00,BaoStock query_stock_industry,observation,medium
MEMBERSHIP_dade7490ba14ae1f8692,CNINFO_ORG_gssh0600370,INDUSTRY_af522b5025b7206d78cb,2026-08-10,,2026-08-16T13:48:42+00:00,BaoStock query_stock_industry,observation,medium
MEMBERSHIP_3419827ccf5cbf3656d6,CNINFO_ORG_gssh0600371,INDUSTRY_b767e92ab1f7435c1ef3,2026-08-10,,2026-08-16T13:48:42+00:00,BaoStock query_stock_industry,observation,medium
MEMBERSHIP_a8a3d6ceb392284a84e9,CNINFO_ORG_gssh0600372,INDUSTRY_ad86b4a2a3856ba2d571,2026-08-10,,2026-08-16T13:48:42+00:00,BaoStock query_stock_industry,observation,medium
MEMBERSHIP_327b119a773dbd3c2dae,CNINFO_ORG_gssh0600373,INDUSTRY_979f61913dc6006fe56d,2026-08-10,,2026-08-16T13:48:42+00:00,BaoStock query_stock_industry,observation,medium
MEMBERSHIP_7930bdff563252cc0a03,CNINFO_ORG_gssh0600375,INDUSTRY_e7fb954d2ab5bf5bc733,2026-08-10,,2026-08-16T13:48:42+00:00,BaoStock query_stock_industry,observation,medium
MEMBERSHIP_6f23812421d09970a731,CNINFO_ORG_gssh0600376,INDUSTRY_465aebe5f53921515851,2026-08-10,,2026-08-16T13:48:42+00:00,BaoStock query_stock_industry,observation,medium
MEMBERSHIP_9773230907c4cc8665db,CNINFO_ORG_gssh0600377,INDUSTRY_78ad5e2bbce7305748bd,2026-08-10,,2026-08-16T13:48:42+00:00,BaoStock query_stock_industry,observation,medium
MEMBERSHIP_a402fbcbc0a69619f562,CNINFO_ORG_gssh0600378,INDUSTRY_af522b5025b7206d78cb,2026-08-10,,2026-08-16T13:48:42+00:00,BaoStock query_stock_industry,observation,medium
MEMBERSHIP_7d803e1f196a717ef1e3,CNINFO_ORG_gssh0600379,INDUSTRY_b90e93f47f56746b9938,2026-08-10,,2026-08-16T13:48:42+00:00,BaoStock query_stock_industry,observation,medium
MEMBERSHIP_3512194bd620fdaa6122,CNINFO_ORG_gssh0600380,INDUSTRY_eb1bb5863556657a5ed0,2026-08-10,,2026-08-16T13:48:42+00:00,BaoStock query_stock_industry,observation,medium
MEMBERSHIP_c0d3349718c13e8080e0,CNINFO_ORG_gssh0600381,INDUSTRY_34765f16a5c28d382e0e,2026-08-10,,2026-08-16T13:48:42+00:00,BaoStock query_stock_industry,observation,medium
MEMBERSHIP_ecaea5b398227fed7357,CNINFO_ORG_gssh0600382,INDUSTRY_7c3681bb5aa78d36021c,2026-08-10,,2026-08-16T13:48:42+00:00,BaoStock query_stock_industry,observation,medium
MEMBERSHIP_3bed231dfb0d034a342d,CNINFO_ORG_gssh0600383,INDUSTRY_465aebe5f53921515851,2026-08-10,,2026-08-16T13:48:42+00:00,BaoStock query_stock_industry,observation,medium
MEMBERSHIP_2ab3219f36ae3ece4019,CNINFO_ORG_gssh0600386,INDUSTRY_4fb51c32200208ed64a8,2026-08-10,,2026-08-16T13:48:42+00:00,BaoStock query_stock_industry,observation,medium
MEMBERSHIP_c9b69353b2f72234901e,CNINFO_ORG_gssh0600388,INDUSTRY_3875d79da62b4dff67e8,2026-08-10,,2026-08-16T13:48:42+00:00,BaoStock query_stock_industry,observation,medium
MEMBERSHIP_66e9ae570d072e8c03d1,CNINFO_ORG_gssh0600389,INDUSTRY_af522b5025b7206d78cb,2026-08-10,,2026-08-16T13:48:42+00:00,BaoStock query_stock_industry,observation,medium
MEMBERSHIP_f37e4e62bd9afae5a84b,CNINFO_ORG_gssh0600390,INDUSTRY_7ee4f97d9c6b6c9f19de,2026-08-10,,2026-08-16T13:48:42+00:00,BaoStock query_stock_industry,observation,medium
MEMBERSHIP_ff1d547f964e574453c5,CNINFO_ORG_gssh0600391,INDUSTRY_ad86b4a2a3856ba2d571,2026-08-10,,2026-08-16T13:48:42+00:00,BaoStock query_stock_industry,observation,medium
MEMBERSHIP_6c93c0cd0e6e2183b43d,CNINFO_ORG_gssh0600392,INDUSTRY_fc163d1647ca522ec4cd,2026-08-10,,2026-08-16T13:48:42+00:00,BaoStock query_stock_industry,observation,medium
MEMBERSHIP_f75917a448d572f418a0,CNINFO_ORG_gssh0600395,INDUSTRY_bd64f2d1a81c9866dda4,2026-08-10,,2026-08-16T13:48:42+00:00,BaoStock query_stock_industry,observation,medium
MEMBERSHIP_2d7e33cfa2579ed2c0cd,CNINFO_ORG_gssh0600396,INDUSTRY_f9da9c9738f21980b6d7,2026-08-10,,2026-08-16T13:48:42+00:00,BaoStock query_stock_industry,observation,medium
MEMBERSHIP_084ab70866fa7acd6c0f,CNINFO_ORG_gssh0600397,INDUSTRY_3875d79da62b4dff67e8,2026-08-10,,2026-08-16T13:48:42+00:00,BaoStock query_stock_industry,observation,medium
MEMBERSHIP_f7b0f13d1d66fde03412,CNINFO_ORG_gssh0600398,INDUSTRY_857cc70f4407799bbfbc,2026-08-10,,2026-08-16T13:48:42+00:00,BaoStock query_stock_industry,observation,medium
MEMBERSHIP_d009b7aad76219e35549,CNINFO_ORG_gssh0600399,INDUSTRY_f54ff34c4bdec689eff1,2026-08-10,,2026-08-16T13:48:42+00:00,BaoStock query_stock_industry,observation,medium
MEMBERSHIP_5f18d30336a58ff93297,CNINFO_ORG_gssh0600400,INDUSTRY_857cc70f4407799bbfbc,2026-08-10,,2026-08-16T13:48:42+00:00,BaoStock query_stock_industry,observation,medium
MEMBERSHIP_ff4a1ba8f3a6ae786a2f,CNINFO_ORG_gssh0600403,INDUSTRY_bd64f2d1a81c9866dda4,2026-08-10,,2026-08-16T13:48:42+00:00,BaoStock query_stock_industry,observation,medium
MEMBERSHIP_0b06d1f786593c36f956,CNINFO_ORG_gssh0600405,INDUSTRY_90d9ee5bdc1ee446fff0,2026-08-10,,2026-08-16T13:48:42+00:00,BaoStock query_stock_industry,observation,medium
MEMBERSHIP_f7c7c8b0a3a60d87135e,CNINFO_ORG_gssh0600406,INDUSTRY_fcb657f75803ca816490,2026-08-10,,2026-08-16T13:48:42+00:00,BaoStock query_stock_industry,observation,medium
MEMBERSHIP_c49809b7f5ad8c6c8e12,CNINFO_ORG_gssh0600408,INDUSTRY_f54ff34c4bdec689eff1,2026-08-10,,2026-08-16T13:48:42+00:00,BaoStock query_stock_industry,observation,medium
MEMBERSHIP_4c29af7ff9f557b6dae7,CNINFO_ORG_gssh0600409,INDUSTRY_af522b5025b7206d78cb,2026-08-10,,2026-08-16T13:48:42+00:00,BaoStock query_stock_industry,observation,medium
MEMBERSHIP_d05b2d95da14c94d23ae,CNINFO_ORG_gssh0600410,INDUSTRY_fcb657f75803ca816490,2026-08-10,,2026-08-16T13:48:42+00:00,BaoStock query_stock_industry,observation,medium
MEMBERSHIP_158aa52533c73cdad431,CNINFO_ORG_gssh0600415,INDUSTRY_91e10380fe1770769bdb,2026-08-10,,2026-08-16T13:48:42+00:00,BaoStock query_stock_industry,observation,medium
MEMBERSHIP_2e93785d4608d5ecb396,CNINFO_ORG_gssh0600416,INDUSTRY_b90e93f47f56746b9938,2026-08-10,,2026-08-16T13:48:42+00:00,BaoStock query_stock_industry,observation,medium
MEMBERSHIP_ec4d3e29d5a07813016f,CNINFO_ORG_gssh0600418,INDUSTRY_e7fb954d2ab5bf5bc733,2026-08-10,,2026-08-16T13:48:42+00:00,BaoStock query_stock_industry,observation,medium
MEMBERSHIP_87ee982cf8bc9b2b9b5d,CNINFO_ORG_gssh0600419,INDUSTRY_34765f16a5c28d382e0e,2026-08-10,,2026-08-16T13:48:42+00:00,BaoStock query_stock_industry,observation,medium
MEMBERSHIP_0bba419a5a73e0a5ae7d,CNINFO_ORG_gssh0600420,INDUSTRY_eb1bb5863556657a5ed0,2026-08-10,,2026-08-16T13:48:42+00:00,BaoStock query_stock_industry,observation,medium
MEMBERSHIP_9880e1bd70c1869d2d77,CNINFO_ORG_gssh0600422,INDUSTRY_eb1bb5863556657a5ed0,2026-08-10,,2026-08-16T13:48:42+00:00,BaoStock query_stock_industry,observation,medium
MEMBERSHIP_d4677993d31a6d1b43c8,CNINFO_ORG_gssh0600423,INDUSTRY_af522b5025b7206d78cb,2026-08-10,,2026-08-16T13:48:42+00:00,BaoStock query_stock_industry,observation,medium
MEMBERSHIP_2a94fac1c9e484275c71,CNINFO_ORG_gssh0600425,INDUSTRY_7063d42ae24daea94a9c,2026-08-10,,2026-08-16T13:48:42+00:00,BaoStock query_stock_industry,observation,medium
MEMBERSHIP_1390a9d3c6882ce7ec2d,CNINFO_ORG_gssh0600426,INDUSTRY_af522b5025b7206d78cb,2026-08-10,,2026-08-16T13:48:42+00:00,BaoStock query_stock_industry,observation,medium
MEMBERSHIP_acb78cdf9f616c216c7e,CNINFO_ORG_gssh0600428,INDUSTRY_3553a2b402e33a129417,2026-08-10,,2026-08-16T13:48:42+00:00,BaoStock query_stock_industry,observation,medium
MEMBERSHIP_d10157cabc63d633dd92,CNINFO_ORG_gssh0600429,INDUSTRY_34765f16a5c28d382e0e,2026-08-10,,2026-08-16T13:48:42+00:00,BaoStock query_stock_industry,observation,medium
MEMBERSHIP_8787315572c431d91e78,CNINFO_ORG_gssh0600433,INDUSTRY_ee7eb75e38ebcde947a9,2026-08-10,,2026-08-16T13:48:42+00:00,BaoStock query_stock_industry,observation,medium
MEMBERSHIP_7b3a9e17652547f2eb83,CNINFO_ORG_gssh0600435,INDUSTRY_90d9ee5bdc1ee446fff0,2026-08-10,,2026-08-16T13:48:42+00:00,BaoStock query_stock_industry,observation,medium
MEMBERSHIP_906482fbc41b0ef70c8a,CNINFO_ORG_gssh0600436,INDUSTRY_eb1bb5863556657a5ed0,2026-08-10,,2026-08-16T13:48:42+00:00,BaoStock query_stock_industry,observation,medium
MEMBERSHIP_5448ecfec231988c5dc9,CNINFO_ORG_gssh0600438,INDUSTRY_b90e93f47f56746b9938,2026-08-10,,2026-08-16T13:48:42+00:00,BaoStock query_stock_industry,observation,medium
MEMBERSHIP_5616bd38ec30d6c66a0b,CNINFO_ORG_gssh0600439,INDUSTRY_3e41c6b832b570c4f5d1,2026-08-10,,2026-08-16T13:48:42+00:00,BaoStock query_stock_industry,observation,medium
MEMBERSHIP_14c2112f5a57cd041ddf,CNINFO_ORG_gssh0600444,INDUSTRY_3875d79da62b4dff67e8,2026-08-10,,2026-08-16T13:48:42+00:00,BaoStock query_stock_industry,observation,medium
MEMBERSHIP_dace3fc2f2f33e3b63ef,CNINFO_ORG_gssh0600446,INDUSTRY_fcb657f75803ca816490,2026-08-10,,2026-08-16T13:48:42+00:00,BaoStock query_stock_industry,observation,medium
MEMBERSHIP_58ce715a55378be2a410,CNINFO_ORG_gssh0600448,INDUSTRY_a971ce8c4913016d33d1,2026-08-10,,2026-08-16T13:48:42+00:00,BaoStock query_stock_industry,observation,medium
MEMBERSHIP_5cf836939e2dcdda790f,CNINFO_ORG_gssh0600449,INDUSTRY_7063d42ae24daea94a9c,2026-08-10,,2026-08-16T13:48:42+00:00,BaoStock query_stock_industry,observation,medium
MEMBERSHIP_2a942b143ed94cde70b6,CNINFO_ORG_gssh0600452,INDUSTRY_f9da9c9738f21980b6d7,2026-08-10,,2026-08-16T13:48:42+00:00,BaoStock query_stock_industry,observation,medium
MEMBERSHIP_eadda6f0efecbad433a8,CNINFO_ORG_gssh0600455,INDUSTRY_c8bacf718e8395c6b293,2026-08-10,,2026-08-16T13:48:42+00:00,BaoStock query_stock_industry,observation,medium
MEMBERSHIP_9b10091024e09f112fcf,CNINFO_ORG_gssh0600456,INDUSTRY_fc163d1647ca522ec4cd,2026-08-10,,2026-08-16T13:48:42+00:00,BaoStock query_stock_industry,observation,medium
MEMBERSHIP_3ea7a44961ad58871b4c,CNINFO_ORG_gssh0600458,INDUSTRY_b62fae243f391f69617b,2026-08-10,,2026-08-16T13:48:42+00:00,BaoStock query_stock_industry,observation,medium
MEMBERSHIP_11aa0d02de2677f67a38,CNINFO_ORG_gssh0600459,INDUSTRY_fc163d1647ca522ec4cd,2026-08-10,,2026-08-16T13:48:42+00:00,BaoStock query_stock_industry,observation,medium
MEMBERSHIP_571ddb70822e881e7159,CNINFO_ORG_gssh0600460,INDUSTRY_90d9ee5bdc1ee446fff0,2026-08-10,,2026-08-16T13:48:42+00:00,BaoStock query_stock_industry,observation,medium
MEMBERSHIP_e5abce1364a7cfb80eb3,CNINFO_ORG_gssh0600461,INDUSTRY_7f6973b5c1a2122e9e27,2026-08-10,,2026-08-16T13:48:42+00:00,BaoStock query_stock_industry,observation,medium
MEMBERSHIP_7b5f76bf8d5f3480dfd1,CNINFO_ORG_gssh0600463,INDUSTRY_17cf2674a1f785e3272e,2026-08-10,,2026-08-16T13:48:42+00:00,BaoStock query_stock_industry,observation,medium
MEMBERSHIP_36f38c649c15eda0d18a,CNINFO_ORG_gssh0600467,INDUSTRY_9ce480240011dacb27f8,2026-08-10,,2026-08-16T13:48:42+00:00,BaoStock query_stock_industry,observation,medium
MEMBERSHIP_6e4b93c635bf62f09fb5,CNINFO_ORG_gssh0600468,INDUSTRY_b90e93f47f56746b9938,2026-08-10,,2026-08-16T13:48:42+00:00,BaoStock query_stock_industry,observation,medium
MEMBERSHIP_be15de4c5d253b714d0a,CNINFO_ORG_gssh0600469,INDUSTRY_b62fae243f391f69617b,2026-08-10,,2026-08-16T13:48:42+00:00,BaoStock query_stock_industry,observation,medium
MEMBERSHIP_48179d40cfb13c001070,CNINFO_ORG_gssh0600470,INDUSTRY_af522b5025b7206d78cb,2026-08-10,,2026-08-16T13:48:42+00:00,BaoStock query_stock_industry,observation,medium
MEMBERSHIP_045b6abe92ab4ab6d51d,CNINFO_ORG_gssh0600475,INDUSTRY_ee9bbaf36a819df8934d,2026-08-10,,2026-08-16T13:48:42+00:00,BaoStock query_stock_industry,observation,medium
MEMBERSHIP_b9b78c06e7dc439a141b,CNINFO_ORG_gssh0600476,INDUSTRY_fcb657f75803ca816490,2026-08-10,,2026-08-16T13:48:42+00:00,BaoStock query_stock_industry,observation,medium
MEMBERSHIP_1e9a1e0718ae7cdfcdd4,CNINFO_ORG_gssh0600477,INDUSTRY_be6d1ff74018fda3a9a4,2026-08-10,,2026-08-16T13:48:42+00:00,BaoStock query_stock_industry,observation,medium
MEMBERSHIP_fa0aaae1fb22cccbe1f2,CNINFO_ORG_gssh0600478,INDUSTRY_b90e93f47f56746b9938,2026-08-10,,2026-08-16T13:48:42+00:00,BaoStock query_stock_industry,observation,medium
MEMBERSHIP_5d2f1997ef7f49472042,CNINFO_ORG_gssh0600479,INDUSTRY_eb1bb5863556657a5ed0,2026-08-10,,2026-08-16T13:48:42+00:00,BaoStock query_stock_industry,observation,medium
MEMBERSHIP_83a4ad51485cc7a4d747,CNINFO_ORG_gssh0600480,INDUSTRY_e7fb954d2ab5bf5bc733,2026-08-10,,2026-08-16T13:48:42+00:00,BaoStock query_stock_industry,observation,medium
MEMBERSHIP_0f3703757903b2c12566,CNINFO_ORG_gssh0600481,INDUSTRY_35fe091671cdb8d5f5e0,2026-08-10,,2026-08-16T13:48:42+00:00,BaoStock query_stock_industry,observation,medium
MEMBERSHIP_42454092e1c082e53a18,CNINFO_ORG_gssh0600482,INDUSTRY_ad86b4a2a3856ba2d571,2026-08-10,,2026-08-16T13:48:42+00:00,BaoStock query_stock_industry,observation,medium
MEMBERSHIP_cc5a753505bc107f1a95,CNINFO_ORG_gssh0600483,INDUSTRY_f9da9c9738f21980b6d7,2026-08-10,,2026-08-16T13:48:42+00:00,BaoStock query_stock_industry,observation,medium
MEMBERSHIP_9a48cdc7b629ce1808c9,CNINFO_ORG_gssh0600486,INDUSTRY_af522b5025b7206d78cb,2026-08-10,,2026-08-16T13:48:42+00:00,BaoStock query_stock_industry,observation,medium
MEMBERSHIP_3f98909cc7b4635e0501,CNINFO_ORG_gssh0600487,INDUSTRY_b90e93f47f56746b9938,2026-08-10,,2026-08-16T13:48:42+00:00,BaoStock query_stock_industry,observation,medium
MEMBERSHIP_1b1dbba79edbb6a68d52,CNINFO_ORG_gssh0600488,INDUSTRY_eb1bb5863556657a5ed0,2026-08-10,,2026-08-16T13:48:42+00:00,BaoStock query_stock_industry,observation,medium
MEMBERSHIP_9b5747cc0431b56ab471,CNINFO_ORG_gssh0600489,INDUSTRY_515421a19bebcbe891cf,2026-08-10,,2026-08-16T13:48:42+00:00,BaoStock query_stock_industry,observation,medium
MEMBERSHIP_03235832663f072f076e,CNINFO_ORG_gssh0600490,INDUSTRY_fc163d1647ca522ec4cd,2026-08-10,,2026-08-16T13:48:42+00:00,BaoStock query_stock_industry,observation,medium
MEMBERSHIP_bbb1743f444b692b6528,CNINFO_ORG_gssh0600491,INDUSTRY_17cf2674a1f785e3272e,2026-08-10,,2026-08-16T13:48:42+00:00,BaoStock query_stock_industry,observation,medium
MEMBERSHIP_4761a530ab12070c3bf8,CNINFO_ORG_gssh0600493,INDUSTRY_a971ce8c4913016d33d1,2026-08-10,,2026-08-16T13:48:42+00:00,BaoStock query_stock_industry,observation,medium
MEMBERSHIP_85f466b1e2212bc8fbd5,CNINFO_ORG_gssh0600495,INDUSTRY_ad86b4a2a3856ba2d571,2026-08-10,,2026-08-16T13:48:42+00:00,BaoStock query_stock_industry,observation,medium
MEMBERSHIP_67cee70e6eecc59eb4ae,CNINFO_ORG_gssh0600496,INDUSTRY_be6d1ff74018fda3a9a4,2026-08-10,,2026-08-16T13:48:42+00:00,BaoStock query_stock_industry,observation,medium
MEMBERSHIP_ae902ed01464e9aa9ac6,CNINFO_ORG_gssh0600497,INDUSTRY_fc163d1647ca522ec4cd,2026-08-10,,2026-08-16T13:48:42+00:00,BaoStock query_stock_industry,observation,medium
MEMBERSHIP_dac713afb34d2f682625,CNINFO_ORG_gssh0600498,INDUSTRY_90d9ee5bdc1ee446fff0,2026-08-10,,2026-08-16T13:48:42+00:00,BaoStock query_stock_industry,observation,medium
MEMBERSHIP_3e8728ff5b354aee5b76,CNINFO_ORG_gssh0600499,INDUSTRY_3875d79da62b4dff67e8,2026-08-10,,2026-08-16T13:48:42+00:00,BaoStock query_stock_industry,observation,medium
MEMBERSHIP_e153387905b4a12bcc81,CNINFO_ORG_gssh0600500,INDUSTRY_af522b5025b7206d78cb,2026-08-10,,2026-08-16T13:48:42+00:00,BaoStock query_stock_industry,observation,medium
MEMBERSHIP_93fd947595328360f633,CNINFO_ORG_gssh0600501,INDUSTRY_3875d79da62b4dff67e8,2026-08-10,,2026-08-16T13:48:42+00:00,BaoStock query_stock_industry,observation,medium
MEMBERSHIP_96e2e26a15cde088f1d7,CNINFO_ORG_gssh0600502,INDUSTRY_17cf2674a1f785e3272e,2026-08-10,,2026-08-16T13:48:42+00:00,BaoStock query_stock_industry,observation,medium
MEMBERSHIP_0ed3ca5bae69f75b1f68,CNINFO_ORG_gssh0600503,INDUSTRY_465aebe5f53921515851,2026-08-10,,2026-08-16T13:48:42+00:00,BaoStock query_stock_industry,observation,medium
MEMBERSHIP_d944b821bf28554040fe,CNINFO_ORG_gssh0600505,INDUSTRY_f9da9c9738f21980b6d7,2026-08-10,,2026-08-16T13:48:42+00:00,BaoStock query_stock_industry,observation,medium
MEMBERSHIP_4ac5b13bc074f6e6a260,CNINFO_ORG_gssh0600506,INDUSTRY_cfd4139bf05e5a91c076,2026-08-10,,2026-08-16T13:48:42+00:00,BaoStock query_stock_industry,observation,medium
MEMBERSHIP_ba64640e12c588af8857,CNINFO_ORG_gssh0600507,INDUSTRY_f54ff34c4bdec689eff1,2026-08-10,,2026-08-16T13:48:42+00:00,BaoStock query_stock_industry,observation,medium
MEMBERSHIP_2b16f857b6b5969c6886,CNINFO_ORG_gssh0600508,INDUSTRY_bd64f2d1a81c9866dda4,2026-08-10,,2026-08-16T13:48:42+00:00,BaoStock query_stock_industry,observation,medium
MEMBERSHIP_56bb698434efa0f00752,CNINFO_ORG_gssh0600509,INDUSTRY_f9da9c9738f21980b6d7,2026-08-10,,2026-08-16T13:48:42+00:00,BaoStock query_stock_industry,observation,medium
MEMBERSHIP_e812630f16e82eb68371,CNINFO_ORG_gssh0600510,INDUSTRY_465aebe5f53921515851,2026-08-10,,2026-08-16T13:48:42+00:00,BaoStock query_stock_industry,observation,medium
MEMBERSHIP_5e9f530707f7c59fed5d,CNINFO_ORG_gssh0600511,INDUSTRY_8c865bedc2ef9574d2e5,2026-08-10,,2026-08-16T13:48:42+00:00,BaoStock query_stock_industry,observation,medium
MEMBERSHIP_78e3e3e02a4353258cd6,CNINFO_ORG_gssh0600512,INDUSTRY_17cf2674a1f785e3272e,2026-08-10,,2026-08-16T13:48:42+00:00,BaoStock query_stock_industry,observation,medium
MEMBERSHIP_5cb57234e00f7a81c686,CNINFO_ORG_gssh0600513,INDUSTRY_eb1bb5863556657a5ed0,2026-08-10,,2026-08-16T13:48:42+00:00,BaoStock query_stock_industry,observation,medium
MEMBERSHIP_cc13fc5fefbb243e281d,CNINFO_ORG_gssh0600515,INDUSTRY_465aebe5f53921515851,2026-08-10,,2026-08-16T13:48:42+00:00,BaoStock query_stock_industry,observation,medium
MEMBERSHIP_b00c026cb7c6a3f0859d,CNINFO_ORG_gssh0600516,INDUSTRY_7063d42ae24daea94a9c,2026-08-10,,2026-08-16T13:48:42+00:00,BaoStock query_stock_industry,observation,medium
MEMBERSHIP_4b29e0fc1eb8d4b83711,CNINFO_ORG_gssh0600517,INDUSTRY_7ee4f97d9c6b6c9f19de,2026-08-10,,2026-08-16T13:48:42+00:00,BaoStock query_stock_industry,observation,medium
MEMBERSHIP_3c1a1143e27d655f36c0,CNINFO_ORG_gssh0600518,INDUSTRY_eb1bb5863556657a5ed0,2026-08-10,,2026-08-16T13:48:42+00:00,BaoStock query_stock_industry,observation,medium
MEMBERSHIP_977c2a21fb8ef496b590,CNINFO_ORG_gssh0600519,INDUSTRY_c8598f31bb2607e3007b,2026-08-10,,2026-08-16T13:48:42+00:00,BaoStock query_stock_industry,observation,medium
MEMBERSHIP_ea9f1cabe5518f402392,CNINFO_ORG_gssh0600520,INDUSTRY_3875d79da62b4dff67e8,2026-08-10,,2026-08-16T13:48:42+00:00,BaoStock query_stock_industry,observation,medium
MEMBERSHIP_478cb2dfc77c8b7ce8c3,CNINFO_ORG_gssh0600521,INDUSTRY_eb1bb5863556657a5ed0,2026-08-10,,2026-08-16T13:48:42+00:00,BaoStock query_stock_industry,observation,medium
MEMBERSHIP_61d9274d5188571f538d,CNINFO_ORG_gssh0600522,INDUSTRY_b90e93f47f56746b9938,2026-08-10,,2026-08-16T13:48:42+00:00,BaoStock query_stock_industry,observation,medium
MEMBERSHIP_d11ca146ff02376ee554,CNINFO_ORG_gssh0600523,INDUSTRY_e7fb954d2ab5bf5bc733,2026-08-10,,2026-08-16T13:48:42+00:00,BaoStock query_stock_industry,observation,medium
MEMBERSHIP_a24c964c2f81c596754e,CNINFO_ORG_gssh0600525,INDUSTRY_b90e93f47f56746b9938,2026-08-10,,2026-08-16T13:48:42+00:00,BaoStock query_stock_industry,observation,medium
MEMBERSHIP_7cf21b341764d1595070,CNINFO_ORG_gssh0600526,INDUSTRY_3875d79da62b4dff67e8,2026-08-10,,2026-08-16T13:48:42+00:00,BaoStock query_stock_industry,observation,medium
MEMBERSHIP_1b5bc4ecd01d565288bd,CNINFO_ORG_gssh0600527,INDUSTRY_c6634e4fb00885448aae,2026-08-10,,2026-08-16T13:48:42+00:00,BaoStock query_stock_industry,observation,medium
MEMBERSHIP_7171b723a624a016a572,CNINFO_ORG_gssh0600528,INDUSTRY_3875d79da62b4dff67e8,2026-08-10,,2026-08-16T13:48:42+00:00,BaoStock query_stock_industry,observation,medium
MEMBERSHIP_825be2b69be7d4b7adbd,CNINFO_ORG_gssh0600529,INDUSTRY_7063d42ae24daea94a9c,2026-08-10,,2026-08-16T13:48:42+00:00,BaoStock query_stock_industry,observation,medium
MEMBERSHIP_2a1e6e783752fe5b225d,CNINFO_ORG_gssh0600530,INDUSTRY_34765f16a5c28d382e0e,2026-08-10,,2026-08-16T13:48:42+00:00,BaoStock query_stock_industry,observation,medium
MEMBERSHIP_6a4240a53987092fd551,CNINFO_ORG_gssh0600531,INDUSTRY_fc163d1647ca522ec4cd,2026-08-10,,2026-08-16T13:48:42+00:00,BaoStock query_stock_industry,observation,medium
MEMBERSHIP_e16fa1b10cc4dd874044,CNINFO_ORG_gssh0600533,INDUSTRY_465aebe5f53921515851,2026-08-10,,2026-08-16T13:48:42+00:00,BaoStock query_stock_industry,observation,medium
MEMBERSHIP_0faa100f2328e7c3eabb,CNINFO_ORG_gssh0600535,INDUSTRY_eb1bb5863556657a5ed0,2026-08-10,,2026-08-16T13:48:42+00:00,BaoStock query_stock_industry,observation,medium
MEMBERSHIP_f238cf26b7cd09b7d28d,CNINFO_ORG_gssh0600536,INDUSTRY_fcb657f75803ca816490,2026-08-10,,2026-08-16T13:48:42+00:00,BaoStock query_stock_industry,observation,medium
MEMBERSHIP_6e4e1e64913c2ff07aa9,CNINFO_ORG_gssh0600537,INDUSTRY_b90e93f47f56746b9938,2026-08-10,,2026-08-16T13:48:42+00:00,BaoStock query_stock_industry,observation,medium
MEMBERSHIP_2544d1f28d48094b842e,CNINFO_ORG_gssh0600538,INDUSTRY_8c865bedc2ef9574d2e5,2026-08-10,,2026-08-16T13:48:42+00:00,BaoStock query_stock_industry,observation,medium
MEMBERSHIP_8598a5d13ecd3821090a,CNINFO_ORG_gssh0600539,INDUSTRY_4fb51c32200208ed64a8,2026-08-10,,2026-08-16T13:48:42+00:00,BaoStock query_stock_industry,observation,medium
MEMBERSHIP_18b2ee530449e685e872,CNINFO_ORG_gssh0600540,INDUSTRY_f8cb7f30edbaa3a4825a,2026-08-10,,2026-08-16T13:48:42+00:00,BaoStock query_stock_industry,observation,medium
MEMBERSHIP_b52322dc167a710a4c8c,CNINFO_ORG_gssh0600543,INDUSTRY_c8598f31bb2607e3007b,2026-08-10,,2026-08-16T13:48:42+00:00,BaoStock query_stock_industry,observation,medium
MEMBERSHIP_9eeffefebd99320dbe05,CNINFO_ORG_gssh0600545,INDUSTRY_3875d79da62b4dff67e8,2026-08-10,,2026-08-16T13:48:42+00:00,BaoStock query_stock_industry,observation,medium
MEMBERSHIP_6e5414bef14a0ad36416,CNINFO_ORG_gssh0600546,INDUSTRY_bd64f2d1a81c9866dda4,2026-08-10,,2026-08-16T13:48:42+00:00,BaoStock query_stock_industry,observation,medium
MEMBERSHIP_cd0fafdd21dbfa945760,CNINFO_ORG_gssh0600547,INDUSTRY_515421a19bebcbe891cf,2026-08-10,,2026-08-16T13:48:42+00:00,BaoStock query_stock_industry,observation,medium
MEMBERSHIP_a9bf7a71304c74241808,CNINFO_ORG_gssh0600548,INDUSTRY_78ad5e2bbce7305748bd,2026-08-10,,2026-08-16T13:48:42+00:00,BaoStock query_stock_industry,observation,medium
MEMBERSHIP_b6bbe3b515bbbf99073e,CNINFO_ORG_gssh0600549,INDUSTRY_fc163d1647ca522ec4cd,2026-08-10,,2026-08-16T13:48:42+00:00,BaoStock query_stock_industry,observation,medium
MEMBERSHIP_a60b4f027566cab33576,CNINFO_ORG_gssh0600550,INDUSTRY_b90e93f47f56746b9938,2026-08-10,,2026-08-16T13:48:42+00:00,BaoStock query_stock_industry,observation,medium
MEMBERSHIP_ac2ee9be2f78dcdffe15,CNINFO_ORG_gssh0600551,INDUSTRY_979f61913dc6006fe56d,2026-08-10,,2026-08-16T13:48:42+00:00,BaoStock query_stock_industry,observation,medium
MEMBERSHIP_181c5e7ddec47070358a,CNINFO_ORG_gssh0600552,INDUSTRY_90d9ee5bdc1ee446fff0,2026-08-10,,2026-08-16T13:48:42+00:00,BaoStock query_stock_industry,observation,medium
MEMBERSHIP_b1d777111aff947093e7,CNINFO_ORG_gssh0600556,INDUSTRY_9f7679f9ad900c7a65d2,2026-08-10,,2026-08-16T13:48:42+00:00,BaoStock query_stock_industry,observation,medium
MEMBERSHIP_7bcf02ffe4393facd7df,CNINFO_ORG_gssh0600557,INDUSTRY_eb1bb5863556657a5ed0,2026-08-10,,2026-08-16T13:48:42+00:00,BaoStock query_stock_industry,observation,medium
MEMBERSHIP_05b22764699673853fd6,CNINFO_ORG_gssh0600558,INDUSTRY_be6d1ff74018fda3a9a4,2026-08-10,,2026-08-16T13:48:42+00:00,BaoStock query_stock_industry,observation,medium
MEMBERSHIP_4423fa1c03f00131f242,CNINFO_ORG_gssh0600559,INDUSTRY_c8598f31bb2607e3007b,2026-08-10,,2026-08-16T13:48:42+00:00,BaoStock query_stock_industry,observation,medium
MEMBERSHIP_1099ceb0fc7cf96b11e1,CNINFO_ORG_gssh0600560,INDUSTRY_3875d79da62b4dff67e8,2026-08-10,,2026-08-16T13:48:42+00:00,BaoStock query_stock_industry,observation,medium
MEMBERSHIP_9af6bcdc8edac92e7564,CNINFO_ORG_gssh0600561,INDUSTRY_78ad5e2bbce7305748bd,2026-08-10,,2026-08-16T13:48:42+00:00,BaoStock query_stock_industry,observation,medium
MEMBERSHIP_bf51b695a1ceb493d4e7,CNINFO_ORG_gssh0600562,INDUSTRY_90d9ee5bdc1ee446fff0,2026-08-10,,2026-08-16T13:48:42+00:00,BaoStock query_stock_industry,observation,medium
MEMBERSHIP_46caee3cf954ff439b73,CNINFO_ORG_gssh0600563,INDUSTRY_90d9ee5bdc1ee446fff0,2026-08-10,,2026-08-16T13:48:42+00:00,BaoStock query_stock_industry,observation,medium
MEMBERSHIP_ed8c2adad83ae3705dce,CNINFO_ORG_gssh0600566,INDUSTRY_eb1bb5863556657a5ed0,2026-08-10,,2026-08-16T13:48:42+00:00,BaoStock query_stock_industry,observation,medium
MEMBERSHIP_8f80645ca0cbf5f8fa0f,CNINFO_ORG_gssh0600567,INDUSTRY_ee7eb75e38ebcde947a9,2026-08-10,,2026-08-16T13:48:42+00:00,BaoStock query_stock_industry,observation,medium
MEMBERSHIP_3c3f9c0a79f2f3d90c56,CNINFO_ORG_gssh0600568,INDUSTRY_dfb3dd085310dba8a2e0,2026-08-10,,2026-08-16T13:48:42+00:00,BaoStock query_stock_industry,observation,medium
MEMBERSHIP_932442a81da1b90087a4,CNINFO_ORG_gssh0600569,INDUSTRY_f54ff34c4bdec689eff1,2026-08-10,,2026-08-16T13:48:42+00:00,BaoStock query_stock_industry,observation,medium
MEMBERSHIP_b587b6f33affd33e62fd,CNINFO_ORG_gssh0600570,INDUSTRY_fcb657f75803ca816490,2026-08-10,,2026-08-16T13:48:42+00:00,BaoStock query_stock_industry,observation,medium
MEMBERSHIP_815c11735cb3b698a532,CNINFO_ORG_gssh0600571,INDUSTRY_fcb657f75803ca816490,2026-08-10,,2026-08-16T13:48:42+00:00,BaoStock query_stock_industry,observation,medium
MEMBERSHIP_4851ada2928d62aa4569,CNINFO_ORG_gssh0600572,INDUSTRY_eb1bb5863556657a5ed0,2026-08-10,,2026-08-16T13:48:42+00:00,BaoStock query_stock_industry,observation,medium
MEMBERSHIP_4678e76e91dbce87e3ce,CNINFO_ORG_gssh0600573,INDUSTRY_c8598f31bb2607e3007b,2026-08-10,,2026-08-16T13:48:42+00:00,BaoStock query_stock_industry,observation,medium
MEMBERSHIP_ac37d49fa1ba8e79e6cd,CNINFO_ORG_gssh0600575,INDUSTRY_3553a2b402e33a129417,2026-08-10,,2026-08-16T13:48:42+00:00,BaoStock query_stock_industry,observation,medium
MEMBERSHIP_c82244c5ada82e4cb9d7,CNINFO_ORG_gssh0600576,INDUSTRY_1233924bed568c1b168b,2026-08-10,,2026-08-16T13:48:42+00:00,BaoStock query_stock_industry,observation,medium
MEMBERSHIP_7755aa7161a5c100c6dd,CNINFO_ORG_gssh0600577,INDUSTRY_b90e93f47f56746b9938,2026-08-10,,2026-08-16T13:48:42+00:00,BaoStock query_stock_industry,observation,medium
MEMBERSHIP_bd9a0b89c9692d26d81d,CNINFO_ORG_gssh0600578,INDUSTRY_f9da9c9738f21980b6d7,2026-08-10,,2026-08-16T13:48:42+00:00,BaoStock query_stock_industry,observation,medium
MEMBERSHIP_9fdacdd76339d03e177c,CNINFO_ORG_gssh0600579,INDUSTRY_3875d79da62b4dff67e8,2026-08-10,,2026-08-16T13:48:42+00:00,BaoStock query_stock_industry,observation,medium
MEMBERSHIP_d3289fca06a6a3e0aabc,CNINFO_ORG_gssh0600580,INDUSTRY_b90e93f47f56746b9938,2026-08-10,,2026-08-16T13:48:42+00:00,BaoStock query_stock_industry,observation,medium
MEMBERSHIP_6e01aa64d99942fa4cc9,CNINFO_ORG_gssh0600581,INDUSTRY_f54ff34c4bdec689eff1,2026-08-10,,2026-08-16T13:48:42+00:00,BaoStock query_stock_industry,observation,medium
MEMBERSHIP_8346c0675661df04cc9b,CNINFO_ORG_gssh0600582,INDUSTRY_3875d79da62b4dff67e8,2026-08-10,,2026-08-16T13:48:42+00:00,BaoStock query_stock_industry,observation,medium
MEMBERSHIP_0cccd7f51c1d3939cb42,CNINFO_ORG_gssh0600583,INDUSTRY_93d93f4712457bea147b,2026-08-10,,2026-08-16T13:48:42+00:00,BaoStock query_stock_industry,observation,medium
MEMBERSHIP_db379a3c9227bb5e68ff,CNINFO_ORG_gssh0600584,INDUSTRY_90d9ee5bdc1ee446fff0,2026-08-10,,2026-08-16T13:48:42+00:00,BaoStock query_stock_industry,observation,medium
MEMBERSHIP_56c70b24ee2ac8398a30,CNINFO_ORG_gssh0600585,INDUSTRY_7063d42ae24daea94a9c,2026-08-10,,2026-08-16T13:48:42+00:00,BaoStock query_stock_industry,observation,medium
MEMBERSHIP_9749bd9d4bcc303a9252,CNINFO_ORG_gssh0600586,INDUSTRY_7063d42ae24daea94a9c,2026-08-10,,2026-08-16T13:48:42+00:00,BaoStock query_stock_industry,observation,medium
MEMBERSHIP_579473360185fdb80794,CNINFO_ORG_gssh0600587,INDUSTRY_3875d79da62b4dff67e8,2026-08-10,,2026-08-16T13:48:42+00:00,BaoStock query_stock_industry,observation,medium
MEMBERSHIP_f86ccacee4af6553d846,CNINFO_ORG_gssh0600588,INDUSTRY_fcb657f75803ca816490,2026-08-10,,2026-08-16T13:48:42+00:00,BaoStock query_stock_industry,observation,medium
MEMBERSHIP_ec65f9ca8fbed909c1e7,CNINFO_ORG_gssh0600589,INDUSTRY_fcb657f75803ca816490,2026-08-10,,2026-08-16T13:48:42+00:00,BaoStock query_stock_industry,observation,medium
MEMBERSHIP_cc95f5753ac45ef1601a,CNINFO_ORG_gssh0600590,INDUSTRY_b90e93f47f56746b9938,2026-08-10,,2026-08-16T13:48:42+00:00,BaoStock query_stock_industry,observation,medium
MEMBERSHIP_4bf9cc93262eb780e332,CNINFO_ORG_gssh0600592,INDUSTRY_35fe091671cdb8d5f5e0,2026-08-10,,2026-08-16T13:48:42+00:00,BaoStock query_stock_industry,observation,medium
MEMBERSHIP_c9209def67e38123b7c1,CNINFO_ORG_gssh0600593,INDUSTRY_1233924bed568c1b168b,2026-08-10,,2026-08-16T13:48:42+00:00,BaoStock query_stock_industry,observation,medium
MEMBERSHIP_6c89f8c686c920e5f6fe,CNINFO_ORG_gssh0600594,INDUSTRY_eb1bb5863556657a5ed0,2026-08-10,,2026-08-16T13:48:42+00:00,BaoStock query_stock_industry,observation,medium
MEMBERSHIP_c967a842e33cc53c4f61,CNINFO_ORG_gssh0600595,INDUSTRY_fc163d1647ca522ec4cd,2026-08-10,,2026-08-16T13:48:42+00:00,BaoStock query_stock_industry,observation,medium
MEMBERSHIP_64c64e40fb9ef7fc7b9a,CNINFO_ORG_gssh0600596,INDUSTRY_af522b5025b7206d78cb,2026-08-10,,2026-08-16T13:48:42+00:00,BaoStock query_stock_industry,observation,medium
MEMBERSHIP_3d8ef7ff9320c48c16fd,CNINFO_ORG_gssh0600597,INDUSTRY_34765f16a5c28d382e0e,2026-08-10,,2026-08-16T13:48:42+00:00,BaoStock query_stock_industry,observation,medium
MEMBERSHIP_4e2a4992601e48ebd92f,CNINFO_ORG_gssh0600598,INDUSTRY_f8cb7f30edbaa3a4825a,2026-08-10,,2026-08-16T13:48:42+00:00,BaoStock query_stock_industry,observation,medium
MEMBERSHIP_53aa24294e9e6d71c67a,CNINFO_ORG_gssh0600600,INDUSTRY_c8598f31bb2607e3007b,2026-08-10,,2026-08-16T13:48:42+00:00,BaoStock query_stock_industry,observation,medium
MEMBERSHIP_6fee38ade75ba198a46b,CNINFO_ORG_gssh0600601,INDUSTRY_90d9ee5bdc1ee446fff0,2026-08-10,,2026-08-16T13:48:42+00:00,BaoStock query_stock_industry,observation,medium
MEMBERSHIP_be21b57cc60416682a9e,CNINFO_ORG_gssh0600602,INDUSTRY_fcb657f75803ca816490,2026-08-10,,2026-08-16T13:48:42+00:00,BaoStock query_stock_industry,observation,medium
MEMBERSHIP_54f1a1a3c4c7efedab0b,CNINFO_ORG_gssh0600603,INDUSTRY_8ea363eb92f9e2d3a89e,2026-08-10,,2026-08-16T13:48:42+00:00,BaoStock query_stock_industry,observation,medium
MEMBERSHIP_546fdc821516b983ce94,CNINFO_ORG_gssh0600604,INDUSTRY_465aebe5f53921515851,2026-08-10,,2026-08-16T13:48:42+00:00,BaoStock query_stock_industry,observation,medium
MEMBERSHIP_7e51915f008894384143,CNINFO_ORG_gssh0600605,INDUSTRY_465aebe5f53921515851,2026-08-10,,2026-08-16T13:48:42+00:00,BaoStock query_stock_industry,observation,medium
MEMBERSHIP_a43f48da7600fcfa02ba,CNINFO_ORG_gssh0600606,INDUSTRY_17cf2674a1f785e3272e,2026-08-10,,2026-08-16T13:48:42+00:00,BaoStock query_stock_industry,observation,medium
MEMBERSHIP_8d675891a03bbeec24ec,CNINFO_ORG_gssh0600609,INDUSTRY_e7fb954d2ab5bf5bc733,2026-08-10,,2026-08-16T13:48:42+00:00,BaoStock query_stock_industry,observation,medium
MEMBERSHIP_59a970c73fb36be4ba9f,CNINFO_ORG_gssh0600610,INDUSTRY_af522b5025b7206d78cb,2026-08-10,,2026-08-16T13:48:42+00:00,BaoStock query_stock_industry,observation,medium
MEMBERSHIP_26a7b4166340a44f8136,CNINFO_ORG_gssh0600611,INDUSTRY_78ad5e2bbce7305748bd,2026-08-10,,2026-08-16T13:48:42+00:00,BaoStock query_stock_industry,observation,medium
MEMBERSHIP_555eb2eaf8d85f17e2f1,CNINFO_ORG_gssh0600612,INDUSTRY_4b6bcfe2a650f11508e5,2026-08-10,,2026-08-16T13:48:42+00:00,BaoStock query_stock_industry,observation,medium
MEMBERSHIP_dc5db1107ff8a97df572,CNINFO_ORG_gssh0600613,INDUSTRY_eb1bb5863556657a5ed0,2026-08-10,,2026-08-16T13:48:42+00:00,BaoStock query_stock_industry,observation,medium
MEMBERSHIP_144e586a204f923779c3,CNINFO_ORG_gssh0600615,INDUSTRY_be6d1ff74018fda3a9a4,2026-08-10,,2026-08-16T13:48:42+00:00,BaoStock query_stock_industry,observation,medium
MEMBERSHIP_44e4eee4f247bc350ed3,CNINFO_ORG_gssh0600616,INDUSTRY_c8598f31bb2607e3007b,2026-08-10,,2026-08-16T13:48:42+00:00,BaoStock query_stock_industry,observation,medium
MEMBERSHIP_c4bd775ca25a466b7b94,CNINFO_ORG_gssh0600617,INDUSTRY_2b12590880b654376532,2026-08-10,,2026-08-16T13:48:42+00:00,BaoStock query_stock_industry,observation,medium
MEMBERSHIP_79e46bee24d10811b064,CNINFO_ORG_gssh0600618,INDUSTRY_af522b5025b7206d78cb,2026-08-10,,2026-08-16T13:48:42+00:00,BaoStock query_stock_industry,observation,medium
MEMBERSHIP_7df547d0ce9dfabeb6a3,CNINFO_ORG_gssh0600619,INDUSTRY_35fe091671cdb8d5f5e0,2026-08-10,,2026-08-16T13:48:42+00:00,BaoStock query_stock_industry,observation,medium
MEMBERSHIP_c32c89fe0c55e5836557,CNINFO_ORG_gssh0600620,INDUSTRY_69f4e65a739a15d12412,2026-08-10,,2026-08-16T13:48:42+00:00,BaoStock query_stock_industry,observation,medium
MEMBERSHIP_18b17b0077fe955bf17c,CNINFO_ORG_gssh0600621,INDUSTRY_963e913f30a1f4833ac7,2026-08-10,,2026-08-16T13:48:42+00:00,BaoStock query_stock_industry,observation,medium
MEMBERSHIP_bac23f4d7ed1de6a269b,CNINFO_ORG_gssh0600622,INDUSTRY_465aebe5f53921515851,2026-08-10,,2026-08-16T13:48:42+00:00,BaoStock query_stock_industry,observation,medium
MEMBERSHIP_11a9f3a21321e16e617f,CNINFO_ORG_gssh0600623,INDUSTRY_af522b5025b7206d78cb,2026-08-10,,2026-08-16T13:48:42+00:00,BaoStock query_stock_industry,observation,medium
MEMBERSHIP_b929d55cd616b09f54db,CNINFO_ORG_gssh0600624,INDUSTRY_eb1bb5863556657a5ed0,2026-08-10,,2026-08-16T13:48:42+00:00,BaoStock query_stock_industry,observation,medium
MEMBERSHIP_c056bfb421655147b54e,CNINFO_ORG_gssh0600626,INDUSTRY_a971ce8c4913016d33d1,2026-08-10,,2026-08-16T13:48:42+00:00,BaoStock query_stock_industry,observation,medium
MEMBERSHIP_b67d11b2bbb3863aa416,CNINFO_ORG_gssh0600628,INDUSTRY_4fb51c32200208ed64a8,2026-08-10,,2026-08-16T13:48:42+00:00,BaoStock query_stock_industry,observation,medium
MEMBERSHIP_fc7c8482911a30dc91f1,CNINFO_ORG_gssh0600629,INDUSTRY_731992a46c7dd8525c17,2026-08-10,,2026-08-16T13:48:42+00:00,BaoStock query_stock_industry,observation,medium
MEMBERSHIP_5360d1c18f57e42ba7db,CNINFO_ORG_gssh0600630,INDUSTRY_857cc70f4407799bbfbc,2026-08-10,,2026-08-16T13:48:42+00:00,BaoStock query_stock_industry,observation,medium
MEMBERSHIP_8eb891b84a1efbf54893,CNINFO_ORG_gssh0600633,INDUSTRY_9f7679f9ad900c7a65d2,2026-08-10,,2026-08-16T13:48:42+00:00,BaoStock query_stock_industry,observation,medium
MEMBERSHIP_d077ba75c4b07f94fcba,CNINFO_ORG_gssh0600635,INDUSTRY_2b12590880b654376532,2026-08-10,,2026-08-16T13:48:42+00:00,BaoStock query_stock_industry,observation,medium
MEMBERSHIP_09ac89578c195547816c,CNINFO_ORG_gssh0600637,INDUSTRY_a1191d63decae1d34c73,2026-08-10,,2026-08-16T13:48:42+00:00,BaoStock query_stock_industry,observation,medium
MEMBERSHIP_2b4dd4dc73100d525a32,CNINFO_ORG_gssh0600638,INDUSTRY_465aebe5f53921515851,2026-08-10,,2026-08-16T13:48:42+00:00,BaoStock query_stock_industry,observation,medium
MEMBERSHIP_ea79f707e0d724629978,CNINFO_ORG_gssh0600639,INDUSTRY_465aebe5f53921515851,2026-08-10,,2026-08-16T13:48:42+00:00,BaoStock query_stock_industry,observation,medium
MEMBERSHIP_8ebed19406936ef5bc87,CNINFO_ORG_gssh0600640,INDUSTRY_9f7679f9ad900c7a65d2,2026-08-10,,2026-08-16T13:48:42+00:00,BaoStock query_stock_industry,observation,medium
MEMBERSHIP_39e1aae62b794f387695,CNINFO_ORG_gssh0600641,INDUSTRY_465aebe5f53921515851,2026-08-10,,2026-08-16T13:48:42+00:00,BaoStock query_stock_industry,observation,medium
MEMBERSHIP_2d5f716087879a4f6dd5,CNINFO_ORG_gssh0600642,INDUSTRY_f9da9c9738f21980b6d7,2026-08-10,,2026-08-16T13:48:42+00:00,BaoStock query_stock_industry,observation,medium
MEMBERSHIP_f002d25a3e7597b6f77b,CNINFO_ORG_gssh0600643,INDUSTRY_7ee4f97d9c6b6c9f19de,2026-08-10,,2026-08-16T13:48:42+00:00,BaoStock query_stock_industry,observation,medium
MEMBERSHIP_5c57208b4566ec3113f3,CNINFO_ORG_gssh0600644,INDUSTRY_f9da9c9738f21980b6d7,2026-08-10,,2026-08-16T13:48:42+00:00,BaoStock query_stock_industry,observation,medium
MEMBERSHIP_3ef3ff3f7d2757400fef,CNINFO_ORG_gssh0600645,INDUSTRY_eb1bb5863556657a5ed0,2026-08-10,,2026-08-16T13:48:42+00:00,BaoStock query_stock_industry,observation,medium
MEMBERSHIP_fabaf52b3372d5fef81f,CNINFO_ORG_gssh0600648,INDUSTRY_8c865bedc2ef9574d2e5,2026-08-10,,2026-08-16T13:48:42+00:00,BaoStock query_stock_industry,observation,medium
MEMBERSHIP_7fc69439eea19a95b403,CNINFO_ORG_gssh0600649,INDUSTRY_465aebe5f53921515851,2026-08-10,,2026-08-16T13:48:42+00:00,BaoStock query_stock_industry,observation,medium
MEMBERSHIP_27108c299726223f25b8,CNINFO_ORG_gssh0600650,INDUSTRY_78ad5e2bbce7305748bd,2026-08-10,,2026-08-16T13:48:42+00:00,BaoStock query_stock_industry,observation,medium
MEMBERSHIP_9922e94f5c164a76a6b3,CNINFO_ORG_gssh0600651,INDUSTRY_b90e93f47f56746b9938,2026-08-10,,2026-08-16T13:48:42+00:00,BaoStock query_stock_industry,observation,medium
MEMBERSHIP_af3d6298f6feb7f83399,CNINFO_ORG_gssh0600653,INDUSTRY_4fb51c32200208ed64a8,2026-08-10,,2026-08-16T13:48:42+00:00,BaoStock query_stock_industry,observation,medium
MEMBERSHIP_b3384927ddafd40b7c93,CNINFO_ORG_gssh0600654,INDUSTRY_91e10380fe1770769bdb,2026-08-10,,2026-08-16T13:48:42+00:00,BaoStock query_stock_industry,observation,medium
MEMBERSHIP_687682fea79d4db10a71,CNINFO_ORG_gssh0600655,INDUSTRY_4fb51c32200208ed64a8,2026-08-10,,2026-08-16T13:48:42+00:00,BaoStock query_stock_industry,observation,medium
MEMBERSHIP_8e43b41061ee23adbb16,CNINFO_ORG_gssh0600657,INDUSTRY_465aebe5f53921515851,2026-08-10,,2026-08-16T13:48:42+00:00,BaoStock query_stock_industry,observation,medium
MEMBERSHIP_d7403555f95e82abcdf5,CNINFO_ORG_gssh0600658,INDUSTRY_465aebe5f53921515851,2026-08-10,,2026-08-16T13:48:42+00:00,BaoStock query_stock_industry,observation,medium
MEMBERSHIP_9c18dbc7cf76ae7209af,CNINFO_ORG_gssh0600660,INDUSTRY_7063d42ae24daea94a9c,2026-08-10,,2026-08-16T13:48:42+00:00,BaoStock query_stock_industry,observation,medium
MEMBERSHIP_cb810481112374eb1306,CNINFO_ORG_gssh0600661,INDUSTRY_c8bacf718e8395c6b293,2026-08-10,,2026-08-16T13:48:42+00:00,BaoStock query_stock_industry,observation,medium
MEMBERSHIP_914df04db8423740344d,CNINFO_ORG_gssh0600662,INDUSTRY_91e10380fe1770769bdb,2026-08-10,,2026-08-16T13:48:42+00:00,BaoStock query_stock_industry,observation,medium
MEMBERSHIP_c3c07f7645a6c1585e72,CNINFO_ORG_gssh0600663,INDUSTRY_465aebe5f53921515851,2026-08-10,,2026-08-16T13:48:42+00:00,BaoStock query_stock_industry,observation,medium
MEMBERSHIP_088b3c8cdbe30042624d,CNINFO_ORG_gssh0600664,INDUSTRY_eb1bb5863556657a5ed0,2026-08-10,,2026-08-16T13:48:42+00:00,BaoStock query_stock_industry,observation,medium
MEMBERSHIP_ef17443ab9279162b766,CNINFO_ORG_gssh0600665,INDUSTRY_465aebe5f53921515851,2026-08-10,,2026-08-16T13:48:42+00:00,BaoStock query_stock_industry,observation,medium
MEMBERSHIP_dd82df3a7e48ac7e5e6f,CNINFO_ORG_gssh0600666,INDUSTRY_7063d42ae24daea94a9c,2026-08-10,,2026-08-16T13:48:42+00:00,BaoStock query_stock_industry,observation,medium
MEMBERSHIP_b046b50700b62b8a8762,CNINFO_ORG_gssh0600667,INDUSTRY_17cf2674a1f785e3272e,2026-08-10,,2026-08-16T13:48:42+00:00,BaoStock query_stock_industry,observation,medium
MEMBERSHIP_59d5bd2bdd2578c5efd3,CNINFO_ORG_gssh0600668,INDUSTRY_7063d42ae24daea94a9c,2026-08-10,,2026-08-16T13:48:42+00:00,BaoStock query_stock_industry,observation,medium
MEMBERSHIP_45caea0e90af6baa66c8,CNINFO_ORG_gssh0600671,INDUSTRY_eb1bb5863556657a5ed0,2026-08-10,,2026-08-16T13:48:42+00:00,BaoStock query_stock_industry,observation,medium
MEMBERSHIP_f8794de5b441596d7382,CNINFO_ORG_gssh0600673,INDUSTRY_69f4e65a739a15d12412,2026-08-10,,2026-08-16T13:48:42+00:00,BaoStock query_stock_industry,observation,medium
MEMBERSHIP_69e111f09795f30cf7ba,CNINFO_ORG_gssh0600674,INDUSTRY_f9da9c9738f21980b6d7,2026-08-10,,2026-08-16T13:48:42+00:00,BaoStock query_stock_industry,observation,medium
MEMBERSHIP_8aff021130d69140ef53,CNINFO_ORG_gssh0600675,INDUSTRY_465aebe5f53921515851,2026-08-10,,2026-08-16T13:48:42+00:00,BaoStock query_stock_industry,observation,medium
MEMBERSHIP_e06f7f67f231e6d44ed5,CNINFO_ORG_gssh0600676,INDUSTRY_78ad5e2bbce7305748bd,2026-08-10,,2026-08-16T13:48:42+00:00,BaoStock query_stock_industry,observation,medium
MEMBERSHIP_d1d468ed94f0559e8bb4,CNINFO_ORG_gssh0600678,INDUSTRY_7063d42ae24daea94a9c,2026-08-10,,2026-08-16T13:48:42+00:00,BaoStock query_stock_industry,observation,medium
MEMBERSHIP_9ec7bff77b66499a0885,CNINFO_ORG_gssh0600679,INDUSTRY_ad86b4a2a3856ba2d571,2026-08-10,,2026-08-16T13:48:42+00:00,BaoStock query_stock_industry,observation,medium
MEMBERSHIP_70229967d0767d5a5f0a,CNINFO_ORG_gssh0600681,INDUSTRY_2b12590880b654376532,2026-08-10,,2026-08-16T13:48:42+00:00,BaoStock query_stock_industry,observation,medium
MEMBERSHIP_4e40f0fe7a796d008be2,CNINFO_ORG_gssh0600682,INDUSTRY_eb1bb5863556657a5ed0,2026-08-10,,2026-08-16T13:48:42+00:00,BaoStock query_stock_industry,observation,medium
MEMBERSHIP_df16da22fda3a9f854f4,CNINFO_ORG_gssh0600683,INDUSTRY_465aebe5f53921515851,2026-08-10,,2026-08-16T13:48:42+00:00,BaoStock query_stock_industry,observation,medium
MEMBERSHIP_0e6f9991fba946177253,CNINFO_ORG_gssh0600684,INDUSTRY_465aebe5f53921515851,2026-08-10,,2026-08-16T13:48:42+00:00,BaoStock query_stock_industry,observation,medium
MEMBERSHIP_c448cd09ff101cac9f8c,CNINFO_ORG_gssh0600685,INDUSTRY_ad86b4a2a3856ba2d571,2026-08-10,,2026-08-16T13:48:42+00:00,BaoStock query_stock_industry,observation,medium
MEMBERSHIP_0971c6a3b4fd54811fdd,CNINFO_ORG_gssh0600686,INDUSTRY_e7fb954d2ab5bf5bc733,2026-08-10,,2026-08-16T13:48:42+00:00,BaoStock query_stock_industry,observation,medium
MEMBERSHIP_caedca324e3c3e72e31a,CNINFO_ORG_gssh0600688,INDUSTRY_cfd4139bf05e5a91c076,2026-08-10,,2026-08-16T13:48:42+00:00,BaoStock query_stock_industry,observation,medium
MEMBERSHIP_25dfe7b1fdcfc41fbca7,CNINFO_ORG_gssh0600689,INDUSTRY_8c865bedc2ef9574d2e5,2026-08-10,,2026-08-16T13:48:42+00:00,BaoStock query_stock_industry,observation,medium
MEMBERSHIP_62a055a1d03984655f30,CNINFO_ORG_gssh0600690,INDUSTRY_b90e93f47f56746b9938,2026-08-10,,2026-08-16T13:48:42+00:00,BaoStock query_stock_industry,observation,medium
MEMBERSHIP_dd1e76a91c753d15a288,CNINFO_ORG_gssh0600691,INDUSTRY_af522b5025b7206d78cb,2026-08-10,,2026-08-16T13:48:42+00:00,BaoStock query_stock_industry,observation,medium
MEMBERSHIP_02a0500dfd450e8663eb,CNINFO_ORG_gssh0600692,INDUSTRY_465aebe5f53921515851,2026-08-10,,2026-08-16T13:48:42+00:00,BaoStock query_stock_industry,observation,medium
MEMBERSHIP_44525e5a400947e10cf3,CNINFO_ORG_gssh0600693,INDUSTRY_4fb51c32200208ed64a8,2026-08-10,,2026-08-16T13:48:42+00:00,BaoStock query_stock_industry,observation,medium
MEMBERSHIP_5673c6f9a6643e361f98,CNINFO_ORG_gssh0600694,INDUSTRY_4fb51c32200208ed64a8,2026-08-10,,2026-08-16T13:48:42+00:00,BaoStock query_stock_industry,observation,medium
MEMBERSHIP_7d8a759534e6dcc2ed82,CNINFO_ORG_gssh0600697,INDUSTRY_4fb51c32200208ed64a8,2026-08-10,,2026-08-16T13:48:42+00:00,BaoStock query_stock_industry,observation,medium
MEMBERSHIP_f3c7f58198da73a90b3f,CNINFO_ORG_gssh0600698,INDUSTRY_e7fb954d2ab5bf5bc733,2026-08-10,,2026-08-16T13:48:42+00:00,BaoStock query_stock_industry,observation,medium
MEMBERSHIP_8b2e7d2b1a48dad657b4,CNINFO_ORG_gssh0600699,INDUSTRY_90d9ee5bdc1ee446fff0,2026-08-10,,2026-08-16T13:48:42+00:00,BaoStock query_stock_industry,observation,medium
MEMBERSHIP_e492aa8587bb8b7b6ad5,CNINFO_ORG_gssh0600702,INDUSTRY_c8598f31bb2607e3007b,2026-08-10,,2026-08-16T13:48:42+00:00,BaoStock query_stock_industry,observation,medium
MEMBERSHIP_04e2892cf248c14e5cf2,CNINFO_ORG_gssh0600703,INDUSTRY_90d9ee5bdc1ee446fff0,2026-08-10,,2026-08-16T13:48:42+00:00,BaoStock query_stock_industry,observation,medium
MEMBERSHIP_90795de5cdd6ba29ec40,CNINFO_ORG_gssh0600704,INDUSTRY_8c865bedc2ef9574d2e5,2026-08-10,,2026-08-16T13:48:42+00:00,BaoStock query_stock_industry,observation,medium
MEMBERSHIP_f579fd95d58dbc56324b,CNINFO_ORG_gssh0600706,INDUSTRY_1233924bed568c1b168b,2026-08-10,,2026-08-16T13:48:42+00:00,BaoStock query_stock_industry,observation,medium
MEMBERSHIP_44dbf878a1ce12007fcb,CNINFO_ORG_gssh0600707,INDUSTRY_90d9ee5bdc1ee446fff0,2026-08-10,,2026-08-16T13:48:42+00:00,BaoStock query_stock_industry,observation,medium
MEMBERSHIP_30e666b6bd930e98be74,CNINFO_ORG_gssh0600708,INDUSTRY_465aebe5f53921515851,2026-08-10,,2026-08-16T13:48:42+00:00,BaoStock query_stock_industry,observation,medium
MEMBERSHIP_b70ab2234b4366fc3b80,CNINFO_ORG_gssh0600710,INDUSTRY_8c865bedc2ef9574d2e5,2026-08-10,,2026-08-16T13:48:42+00:00,BaoStock query_stock_industry,observation,medium
MEMBERSHIP_513a73d3c5ebe4f487f0,CNINFO_ORG_gssh0600711,INDUSTRY_515421a19bebcbe891cf,2026-08-10,,2026-08-16T13:48:42+00:00,BaoStock query_stock_industry,observation,medium
MEMBERSHIP_bae44044afab587baf49,CNINFO_ORG_gssh0600712,INDUSTRY_4fb51c32200208ed64a8,2026-08-10,,2026-08-16T13:48:42+00:00,BaoStock query_stock_industry,observation,medium
MEMBERSHIP_3c2a274be35acf1843c4,CNINFO_ORG_gssh0600713,INDUSTRY_8c865bedc2ef9574d2e5,2026-08-10,,2026-08-16T13:48:42+00:00,BaoStock query_stock_industry,observation,medium
MEMBERSHIP_37b7db5c74409f0f2ff9,CNINFO_ORG_gssh0600714,INDUSTRY_af522b5025b7206d78cb,2026-08-10,,2026-08-16T13:48:42+00:00,BaoStock query_stock_industry,observation,medium
MEMBERSHIP_e6aa11f9263b93211dd6,CNINFO_ORG_gssh0600715,INDUSTRY_a3b7ae0c6bfa4b2b7bfb,2026-08-10,,2026-08-16T13:48:42+00:00,BaoStock query_stock_industry,observation,medium
MEMBERSHIP_1fa9a96b7ad02a702dda,CNINFO_ORG_gssh0600716,INDUSTRY_465aebe5f53921515851,2026-08-10,,2026-08-16T13:48:42+00:00,BaoStock query_stock_industry,observation,medium
MEMBERSHIP_9dcb4eec08324f86db14,CNINFO_ORG_gssh0600717,INDUSTRY_3553a2b402e33a129417,2026-08-10,,2026-08-16T13:48:42+00:00,BaoStock query_stock_industry,observation,medium
MEMBERSHIP_6a9a676c88e5011cf15b,CNINFO_ORG_gssh0600718,INDUSTRY_fcb657f75803ca816490,2026-08-10,,2026-08-16T13:48:42+00:00,BaoStock query_stock_industry,observation,medium
MEMBERSHIP_120cda6af0eb190b81ab,CNINFO_ORG_gssh0600719,INDUSTRY_f9da9c9738f21980b6d7,2026-08-10,,2026-08-16T13:48:42+00:00,BaoStock query_stock_industry,observation,medium
MEMBERSHIP_7b715e7f3c4fa99df182,CNINFO_ORG_gssh0600720,INDUSTRY_731992a46c7dd8525c17,2026-08-10,,2026-08-16T13:48:42+00:00,BaoStock query_stock_industry,observation,medium
MEMBERSHIP_8888bb7830ecc6059516,CNINFO_ORG_gssh0600721,INDUSTRY_f07066d9ed35c8253165,2026-08-10,,2026-08-16T13:48:42+00:00,BaoStock query_stock_industry,observation,medium
MEMBERSHIP_65ee612ff713eb60ea31,CNINFO_ORG_gssh0600722,INDUSTRY_af522b5025b7206d78cb,2026-08-10,,2026-08-16T13:48:42+00:00,BaoStock query_stock_industry,observation,medium
MEMBERSHIP_202bb5ed2241357f6586,CNINFO_ORG_gssh0600724,INDUSTRY_7063d42ae24daea94a9c,2026-08-10,,2026-08-16T13:48:42+00:00,BaoStock query_stock_industry,observation,medium
MEMBERSHIP_7e2247345833a62cf1d1,CNINFO_ORG_gssh0600725,INDUSTRY_8c865bedc2ef9574d2e5,2026-08-10,,2026-08-16T13:48:42+00:00,BaoStock query_stock_industry,observation,medium
MEMBERSHIP_998f9dc181b8bdbe3e3b,CNINFO_ORG_gssh0600726,INDUSTRY_f9da9c9738f21980b6d7,2026-08-10,,2026-08-16T13:48:42+00:00,BaoStock query_stock_industry,observation,medium
MEMBERSHIP_fe62a235460209096eac,CNINFO_ORG_gssh0600727,INDUSTRY_af522b5025b7206d78cb,2026-08-10,,2026-08-16T13:48:42+00:00,BaoStock query_stock_industry,observation,medium
MEMBERSHIP_803ca795f885339101ea,CNINFO_ORG_gssh0600728,INDUSTRY_fcb657f75803ca816490,2026-08-10,,2026-08-16T13:48:42+00:00,BaoStock query_stock_industry,observation,medium
MEMBERSHIP_568cb1de793e45ff4d66,CNINFO_ORG_gssh0600729,INDUSTRY_4fb51c32200208ed64a8,2026-08-10,,2026-08-16T13:48:42+00:00,BaoStock query_stock_industry,observation,medium
MEMBERSHIP_e42761fabe126ba33817,CNINFO_ORG_gssh0600730,INDUSTRY_c8bacf718e8395c6b293,2026-08-10,,2026-08-16T13:48:42+00:00,BaoStock query_stock_industry,observation,medium
MEMBERSHIP_7d2ce0d7bc35fef213b8,CNINFO_ORG_gssh0600731,INDUSTRY_af522b5025b7206d78cb,2026-08-10,,2026-08-16T13:48:42+00:00,BaoStock query_stock_industry,observation,medium
MEMBERSHIP_8470e33cae40c25865f5,CNINFO_ORG_gssh0600732,INDUSTRY_b90e93f47f56746b9938,2026-08-10,,2026-08-16T13:48:42+00:00,BaoStock query_stock_industry,observation,medium
MEMBERSHIP_f2ee5a362f5399abfb1a,CNINFO_ORG_gssh0600733,INDUSTRY_e7fb954d2ab5bf5bc733,2026-08-10,,2026-08-16T13:48:42+00:00,BaoStock query_stock_industry,observation,medium
MEMBERSHIP_891d6f34b7e2df5b927f,CNINFO_ORG_gssh0600734,INDUSTRY_fcb657f75803ca816490,2026-08-10,,2026-08-16T13:48:42+00:00,BaoStock query_stock_industry,observation,medium
MEMBERSHIP_b15c6477584c07692081,CNINFO_ORG_gssh0600735,INDUSTRY_6dac68c9cedde793b110,2026-08-10,,2026-08-16T13:48:42+00:00,BaoStock query_stock_industry,observation,medium
MEMBERSHIP_08e96bf3798939b5470d,CNINFO_ORG_gssh0600736,INDUSTRY_465aebe5f53921515851,2026-08-10,,2026-08-16T13:48:42+00:00,BaoStock query_stock_industry,observation,medium
MEMBERSHIP_07e2a746aabc7b6593e8,CNINFO_ORG_gssh0600737,INDUSTRY_06f2dd83830b4e6e7446,2026-08-10,,2026-08-16T13:48:42+00:00,BaoStock query_stock_industry,observation,medium
MEMBERSHIP_e00678a398d399235138,CNINFO_ORG_gssh0600738,INDUSTRY_4fb51c32200208ed64a8,2026-08-10,,2026-08-16T13:48:42+00:00,BaoStock query_stock_industry,observation,medium
MEMBERSHIP_2146707cd63a38aa598f,CNINFO_ORG_gssh0600739,INDUSTRY_8c865bedc2ef9574d2e5,2026-08-10,,2026-08-16T13:48:42+00:00,BaoStock query_stock_industry,observation,medium
MEMBERSHIP_0b36ab895725a2cd5a1d,CNINFO_ORG_gssh0600740,INDUSTRY_cfd4139bf05e5a91c076,2026-08-10,,2026-08-16T13:48:42+00:00,BaoStock query_stock_industry,observation,medium
MEMBERSHIP_0b2046a8d59dd6a993ca,CNINFO_ORG_gssh0600741,INDUSTRY_e7fb954d2ab5bf5bc733,2026-08-10,,2026-08-16T13:48:42+00:00,BaoStock query_stock_industry,observation,medium
MEMBERSHIP_5a64a79017ca18a14fad,CNINFO_ORG_gssh0600742,INDUSTRY_e7fb954d2ab5bf5bc733,2026-08-10,,2026-08-16T13:48:42+00:00,BaoStock query_stock_industry,observation,medium
MEMBERSHIP_28bcf62143ae278e3071,CNINFO_ORG_gssh0600743,INDUSTRY_465aebe5f53921515851,2026-08-10,,2026-08-16T13:48:42+00:00,BaoStock query_stock_industry,observation,medium
MEMBERSHIP_d0bb52e4deb99ac023fe,CNINFO_ORG_gssh0600744,INDUSTRY_f9da9c9738f21980b6d7,2026-08-10,,2026-08-16T13:48:42+00:00,BaoStock query_stock_industry,observation,medium
MEMBERSHIP_4f12476582a83b191374,CNINFO_ORG_gssh0600745,INDUSTRY_90d9ee5bdc1ee446fff0,2026-08-10,,2026-08-16T13:48:42+00:00,BaoStock query_stock_industry,observation,medium
MEMBERSHIP_0c59e60aa2b891e1b884,CNINFO_ORG_gssh0600746,INDUSTRY_af522b5025b7206d78cb,2026-08-10,,2026-08-16T13:48:42+00:00,BaoStock query_stock_industry,observation,medium
MEMBERSHIP_fc427ab2b8e1d6e4832c,CNINFO_ORG_gssh0600748,INDUSTRY_465aebe5f53921515851,2026-08-10,,2026-08-16T13:48:42+00:00,BaoStock query_stock_industry,observation,medium
MEMBERSHIP_544a1a8e44fb33f52f7a,CNINFO_ORG_gssh0600749,INDUSTRY_1233924bed568c1b168b,2026-08-10,,2026-08-16T13:48:42+00:00,BaoStock query_stock_industry,observation,medium
MEMBERSHIP_ba7d624eac5f1a4d4a4a,CNINFO_ORG_gssh0600750,INDUSTRY_eb1bb5863556657a5ed0,2026-08-10,,2026-08-16T13:48:42+00:00,BaoStock query_stock_industry,observation,medium
MEMBERSHIP_fa01d52a9e09daffffe3,CNINFO_ORG_gssh0600751,INDUSTRY_3553a2b402e33a129417,2026-08-10,,2026-08-16T13:48:42+00:00,BaoStock query_stock_industry,observation,medium
MEMBERSHIP_a512c316884017b31e4d,CNINFO_ORG_gssh0600753,INDUSTRY_8c865bedc2ef9574d2e5,2026-08-10,,2026-08-16T13:48:42+00:00,BaoStock query_stock_industry,observation,medium
MEMBERSHIP_0d6edad59b0f9ded81f3,CNINFO_ORG_gssh0600754,INDUSTRY_1d3ab83e303b9057212b,2026-08-10,,2026-08-16T13:48:42+00:00,BaoStock query_stock_industry,observation,medium
MEMBERSHIP_4198b086abd34a4acbdc,CNINFO_ORG_gssh0600755,INDUSTRY_91e10380fe1770769bdb,2026-08-10,,2026-08-16T13:48:42+00:00,BaoStock query_stock_industry,observation,medium
MEMBERSHIP_3b6700c705889fa7e933,CNINFO_ORG_gssh0600756,INDUSTRY_fcb657f75803ca816490,2026-08-10,,2026-08-16T13:48:42+00:00,BaoStock query_stock_industry,observation,medium
MEMBERSHIP_6a9a55c129357e939834,CNINFO_ORG_gssh0600757,INDUSTRY_979f61913dc6006fe56d,2026-08-10,,2026-08-16T13:48:42+00:00,BaoStock query_stock_industry,observation,medium
MEMBERSHIP_f669d72a63e7b063d668,CNINFO_ORG_gssh0600758,INDUSTRY_bd64f2d1a81c9866dda4,2026-08-10,,2026-08-16T13:48:42+00:00,BaoStock query_stock_industry,observation,medium
MEMBERSHIP_b00575adce04ecdffa68,CNINFO_ORG_gssh0600759,INDUSTRY_6e59023629c5a35ea710,2026-08-10,,2026-08-16T13:48:42+00:00,BaoStock query_stock_industry,observation,medium
MEMBERSHIP_8cf495063ce73347bd75,CNINFO_ORG_gssh0600760,INDUSTRY_ad86b4a2a3856ba2d571,2026-08-10,,2026-08-16T13:48:42+00:00,BaoStock query_stock_industry,observation,medium
MEMBERSHIP_bcaa8bdfa29a3668434a,CNINFO_ORG_gssh0600761,INDUSTRY_35fe091671cdb8d5f5e0,2026-08-10,,2026-08-16T13:48:42+00:00,BaoStock query_stock_industry,observation,medium
MEMBERSHIP_2fb349c3d5dc19924965,CNINFO_ORG_gssh0600763,INDUSTRY_dfb3dd085310dba8a2e0,2026-08-10,,2026-08-16T13:48:42+00:00,BaoStock query_stock_industry,observation,medium
MEMBERSHIP_f8ff2075d13f7a7ef741,CNINFO_ORG_gssh0600764,INDUSTRY_90d9ee5bdc1ee446fff0,2026-08-10,,2026-08-16T13:48:42+00:00,BaoStock query_stock_industry,observation,medium
MEMBERSHIP_d1caa98a9c8b4727c061,CNINFO_ORG_gssh0600765,INDUSTRY_ad86b4a2a3856ba2d571,2026-08-10,,2026-08-16T13:48:42+00:00,BaoStock query_stock_industry,observation,medium
MEMBERSHIP_0e999ab69886f3f8e795,CNINFO_ORG_gssh0600768,INDUSTRY_fc163d1647ca522ec4cd,2026-08-10,,2026-08-16T13:48:42+00:00,BaoStock query_stock_industry,observation,medium
MEMBERSHIP_c8f3a7d0f877c9e565b9,CNINFO_ORG_gssh0600769,INDUSTRY_7f6973b5c1a2122e9e27,2026-08-10,,2026-08-16T13:48:42+00:00,BaoStock query_stock_industry,observation,medium
MEMBERSHIP_3b6c211d487fecb94f93,CNINFO_ORG_gssh0600770,INDUSTRY_f9da9c9738f21980b6d7,2026-08-10,,2026-08-16T13:48:42+00:00,BaoStock query_stock_industry,observation,medium
MEMBERSHIP_086d4360f608e0b4de2e,CNINFO_ORG_gssh0600771,INDUSTRY_eb1bb5863556657a5ed0,2026-08-10,,2026-08-16T13:48:42+00:00,BaoStock query_stock_industry,observation,medium
MEMBERSHIP_fcfbea1e6e05e0c08c99,CNINFO_ORG_gssh0600773,INDUSTRY_465aebe5f53921515851,2026-08-10,,2026-08-16T13:48:42+00:00,BaoStock query_stock_industry,observation,medium
MEMBERSHIP_83116ff654fe167bdb31,CNINFO_ORG_gssh0600774,INDUSTRY_eb1bb5863556657a5ed0,2026-08-10,,2026-08-16T13:48:42+00:00,BaoStock query_stock_industry,observation,medium
MEMBERSHIP_968f82015b3dbbe455d4,CNINFO_ORG_gssh0600775,INDUSTRY_90d9ee5bdc1ee446fff0,2026-08-10,,2026-08-16T13:48:42+00:00,BaoStock query_stock_industry,observation,medium
MEMBERSHIP_c37d86568f3eb39ca6b4,CNINFO_ORG_gssh0600776,INDUSTRY_90d9ee5bdc1ee446fff0,2026-08-10,,2026-08-16T13:48:42+00:00,BaoStock query_stock_industry,observation,medium
MEMBERSHIP_8a59767bf95cb9292343,CNINFO_ORG_gssh0600777,INDUSTRY_6e59023629c5a35ea710,2026-08-10,,2026-08-16T13:48:42+00:00,BaoStock query_stock_industry,observation,medium
MEMBERSHIP_664a646826deb33318c6,CNINFO_ORG_gssh0600778,INDUSTRY_4fb51c32200208ed64a8,2026-08-10,,2026-08-16T13:48:42+00:00,BaoStock query_stock_industry,observation,medium
MEMBERSHIP_13ea0ec4b0b35d304f6c,CNINFO_ORG_gssh0600779,INDUSTRY_c8598f31bb2607e3007b,2026-08-10,,2026-08-16T13:48:42+00:00,BaoStock query_stock_industry,observation,medium
MEMBERSHIP_2567dd962b0f6a2accb7,CNINFO_ORG_gssh0600780,INDUSTRY_f9da9c9738f21980b6d7,2026-08-10,,2026-08-16T13:48:42+00:00,BaoStock query_stock_industry,observation,medium
MEMBERSHIP_8e8ffc3faf8cf6001610,CNINFO_ORG_gssh0600782,INDUSTRY_f54ff34c4bdec689eff1,2026-08-10,,2026-08-16T13:48:42+00:00,BaoStock query_stock_industry,observation,medium
MEMBERSHIP_51082d278f8055044cba,CNINFO_ORG_gssh0600783,INDUSTRY_963e913f30a1f4833ac7,2026-08-10,,2026-08-16T13:48:42+00:00,BaoStock query_stock_industry,observation,medium
MEMBERSHIP_dce447020d50d4737fb4,CNINFO_ORG_gssh0600784,INDUSTRY_34765f16a5c28d382e0e,2026-08-10,,2026-08-16T13:48:42+00:00,BaoStock query_stock_industry,observation,medium
MEMBERSHIP_a1af94347509670b9d63,CNINFO_ORG_gssh0600785,INDUSTRY_4fb51c32200208ed64a8,2026-08-10,,2026-08-16T13:48:42+00:00,BaoStock query_stock_industry,observation,medium
MEMBERSHIP_9eaf82cc27f48bc2ec87,CNINFO_ORG_gssh0600787,INDUSTRY_80c8af8374922c2e32d6,2026-08-10,,2026-08-16T13:48:42+00:00,BaoStock query_stock_industry,observation,medium
MEMBERSHIP_0e97e2758d62603da5e1,CNINFO_ORG_gssh0600789,INDUSTRY_eb1bb5863556657a5ed0,2026-08-10,,2026-08-16T13:48:42+00:00,BaoStock query_stock_industry,observation,medium
MEMBERSHIP_3e88fc33814f7cf3ac5a,CNINFO_ORG_gssh0600790,INDUSTRY_91e10380fe1770769bdb,2026-08-10,,2026-08-16T13:48:42+00:00,BaoStock query_stock_industry,observation,medium
MEMBERSHIP_85ae3f2d7e8f38333c0b,CNINFO_ORG_gssh0600791,INDUSTRY_465aebe5f53921515851,2026-08-10,,2026-08-16T13:48:42+00:00,BaoStock query_stock_industry,observation,medium
MEMBERSHIP_01d5c76100193aa37fc8,CNINFO_ORG_gssh0600792,INDUSTRY_cfd4139bf05e5a91c076,2026-08-10,,2026-08-16T13:48:42+00:00,BaoStock query_stock_industry,observation,medium
MEMBERSHIP_cdb058cd467ffae477f4,CNINFO_ORG_gssh0600793,INDUSTRY_ee7eb75e38ebcde947a9,2026-08-10,,2026-08-16T13:48:42+00:00,BaoStock query_stock_industry,observation,medium
MEMBERSHIP_10af4bd73d40580b09e1,CNINFO_ORG_gssh0600794,INDUSTRY_80c8af8374922c2e32d6,2026-08-10,,2026-08-16T13:48:42+00:00,BaoStock query_stock_industry,observation,medium
MEMBERSHIP_479ee782af406f8114ba,CNINFO_ORG_gssh0600795,INDUSTRY_f9da9c9738f21980b6d7,2026-08-10,,2026-08-16T13:48:42+00:00,BaoStock query_stock_industry,observation,medium
MEMBERSHIP_8acf95b2ef5659a5e520,CNINFO_ORG_gssh0600796,INDUSTRY_7f6973b5c1a2122e9e27,2026-08-10,,2026-08-16T13:48:42+00:00,BaoStock query_stock_industry,observation,medium
MEMBERSHIP_4ca5b90d663ca168592b,CNINFO_ORG_gssh0600797,INDUSTRY_fcb657f75803ca816490,2026-08-10,,2026-08-16T13:48:42+00:00,BaoStock query_stock_industry,observation,medium
MEMBERSHIP_ee01b626d4369e246133,CNINFO_ORG_gssh0600798,INDUSTRY_3553a2b402e33a129417,2026-08-10,,2026-08-16T13:48:42+00:00,BaoStock query_stock_industry,observation,medium
MEMBERSHIP_d7c2ad10fdb1cd059c2b,CNINFO_ORG_gssh0600800,INDUSTRY_af522b5025b7206d78cb,2026-08-10,,2026-08-16T13:48:42+00:00,BaoStock query_stock_industry,observation,medium
MEMBERSHIP_66db1ef5571bb8ac6162,CNINFO_ORG_gssh0600801,INDUSTRY_7063d42ae24daea94a9c,2026-08-10,,2026-08-16T13:48:42+00:00,BaoStock query_stock_industry,observation,medium
MEMBERSHIP_ce6a7fb7f19668f729e4,CNINFO_ORG_gssh0600802,INDUSTRY_7063d42ae24daea94a9c,2026-08-10,,2026-08-16T13:48:42+00:00,BaoStock query_stock_industry,observation,medium
MEMBERSHIP_e773215914ce55c8bc74,CNINFO_ORG_gssh0600803,INDUSTRY_2b12590880b654376532,2026-08-10,,2026-08-16T13:48:42+00:00,BaoStock query_stock_industry,observation,medium
MEMBERSHIP_1f91fd5a6a480a8a0a98,CNINFO_ORG_gssh0600805,INDUSTRY_69f4e65a739a15d12412,2026-08-10,,2026-08-16T13:48:42+00:00,BaoStock query_stock_industry,observation,medium
MEMBERSHIP_f2e404a2509630664072,CNINFO_ORG_gssh0600807,INDUSTRY_eb1bb5863556657a5ed0,2026-08-10,,2026-08-16T13:48:42+00:00,BaoStock query_stock_industry,observation,medium
MEMBERSHIP_b1f8b8a6775e7746adf3,CNINFO_ORG_gssh0600808,INDUSTRY_f54ff34c4bdec689eff1,2026-08-10,,2026-08-16T13:48:42+00:00,BaoStock query_stock_industry,observation,medium
MEMBERSHIP_c857fdae527dc14412ae,CNINFO_ORG_gssh0600809,INDUSTRY_c8598f31bb2607e3007b,2026-08-10,,2026-08-16T13:48:42+00:00,BaoStock query_stock_industry,observation,medium
MEMBERSHIP_99b2b33bda0d41e749a8,CNINFO_ORG_gssh0600810,INDUSTRY_c6634e4fb00885448aae,2026-08-10,,2026-08-16T13:48:42+00:00,BaoStock query_stock_industry,observation,medium
MEMBERSHIP_1ccb9eda1c321666b5f7,CNINFO_ORG_gssh0600812,INDUSTRY_eb1bb5863556657a5ed0,2026-08-10,,2026-08-16T13:48:42+00:00,BaoStock query_stock_industry,observation,medium
MEMBERSHIP_f6e02c2c32d732ef222f,CNINFO_ORG_gssh0600814,INDUSTRY_4fb51c32200208ed64a8,2026-08-10,,2026-08-16T13:48:42+00:00,BaoStock query_stock_industry,observation,medium
MEMBERSHIP_c9298fd3b11983e5a0d0,CNINFO_ORG_gssh0600815,INDUSTRY_3875d79da62b4dff67e8,2026-08-10,,2026-08-16T13:48:42+00:00,BaoStock query_stock_industry,observation,medium
MEMBERSHIP_5b47d79de66e282220a2,CNINFO_ORG_gssh0600816,INDUSTRY_7ee4f97d9c6b6c9f19de,2026-08-10,,2026-08-16T13:48:42+00:00,BaoStock query_stock_industry,observation,medium
MEMBERSHIP_6f8ee85c6514d6ed7efb,CNINFO_ORG_gssh0600817,INDUSTRY_3875d79da62b4dff67e8,2026-08-10,,2026-08-16T13:48:42+00:00,BaoStock query_stock_industry,observation,medium
MEMBERSHIP_9163196996cceb16fed4,CNINFO_ORG_gssh0600818,INDUSTRY_ad86b4a2a3856ba2d571,2026-08-10,,2026-08-16T13:48:42+00:00,BaoStock query_stock_industry,observation,medium
MEMBERSHIP_bb7725d4755f4d46a14b,CNINFO_ORG_gssh0600819,INDUSTRY_7063d42ae24daea94a9c,2026-08-10,,2026-08-16T13:48:42+00:00,BaoStock query_stock_industry,observation,medium
MEMBERSHIP_85895abda8dd4a858b49,CNINFO_ORG_gssh0600820,INDUSTRY_17cf2674a1f785e3272e,2026-08-10,,2026-08-16T13:48:42+00:00,BaoStock query_stock_industry,observation,medium
MEMBERSHIP_a913a78bbd4c8b57139e,CNINFO_ORG_gssh0600821,INDUSTRY_f9da9c9738f21980b6d7,2026-08-10,,2026-08-16T13:48:42+00:00,BaoStock query_stock_industry,observation,medium
MEMBERSHIP_c6834a6bea4aa2410b2d,CNINFO_ORG_gssh0600822,INDUSTRY_8c865bedc2ef9574d2e5,2026-08-10,,2026-08-16T13:48:42+00:00,BaoStock query_stock_industry,observation,medium
MEMBERSHIP_38a37bca86a397cc1c24,CNINFO_ORG_gssh0600824,INDUSTRY_4fb51c32200208ed64a8,2026-08-10,,2026-08-16T13:48:42+00:00,BaoStock query_stock_industry,observation,medium
MEMBERSHIP_aa41e559cac1899c0111,CNINFO_ORG_gssh0600825,INDUSTRY_979f61913dc6006fe56d,2026-08-10,,2026-08-16T13:48:42+00:00,BaoStock query_stock_industry,observation,medium
MEMBERSHIP_6f3d69b3de9edff1c58c,CNINFO_ORG_gssh0600826,INDUSTRY_91e10380fe1770769bdb,2026-08-10,,2026-08-16T13:48:42+00:00,BaoStock query_stock_industry,observation,medium
MEMBERSHIP_3ae0dcb25ba56b5b45bc,CNINFO_ORG_gssh0600827,INDUSTRY_4fb51c32200208ed64a8,2026-08-10,,2026-08-16T13:48:42+00:00,BaoStock query_stock_industry,observation,medium
MEMBERSHIP_7fed54911dd2f17d2827,CNINFO_ORG_gssh0600828,INDUSTRY_4fb51c32200208ed64a8,2026-08-10,,2026-08-16T13:48:42+00:00,BaoStock query_stock_industry,observation,medium
MEMBERSHIP_cf12590e8f84ba8e87df,CNINFO_ORG_gssh0600829,INDUSTRY_8c865bedc2ef9574d2e5,2026-08-10,,2026-08-16T13:48:42+00:00,BaoStock query_stock_industry,observation,medium
MEMBERSHIP_a57f7e70dc2e897e1450,CNINFO_ORG_gssh0600830,INDUSTRY_7ee4f97d9c6b6c9f19de,2026-08-10,,2026-08-16T13:48:42+00:00,BaoStock query_stock_industry,observation,medium
MEMBERSHIP_cd7a8064a450c35ed6d5,CNINFO_ORG_gssh0600831,INDUSTRY_a1191d63decae1d34c73,2026-08-10,,2026-08-16T13:48:42+00:00,BaoStock query_stock_industry,observation,medium
MEMBERSHIP_982d1b09f0428b06a4e0,CNINFO_ORG_gssh0600833,INDUSTRY_4fb51c32200208ed64a8,2026-08-10,,2026-08-16T13:48:42+00:00,BaoStock query_stock_industry,observation,medium
MEMBERSHIP_ad85edb2862d1a814e90,CNINFO_ORG_gssh0600834,INDUSTRY_69f4e65a739a15d12412,2026-08-10,,2026-08-16T13:48:42+00:00,BaoStock query_stock_industry,observation,medium
MEMBERSHIP_e8f8f49aa62cabb2e3d3,CNINFO_ORG_gssh0600835,INDUSTRY_35fe091671cdb8d5f5e0,2026-08-10,,2026-08-16T13:48:42+00:00,BaoStock query_stock_industry,observation,medium
MEMBERSHIP_4dbc7c2b16727c72f305,CNINFO_ORG_gssh0600838,INDUSTRY_4fb51c32200208ed64a8,2026-08-10,,2026-08-16T13:48:42+00:00,BaoStock query_stock_industry,observation,medium
MEMBERSHIP_ba7e1a1a1166a2630b85,CNINFO_ORG_gssh0600839,INDUSTRY_90d9ee5bdc1ee446fff0,2026-08-10,,2026-08-16T13:48:42+00:00,BaoStock query_stock_industry,observation,medium
MEMBERSHIP_061c5c407105b03c0fc7,CNINFO_ORG_gssh0600841,INDUSTRY_35fe091671cdb8d5f5e0,2026-08-10,,2026-08-16T13:48:42+00:00,BaoStock query_stock_industry,observation,medium
MEMBERSHIP_2efc1513cd70383b8702,CNINFO_ORG_gssh0600843,INDUSTRY_3875d79da62b4dff67e8,2026-08-10,,2026-08-16T13:48:42+00:00,BaoStock query_stock_industry,observation,medium
MEMBERSHIP_c66f4ce9451c541800bd,CNINFO_ORG_gssh0600844,INDUSTRY_af522b5025b7206d78cb,2026-08-10,,2026-08-16T13:48:42+00:00,BaoStock query_stock_industry,observation,medium
MEMBERSHIP_d3a283860f5cf8cdbd15,CNINFO_ORG_gssh0600845,INDUSTRY_fcb657f75803ca816490,2026-08-10,,2026-08-16T13:48:42+00:00,BaoStock query_stock_industry,observation,medium
MEMBERSHIP_06c890a3d0c1c771c11d,CNINFO_ORG_gssh0600846,INDUSTRY_17cf2674a1f785e3272e,2026-08-10,,2026-08-16T13:48:42+00:00,BaoStock query_stock_industry,observation,medium
MEMBERSHIP_b43077dadf152f76c54a,CNINFO_ORG_gssh0600847,INDUSTRY_b90e93f47f56746b9938,2026-08-10,,2026-08-16T13:48:42+00:00,BaoStock query_stock_industry,observation,medium
MEMBERSHIP_b9029e92412c044c929f,CNINFO_ORG_gssh0600848,INDUSTRY_465aebe5f53921515851,2026-08-10,,2026-08-16T13:48:42+00:00,BaoStock query_stock_industry,observation,medium
MEMBERSHIP_90ca7d689fa860d3f5c6,CNINFO_ORG_gssh0600850,INDUSTRY_fcb657f75803ca816490,2026-08-10,,2026-08-16T13:48:42+00:00,BaoStock query_stock_industry,observation,medium
MEMBERSHIP_fa68da435a2d31d4ed6e,CNINFO_ORG_gssh0600851,INDUSTRY_eb1bb5863556657a5ed0,2026-08-10,,2026-08-16T13:48:42+00:00,BaoStock query_stock_industry,observation,medium
MEMBERSHIP_4e0e9af3f65bdabff46d,CNINFO_ORG_gssh0600853,INDUSTRY_17cf2674a1f785e3272e,2026-08-10,,2026-08-16T13:48:42+00:00,BaoStock query_stock_industry,observation,medium
MEMBERSHIP_50355f0863ff828e4971,CNINFO_ORG_gssh0600854,INDUSTRY_b90e93f47f56746b9938,2026-08-10,,2026-08-16T13:48:42+00:00,BaoStock query_stock_industry,observation,medium
MEMBERSHIP_c0a9d2e9cba5cbc020bf,CNINFO_ORG_gssh0600855,INDUSTRY_3875d79da62b4dff67e8,2026-08-10,,2026-08-16T13:48:42+00:00,BaoStock query_stock_industry,observation,medium
MEMBERSHIP_007975ab85a433e2cf74,CNINFO_ORG_gssh0600857,INDUSTRY_4fb51c32200208ed64a8,2026-08-10,,2026-08-16T13:48:42+00:00,BaoStock query_stock_industry,observation,medium
MEMBERSHIP_e358769a70400e263bfa,CNINFO_ORG_gssh0600858,INDUSTRY_4fb51c32200208ed64a8,2026-08-10,,2026-08-16T13:48:42+00:00,BaoStock query_stock_industry,observation,medium
MEMBERSHIP_0e42b228277f6c0bccc5,CNINFO_ORG_gssh0600859,INDUSTRY_4fb51c32200208ed64a8,2026-08-10,,2026-08-16T13:48:42+00:00,BaoStock query_stock_industry,observation,medium
MEMBERSHIP_35d097fb317c2d3df820,CNINFO_ORG_gssh0600860,INDUSTRY_3875d79da62b4dff67e8,2026-08-10,,2026-08-16T13:48:42+00:00,BaoStock query_stock_industry,observation,medium
MEMBERSHIP_770d1fdd14ab5d343436,CNINFO_ORG_gssh0600861,INDUSTRY_91e10380fe1770769bdb,2026-08-10,,2026-08-16T13:48:42+00:00,BaoStock query_stock_industry,observation,medium
MEMBERSHIP_ae8a7a7e775acab968ad,CNINFO_ORG_gssh0600862,INDUSTRY_ad86b4a2a3856ba2d571,2026-08-10,,2026-08-16T13:48:42+00:00,BaoStock query_stock_industry,observation,medium
MEMBERSHIP_dae3a6e9ad89ad3384d9,CNINFO_ORG_gssh0600863,INDUSTRY_f9da9c9738f21980b6d7,2026-08-10,,2026-08-16T13:48:42+00:00,BaoStock query_stock_industry,observation,medium
MEMBERSHIP_492224fce3d2db97c073,CNINFO_ORG_gssh0600864,INDUSTRY_963e913f30a1f4833ac7,2026-08-10,,2026-08-16T13:48:42+00:00,BaoStock query_stock_industry,observation,medium
MEMBERSHIP_5e3452475627c3dcb77e,CNINFO_ORG_gssh0600865,INDUSTRY_4fb51c32200208ed64a8,2026-08-10,,2026-08-16T13:48:42+00:00,BaoStock query_stock_industry,observation,medium
MEMBERSHIP_fbfe6e83fa4b1012974f,CNINFO_ORG_gssh0600866,INDUSTRY_34765f16a5c28d382e0e,2026-08-10,,2026-08-16T13:48:42+00:00,BaoStock query_stock_industry,observation,medium
MEMBERSHIP_83636b6f20e8489f9752,CNINFO_ORG_gssh0600867,INDUSTRY_eb1bb5863556657a5ed0,2026-08-10,,2026-08-16T13:48:42+00:00,BaoStock query_stock_industry,observation,medium
MEMBERSHIP_5bae76c0718f09e2ad54,CNINFO_ORG_gssh0600868,INDUSTRY_f9da9c9738f21980b6d7,2026-08-10,,2026-08-16T13:48:42+00:00,BaoStock query_stock_industry,observation,medium
MEMBERSHIP_d92ed1d3c2cda0201d95,CNINFO_ORG_gssh0600869,INDUSTRY_b90e93f47f56746b9938,2026-08-10,,2026-08-16T13:48:42+00:00,BaoStock query_stock_industry,observation,medium
MEMBERSHIP_95bd37cce1d318493db4,CNINFO_ORG_gssh0600871,INDUSTRY_93d93f4712457bea147b,2026-08-10,,2026-08-16T13:48:42+00:00,BaoStock query_stock_industry,observation,medium
MEMBERSHIP_006060b310df4bb8c87f,CNINFO_ORG_gssh0600872,INDUSTRY_34765f16a5c28d382e0e,2026-08-10,,2026-08-16T13:48:42+00:00,BaoStock query_stock_industry,observation,medium
MEMBERSHIP_399fe7b6b998a6a863dc,CNINFO_ORG_gssh0600873,INDUSTRY_34765f16a5c28d382e0e,2026-08-10,,2026-08-16T13:48:42+00:00,BaoStock query_stock_industry,observation,medium
MEMBERSHIP_eec7d80288bdbceffb37,CNINFO_ORG_gssh0600874,INDUSTRY_7f6973b5c1a2122e9e27,2026-08-10,,2026-08-16T13:48:42+00:00,BaoStock query_stock_industry,observation,medium
MEMBERSHIP_1adb352142a81621896b,CNINFO_ORG_gssh0600875,INDUSTRY_35fe091671cdb8d5f5e0,2026-08-10,,2026-08-16T13:48:42+00:00,BaoStock query_stock_industry,observation,medium
MEMBERSHIP_a356874635c94774cf7a,CNINFO_ORG_gssh0600876,INDUSTRY_7063d42ae24daea94a9c,2026-08-10,,2026-08-16T13:48:42+00:00,BaoStock query_stock_industry,observation,medium
MEMBERSHIP_e0d5ae6c492beacd7575,CNINFO_ORG_gssh0600877,INDUSTRY_90d9ee5bdc1ee446fff0,2026-08-10,,2026-08-16T13:48:42+00:00,BaoStock query_stock_industry,observation,medium
MEMBERSHIP_719a2eb2b2591599a2f6,CNINFO_ORG_gssh0600879,INDUSTRY_ad86b4a2a3856ba2d571,2026-08-10,,2026-08-16T13:48:42+00:00,BaoStock query_stock_industry,observation,medium
MEMBERSHIP_3b9865fb4cf3b100c287,CNINFO_ORG_gssh0600880,INDUSTRY_979f61913dc6006fe56d,2026-08-10,,2026-08-16T13:48:42+00:00,BaoStock query_stock_industry,observation,medium
MEMBERSHIP_4fa233cbcf20aca028e2,CNINFO_ORG_gssh0600881,INDUSTRY_7063d42ae24daea94a9c,2026-08-10,,2026-08-16T13:48:42+00:00,BaoStock query_stock_industry,observation,medium
MEMBERSHIP_8267affbc05001dfb8d2,CNINFO_ORG_gssh0600882,INDUSTRY_34765f16a5c28d382e0e,2026-08-10,,2026-08-16T13:48:42+00:00,BaoStock query_stock_industry,observation,medium
MEMBERSHIP_1cf64aaefd7f74bc9749,CNINFO_ORG_gssh0600883,INDUSTRY_06f2dd83830b4e6e7446,2026-08-10,,2026-08-16T13:48:42+00:00,BaoStock query_stock_industry,observation,medium
MEMBERSHIP_72ad98ad439f1103bf9b,CNINFO_ORG_gssh0600884,INDUSTRY_90d9ee5bdc1ee446fff0,2026-08-10,,2026-08-16T13:48:42+00:00,BaoStock query_stock_industry,observation,medium
MEMBERSHIP_1225c4c74083849e93d6,CNINFO_ORG_gssh0600885,INDUSTRY_b90e93f47f56746b9938,2026-08-10,,2026-08-16T13:48:42+00:00,BaoStock query_stock_industry,observation,medium
MEMBERSHIP_c7af20c8ccb52a2e3480,CNINFO_ORG_gssh0600886,INDUSTRY_f9da9c9738f21980b6d7,2026-08-10,,2026-08-16T13:48:42+00:00,BaoStock query_stock_industry,observation,medium
MEMBERSHIP_519085ada8064bf8ce7b,CNINFO_ORG_gssh0600887,INDUSTRY_34765f16a5c28d382e0e,2026-08-10,,2026-08-16T13:48:42+00:00,BaoStock query_stock_industry,observation,medium
MEMBERSHIP_a99282f39e6ef1e40b5d,CNINFO_ORG_gssh0600888,INDUSTRY_90d9ee5bdc1ee446fff0,2026-08-10,,2026-08-16T13:48:42+00:00,BaoStock query_stock_industry,observation,medium
MEMBERSHIP_78832cfe52298ee4165d,CNINFO_ORG_gssh0600889,INDUSTRY_c6634e4fb00885448aae,2026-08-10,,2026-08-16T13:48:42+00:00,BaoStock query_stock_industry,observation,medium
MEMBERSHIP_be1b853aca1f5684fef4,CNINFO_ORG_gssh0600892,INDUSTRY_9f7679f9ad900c7a65d2,2026-08-10,,2026-08-16T13:48:42+00:00,BaoStock query_stock_industry,observation,medium
MEMBERSHIP_4155cdfdd92a7c3b21bf,CNINFO_ORG_gssh0600893,INDUSTRY_ad86b4a2a3856ba2d571,2026-08-10,,2026-08-16T13:48:42+00:00,BaoStock query_stock_industry,observation,medium
MEMBERSHIP_ec5cc43864a88b3f59d7,CNINFO_ORG_gssh0600894,INDUSTRY_35fe091671cdb8d5f5e0,2026-08-10,,2026-08-16T13:48:42+00:00,BaoStock query_stock_industry,observation,medium
MEMBERSHIP_56717f26e54ff6423722,CNINFO_ORG_gssh0600895,INDUSTRY_465aebe5f53921515851,2026-08-10,,2026-08-16T13:48:42+00:00,BaoStock query_stock_industry,observation,medium
MEMBERSHIP_8c94f477842e5f72db71,CNINFO_ORG_gssh0600897,INDUSTRY_aff052295ad57fe9c64a,2026-08-10,,2026-08-16T13:48:42+00:00,BaoStock query_stock_industry,observation,medium
MEMBERSHIP_50d3c8f31490d1939959,CNINFO_ORG_gssh0600900,INDUSTRY_f9da9c9738f21980b6d7,2026-08-10,,2026-08-16T13:48:42+00:00,BaoStock query_stock_industry,observation,medium
MEMBERSHIP_319d0bbf87a364c73bef,CNINFO_ORG_9900017208,INDUSTRY_b5ff8607e606f7dd55ba,2026-08-10,,2026-08-16T13:48:42+00:00,BaoStock query_stock_industry,observation,medium
MEMBERSHIP_2bc585a613ada1de243b,CNINFO_ORG_GD150574,INDUSTRY_2b12590880b654376532,2026-08-10,,2026-08-16T13:48:42+00:00,BaoStock query_stock_industry,observation,medium
MEMBERSHIP_6f2555d356b8562e63be,CNINFO_ORG_9900016549,INDUSTRY_f9da9c9738f21980b6d7,2026-08-10,,2026-08-16T13:48:42+00:00,BaoStock query_stock_industry,observation,medium
MEMBERSHIP_b9ced4fdda31bc0a16ef,CNINFO_ORG_qsgn0000647,INDUSTRY_963e913f30a1f4833ac7,2026-08-10,,2026-08-16T13:48:42+00:00,BaoStock query_stock_industry,observation,medium
MEMBERSHIP_3aa5c5c5afcbc17715e5,CNINFO_ORG_9900024953,INDUSTRY_b5ff8607e606f7dd55ba,2026-08-10,,2026-08-16T13:48:42+00:00,BaoStock query_stock_industry,observation,medium
MEMBERSHIP_5b5c0ad45672f60c97aa,CNINFO_ORG_qsgn0000505,INDUSTRY_963e913f30a1f4833ac7,2026-08-10,,2026-08-16T13:48:42+00:00,BaoStock query_stock_industry,observation,medium
MEMBERSHIP_216b6b1cd3330bb7350f,CNINFO_ORG_9900039719,INDUSTRY_4fb51c32200208ed64a8,2026-08-10,,2026-08-16T13:48:42+00:00,BaoStock query_stock_industry,observation,medium
MEMBERSHIP_4cfcc0a4539951791a89,CNINFO_ORG_9900029304,INDUSTRY_2b12590880b654376532,2026-08-10,,2026-08-16T13:48:42+00:00,BaoStock query_stock_industry,observation,medium
MEMBERSHIP_b589e7e5161a174c3622,CNINFO_ORG_qsgn0000702,INDUSTRY_963e913f30a1f4833ac7,2026-08-10,,2026-08-16T13:48:42+00:00,BaoStock query_stock_industry,observation,medium
MEMBERSHIP_4001c45bd1250f57ce2a,CNINFO_ORG_9900006248,INDUSTRY_b5ff8607e606f7dd55ba,2026-08-10,,2026-08-16T13:48:42+00:00,BaoStock query_stock_industry,observation,medium
MEMBERSHIP_f93f5b2ea27945ae2eae,CNINFO_ORG_9900051620,INDUSTRY_bd64f2d1a81c9866dda4,2026-08-10,,2026-08-16T13:48:42+00:00,BaoStock query_stock_industry,observation,medium
MEMBERSHIP_e0c68f8f1cfe58c23dd7,CNINFO_ORG_9900006251,INDUSTRY_b5ff8607e606f7dd55ba,2026-08-10,,2026-08-16T13:48:42+00:00,BaoStock query_stock_industry,observation,medium
MEMBERSHIP_e46016577b3cb9050afc,CNINFO_ORG_gfbj0833840,INDUSTRY_963e913f30a1f4833ac7,2026-08-10,,2026-08-16T13:48:42+00:00,BaoStock query_stock_industry,observation,medium
MEMBERSHIP_31cf28dc8a7520de4dec,CNINFO_ORG_9900027168,INDUSTRY_b5ff8607e606f7dd55ba,2026-08-10,,2026-08-16T13:48:42+00:00,BaoStock query_stock_industry,observation,medium
MEMBERSHIP_5d1b78e884caa74888da,CNINFO_ORG_9900033912,INDUSTRY_34765f16a5c28d382e0e,2026-08-10,,2026-08-16T13:48:42+00:00,BaoStock query_stock_industry,observation,medium
MEMBERSHIP_9011ee396711388751c3,CNINFO_ORG_fzqy1062763,INDUSTRY_f9da9c9738f21980b6d7,2026-08-10,,2026-08-16T13:48:42+00:00,BaoStock query_stock_industry,observation,medium
MEMBERSHIP_59f074ec4703f3cca76a,CNINFO_ORG_gfbj0834393,INDUSTRY_e7fb954d2ab5bf5bc733,2026-08-10,,2026-08-16T13:48:42+00:00,BaoStock query_stock_industry,observation,medium
MEMBERSHIP_de920c5f480104462bd6,CNINFO_ORG_gfbj0872452,INDUSTRY_af522b5025b7206d78cb,2026-08-10,,2026-08-16T13:48:42+00:00,BaoStock query_stock_industry,observation,medium
MEMBERSHIP_d3c0bf8288af7e1ea2bc,CNINFO_ORG_9900026796,INDUSTRY_a1191d63decae1d34c73,2026-08-10,,2026-08-16T13:48:42+00:00,BaoStock query_stock_industry,observation,medium
MEMBERSHIP_844af4658c0d559c1a5a,CNINFO_ORG_gshk0000883,INDUSTRY_6e59023629c5a35ea710,2026-08-10,,2026-08-16T13:48:42+00:00,BaoStock query_stock_industry,observation,medium
MEMBERSHIP_5a64a9742b35e31c2892,CNINFO_ORG_9900006064,INDUSTRY_d6545b48534350ac41c9,2026-08-10,,2026-08-16T13:48:42+00:00,BaoStock query_stock_industry,observation,medium
MEMBERSHIP_1d8f78af17689486a506,CNINFO_ORG_gshk0000941,INDUSTRY_a1191d63decae1d34c73,2026-08-10,,2026-08-16T13:48:42+00:00,BaoStock query_stock_industry,observation,medium
MEMBERSHIP_f053b0fb4a022cbea619,CNINFO_ORG_nssc1000398,INDUSTRY_af522b5025b7206d78cb,2026-08-10,,2026-08-16T13:48:42+00:00,BaoStock query_stock_industry,observation,medium
MEMBERSHIP_18bf6d427ef67dac16aa,CNINFO_ORG_9900015548,INDUSTRY_2b12590880b654376532,2026-08-10,,2026-08-16T13:48:42+00:00,BaoStock query_stock_industry,observation,medium
MEMBERSHIP_3e91c5afe5334a463c1d,CNINFO_ORG_qsgn0000065,INDUSTRY_963e913f30a1f4833ac7,2026-08-10,,2026-08-16T13:48:42+00:00,BaoStock query_stock_industry,observation,medium
MEMBERSHIP_86344914a17403646cd0,CNINFO_ORG_9900023742,INDUSTRY_a1191d63decae1d34c73,2026-08-10,,2026-08-16T13:48:42+00:00,BaoStock query_stock_industry,observation,medium
MEMBERSHIP_8e29022576f89ea7c056,CNINFO_ORG_gssh0600960,INDUSTRY_e7fb954d2ab5bf5bc733,2026-08-10,,2026-08-16T13:48:42+00:00,BaoStock query_stock_industry,observation,medium
MEMBERSHIP_8c041bdef44f7bcaa326,CNINFO_ORG_gssh0600961,INDUSTRY_fc163d1647ca522ec4cd,2026-08-10,,2026-08-16T13:48:42+00:00,BaoStock query_stock_industry,observation,medium
MEMBERSHIP_eeb86174c8f59f3f191d,CNINFO_ORG_gssh0600962,INDUSTRY_c8598f31bb2607e3007b,2026-08-10,,2026-08-16T13:48:42+00:00,BaoStock query_stock_industry,observation,medium
MEMBERSHIP_76aa1e71e1551a3c30a9,CNINFO_ORG_gssh0600963,INDUSTRY_ee7eb75e38ebcde947a9,2026-08-10,,2026-08-16T13:48:42+00:00,BaoStock query_stock_industry,observation,medium
MEMBERSHIP_a583cae48db83d355a7b,CNINFO_ORG_gssh0600965,INDUSTRY_06f2dd83830b4e6e7446,2026-08-10,,2026-08-16T13:48:42+00:00,BaoStock query_stock_industry,observation,medium
MEMBERSHIP_9a02330e9bd590c24d2b,CNINFO_ORG_gssh0600966,INDUSTRY_ee7eb75e38ebcde947a9,2026-08-10,,2026-08-16T13:48:42+00:00,BaoStock query_stock_industry,observation,medium
MEMBERSHIP_6860c242061b9f0da070,CNINFO_ORG_gssh0600967,INDUSTRY_ad86b4a2a3856ba2d571,2026-08-10,,2026-08-16T13:48:42+00:00,BaoStock query_stock_industry,observation,medium
MEMBERSHIP_66d6d2d41723df157b1d,CNINFO_ORG_9900033231,INDUSTRY_93d93f4712457bea147b,2026-08-10,,2026-08-16T13:48:42+00:00,BaoStock query_stock_industry,observation,medium
MEMBERSHIP_354ce4d741ddcd567efb,CNINFO_ORG_gssh0600969,INDUSTRY_f9da9c9738f21980b6d7,2026-08-10,,2026-08-16T13:48:42+00:00,BaoStock query_stock_industry,observation,medium
MEMBERSHIP_c5f3181fc8680c162667,CNINFO_ORG_gssh0600970,INDUSTRY_17cf2674a1f785e3272e,2026-08-10,,2026-08-16T13:48:42+00:00,BaoStock query_stock_industry,observation,medium
MEMBERSHIP_88b63e7b6b8fabbe4ff3,CNINFO_ORG_gssh0600971,INDUSTRY_bd64f2d1a81c9866dda4,2026-08-10,,2026-08-16T13:48:42+00:00,BaoStock query_stock_industry,observation,medium
MEMBERSHIP_9393e18bcdeeaa57e496,CNINFO_ORG_gssh0600973,INDUSTRY_b90e93f47f56746b9938,2026-08-10,,2026-08-16T13:48:42+00:00,BaoStock query_stock_industry,observation,medium
MEMBERSHIP_51dfe4484f21e7ba5939,CNINFO_ORG_gssh0600975,INDUSTRY_9b846d32ce44d8ac60c7,2026-08-10,,2026-08-16T13:48:42+00:00,BaoStock query_stock_industry,observation,medium
MEMBERSHIP_0e475d81557504a24d08,CNINFO_ORG_gssh0600976,INDUSTRY_8c865bedc2ef9574d2e5,2026-08-10,,2026-08-16T13:48:42+00:00,BaoStock query_stock_industry,observation,medium
MEMBERSHIP_f739b3bc2814e9019a00,CNINFO_ORG_9900024673,INDUSTRY_a3b7ae0c6bfa4b2b7bfb,2026-08-10,,2026-08-16T13:48:42+00:00,BaoStock query_stock_industry,observation,medium
MEMBERSHIP_c9168bd4cf47a96190fe,CNINFO_ORG_gssh0600979,INDUSTRY_f9da9c9738f21980b6d7,2026-08-10,,2026-08-16T13:48:42+00:00,BaoStock query_stock_industry,observation,medium
MEMBERSHIP_a305210c890a21ba545e,CNINFO_ORG_gssh0600980,INDUSTRY_3875d79da62b4dff67e8,2026-08-10,,2026-08-16T13:48:42+00:00,BaoStock query_stock_industry,observation,medium
MEMBERSHIP_c40c5cea8d4533b0b8f4,CNINFO_ORG_gssh0600981,INDUSTRY_8c865bedc2ef9574d2e5,2026-08-10,,2026-08-16T13:48:42+00:00,BaoStock query_stock_industry,observation,medium
MEMBERSHIP_0366dada6b429c6ba4a0,CNINFO_ORG_gssh0600982,INDUSTRY_f9da9c9738f21980b6d7,2026-08-10,,2026-08-16T13:48:42+00:00,BaoStock query_stock_industry,observation,medium
MEMBERSHIP_fd6fa2ef166f64d374ca,CNINFO_ORG_gssh0600983,INDUSTRY_b90e93f47f56746b9938,2026-08-10,,2026-08-16T13:48:42+00:00,BaoStock query_stock_industry,observation,medium
MEMBERSHIP_c82e47e2f8f9091504cb,CNINFO_ORG_gssh0600984,INDUSTRY_35b3bef69b463d0eb123,2026-08-10,,2026-08-16T13:48:42+00:00,BaoStock query_stock_industry,observation,medium
MEMBERSHIP_0e097d48f4f2eafeb299,CNINFO_ORG_gssh0600985,INDUSTRY_bd64f2d1a81c9866dda4,2026-08-10,,2026-08-16T13:48:42+00:00,BaoStock query_stock_industry,observation,medium
MEMBERSHIP_bfd59e29f5abbfb1a720,CNINFO_ORG_gssh0600986,INDUSTRY_9f7679f9ad900c7a65d2,2026-08-10,,2026-08-16T13:48:42+00:00,BaoStock query_stock_industry,observation,medium
MEMBERSHIP_e755b5a8e2f2dbf07d4d,CNINFO_ORG_gssh0600987,INDUSTRY_a971ce8c4913016d33d1,2026-08-10,,2026-08-16T13:48:42+00:00,BaoStock query_stock_industry,observation,medium
MEMBERSHIP_32f563e555daac50bfe5,CNINFO_ORG_gssh0600988,INDUSTRY_515421a19bebcbe891cf,2026-08-10,,2026-08-16T13:48:42+00:00,BaoStock query_stock_industry,observation,medium
MEMBERSHIP_f590db772dc9a39bd1c0,CNINFO_ORG_9900019573,INDUSTRY_af522b5025b7206d78cb,2026-08-10,,2026-08-16T13:48:42+00:00,BaoStock query_stock_industry,observation,medium
MEMBERSHIP_773a5c38e338a3622322,CNINFO_ORG_gssh0600990,INDUSTRY_90d9ee5bdc1ee446fff0,2026-08-10,,2026-08-16T13:48:42+00:00,BaoStock query_stock_industry,observation,medium
MEMBERSHIP_3f7dc959bad8095255fe,CNINFO_ORG_gssh0600992,INDUSTRY_be6d1ff74018fda3a9a4,2026-08-10,,2026-08-16T13:48:42+00:00,BaoStock query_stock_industry,observation,medium
MEMBERSHIP_52b4f351154410718d3f,CNINFO_ORG_gssh0600993,INDUSTRY_eb1bb5863556657a5ed0,2026-08-10,,2026-08-16T13:48:42+00:00,BaoStock query_stock_industry,observation,medium
MEMBERSHIP_fbaf5965bc7a6d9ac0cd,CNINFO_ORG_gssh0600995,INDUSTRY_f9da9c9738f21980b6d7,2026-08-10,,2026-08-16T13:48:42+00:00,BaoStock query_stock_industry,observation,medium
MEMBERSHIP_62f5c1d79b7173b20c3f,CNINFO_ORG_9900030438,INDUSTRY_a1191d63decae1d34c73,2026-08-10,,2026-08-16T13:48:42+00:00,BaoStock query_stock_industry,observation,medium
MEMBERSHIP_fc6cfd7eff40cd5e5d8b,CNINFO_ORG_gssh0600997,INDUSTRY_cfd4139bf05e5a91c076,2026-08-10,,2026-08-16T13:48:42+00:00,BaoStock query_stock_industry,observation,medium
MEMBERSHIP_3e71984d9797bf071a92,CNINFO_ORG_9900015627,INDUSTRY_8c865bedc2ef9574d2e5,2026-08-10,,2026-08-16T13:48:42+00:00,BaoStock query_stock_industry,observation,medium
MEMBERSHIP_4ca023f8c8008d4b7a6e,CNINFO_ORG_qsgn0000118,INDUSTRY_963e913f30a1f4833ac7,2026-08-10,,2026-08-16T13:48:42+00:00,BaoStock query_stock_industry,observation,medium
MEMBERSHIP_6672120e060434dfd2a4,CNINFO_ORG_9900013088,INDUSTRY_3553a2b402e33a129417,2026-08-10,,2026-08-16T13:48:42+00:00,BaoStock query_stock_industry,observation,medium
MEMBERSHIP_acc0370f7a22f8521fd8,CNINFO_ORG_gssh0601001,INDUSTRY_bd64f2d1a81c9866dda4,2026-08-10,,2026-08-16T13:48:42+00:00,BaoStock query_stock_industry,observation,medium
MEMBERSHIP_3f039413a8f6cfd5f065,CNINFO_ORG_9900002005,INDUSTRY_35fe091671cdb8d5f5e0,2026-08-10,,2026-08-16T13:48:42+00:00,BaoStock query_stock_industry,observation,medium
MEMBERSHIP_c5e1dd26553a20a0ddca,CNINFO_ORG_9900002182,INDUSTRY_f54ff34c4bdec689eff1,2026-08-10,,2026-08-16T13:48:42+00:00,BaoStock query_stock_industry,observation,medium
MEMBERSHIP_5a8a82d733d9801d8ed9,CNINFO_ORG_9900002184,INDUSTRY_f54ff34c4bdec689eff1,2026-08-10,,2026-08-16T13:48:42+00:00,BaoStock query_stock_industry,observation,medium
MEMBERSHIP_221d4bf72b6aab5b5f99,CNINFO_ORG_9900000261,INDUSTRY_8ea363eb92f9e2d3a89e,2026-08-10,,2026-08-16T13:48:42+00:00,BaoStock query_stock_industry,observation,medium
MEMBERSHIP_e3508320515973ca55ec,CNINFO_ORG_9900002481,INDUSTRY_1d3ab83e303b9057212b,2026-08-10,,2026-08-16T13:48:42+00:00,BaoStock query_stock_industry,observation,medium
MEMBERSHIP_dbda3cd22228ce5742cc,CNINFO_ORG_9900002722,INDUSTRY_3553a2b402e33a129417,2026-08-10,,2026-08-16T13:48:42+00:00,BaoStock query_stock_industry,observation,medium
MEMBERSHIP_ede6ea8ba06236f73a7f,CNINFO_ORG_9900003284,INDUSTRY_b5ff8607e606f7dd55ba,2026-08-10,,2026-08-16T13:48:42+00:00,BaoStock query_stock_industry,observation,medium
MEMBERSHIP_ee45e8bc50226ea4df0d,CNINFO_ORG_9900019963,INDUSTRY_4fb51c32200208ed64a8,2026-08-10,,2026-08-16T13:48:42+00:00,BaoStock query_stock_industry,observation,medium
MEMBERSHIP_7d515c151615b3b61a1b,CNINFO_ORG_9900018407,INDUSTRY_cfd4139bf05e5a91c076,2026-08-10,,2026-08-16T13:48:42+00:00,BaoStock query_stock_industry,observation,medium
MEMBERSHIP_eadf0551d07617029580,CNINFO_ORG_9900022338,INDUSTRY_b90e93f47f56746b9938,2026-08-10,,2026-08-16T13:48:42+00:00,BaoStock query_stock_industry,observation,medium
MEMBERSHIP_ada0c4bb6bc8eabfeec5,CNINFO_ORG_9900022940,INDUSTRY_cfd4139bf05e5a91c076,2026-08-10,,2026-08-16T13:48:42+00:00,BaoStock query_stock_industry,observation,medium
MEMBERSHIP_07b847fc5a558e9a2661,CNINFO_ORG_9900029306,INDUSTRY_f9da9c9738f21980b6d7,2026-08-10,,2026-08-16T13:48:42+00:00,BaoStock query_stock_industry,observation,medium
MEMBERSHIP_00b0ba9d06ed2e497bc6,CNINFO_ORG_9900010907,INDUSTRY_3553a2b402e33a129417,2026-08-10,,2026-08-16T13:48:42+00:00,BaoStock query_stock_industry,observation,medium
MEMBERSHIP_9ba2345d3e887b5acc3f,CNINFO_ORG_9900031730,INDUSTRY_979f61913dc6006fe56d,2026-08-10,,2026-08-16T13:48:42+00:00,BaoStock query_stock_industry,observation,medium
MEMBERSHIP_d02c1901d1cdf6af7aee,CNINFO_ORG_9900029826,INDUSTRY_515421a19bebcbe891cf,2026-08-10,,2026-08-16T13:48:42+00:00,BaoStock query_stock_industry,observation,medium
MEMBERSHIP_c4f7efb359646099f32a,CNINFO_ORG_9900023129,INDUSTRY_aff052295ad57fe9c64a,2026-08-10,,2026-08-16T13:48:42+00:00,BaoStock query_stock_industry,observation,medium
MEMBERSHIP_4afd93f70095983ff591,CNINFO_ORG_9900051994,INDUSTRY_3553a2b402e33a129417,2026-08-10,,2026-08-16T13:48:42+00:00,BaoStock query_stock_industry,observation,medium
MEMBERSHIP_5dc6421424179dad6e6f,CNINFO_ORG_9900046850,INDUSTRY_af522b5025b7206d78cb,2026-08-10,,2026-08-16T13:48:42+00:00,BaoStock query_stock_industry,observation,medium
MEMBERSHIP_445a67baf4f0cfd86a4d,CNINFO_ORG_9900056832,INDUSTRY_ee9bbaf36a819df8934d,2026-08-10,,2026-08-16T13:48:42+00:00,BaoStock query_stock_industry,observation,medium
MEMBERSHIP_63bb66b01f19266db049,CNINFO_ORG_gshk0000038,INDUSTRY_3875d79da62b4dff67e8,2026-08-10,,2026-08-16T13:48:42+00:00,BaoStock query_stock_industry,observation,medium
MEMBERSHIP_49bdd0dd49eaed39f56f,CNINFO_ORG_9900009410,INDUSTRY_b62fae243f391f69617b,2026-08-10,,2026-08-16T13:48:42+00:00,BaoStock query_stock_industry,observation,medium
MEMBERSHIP_d62844c2f91c5dbb4754,CNINFO_ORG_9900003683,INDUSTRY_963e913f30a1f4833ac7,2026-08-10,,2026-08-16T13:48:42+00:00,BaoStock query_stock_industry,observation,medium
MEMBERSHIP_bd9e108cb81e4145f7f2,CNINFO_ORG_GD192514,INDUSTRY_8c865bedc2ef9574d2e5,2026-08-10,,2026-08-16T13:48:42+00:00,BaoStock query_stock_industry,observation,medium
MEMBERSHIP_3919b4256f05190ee398,CNINFO_ORG_9900046968,INDUSTRY_af522b5025b7206d78cb,2026-08-10,,2026-08-16T13:48:42+00:00,BaoStock query_stock_industry,observation,medium
MEMBERSHIP_c31f496aa106c2e76ecf,CNINFO_ORG_qsgn0000884,INDUSTRY_963e913f30a1f4833ac7,2026-08-10,,2026-08-16T13:48:42+00:00,BaoStock query_stock_industry,observation,medium
MEMBERSHIP_ef9149ebc46938724bd7,CNINFO_ORG_GD066180,INDUSTRY_17cf2674a1f785e3272e,2026-08-10,,2026-08-16T13:48:42+00:00,BaoStock query_stock_industry,observation,medium
MEMBERSHIP_a915e99de4f622ec7c12,CNINFO_ORG_9900023646,INDUSTRY_515421a19bebcbe891cf,2026-08-10,,2026-08-16T13:48:42+00:00,BaoStock query_stock_industry,observation,medium
MEMBERSHIP_cf019a0a2d5a4c9d01c9,CNINFO_ORG_9900016867,INDUSTRY_b5ff8607e606f7dd55ba,2026-08-10,,2026-08-16T13:48:42+00:00,BaoStock query_stock_industry,observation,medium
MEMBERSHIP_dfd13ae8a7c8c3908de2,CNINFO_ORG_9900057394,INDUSTRY_3553a2b402e33a129417,2026-08-10,,2026-08-16T13:48:42+00:00,BaoStock query_stock_industry,observation,medium
MEMBERSHIP_de6ad6883eed8a4d105f,CNINFO_ORG_9900027668,INDUSTRY_4fb51c32200208ed64a8,2026-08-10,,2026-08-16T13:48:42+00:00,BaoStock query_stock_industry,observation,medium
MEMBERSHIP_a084ed422267b1297754,CNINFO_ORG_9900003701,INDUSTRY_bd64f2d1a81c9866dda4,2026-08-10,,2026-08-16T13:48:42+00:00,BaoStock query_stock_industry,observation,medium
MEMBERSHIP_5422d39def2b5e736c8f,CNINFO_ORG_9900047301,INDUSTRY_eb1bb5863556657a5ed0,2026-08-10,,2026-08-16T13:48:42+00:00,BaoStock query_stock_industry,observation,medium
MEMBERSHIP_c8ffbc06e0964c9f5de4,CNINFO_ORG_9900052305,INDUSTRY_be6d1ff74018fda3a9a4,2026-08-10,,2026-08-16T13:48:42+00:00,BaoStock query_stock_industry,observation,medium
MEMBERSHIP_3e74393edc9d5dc3ed1c,CNINFO_ORG_9900015470,INDUSTRY_979f61913dc6006fe56d,2026-08-10,,2026-08-16T13:48:42+00:00,BaoStock query_stock_industry,observation,medium
MEMBERSHIP_b93946e98acb2552f81c,CNINFO_ORG_9900004122,INDUSTRY_963e913f30a1f4833ac7,2026-08-10,,2026-08-16T13:48:42+00:00,BaoStock query_stock_industry,observation,medium
MEMBERSHIP_14278c04a3063d75bfb5,CNINFO_ORG_9900021530,INDUSTRY_35fe091671cdb8d5f5e0,2026-08-10,,2026-08-16T13:48:42+00:00,BaoStock query_stock_industry,observation,medium
MEMBERSHIP_cc642be3736318c0859f,CNINFO_ORG_9900010887,INDUSTRY_bd64f2d1a81c9866dda4,2026-08-10,,2026-08-16T13:48:42+00:00,BaoStock query_stock_industry,observation,medium
MEMBERSHIP_83f3970b3508a60690ed,CNINFO_ORG_9900010530,INDUSTRY_3875d79da62b4dff67e8,2026-08-10,,2026-08-16T13:48:42+00:00,BaoStock query_stock_industry,observation,medium
MEMBERSHIP_3f59761f49cc05f122d0,CNINFO_ORG_9900007387,INDUSTRY_78ad5e2bbce7305748bd,2026-08-10,,2026-08-16T13:48:42+00:00,BaoStock query_stock_industry,observation,medium
MEMBERSHIP_54fba8547d3d30617249,CNINFO_ORG_qsgn0000808,INDUSTRY_963e913f30a1f4833ac7,2026-08-10,,2026-08-16T13:48:42+00:00,BaoStock query_stock_industry,observation,medium
MEMBERSHIP_364aaa43e56444113a19,CNINFO_ORG_9900000441,INDUSTRY_aff052295ad57fe9c64a,2026-08-10,,2026-08-16T13:48:42+00:00,BaoStock query_stock_industry,observation,medium
MEMBERSHIP_5097005baedfe606cca8,CNINFO_ORG_9900063189,INDUSTRY_7063d42ae24daea94a9c,2026-08-10,,2026-08-16T13:48:42+00:00,BaoStock query_stock_industry,observation,medium
MEMBERSHIP_3008631de038a0c97b12,CNINFO_ORG_9900019412,INDUSTRY_4fb51c32200208ed64a8,2026-08-10,,2026-08-16T13:48:42+00:00,BaoStock query_stock_industry,observation,medium
MEMBERSHIP_38de14804d3fc9b915ce,CNINFO_ORG_9900018284,INDUSTRY_4fb51c32200208ed64a8,2026-08-10,,2026-08-16T13:48:42+00:00,BaoStock query_stock_industry,observation,medium
MEMBERSHIP_6cdd87d2a5c6f7a328b0,CNINFO_ORG_9900009949,INDUSTRY_17cf2674a1f785e3272e,2026-08-10,,2026-08-16T13:48:42+00:00,BaoStock query_stock_industry,observation,medium
MEMBERSHIP_a8621b752a1fcb8c01f0,CNINFO_ORG_9900005902,INDUSTRY_f8cb7f30edbaa3a4825a,2026-08-10,,2026-08-16T13:48:42+00:00,BaoStock query_stock_industry,observation,medium
MEMBERSHIP_525db211c5fc867ece63,CNINFO_ORG_9900030900,INDUSTRY_7c3681bb5aa78d36021c,2026-08-10,,2026-08-16T13:48:42+00:00,BaoStock query_stock_industry,observation,medium
MEMBERSHIP_3bee40faad70b0efcb33,CNINFO_ORG_9900016847,INDUSTRY_b90e93f47f56746b9938,2026-08-10,,2026-08-16T13:48:42+00:00,BaoStock query_stock_industry,observation,medium
MEMBERSHIP_6649e7a15b67d0c24fae,CNINFO_ORG_9900024265,INDUSTRY_e7fb954d2ab5bf5bc733,2026-08-10,,2026-08-16T13:48:42+00:00,BaoStock query_stock_industry,observation,medium
MEMBERSHIP_38bb2e1020abf306b6d8,CNINFO_ORG_9900023084,INDUSTRY_b5ff8607e606f7dd55ba,2026-08-10,,2026-08-16T13:48:42+00:00,BaoStock query_stock_industry,observation,medium
MEMBERSHIP_b4b757f4b7df94c72523,CNINFO_ORG_9900053230,INDUSTRY_7f01ad7e3c5948bb7c6b,2026-08-10,,2026-08-16T13:48:42+00:00,BaoStock query_stock_industry,observation,medium
MEMBERSHIP_0f8750a44449672d0af2,CNINFO_ORG_qsgn0000516,INDUSTRY_963e913f30a1f4833ac7,2026-08-10,,2026-08-16T13:48:42+00:00,BaoStock query_stock_industry,observation,medium
MEMBERSHIP_4b7fd7b9ddfd09ed3c58,CNINFO_ORG_9900017432,INDUSTRY_fc163d1647ca522ec4cd,2026-08-10,,2026-08-16T13:48:42+00:00,BaoStock query_stock_industry,observation,medium
MEMBERSHIP_ce6ebdc7891a2ae90826,CNINFO_ORG_9900036731,INDUSTRY_90d9ee5bdc1ee446fff0,2026-08-10,,2026-08-16T13:48:42+00:00,BaoStock query_stock_industry,observation,medium
MEMBERSHIP_333d8cb4aa7d71001acd,CNINFO_ORG_9900009513,INDUSTRY_2b12590880b654376532,2026-08-10,,2026-08-16T13:48:42+00:00,BaoStock query_stock_industry,observation,medium
MEMBERSHIP_87775ed726100134a817,CNINFO_ORG_GD012027,INDUSTRY_465aebe5f53921515851,2026-08-10,,2026-08-16T13:48:42+00:00,BaoStock query_stock_industry,observation,medium
MEMBERSHIP_2c36f5ff124a3405d208,CNINFO_ORG_9900039947,INDUSTRY_aff052295ad57fe9c64a,2026-08-10,,2026-08-16T13:48:42+00:00,BaoStock query_stock_industry,observation,medium
MEMBERSHIP_f557b432a305edf92495,CNINFO_ORG_9900011267,INDUSTRY_7f6973b5c1a2122e9e27,2026-08-10,,2026-08-16T13:48:42+00:00,BaoStock query_stock_industry,observation,medium
MEMBERSHIP_dbc48c5ace3bab5ea6f8,CNINFO_ORG_qsgn0000533,INDUSTRY_963e913f30a1f4833ac7,2026-08-10,,2026-08-16T13:48:42+00:00,BaoStock query_stock_industry,observation,medium
MEMBERSHIP_bbf41e0481dc85f344eb,CNINFO_ORG_9900022035,INDUSTRY_b62fae243f391f69617b,2026-08-10,,2026-08-16T13:48:42+00:00,BaoStock query_stock_industry,observation,medium
MEMBERSHIP_fb286cc10248a77e81f1,CNINFO_ORG_9900002081,INDUSTRY_b5ff8607e606f7dd55ba,2026-08-10,,2026-08-16T13:48:42+00:00,BaoStock query_stock_industry,observation,medium
MEMBERSHIP_b245a58dafc5a2c25ac7,CNINFO_ORG_9900003262,INDUSTRY_515421a19bebcbe891cf,2026-08-10,,2026-08-16T13:48:42+00:00,BaoStock query_stock_industry,observation,medium
MEMBERSHIP_d45eb2763275a1691f83,CNINFO_ORG_9900003642,INDUSTRY_b5ff8607e606f7dd55ba,2026-08-10,,2026-08-16T13:48:42+00:00,BaoStock query_stock_industry,observation,medium
MEMBERSHIP_e110d124a4d0b9eafc7a,CNINFO_ORG_9900014907,INDUSTRY_35fe091671cdb8d5f5e0,2026-08-10,,2026-08-16T13:48:42+00:00,BaoStock query_stock_industry,observation,medium
MEMBERSHIP_0ee748d258f8dbeec842,CNINFO_ORG_9900010350,INDUSTRY_b90e93f47f56746b9938,2026-08-10,,2026-08-16T13:48:42+00:00,BaoStock query_stock_industry,observation,medium
MEMBERSHIP_2234882da1490faedaba,CNINFO_ORG_9900004347,INDUSTRY_17cf2674a1f785e3272e,2026-08-10,,2026-08-16T13:48:42+00:00,BaoStock query_stock_industry,observation,medium
MEMBERSHIP_e6effb2ab7e91d167bbb,CNINFO_ORG_9900012128,INDUSTRY_b5ff8607e606f7dd55ba,2026-08-10,,2026-08-16T13:48:42+00:00,BaoStock query_stock_industry,observation,medium
MEMBERSHIP_21ce27da92dcc9bacb92,CNINFO_ORG_9900011628,INDUSTRY_78ad5e2bbce7305748bd,2026-08-10,,2026-08-16T13:48:42+00:00,BaoStock query_stock_industry,observation,medium
MEMBERSHIP_4f15c7b47c8f5be7027c,CNINFO_ORG_9900008427,INDUSTRY_963e913f30a1f4833ac7,2026-08-10,,2026-08-16T13:48:42+00:00,BaoStock query_stock_industry,observation,medium
MEMBERSHIP_13f1a4e288e0c7dfb40b,CNINFO_ORG_9900018832,INDUSTRY_7f6973b5c1a2122e9e27,2026-08-10,,2026-08-16T13:48:42+00:00,BaoStock query_stock_industry,observation,medium
MEMBERSHIP_bbc159f160a82a80c3a3,CNINFO_ORG_9900034899,INDUSTRY_ee9bbaf36a819df8934d,2026-08-10,,2026-08-16T13:48:42+00:00,BaoStock query_stock_industry,observation,medium
MEMBERSHIP_c692904f76e24fab305b,CNINFO_ORG_9900019705,INDUSTRY_af522b5025b7206d78cb,2026-08-10,,2026-08-16T13:48:42+00:00,BaoStock query_stock_industry,observation,medium
MEMBERSHIP_68aad5cb17877310e166,CNINFO_ORG_qsgn0000116,INDUSTRY_963e913f30a1f4833ac7,2026-08-10,,2026-08-16T13:48:42+00:00,BaoStock query_stock_industry,observation,medium
MEMBERSHIP_9d034ad6898911010842,CNINFO_ORG_9900027220,INDUSTRY_fc163d1647ca522ec4cd,2026-08-10,,2026-08-16T13:48:42+00:00,BaoStock query_stock_industry,observation,medium
MEMBERSHIP_84c174f493978077e689,CNINFO_ORG_9900017867,INDUSTRY_af522b5025b7206d78cb,2026-08-10,,2026-08-16T13:48:42+00:00,BaoStock query_stock_industry,observation,medium
MEMBERSHIP_59e2cdbadcc116d3e526,CNINFO_ORG_9900019427,INDUSTRY_be6d1ff74018fda3a9a4,2026-08-10,,2026-08-16T13:48:42+00:00,BaoStock query_stock_industry,observation,medium
MEMBERSHIP_775024e33af994240b49,CNINFO_ORG_9900021223,INDUSTRY_b90e93f47f56746b9938,2026-08-10,,2026-08-16T13:48:42+00:00,BaoStock query_stock_industry,observation,medium
MEMBERSHIP_12bb347283f4ccc05ecf,CNINFO_ORG_9900023204,INDUSTRY_bd64f2d1a81c9866dda4,2026-08-10,,2026-08-16T13:48:42+00:00,BaoStock query_stock_industry,observation,medium
MEMBERSHIP_3c513ee0c305e98dd9f6,CNINFO_ORG_9900023782,INDUSTRY_731992a46c7dd8525c17,2026-08-10,,2026-08-16T13:48:42+00:00,BaoStock query_stock_industry,observation,medium
MEMBERSHIP_4d4faf884503133d77d8,CNINFO_ORG_9900029141,INDUSTRY_3553a2b402e33a129417,2026-08-10,,2026-08-16T13:48:42+00:00,BaoStock query_stock_industry,observation,medium
MEMBERSHIP_55dfafd647ecf08af146,CNINFO_ORG_9900010207,INDUSTRY_b5ff8607e606f7dd55ba,2026-08-10,,2026-08-16T13:48:42+00:00,BaoStock query_stock_industry,observation,medium
MEMBERSHIP_02624939b5d85ca3b7db,CNINFO_ORG_9900022058,INDUSTRY_90d9ee5bdc1ee446fff0,2026-08-10,,2026-08-16T13:48:42+00:00,BaoStock query_stock_industry,observation,medium
MEMBERSHIP_b24aedd4481fb15f3e07,CNINFO_ORG_9900019547,INDUSTRY_c6634e4fb00885448aae,2026-08-10,,2026-08-16T13:48:42+00:00,BaoStock query_stock_industry,observation,medium
MEMBERSHIP_97bf916fe8fabc94b4d3,CNINFO_ORG_qsgn0000641,INDUSTRY_963e913f30a1f4833ac7,2026-08-10,,2026-08-16T13:48:42+00:00,BaoStock query_stock_industry,observation,medium
MEMBERSHIP_97541af8dfecf7f48860,CNINFO_ORG_9900006006,INDUSTRY_e7fb954d2ab5bf5bc733,2026-08-10,,2026-08-16T13:48:42+00:00,BaoStock query_stock_industry,observation,medium
MEMBERSHIP_67ab984139a93ccc6b6e,CNINFO_ORG_9900039777,INDUSTRY_e7fb954d2ab5bf5bc733,2026-08-10,,2026-08-16T13:48:42+00:00,BaoStock query_stock_industry,observation,medium
MEMBERSHIP_ae9aef6938f36812d131,CNINFO_ORG_jjxt0000020,INDUSTRY_b5ff8607e606f7dd55ba,2026-08-10,,2026-08-16T13:48:42+00:00,BaoStock query_stock_industry,observation,medium
MEMBERSHIP_bd6ff90f6a352e0e76aa,CNINFO_ORG_GD025907,INDUSTRY_3553a2b402e33a129417,2026-08-10,,2026-08-16T13:48:42+00:00,BaoStock query_stock_industry,observation,medium
MEMBERSHIP_6172eb06db3171283ddf,CNINFO_ORG_9900019962,INDUSTRY_b90e93f47f56746b9938,2026-08-10,,2026-08-16T13:48:42+00:00,BaoStock query_stock_industry,observation,medium
MEMBERSHIP_ff479861844182b871e4,CNINFO_ORG_9900002221,INDUSTRY_91664492bd91e0beb541,2026-08-10,,2026-08-16T13:48:42+00:00,BaoStock query_stock_industry,observation,medium
MEMBERSHIP_c49c8931ee017af38dc0,CNINFO_ORG_9900024684,INDUSTRY_91664492bd91e0beb541,2026-08-10,,2026-08-16T13:48:42+00:00,BaoStock query_stock_industry,observation,medium
MEMBERSHIP_dbc282a164fb113235cd,CNINFO_ORG_9900023004,INDUSTRY_3553a2b402e33a129417,2026-08-10,,2026-08-16T13:48:42+00:00,BaoStock query_stock_industry,observation,medium
MEMBERSHIP_f0852376fa41bf7fd892,CNINFO_ORG_9900002841,INDUSTRY_b5ff8607e606f7dd55ba,2026-08-10,,2026-08-16T13:48:42+00:00,BaoStock query_stock_industry,observation,medium
MEMBERSHIP_a560fbf678a1db510d58,CNINFO_ORG_9900028847,INDUSTRY_ee9bbaf36a819df8934d,2026-08-10,,2026-08-16T13:48:42+00:00,BaoStock query_stock_industry,observation,medium
MEMBERSHIP_ea73c6a96d4f4273aa64,CNINFO_ORG_9900001741,INDUSTRY_8ea363eb92f9e2d3a89e,2026-08-10,,2026-08-16T13:48:42+00:00,BaoStock query_stock_industry,observation,medium
MEMBERSHIP_4e92996d143b53ee7e07,CNINFO_ORG_GD040482,INDUSTRY_91664492bd91e0beb541,2026-08-10,,2026-08-16T13:48:42+00:00,BaoStock query_stock_industry,observation,medium
MEMBERSHIP_7b8babcc64dd12f9b190,CNINFO_ORG_9900022783,INDUSTRY_a971ce8c4913016d33d1,2026-08-10,,2026-08-16T13:48:42+00:00,BaoStock query_stock_industry,observation,medium
MEMBERSHIP_ac557785434733abb6e9,CNINFO_ORG_9900021962,INDUSTRY_9f7679f9ad900c7a65d2,2026-08-10,,2026-08-16T13:48:42+00:00,BaoStock query_stock_industry,observation,medium
MEMBERSHIP_9ccfcfd09f1d9ae02353,CNINFO_ORG_9900028735,INDUSTRY_4fb51c32200208ed64a8,2026-08-10,,2026-08-16T13:48:42+00:00,BaoStock query_stock_industry,observation,medium
MEMBERSHIP_0cd4c093e260a6e48339,CNINFO_ORG_9900023964,INDUSTRY_7f6973b5c1a2122e9e27,2026-08-10,,2026-08-16T13:48:42+00:00,BaoStock query_stock_industry,observation,medium
MEMBERSHIP_16081c7a70a73d9fb973,CNINFO_ORG_9900012093,INDUSTRY_35fe091671cdb8d5f5e0,2026-08-10,,2026-08-16T13:48:42+00:00,BaoStock query_stock_industry,observation,medium
MEMBERSHIP_c1c0ea37126888aa9d88,CNINFO_ORG_qsgn0000802,INDUSTRY_963e913f30a1f4833ac7,2026-08-10,,2026-08-16T13:48:42+00:00,BaoStock query_stock_industry,observation,medium
MEMBERSHIP_5f50c3e0d19cc9a6732c,CNINFO_ORG_qsgn0000076,INDUSTRY_963e913f30a1f4833ac7,2026-08-10,,2026-08-16T13:48:42+00:00,BaoStock query_stock_industry,observation,medium
MEMBERSHIP_a7657cb2760e70ebadf9,CNINFO_ORG_9900022404,INDUSTRY_2c3b8b7969b736730fe1,2026-08-10,,2026-08-16T13:48:42+00:00,BaoStock query_stock_industry,observation,medium
MEMBERSHIP_1fc8ffc4ec4a8bb11d10,CNINFO_ORG_9900003904,INDUSTRY_17cf2674a1f785e3272e,2026-08-10,,2026-08-16T13:48:42+00:00,BaoStock query_stock_industry,observation,medium
MEMBERSHIP_195ace05ad59eb59bf37,CNINFO_ORG_jjxt0000019,INDUSTRY_b5ff8607e606f7dd55ba,2026-08-10,,2026-08-16T13:48:42+00:00,BaoStock query_stock_industry,observation,medium
MEMBERSHIP_86e8aa47e4aafa998429,CNINFO_ORG_9900010450,INDUSTRY_3875d79da62b4dff67e8,2026-08-10,,2026-08-16T13:48:42+00:00,BaoStock query_stock_industry,observation,medium
MEMBERSHIP_61e16094bbbb48d78456,CNINFO_ORG_qsgn0000343,INDUSTRY_963e913f30a1f4833ac7,2026-08-10,,2026-08-16T13:48:42+00:00,BaoStock query_stock_industry,observation,medium
MEMBERSHIP_5d7ba687bd41c45c24fe,CNINFO_ORG_9900026535,INDUSTRY_b62fae243f391f69617b,2026-08-10,,2026-08-16T13:48:42+00:00,BaoStock query_stock_industry,observation,medium
MEMBERSHIP_0be5d1b0ade04c1aa927,CNINFO_ORG_9900022946,INDUSTRY_465aebe5f53921515851,2026-08-10,,2026-08-16T13:48:42+00:00,BaoStock query_stock_industry,observation,medium
MEMBERSHIP_d4e42fbcd7e0e830173e,CNINFO_ORG_9900022063,INDUSTRY_eb1bb5863556657a5ed0,2026-08-10,,2026-08-16T13:48:42+00:00,BaoStock query_stock_industry,observation,medium
MEMBERSHIP_a91e893e926fa0c4b981,CNINFO_ORG_9900011627,INDUSTRY_78ad5e2bbce7305748bd,2026-08-10,,2026-08-16T13:48:42+00:00,BaoStock query_stock_industry,observation,medium
MEMBERSHIP_46b66ce29a65bd0f0047,CNINFO_ORG_9900017431,INDUSTRY_7ee4f97d9c6b6c9f19de,2026-08-10,,2026-08-16T13:48:42+00:00,BaoStock query_stock_industry,observation,medium
MEMBERSHIP_1e729e163489102f0a15,CNINFO_ORG_9900032315,INDUSTRY_b5ff8607e606f7dd55ba,2026-08-10,,2026-08-16T13:48:42+00:00,BaoStock query_stock_industry,observation,medium
MEMBERSHIP_fee693bef18ddb8cd22f,CNINFO_ORG_qsgn0000325,INDUSTRY_963e913f30a1f4833ac7,2026-08-10,,2026-08-16T13:48:42+00:00,BaoStock query_stock_industry,observation,medium
MEMBERSHIP_be0a6f09d9b99ee4f11a,CNINFO_ORG_9900019841,INDUSTRY_857cc70f4407799bbfbc,2026-08-10,,2026-08-16T13:48:42+00:00,BaoStock query_stock_industry,observation,medium
MEMBERSHIP_66416c1dcfcfb37d1798,CNINFO_ORG_9900020091,INDUSTRY_735889820fa0518be404,2026-08-10,,2026-08-16T13:48:42+00:00,BaoStock query_stock_industry,observation,medium
MEMBERSHIP_af796b23ce81af18306b,CNINFO_ORG_9900039743,INDUSTRY_af522b5025b7206d78cb,2026-08-10,,2026-08-16T13:48:42+00:00,BaoStock query_stock_industry,observation,medium
MEMBERSHIP_364b279b41911650f52c,CNINFO_ORG_9900021960,INDUSTRY_b5ff8607e606f7dd55ba,2026-08-10,,2026-08-16T13:48:42+00:00,BaoStock query_stock_industry,observation,medium
MEMBERSHIP_e546995cb4f3d95ad03b,CNINFO_ORG_9900023219,INDUSTRY_c8598f31bb2607e3007b,2026-08-10,,2026-08-16T13:48:42+00:00,BaoStock query_stock_industry,observation,medium
MEMBERSHIP_36e11831e3e24bf7422c,CNINFO_ORG_9900000921,INDUSTRY_465aebe5f53921515851,2026-08-10,,2026-08-16T13:48:42+00:00,BaoStock query_stock_industry,observation,medium
MEMBERSHIP_e208e4487fa888b67225,CNINFO_ORG_9900024674,INDUSTRY_a3b7ae0c6bfa4b2b7bfb,2026-08-10,,2026-08-16T13:48:42+00:00,BaoStock query_stock_industry,observation,medium
MEMBERSHIP_d093b8527f1794b3525b,CNINFO_ORG_gshk0000598,INDUSTRY_05c09799f5cd1d96eaf2,2026-08-10,,2026-08-16T13:48:42+00:00,BaoStock query_stock_industry,observation,medium
MEMBERSHIP_a59a30f350126e7c5e84,CNINFO_ORG_9900019840,INDUSTRY_a971ce8c4913016d33d1,2026-08-10,,2026-08-16T13:48:42+00:00,BaoStock query_stock_industry,observation,medium
MEMBERSHIP_e99b031b378ef88243ba,CNINFO_ORG_9900002901,INDUSTRY_fc163d1647ca522ec4cd,2026-08-10,,2026-08-16T13:48:42+00:00,BaoStock query_stock_industry,observation,medium
MEMBERSHIP_7e7b9947efd028e772dc,CNINFO_ORG_9900004003,INDUSTRY_91664492bd91e0beb541,2026-08-10,,2026-08-16T13:48:42+00:00,BaoStock query_stock_industry,observation,medium
MEMBERSHIP_347480db6d90e40968fe,CNINFO_ORG_9900027664,INDUSTRY_be6d1ff74018fda3a9a4,2026-08-10,,2026-08-16T13:48:42+00:00,BaoStock query_stock_industry,observation,medium
MEMBERSHIP_028f2298e0afe1a77ad9,CNINFO_ORG_gssh0600849,INDUSTRY_4fb51c32200208ed64a8,2026-08-10,,2026-08-16T13:48:42+00:00,BaoStock query_stock_industry,observation,medium
MEMBERSHIP_39d2e475bff09026daf1,CNINFO_ORG_9900022870,INDUSTRY_3875d79da62b4dff67e8,2026-08-10,,2026-08-16T13:48:42+00:00,BaoStock query_stock_industry,observation,medium
MEMBERSHIP_362089d0fa61984e9df3,CNINFO_ORG_9900023721,INDUSTRY_fc163d1647ca522ec4cd,2026-08-10,,2026-08-16T13:48:42+00:00,BaoStock query_stock_industry,observation,medium
MEMBERSHIP_f81bc58cbbd4eeab2848,CNINFO_ORG_9900028774,INDUSTRY_17cf2674a1f785e3272e,2026-08-10,,2026-08-16T13:48:42+00:00,BaoStock query_stock_industry,observation,medium
MEMBERSHIP_ed831fcffdf576ef4615,CNINFO_ORG_9900036760,INDUSTRY_35fe091671cdb8d5f5e0,2026-08-10,,2026-08-16T13:48:42+00:00,BaoStock query_stock_industry,observation,medium
MEMBERSHIP_cf4d02d70bd856ce4c39,CNINFO_ORG_9900017667,INDUSTRY_b90e93f47f56746b9938,2026-08-10,,2026-08-16T13:48:42+00:00,BaoStock query_stock_industry,observation,medium
MEMBERSHIP_6dbcf7b94e4dba5e4c7a,CNINFO_ORG_9900008087,INDUSTRY_17cf2674a1f785e3272e,2026-08-10,,2026-08-16T13:48:42+00:00,BaoStock query_stock_industry,observation,medium
MEMBERSHIP_49a7f6b05f5022155806,CNINFO_ORG_9900031909,INDUSTRY_f9da9c9738f21980b6d7,2026-08-10,,2026-08-16T13:48:42+00:00,BaoStock query_stock_industry,observation,medium
MEMBERSHIP_2acbadf98fdf624c23f1,CNINFO_ORG_9900001881,INDUSTRY_91664492bd91e0beb541,2026-08-10,,2026-08-16T13:48:42+00:00,BaoStock query_stock_industry,observation,medium
MEMBERSHIP_d720ab8c4837f377c156,CNINFO_ORG_gshk0002333,INDUSTRY_e7fb954d2ab5bf5bc733,2026-08-10,,2026-08-16T13:48:42+00:00,BaoStock query_stock_industry,observation,medium
MEMBERSHIP_f73e78937323c269c552,CNINFO_ORG_9900021239,INDUSTRY_7063d42ae24daea94a9c,2026-08-10,,2026-08-16T13:48:42+00:00,BaoStock query_stock_industry,observation,medium
MEMBERSHIP_edcdc9febfe213ed35b5,CNINFO_ORG_9900005091,INDUSTRY_b5ff8607e606f7dd55ba,2026-08-10,,2026-08-16T13:48:42+00:00,BaoStock query_stock_industry,observation,medium
MEMBERSHIP_5da27985c1e9fcbc90b7,CNINFO_ORG_9900010908,INDUSTRY_b5ff8607e606f7dd55ba,2026-08-10,,2026-08-16T13:48:42+00:00,BaoStock query_stock_industry,observation,medium
MEMBERSHIP_79f404353084810e6f9c,CNINFO_ORG_9900001301,INDUSTRY_bd64f2d1a81c9866dda4,2026-08-10,,2026-08-16T13:48:42+00:00,BaoStock query_stock_industry,observation,medium
MEMBERSHIP_071e6edb3b80cd30c052,CNINFO_ORG_9900005970,INDUSTRY_17cf2674a1f785e3272e,2026-08-10,,2026-08-16T13:48:42+00:00,BaoStock query_stock_industry,observation,medium
MEMBERSHIP_d26e924c4b8c79f79ad0,CNINFO_ORG_9900019726,INDUSTRY_17cf2674a1f785e3272e,2026-08-10,,2026-08-16T13:48:42+00:00,BaoStock query_stock_industry,observation,medium
MEMBERSHIP_14f783db77315548dcff,CNINFO_ORG_9900021432,INDUSTRY_fc163d1647ca522ec4cd,2026-08-10,,2026-08-16T13:48:42+00:00,BaoStock query_stock_industry,observation,medium
MEMBERSHIP_3c8342a8075677005c25,CNINFO_ORG_9900010667,INDUSTRY_af522b5025b7206d78cb,2026-08-10,,2026-08-16T13:48:42+00:00,BaoStock query_stock_industry,observation,medium
MEMBERSHIP_f702bf551846aa26ac85,CNINFO_ORG_9900039715,INDUSTRY_be6d1ff74018fda3a9a4,2026-08-10,,2026-08-16T13:48:42+00:00,BaoStock query_stock_industry,observation,medium
MEMBERSHIP_b85457892f6d61ba7147,CNINFO_ORG_qsgn0000161,INDUSTRY_963e913f30a1f4833ac7,2026-08-10,,2026-08-16T13:48:42+00:00,BaoStock query_stock_industry,observation,medium
MEMBERSHIP_86f886becd2d2e613363,CNINFO_ORG_9900023677,INDUSTRY_e7fb954d2ab5bf5bc733,2026-08-10,,2026-08-16T13:48:42+00:00,BaoStock query_stock_industry,observation,medium
MEMBERSHIP_3bf8cae02851db3cccca,CNINFO_ORG_qsgn0000638,INDUSTRY_963e913f30a1f4833ac7,2026-08-10,,2026-08-16T13:48:42+00:00,BaoStock query_stock_industry,observation,medium
MEMBERSHIP_8a270cd4978d5ebeaa78,CNINFO_ORG_9900036546,INDUSTRY_a1191d63decae1d34c73,2026-08-10,,2026-08-16T13:48:42+00:00,BaoStock query_stock_industry,observation,medium
MEMBERSHIP_ffbac1e8b697db834c24,CNINFO_ORG_9900000721,INDUSTRY_bd64f2d1a81c9866dda4,2026-08-10,,2026-08-16T13:48:42+00:00,BaoStock query_stock_industry,observation,medium
MEMBERSHIP_77f6e7429fa719b2f6b4,CNINFO_ORG_9900017119,INDUSTRY_be6d1ff74018fda3a9a4,2026-08-10,,2026-08-16T13:48:42+00:00,BaoStock query_stock_industry,observation,medium
MEMBERSHIP_c49a39e4d7d266d785c4,CNINFO_ORG_9900038468,INDUSTRY_fc163d1647ca522ec4cd,2026-08-10,,2026-08-16T13:48:42+00:00,BaoStock query_stock_industry,observation,medium
MEMBERSHIP_0017685201940d6d1b4f,CNINFO_ORG_9900013667,INDUSTRY_3875d79da62b4dff67e8,2026-08-10,,2026-08-16T13:48:42+00:00,BaoStock query_stock_industry,observation,medium
MEMBERSHIP_46ba060f8547ee7aeb06,CNINFO_ORG_9900013870,INDUSTRY_857cc70f4407799bbfbc,2026-08-10,,2026-08-16T13:48:42+00:00,BaoStock query_stock_industry,observation,medium
MEMBERSHIP_a2c9c611b4fd85b9e4eb,CNINFO_ORG_9900005766,INDUSTRY_35fe091671cdb8d5f5e0,2026-08-10,,2026-08-16T13:48:42+00:00,BaoStock query_stock_industry,observation,medium
MEMBERSHIP_bf6f834258fe80bb4c2e,CNINFO_ORG_gshk0000728,INDUSTRY_a1191d63decae1d34c73,2026-08-10,,2026-08-16T13:48:42+00:00,BaoStock query_stock_industry,observation,medium
MEMBERSHIP_0f1e54462c784acfdc35,CNINFO_ORG_9900005127,INDUSTRY_ad86b4a2a3856ba2d571,2026-08-10,,2026-08-16T13:48:42+00:00,BaoStock query_stock_industry,observation,medium
MEMBERSHIP_00037603744733d2b9f1,CNINFO_ORG_9900016000,INDUSTRY_e7fb954d2ab5bf5bc733,2026-08-10,,2026-08-16T13:48:42+00:00,BaoStock query_stock_industry,observation,medium
MEMBERSHIP_07d7350ae696833e5598,CNINFO_ORG_9900038390,INDUSTRY_f9da9c9738f21980b6d7,2026-08-10,,2026-08-16T13:48:42+00:00,BaoStock query_stock_industry,observation,medium
MEMBERSHIP_3577a74676c2be89fa5f,CNINFO_ORG_qsgn0000085,INDUSTRY_963e913f30a1f4833ac7,2026-08-10,,2026-08-16T13:48:42+00:00,BaoStock query_stock_industry,observation,medium
MEMBERSHIP_b88626cfbe6d9172222a,CNINFO_ORG_9900021256,INDUSTRY_17cf2674a1f785e3272e,2026-08-10,,2026-08-16T13:48:42+00:00,BaoStock query_stock_industry,observation,medium
MEMBERSHIP_77a92995c7c03a91c898,CNINFO_ORG_9900020287,INDUSTRY_3875d79da62b4dff67e8,2026-08-10,,2026-08-16T13:48:42+00:00,BaoStock query_stock_industry,observation,medium
MEMBERSHIP_944aa73e146c0f874ece,CNINFO_ORG_9900017668,INDUSTRY_e7fb954d2ab5bf5bc733,2026-08-10,,2026-08-16T13:48:42+00:00,BaoStock query_stock_industry,observation,medium
MEMBERSHIP_7822248d27eca6d386c5,CNINFO_ORG_gshk0001800,INDUSTRY_17cf2674a1f785e3272e,2026-08-10,,2026-08-16T13:48:42+00:00,BaoStock query_stock_industry,observation,medium
MEMBERSHIP_58449d4b29cbd38b2990,CNINFO_ORG_9900010089,INDUSTRY_979f61913dc6006fe56d,2026-08-10,,2026-08-16T13:48:42+00:00,BaoStock query_stock_industry,observation,medium
MEMBERSHIP_dec7290755b01464d09e,CNINFO_ORG_9900003692,INDUSTRY_93d93f4712457bea147b,2026-08-10,,2026-08-16T13:48:42+00:00,BaoStock query_stock_industry,observation,medium
MEMBERSHIP_0c5571ef2b42a487e4e6,CNINFO_ORG_gshk0000811,INDUSTRY_979f61913dc6006fe56d,2026-08-10,,2026-08-16T13:48:42+00:00,BaoStock query_stock_industry,observation,medium
MEMBERSHIP_3d5b9cd8cfef202b3552,CNINFO_ORG_9900041360,INDUSTRY_8ea363eb92f9e2d3a89e,2026-08-10,,2026-08-16T13:48:42+00:00,BaoStock query_stock_industry,observation,medium
MEMBERSHIP_0adf435440d679401da6,CNINFO_ORG_9900006246,INDUSTRY_b5ff8607e606f7dd55ba,2026-08-10,,2026-08-16T13:48:42+00:00,BaoStock query_stock_industry,observation,medium
MEMBERSHIP_1d2b342d4bb4d4635462,CNINFO_ORG_9900010687,INDUSTRY_b5ff8607e606f7dd55ba,2026-08-10,,2026-08-16T13:48:42+00:00,BaoStock query_stock_industry,observation,medium
MEMBERSHIP_4f07c5c0fd70d38fbc0a,CNINFO_ORG_9900038387,INDUSTRY_ee9bbaf36a819df8934d,2026-08-10,,2026-08-16T13:48:42+00:00,BaoStock query_stock_industry,observation,medium
MEMBERSHIP_5e96840010ea8dd5c7d7,CNINFO_ORG_9900024118,INDUSTRY_91e10380fe1770769bdb,2026-08-10,,2026-08-16T13:48:42+00:00,BaoStock query_stock_industry,observation,medium
MEMBERSHIP_6c6604293e06ff916d08,CNINFO_ORG_9900021318,INDUSTRY_b5ff8607e606f7dd55ba,2026-08-10,,2026-08-16T13:48:42+00:00,BaoStock query_stock_industry,observation,medium
MEMBERSHIP_9cf5387e0852bafda6f3,CNINFO_ORG_9900003825,INDUSTRY_6e59023629c5a35ea710,2026-08-10,,2026-08-16T13:48:42+00:00,BaoStock query_stock_industry,observation,medium
MEMBERSHIP_6d4455889973bd2ead60,CNINFO_ORG_9900023751,INDUSTRY_979f61913dc6006fe56d,2026-08-10,,2026-08-16T13:48:42+00:00,BaoStock query_stock_industry,observation,medium
MEMBERSHIP_62ece86b7723fb294666,CNINFO_ORG_9900031760,INDUSTRY_b5ff8607e606f7dd55ba,2026-08-10,,2026-08-16T13:48:42+00:00,BaoStock query_stock_industry,observation,medium
MEMBERSHIP_1991d163e03a9cf20e4f,CNINFO_ORG_9900031502,INDUSTRY_7063d42ae24daea94a9c,2026-08-10,,2026-08-16T13:48:42+00:00,BaoStock query_stock_industry,observation,medium
MEMBERSHIP_b2996f018915b4986e6f,CNINFO_ORG_9900003962,INDUSTRY_3553a2b402e33a129417,2026-08-10,,2026-08-16T13:48:42+00:00,BaoStock query_stock_industry,observation,medium
MEMBERSHIP_1ba60b40ff611eb50ff1,CNINFO_ORG_9900031628,INDUSTRY_17cf2674a1f785e3272e,2026-08-10,,2026-08-16T13:48:42+00:00,BaoStock query_stock_industry,observation,medium
MEMBERSHIP_8edcf121d43ffad826cd,CNINFO_ORG_GD100544,INDUSTRY_90d9ee5bdc1ee446fff0,2026-08-10,,2026-08-16T13:48:42+00:00,BaoStock query_stock_industry,observation,medium
MEMBERSHIP_1c2d3327e3406dac8c2f,CNINFO_ORG_9900001441,INDUSTRY_3553a2b402e33a129417,2026-08-10,,2026-08-16T13:48:42+00:00,BaoStock query_stock_industry,observation,medium
MEMBERSHIP_4319caaaba235c3b605a,CNINFO_ORG_9900010254,INDUSTRY_b90e93f47f56746b9938,2026-08-10,,2026-08-16T13:48:42+00:00,BaoStock query_stock_industry,observation,medium
MEMBERSHIP_0ce29decab26152b0d09,CNINFO_ORG_qsgn0000203,INDUSTRY_963e913f30a1f4833ac7,2026-08-10,,2026-08-16T13:48:42+00:00,BaoStock query_stock_industry,observation,medium
MEMBERSHIP_14f5f89f4598d3298de5,CNINFO_ORG_gshk0002880,INDUSTRY_3553a2b402e33a129417,2026-08-10,,2026-08-16T13:48:42+00:00,BaoStock query_stock_industry,observation,medium
MEMBERSHIP_07f4f682e535cae8370d,CNINFO_ORG_qsgn0000512,INDUSTRY_963e913f30a1f4833ac7,2026-08-10,,2026-08-16T13:48:42+00:00,BaoStock query_stock_industry,observation,medium
MEMBERSHIP_2e13a029465014ffae3c,CNINFO_ORG_9900024758,INDUSTRY_35fe091671cdb8d5f5e0,2026-08-10,,2026-08-16T13:48:42+00:00,BaoStock query_stock_industry,observation,medium
MEMBERSHIP_fda267ea0dd0b2f0450a,CNINFO_ORG_9900021258,INDUSTRY_1395c3d9f1fe1a080e75,2026-08-10,,2026-08-16T13:48:42+00:00,BaoStock query_stock_industry,observation,medium
MEMBERSHIP_8958eb3461de3eee6159,CNINFO_ORG_9900008313,INDUSTRY_91e10380fe1770769bdb,2026-08-10,,2026-08-16T13:48:42+00:00,BaoStock query_stock_industry,observation,medium
MEMBERSHIP_141c0997e399294568c4,CNINFO_ORG_9900016571,INDUSTRY_ad86b4a2a3856ba2d571,2026-08-10,,2026-08-16T13:48:42+00:00,BaoStock query_stock_industry,observation,medium
MEMBERSHIP_781af909a99e3902c6bf,CNINFO_ORG_9900004221,INDUSTRY_bd64f2d1a81c9866dda4,2026-08-10,,2026-08-16T13:48:42+00:00,BaoStock query_stock_industry,observation,medium
MEMBERSHIP_ca1134e4ba041a878078,CNINFO_ORG_9900004143,INDUSTRY_515421a19bebcbe891cf,2026-08-10,,2026-08-16T13:48:42+00:00,BaoStock query_stock_industry,observation,medium
MEMBERSHIP_8c6c0ca783f8ad0a009f,CNINFO_ORG_9900024439,INDUSTRY_979f61913dc6006fe56d,2026-08-10,,2026-08-16T13:48:42+00:00,BaoStock query_stock_industry,observation,medium
MEMBERSHIP_17b879532b857f5d8ede,CNINFO_ORG_9900021222,INDUSTRY_963e913f30a1f4833ac7,2026-08-10,,2026-08-16T13:48:42+00:00,BaoStock query_stock_industry,observation,medium
MEMBERSHIP_04b85cd4193520d46b88,CNINFO_ORG_9900021379,INDUSTRY_b90e93f47f56746b9938,2026-08-10,,2026-08-16T13:48:42+00:00,BaoStock query_stock_industry,observation,medium
MEMBERSHIP_dcffb9cd52c1b208c65f,CNINFO_ORG_9900007207,INDUSTRY_b5ff8607e606f7dd55ba,2026-08-10,,2026-08-16T13:48:42+00:00,BaoStock query_stock_industry,observation,medium
MEMBERSHIP_772a3ecfba3adca1cbbb,CNINFO_ORG_9900003914,INDUSTRY_bd64f2d1a81c9866dda4,2026-08-10,,2026-08-16T13:48:42+00:00,BaoStock query_stock_industry,observation,medium
MEMBERSHIP_686d301065d79641aee5,CNINFO_ORG_9900003201,INDUSTRY_3553a2b402e33a129417,2026-08-10,,2026-08-16T13:48:42+00:00,BaoStock query_stock_industry,observation,medium
MEMBERSHIP_eb72774387fd601fff17,CNINFO_ORG_9900041882,INDUSTRY_979f61913dc6006fe56d,2026-08-10,,2026-08-16T13:48:42+00:00,BaoStock query_stock_industry,observation,medium
MEMBERSHIP_81273bdde80d34fdd2dd,CNINFO_ORG_9900021782,INDUSTRY_979f61913dc6006fe56d,2026-08-10,,2026-08-16T13:48:42+00:00,BaoStock query_stock_industry,observation,medium
MEMBERSHIP_481c09e62d2ac1adb40a,CNINFO_ORG_9900022073,INDUSTRY_a1191d63decae1d34c73,2026-08-10,,2026-08-16T13:48:42+00:00,BaoStock query_stock_industry,observation,medium
MEMBERSHIP_70c62f993236b8ab415e,CNINFO_ORG_9900016367,INDUSTRY_4fb51c32200208ed64a8,2026-08-10,,2026-08-16T13:48:42+00:00,BaoStock query_stock_industry,observation,medium
MEMBERSHIP_b5decf3c751c2c275180,CNINFO_ORG_9900003682,INDUSTRY_b5ff8607e606f7dd55ba,2026-08-10,,2026-08-16T13:48:42+00:00,BaoStock query_stock_industry,observation,medium
MEMBERSHIP_5524726a9fe76a437726,CNINFO_ORG_9900031902,INDUSTRY_979f61913dc6006fe56d,2026-08-10,,2026-08-16T13:48:42+00:00,BaoStock query_stock_industry,observation,medium
MEMBERSHIP_19160dc51a32c6e123f2,CNINFO_ORG_9900030581,INDUSTRY_06f2dd83830b4e6e7446,2026-08-10,,2026-08-16T13:48:42+00:00,BaoStock query_stock_industry,observation,medium
MEMBERSHIP_41d1501da1222015e666,CNINFO_ORG_GD008131,INDUSTRY_35fe091671cdb8d5f5e0,2026-08-10,,2026-08-16T13:48:42+00:00,BaoStock query_stock_industry,observation,medium
MEMBERSHIP_a4b197b9fd22380b0479,CNINFO_ORG_9900004461,INDUSTRY_515421a19bebcbe891cf,2026-08-10,,2026-08-16T13:48:42+00:00,BaoStock query_stock_industry,observation,medium
MEMBERSHIP_12d7478290c02312344b,CNINFO_ORG_9900006641,INDUSTRY_b5ff8607e606f7dd55ba,2026-08-10,,2026-08-16T13:48:42+00:00,BaoStock query_stock_industry,observation,medium
MEMBERSHIP_643b953eb383bc604cb2,CNINFO_ORG_9900022752,INDUSTRY_731992a46c7dd8525c17,2026-08-10,,2026-08-16T13:48:42+00:00,BaoStock query_stock_industry,observation,medium
MEMBERSHIP_b724dc4e15edb9575768,CNINFO_ORG_9900023113,INDUSTRY_b62fae243f391f69617b,2026-08-10,,2026-08-16T13:48:42+00:00,BaoStock query_stock_industry,observation,medium
MEMBERSHIP_ca7618dc558bd48beae1,CNINFO_ORG_9900024535,INDUSTRY_be6d1ff74018fda3a9a4,2026-08-10,,2026-08-16T13:48:42+00:00,BaoStock query_stock_industry,observation,medium
MEMBERSHIP_fe13c9ba263602fd0833,CNINFO_ORG_9900023250,INDUSTRY_7c3681bb5aa78d36021c,2026-08-10,,2026-08-16T13:48:42+00:00,BaoStock query_stock_industry,observation,medium
MEMBERSHIP_bd54afb680effc625467,CNINFO_ORG_gssh0600087,INDUSTRY_3553a2b402e33a129417,2026-08-10,,2026-08-16T13:48:42+00:00,BaoStock query_stock_industry,observation,medium
MEMBERSHIP_4919397fac7235f9fd28,CNINFO_ORG_9900022188,INDUSTRY_f9da9c9738f21980b6d7,2026-08-10,,2026-08-16T13:48:42+00:00,BaoStock query_stock_industry,observation,medium
MEMBERSHIP_15e33ac88a78d7adefe0,CNINFO_ORG_jjxt0000028,INDUSTRY_b5ff8607e606f7dd55ba,2026-08-10,,2026-08-16T13:48:42+00:00,BaoStock query_stock_industry,observation,medium
MEMBERSHIP_e30bd3f108c0b637c111,CNINFO_ORG_qsgn0000240,INDUSTRY_963e913f30a1f4833ac7,2026-08-10,,2026-08-16T13:48:42+00:00,BaoStock query_stock_industry,observation,medium
MEMBERSHIP_ebf64173eebae58895bd,CNINFO_ORG_9900001601,INDUSTRY_f9da9c9738f21980b6d7,2026-08-10,,2026-08-16T13:48:42+00:00,BaoStock query_stock_industry,observation,medium
MEMBERSHIP_db136232d5454d058f7d,CNINFO_ORG_9900006630,INDUSTRY_7063d42ae24daea94a9c,2026-08-10,,2026-08-16T13:48:42+00:00,BaoStock query_stock_industry,observation,medium
MEMBERSHIP_e124d9b571fd439fea9a,CNINFO_ORG_qsgn0000421,INDUSTRY_963e913f30a1f4833ac7,2026-08-10,,2026-08-16T13:48:42+00:00,BaoStock query_stock_industry,observation,medium
MEMBERSHIP_fac552cd22bc25581e06,CNINFO_ORG_9900021478,INDUSTRY_c49db8c55c2b36c315c6,2026-08-10,,2026-08-16T13:48:42+00:00,BaoStock query_stock_industry,observation,medium
MEMBERSHIP_4eeffe300545366b7893,CNINFO_ORG_9900022955,INDUSTRY_b5ff8607e606f7dd55ba,2026-08-10,,2026-08-16T13:48:42+00:00,BaoStock query_stock_industry,observation,medium
MEMBERSHIP_702a03a28956b3370e7b,CNINFO_ORG_9900002721,INDUSTRY_b5ff8607e606f7dd55ba,2026-08-10,,2026-08-16T13:48:42+00:00,BaoStock query_stock_industry,observation,medium
MEMBERSHIP_4469ce15780ff785877b,CNINFO_ORG_9900003948,INDUSTRY_979f61913dc6006fe56d,2026-08-10,,2026-08-16T13:48:42+00:00,BaoStock query_stock_industry,observation,medium
MEMBERSHIP_cd11ad3cdea2f73b4d2e,CNINFO_ORG_9900022477,INDUSTRY_9f7679f9ad900c7a65d2,2026-08-10,,2026-08-16T13:48:42+00:00,BaoStock query_stock_industry,observation,medium
MEMBERSHIP_f19530d363512fb75727,CNINFO_ORG_9900022510,INDUSTRY_3e41c6b832b570c4f5d1,2026-08-10,,2026-08-16T13:48:42+00:00,BaoStock query_stock_industry,observation,medium
MEMBERSHIP_af65d1bf9faafbf53540,CNINFO_ORG_9900022649,INDUSTRY_90d9ee5bdc1ee446fff0,2026-08-10,,2026-08-16T13:48:42+00:00,BaoStock query_stock_industry,observation,medium
MEMBERSHIP_ff92e2a0ff0b806e4216,CNINFO_ORG_9900048374,INDUSTRY_af522b5025b7206d78cb,2026-08-10,,2026-08-16T13:48:42+00:00,BaoStock query_stock_industry,observation,medium
MEMBERSHIP_7fbcd4e9de14a417b789,CNINFO_ORG_9900022989,INDUSTRY_90d9ee5bdc1ee446fff0,2026-08-10,,2026-08-16T13:48:42+00:00,BaoStock query_stock_industry,observation,medium
MEMBERSHIP_1038b2a5ad0f9a2423db,CNINFO_ORG_9900023816,INDUSTRY_e7fb954d2ab5bf5bc733,2026-08-10,,2026-08-16T13:48:42+00:00,BaoStock query_stock_industry,observation,medium
MEMBERSHIP_614324cb62fb7fc768e4,CNINFO_ORG_9900026537,INDUSTRY_17cf2674a1f785e3272e,2026-08-10,,2026-08-16T13:48:42+00:00,BaoStock query_stock_industry,observation,medium
MEMBERSHIP_6d08f48b057d9e07b10d,CNINFO_ORG_9900023007,INDUSTRY_1ed3dfcfe2bd74cd71b3,2026-08-10,,2026-08-16T13:48:42+00:00,BaoStock query_stock_industry,observation,medium
MEMBERSHIP_ddc01f6d9b9bcf36ea94,CNINFO_ORG_9900022982,INDUSTRY_e7fb954d2ab5bf5bc733,2026-08-10,,2026-08-16T13:48:42+00:00,BaoStock query_stock_industry,observation,medium
MEMBERSHIP_f08850cae8f23dce0a81,CNINFO_ORG_9900022964,INDUSTRY_af522b5025b7206d78cb,2026-08-10,,2026-08-16T13:48:42+00:00,BaoStock query_stock_industry,observation,medium
MEMBERSHIP_aceb2076e2eac64ccfbd,CNINFO_ORG_9900023764,INDUSTRY_35fe091671cdb8d5f5e0,2026-08-10,,2026-08-16T13:48:42+00:00,BaoStock query_stock_industry,observation,medium
MEMBERSHIP_b7e1758ddc14ad429e0c,CNINFO_ORG_9900023710,INDUSTRY_3875d79da62b4dff67e8,2026-08-10,,2026-08-16T13:48:42+00:00,BaoStock query_stock_industry,observation,medium
MEMBERSHIP_9e75c9c03200052a378d,CNINFO_ORG_9900023758,INDUSTRY_e7fb954d2ab5bf5bc733,2026-08-10,,2026-08-16T13:48:42+00:00,BaoStock query_stock_industry,observation,medium
MEMBERSHIP_aaa4cc146a735d7123c0,CNINFO_ORG_9900048196,INDUSTRY_3875d79da62b4dff67e8,2026-08-10,,2026-08-16T13:48:42+00:00,BaoStock query_stock_industry,observation,medium
MEMBERSHIP_62f0c61c544756469e3e,CNINFO_ORG_9900023700,INDUSTRY_735889820fa0518be404,2026-08-10,,2026-08-16T13:48:42+00:00,BaoStock query_stock_industry,observation,medium
MEMBERSHIP_b119c29093751473ba51,CNINFO_ORG_9900024938,INDUSTRY_b90e93f47f56746b9938,2026-08-10,,2026-08-16T13:48:42+00:00,BaoStock query_stock_industry,observation,medium
MEMBERSHIP_ef3231e4d3396772570a,CNINFO_ORG_9900023640,INDUSTRY_731992a46c7dd8525c17,2026-08-10,,2026-08-16T13:48:42+00:00,BaoStock query_stock_industry,observation,medium
MEMBERSHIP_a50e67e8ae54d805440f,CNINFO_ORG_9900023176,INDUSTRY_731992a46c7dd8525c17,2026-08-10,,2026-08-16T13:48:42+00:00,BaoStock query_stock_industry,observation,medium
MEMBERSHIP_a031cd48a1f3e77a0650,CNINFO_ORG_9900023134,INDUSTRY_90d9ee5bdc1ee446fff0,2026-08-10,,2026-08-16T13:48:42+00:00,BaoStock query_stock_industry,observation,medium
MEMBERSHIP_7ff0f2521b3d59f86576,CNINFO_ORG_9900023123,INDUSTRY_34765f16a5c28d382e0e,2026-08-10,,2026-08-16T13:48:42+00:00,BaoStock query_stock_industry,observation,medium
MEMBERSHIP_12ff6fa1a57c87a49637,CNINFO_ORG_9900023482,INDUSTRY_7063d42ae24daea94a9c,2026-08-10,,2026-08-16T13:48:42+00:00,BaoStock query_stock_industry,observation,medium
MEMBERSHIP_e3ba592589b7ee3c039f,CNINFO_ORG_9900023675,INDUSTRY_c49db8c55c2b36c315c6,2026-08-10,,2026-08-16T13:48:42+00:00,BaoStock query_stock_industry,observation,medium
MEMBERSHIP_774f260913df6b51162e,CNINFO_ORG_9900023114,INDUSTRY_90d9ee5bdc1ee446fff0,2026-08-10,,2026-08-16T13:48:42+00:00,BaoStock query_stock_industry,observation,medium
MEMBERSHIP_b7cdb571d7b9c052a310,CNINFO_ORG_9900023457,INDUSTRY_90d9ee5bdc1ee446fff0,2026-08-10,,2026-08-16T13:48:42+00:00,BaoStock query_stock_industry,observation,medium
MEMBERSHIP_c0b3ca2371b3d7e27e92,CNINFO_ORG_9900022966,INDUSTRY_af522b5025b7206d78cb,2026-08-10,,2026-08-16T13:48:42+00:00,BaoStock query_stock_industry,observation,medium
MEMBERSHIP_bc72b9ec264bd67cbde1,CNINFO_ORG_9900024904,INDUSTRY_34765f16a5c28d382e0e,2026-08-10,,2026-08-16T13:48:42+00:00,BaoStock query_stock_industry,observation,medium
MEMBERSHIP_00391628986def0b470b,CNINFO_ORG_9900024903,INDUSTRY_be6d1ff74018fda3a9a4,2026-08-10,,2026-08-16T13:48:42+00:00,BaoStock query_stock_industry,observation,medium
MEMBERSHIP_104fcafb31bfe0807510,CNINFO_ORG_9900024504,INDUSTRY_3875d79da62b4dff67e8,2026-08-10,,2026-08-16T13:48:42+00:00,BaoStock query_stock_industry,observation,medium
MEMBERSHIP_bc7ea78fb2767329c737,CNINFO_ORG_9900023461,INDUSTRY_1395c3d9f1fe1a080e75,2026-08-10,,2026-08-16T13:48:42+00:00,BaoStock query_stock_industry,observation,medium
MEMBERSHIP_80b73844ad808686c7f6,CNINFO_ORG_9900024937,INDUSTRY_b90e93f47f56746b9938,2026-08-10,,2026-08-16T13:48:42+00:00,BaoStock query_stock_industry,observation,medium
MEMBERSHIP_77514b7ebcf2f5122a27,CNINFO_ORG_9900030090,INDUSTRY_3875d79da62b4dff67e8,2026-08-10,,2026-08-16T13:48:42+00:00,BaoStock query_stock_industry,observation,medium
MEMBERSHIP_33ed984c0a228bd8435b,CNINFO_ORG_9900026790,INDUSTRY_b62fae243f391f69617b,2026-08-10,,2026-08-16T13:48:42+00:00,BaoStock query_stock_industry,observation,medium
MEMBERSHIP_fb22a353dd7d217b2526,CNINFO_ORG_9900029042,INDUSTRY_e7fb954d2ab5bf5bc733,2026-08-10,,2026-08-16T13:48:42+00:00,BaoStock query_stock_industry,observation,medium
MEMBERSHIP_e985c8921f98300da207,CNINFO_ORG_9900026788,INDUSTRY_3875d79da62b4dff67e8,2026-08-10,,2026-08-16T13:48:42+00:00,BaoStock query_stock_industry,observation,medium
MEMBERSHIP_92204f8b5da966a702d3,CNINFO_ORG_9900029866,INDUSTRY_e7fb954d2ab5bf5bc733,2026-08-10,,2026-08-16T13:48:42+00:00,BaoStock query_stock_industry,observation,medium
MEMBERSHIP_25e6234422b24b4947d9,CNINFO_ORG_9900024798,INDUSTRY_6dac68c9cedde793b110,2026-08-10,,2026-08-16T13:48:42+00:00,BaoStock query_stock_industry,observation,medium
MEMBERSHIP_015aae85f20e40917f77,CNINFO_ORG_9900029865,INDUSTRY_fcb657f75803ca816490,2026-08-10,,2026-08-16T13:48:42+00:00,BaoStock query_stock_industry,observation,medium
MEMBERSHIP_86082caa70f2f9809734,CNINFO_ORG_9900029981,INDUSTRY_e7fb954d2ab5bf5bc733,2026-08-10,,2026-08-16T13:48:42+00:00,BaoStock query_stock_industry,observation,medium
MEMBERSHIP_5efd08382712a19ddff3,CNINFO_ORG_9900030661,INDUSTRY_af522b5025b7206d78cb,2026-08-10,,2026-08-16T13:48:42+00:00,BaoStock query_stock_industry,observation,medium
MEMBERSHIP_75f4326a9ebe51caa95b,CNINFO_ORG_9900031495,INDUSTRY_90d9ee5bdc1ee446fff0,2026-08-10,,2026-08-16T13:48:42+00:00,BaoStock query_stock_industry,observation,medium
MEMBERSHIP_ca5702f69dadf50a73b1,CNINFO_ORG_9900023009,INDUSTRY_34765f16a5c28d382e0e,2026-08-10,,2026-08-16T13:48:42+00:00,BaoStock query_stock_industry,observation,medium
MEMBERSHIP_899066a990140726c678,CNINFO_ORG_9900023670,INDUSTRY_b90e93f47f56746b9938,2026-08-10,,2026-08-16T13:48:42+00:00,BaoStock query_stock_industry,observation,medium
MEMBERSHIP_7d8bd9e8508f5f435137,CNINFO_ORG_9900047835,INDUSTRY_e7fb954d2ab5bf5bc733,2026-08-10,,2026-08-16T13:48:42+00:00,BaoStock query_stock_industry,observation,medium
MEMBERSHIP_40a51d13f8192af62dfa,CNINFO_ORG_9900005872,INDUSTRY_b62fae243f391f69617b,2026-08-10,,2026-08-16T13:48:42+00:00,BaoStock query_stock_industry,observation,medium
MEMBERSHIP_be7206d35740ea873886,CNINFO_ORG_9900023860,INDUSTRY_b90e93f47f56746b9938,2026-08-10,,2026-08-16T13:48:42+00:00,BaoStock query_stock_industry,observation,medium
MEMBERSHIP_aa2e2a15ede302685e24,CNINFO_ORG_9900022812,INDUSTRY_b62fae243f391f69617b,2026-08-10,,2026-08-16T13:48:42+00:00,BaoStock query_stock_industry,observation,medium
MEMBERSHIP_5903d28ab945cf0f9ddb,CNINFO_ORG_9900039839,INDUSTRY_90d9ee5bdc1ee446fff0,2026-08-10,,2026-08-16T13:48:42+00:00,BaoStock query_stock_industry,observation,medium
MEMBERSHIP_9732caef427dec385195,CNINFO_ORG_9900037233,INDUSTRY_2b12590880b654376532,2026-08-10,,2026-08-16T13:48:42+00:00,BaoStock query_stock_industry,observation,medium
MEMBERSHIP_71911dd83aad02884121,CNINFO_ORG_9900024946,INDUSTRY_a971ce8c4913016d33d1,2026-08-10,,2026-08-16T13:48:42+00:00,BaoStock query_stock_industry,observation,medium
MEMBERSHIP_de2d6078b02035a30fc7,CNINFO_ORG_nssc1000798,INDUSTRY_06f2dd83830b4e6e7446,2026-08-10,,2026-08-16T13:48:42+00:00,BaoStock query_stock_industry,observation,medium
MEMBERSHIP_7c54bd5c250a257806bd,CNINFO_ORG_9900030781,INDUSTRY_d4840241b65679c56046,2026-08-10,,2026-08-16T13:48:42+00:00,BaoStock query_stock_industry,observation,medium
MEMBERSHIP_8742a85ea6dd1aaf9066,CNINFO_ORG_9900034525,INDUSTRY_6dac68c9cedde793b110,2026-08-10,,2026-08-16T13:48:42+00:00,BaoStock query_stock_industry,observation,medium
MEMBERSHIP_323403f9f3c023d1465a,CNINFO_ORG_9900026560,INDUSTRY_731992a46c7dd8525c17,2026-08-10,,2026-08-16T13:48:42+00:00,BaoStock query_stock_industry,observation,medium
MEMBERSHIP_4353b2368397c8b344f3,CNINFO_ORG_9900048113,INDUSTRY_3875d79da62b4dff67e8,2026-08-10,,2026-08-16T13:48:42+00:00,BaoStock query_stock_industry,observation,medium
MEMBERSHIP_6bd21e7a18e21d3ddf2e,CNINFO_ORG_9900056874,INDUSTRY_af522b5025b7206d78cb,2026-08-10,,2026-08-16T13:48:42+00:00,BaoStock query_stock_industry,observation,medium
MEMBERSHIP_16d7e8d5e26bc7b02694,CNINFO_ORG_9900031488,INDUSTRY_b90e93f47f56746b9938,2026-08-10,,2026-08-16T13:48:42+00:00,BaoStock query_stock_industry,observation,medium
MEMBERSHIP_495b6c5968d18ddd35aa,CNINFO_ORG_9900051383,INDUSTRY_af522b5025b7206d78cb,2026-08-10,,2026-08-16T13:48:42+00:00,BaoStock query_stock_industry,observation,medium
MEMBERSHIP_5d358f7e5d6b4fa3675c,CNINFO_ORG_9900023471,INDUSTRY_80c8af8374922c2e32d6,2026-08-10,,2026-08-16T13:48:42+00:00,BaoStock query_stock_industry,observation,medium
MEMBERSHIP_0b0da76f507a422815f8,CNINFO_ORG_9900024048,INDUSTRY_af522b5025b7206d78cb,2026-08-10,,2026-08-16T13:48:42+00:00,BaoStock query_stock_industry,observation,medium
MEMBERSHIP_ae8a939ede9b6dc84c7b,CNINFO_ORG_9900036059,INDUSTRY_90d9ee5bdc1ee446fff0,2026-08-10,,2026-08-16T13:48:42+00:00,BaoStock query_stock_industry,observation,medium
MEMBERSHIP_0f30a20538a1be65bcd9,CNINFO_ORG_9900024949,INDUSTRY_78ad5e2bbce7305748bd,2026-08-10,,2026-08-16T13:48:42+00:00,BaoStock query_stock_industry,observation,medium
MEMBERSHIP_0fa9d458764683aa99e4,CNINFO_ORG_nssc1000483,INDUSTRY_b90e93f47f56746b9938,2026-08-10,,2026-08-16T13:48:42+00:00,BaoStock query_stock_industry,observation,medium
MEMBERSHIP_81f36274192809e9a4d0,CNINFO_ORG_9900046526,INDUSTRY_8c865bedc2ef9574d2e5,2026-08-10,,2026-08-16T13:48:42+00:00,BaoStock query_stock_industry,observation,medium
MEMBERSHIP_a46166cc915a302a3053,CNINFO_ORG_9900041650,INDUSTRY_90d9ee5bdc1ee446fff0,2026-08-10,,2026-08-16T13:48:42+00:00,BaoStock query_stock_industry,observation,medium
MEMBERSHIP_2871e11f4171ce290317,CNINFO_ORG_nssc1000544,INDUSTRY_a971ce8c4913016d33d1,2026-08-10,,2026-08-16T13:48:42+00:00,BaoStock query_stock_industry,observation,medium
MEMBERSHIP_bd365c8a04097392a633,CNINFO_ORG_nssc1000638,INDUSTRY_b90e93f47f56746b9938,2026-08-10,,2026-08-16T13:48:42+00:00,BaoStock query_stock_industry,observation,medium
MEMBERSHIP_4fac3b1a1ccc442f07ee,CNINFO_ORG_9900032992,INDUSTRY_3875d79da62b4dff67e8,2026-08-10,,2026-08-16T13:48:42+00:00,BaoStock query_stock_industry,observation,medium
MEMBERSHIP_1a5ad8e4e7e8c20304b7,CNINFO_ORG_9900023244,INDUSTRY_af522b5025b7206d78cb,2026-08-10,,2026-08-16T13:48:42+00:00,BaoStock query_stock_industry,observation,medium
MEMBERSHIP_d6c02d0bbb670dc87253,CNINFO_ORG_9900030584,INDUSTRY_af522b5025b7206d78cb,2026-08-10,,2026-08-16T13:48:42+00:00,BaoStock query_stock_industry,observation,medium
MEMBERSHIP_ebf585d69e7e8871e2b5,CNINFO_ORG_9900031480,INDUSTRY_34765f16a5c28d382e0e,2026-08-10,,2026-08-16T13:48:42+00:00,BaoStock query_stock_industry,observation,medium
MEMBERSHIP_a8a141b28f1d8b280e30,CNINFO_ORG_gfbj0832099,INDUSTRY_2b12590880b654376532,2026-08-10,,2026-08-16T13:48:42+00:00,BaoStock query_stock_industry,observation,medium
MEMBERSHIP_d99249a655e08a124d73,CNINFO_ORG_9900030818,INDUSTRY_3875d79da62b4dff67e8,2026-08-10,,2026-08-16T13:48:42+00:00,BaoStock query_stock_industry,observation,medium
MEMBERSHIP_690f5b4df578ad375b0b,CNINFO_ORG_9900053997,INDUSTRY_35fe091671cdb8d5f5e0,2026-08-10,,2026-08-16T13:48:42+00:00,BaoStock query_stock_industry,observation,medium
MEMBERSHIP_2c43370e0402e874d6d9,CNINFO_ORG_9900033004,INDUSTRY_90d9ee5bdc1ee446fff0,2026-08-10,,2026-08-16T13:48:42+00:00,BaoStock query_stock_industry,observation,medium
MEMBERSHIP_93f156fb4ec78718c6a2,CNINFO_ORG_9900024678,INDUSTRY_e7fb954d2ab5bf5bc733,2026-08-10,,2026-08-16T13:48:42+00:00,BaoStock query_stock_industry,observation,medium
MEMBERSHIP_4834312a050d09cb4250,CNINFO_ORG_9900029747,INDUSTRY_af522b5025b7206d78cb,2026-08-10,,2026-08-16T13:48:42+00:00,BaoStock query_stock_industry,observation,medium
MEMBERSHIP_c4e703b9b685dba91921,CNINFO_ORG_9900026770,INDUSTRY_eb1bb5863556657a5ed0,2026-08-10,,2026-08-16T13:48:42+00:00,BaoStock query_stock_industry,observation,medium
MEMBERSHIP_e9faed2f8b6f35da03a4,CNINFO_ORG_9900023174,INDUSTRY_35fe091671cdb8d5f5e0,2026-08-10,,2026-08-16T13:48:42+00:00,BaoStock query_stock_industry,observation,medium
MEMBERSHIP_bb67f1058dda9d6f7a63,CNINFO_ORG_9900023726,INDUSTRY_e7fb954d2ab5bf5bc733,2026-08-10,,2026-08-16T13:48:42+00:00,BaoStock query_stock_industry,observation,medium
MEMBERSHIP_a308d1486de063982daa,CNINFO_ORG_9900026803,INDUSTRY_35fe091671cdb8d5f5e0,2026-08-10,,2026-08-16T13:48:42+00:00,BaoStock query_stock_industry,observation,medium
MEMBERSHIP_5b8823ba00719359cb26,CNINFO_ORG_9900056873,INDUSTRY_ee7eb75e38ebcde947a9,2026-08-10,,2026-08-16T13:48:42+00:00,BaoStock query_stock_industry,observation,medium
MEMBERSHIP_8107ffa3cae4e32b6e35,CNINFO_ORG_9900062009,INDUSTRY_35fe091671cdb8d5f5e0,2026-08-10,,2026-08-16T13:48:42+00:00,BaoStock query_stock_industry,observation,medium
MEMBERSHIP_15db8ceaa053fc3fa8c5,CNINFO_ORG_9900031483,INDUSTRY_963e913f30a1f4833ac7,2026-08-10,,2026-08-16T13:48:42+00:00,BaoStock query_stock_industry,observation,medium
MEMBERSHIP_adcb2efd4cb833b6a193,CNINFO_ORG_9900039808,INDUSTRY_3875d79da62b4dff67e8,2026-08-10,,2026-08-16T13:48:42+00:00,BaoStock query_stock_industry,observation,medium
MEMBERSHIP_db65e5a4706476910421,CNINFO_ORG_9900030604,INDUSTRY_979f61913dc6006fe56d,2026-08-10,,2026-08-16T13:48:42+00:00,BaoStock query_stock_industry,observation,medium
MEMBERSHIP_95197df71941c640fd2d,CNINFO_ORG_9900048064,INDUSTRY_b90e93f47f56746b9938,2026-08-10,,2026-08-16T13:48:42+00:00,BaoStock query_stock_industry,observation,medium
MEMBERSHIP_0efc447b61b71c240e8a,CNINFO_ORG_9900029044,INDUSTRY_1395c3d9f1fe1a080e75,2026-08-10,,2026-08-16T13:48:42+00:00,BaoStock query_stock_industry,observation,medium
MEMBERSHIP_46228c09fb7cc42d1874,CNINFO_ORG_9900022933,INDUSTRY_1233924bed568c1b168b,2026-08-10,,2026-08-16T13:48:42+00:00,BaoStock query_stock_industry,observation,medium
MEMBERSHIP_3bcd896a977a11db9480,CNINFO_ORG_9900022948,INDUSTRY_735889820fa0518be404,2026-08-10,,2026-08-16T13:48:42+00:00,BaoStock query_stock_industry,observation,medium
MEMBERSHIP_83f7d4d022439f4aa409,CNINFO_ORG_9900026787,INDUSTRY_4fb51c32200208ed64a8,2026-08-10,,2026-08-16T13:48:42+00:00,BaoStock query_stock_industry,observation,medium
MEMBERSHIP_313e5c150999573b21bd,CNINFO_ORG_9900039756,INDUSTRY_34765f16a5c28d382e0e,2026-08-10,,2026-08-16T13:48:42+00:00,BaoStock query_stock_industry,observation,medium
MEMBERSHIP_83901749d7d120b0554e,CNINFO_ORG_9900033195,INDUSTRY_a3b7ae0c6bfa4b2b7bfb,2026-08-10,,2026-08-16T13:48:42+00:00,BaoStock query_stock_industry,observation,medium
MEMBERSHIP_0dd48906dbbed4803c59,CNINFO_ORG_gfbj0833677,INDUSTRY_f9da9c9738f21980b6d7,2026-08-10,,2026-08-16T13:48:42+00:00,BaoStock query_stock_industry,observation,medium
MEMBERSHIP_947aea9ca000fcad45b6,CNINFO_ORG_9900032781,INDUSTRY_90d9ee5bdc1ee446fff0,2026-08-10,,2026-08-16T13:48:42+00:00,BaoStock query_stock_industry,observation,medium
MEMBERSHIP_5cbd9ba2edbd41a21531,CNINFO_ORG_nssc1000420,INDUSTRY_e7fb954d2ab5bf5bc733,2026-08-10,,2026-08-16T13:48:42+00:00,BaoStock query_stock_industry,observation,medium
MEMBERSHIP_74fc26d691f8ef257255,CNINFO_ORG_9900023738,INDUSTRY_8c865bedc2ef9574d2e5,2026-08-10,,2026-08-16T13:48:42+00:00,BaoStock query_stock_industry,observation,medium
MEMBERSHIP_a06c5f168d207f2260a2,CNINFO_ORG_9900034528,INDUSTRY_b90e93f47f56746b9938,2026-08-10,,2026-08-16T13:48:42+00:00,BaoStock query_stock_industry,observation,medium
MEMBERSHIP_082b77e6fa595a29a951,CNINFO_ORG_9900031774,INDUSTRY_af522b5025b7206d78cb,2026-08-10,,2026-08-16T13:48:42+00:00,BaoStock query_stock_industry,observation,medium
MEMBERSHIP_9ed2927f9eca28fc23ab,CNINFO_ORG_9900022961,INDUSTRY_ad86b4a2a3856ba2d571,2026-08-10,,2026-08-16T13:48:42+00:00,BaoStock query_stock_industry,observation,medium
MEMBERSHIP_e890f375281ed75d9e1b,CNINFO_ORG_9900039758,INDUSTRY_be6d1ff74018fda3a9a4,2026-08-10,,2026-08-16T13:48:42+00:00,BaoStock query_stock_industry,observation,medium
MEMBERSHIP_594a3203ed68b293666a,CNINFO_ORG_9900024626,INDUSTRY_af522b5025b7206d78cb,2026-08-10,,2026-08-16T13:48:42+00:00,BaoStock query_stock_industry,observation,medium
MEMBERSHIP_843b70161ef35602df2d,CNINFO_ORG_9900036552,INDUSTRY_90d9ee5bdc1ee446fff0,2026-08-10,,2026-08-16T13:48:42+00:00,BaoStock query_stock_industry,observation,medium
MEMBERSHIP_67d07dc344d6be3ee9d6,CNINFO_ORG_9900023735,INDUSTRY_3e41c6b832b570c4f5d1,2026-08-10,,2026-08-16T13:48:42+00:00,BaoStock query_stock_industry,observation,medium
MEMBERSHIP_55473f6f69b6a6a91ea9,CNINFO_ORG_9900023716,INDUSTRY_3553a2b402e33a129417,2026-08-10,,2026-08-16T13:48:42+00:00,BaoStock query_stock_industry,observation,medium
MEMBERSHIP_03b5a5377be35cf41282,CNINFO_ORG_9900023687,INDUSTRY_90d9ee5bdc1ee446fff0,2026-08-10,,2026-08-16T13:48:42+00:00,BaoStock query_stock_industry,observation,medium
MEMBERSHIP_2df1f763a663bd1b2629,CNINFO_ORG_9900053442,INDUSTRY_7063d42ae24daea94a9c,2026-08-10,,2026-08-16T13:48:42+00:00,BaoStock query_stock_industry,observation,medium
MEMBERSHIP_b66e830127b62552dbb7,CNINFO_ORG_gfbj0837696,INDUSTRY_af522b5025b7206d78cb,2026-08-10,,2026-08-16T13:48:42+00:00,BaoStock query_stock_industry,observation,medium
MEMBERSHIP_57c966951ca00581d265,CNINFO_ORG_9900035554,INDUSTRY_e7fb954d2ab5bf5bc733,2026-08-10,,2026-08-16T13:48:42+00:00,BaoStock query_stock_industry,observation,medium
MEMBERSHIP_806b6c73a989387c65b7,CNINFO_ORG_nssc1000089,INDUSTRY_8c865bedc2ef9574d2e5,2026-08-10,,2026-08-16T13:48:42+00:00,BaoStock query_stock_industry,observation,medium
MEMBERSHIP_5a914484017d851d3d5f,CNINFO_ORG_9900022511,INDUSTRY_4fb51c32200208ed64a8,2026-08-10,,2026-08-16T13:48:42+00:00,BaoStock query_stock_industry,observation,medium
MEMBERSHIP_da3d7524d575a7824492,CNINFO_ORG_9900048190,INDUSTRY_90d9ee5bdc1ee446fff0,2026-08-10,,2026-08-16T13:48:42+00:00,BaoStock query_stock_industry,observation,medium
MEMBERSHIP_86ecc999441e057dc80a,CNINFO_ORG_9900048108,INDUSTRY_af522b5025b7206d78cb,2026-08-10,,2026-08-16T13:48:42+00:00,BaoStock query_stock_industry,observation,medium
MEMBERSHIP_52596c2d38fa0725d864,CNINFO_ORG_9900023209,INDUSTRY_731992a46c7dd8525c17,2026-08-10,,2026-08-16T13:48:42+00:00,BaoStock query_stock_industry,observation,medium
MEMBERSHIP_600564d3c284df04297f,CNINFO_ORG_9900030771,INDUSTRY_f07066d9ed35c8253165,2026-08-10,,2026-08-16T13:48:42+00:00,BaoStock query_stock_industry,observation,medium
MEMBERSHIP_58e1fd2fc0893e5cd3a2,CNINFO_ORG_9900022718,INDUSTRY_05c09799f5cd1d96eaf2,2026-08-10,,2026-08-16T13:48:42+00:00,BaoStock query_stock_industry,observation,medium
MEMBERSHIP_c620bdc7ec6c5c7ebfba,CNINFO_ORG_9900032725,INDUSTRY_ad86b4a2a3856ba2d571,2026-08-10,,2026-08-16T13:48:42+00:00,BaoStock query_stock_industry,observation,medium
MEMBERSHIP_2bc498752d0540cf43e9,CNINFO_ORG_9900048363,INDUSTRY_a971ce8c4913016d33d1,2026-08-10,,2026-08-16T13:48:42+00:00,BaoStock query_stock_industry,observation,medium
MEMBERSHIP_ecdc541633c70dd2d53d,CNINFO_ORG_9900023707,INDUSTRY_35fe091671cdb8d5f5e0,2026-08-10,,2026-08-16T13:48:42+00:00,BaoStock query_stock_industry,observation,medium
MEMBERSHIP_0640f865b724fa3e9209,CNINFO_ORG_9900051476,INDUSTRY_515421a19bebcbe891cf,2026-08-10,,2026-08-16T13:48:42+00:00,BaoStock query_stock_industry,observation,medium
MEMBERSHIP_8e1a2f8499b69decc921,CNINFO_ORG_9900052304,INDUSTRY_3875d79da62b4dff67e8,2026-08-10,,2026-08-16T13:48:42+00:00,BaoStock query_stock_industry,observation,medium
MEMBERSHIP_6e198aaa3b604e25e0d9,CNINFO_ORG_9900032263,INDUSTRY_1233924bed568c1b168b,2026-08-10,,2026-08-16T13:48:42+00:00,BaoStock query_stock_industry,observation,medium
MEMBERSHIP_ce983339eb83dd54cee8,CNINFO_ORG_9900048389,INDUSTRY_1395c3d9f1fe1a080e75,2026-08-10,,2026-08-16T13:48:42+00:00,BaoStock query_stock_industry,observation,medium
MEMBERSHIP_a23ef0041820fcb044e3,CNINFO_ORG_9900030534,INDUSTRY_fcb657f75803ca816490,2026-08-10,,2026-08-16T13:48:42+00:00,BaoStock query_stock_industry,observation,medium
MEMBERSHIP_635ce5e7eaaeb4436526,CNINFO_ORG_9900030778,INDUSTRY_eb1bb5863556657a5ed0,2026-08-10,,2026-08-16T13:48:42+00:00,BaoStock query_stock_industry,observation,medium
MEMBERSHIP_86b56c51dfc99f8a8ea3,CNINFO_ORG_9900035337,INDUSTRY_b90e93f47f56746b9938,2026-08-10,,2026-08-16T13:48:42+00:00,BaoStock query_stock_industry,observation,medium
MEMBERSHIP_f9e733474f24f6248878,CNINFO_ORG_9900052705,INDUSTRY_06f2dd83830b4e6e7446,2026-08-10,,2026-08-16T13:48:42+00:00,BaoStock query_stock_industry,observation,medium
MEMBERSHIP_90af83e490723b75a955,CNINFO_ORG_9900047762,INDUSTRY_731992a46c7dd8525c17,2026-08-10,,2026-08-16T13:48:42+00:00,BaoStock query_stock_industry,observation,medium
MEMBERSHIP_98a9c5fc1f363dfcd8b3,CNINFO_ORG_gfbj0835550,INDUSTRY_af522b5025b7206d78cb,2026-08-10,,2026-08-16T13:48:42+00:00,BaoStock query_stock_industry,observation,medium
MEMBERSHIP_1c2d2885c91a08088f25,CNINFO_ORG_9900023988,INDUSTRY_c8598f31bb2607e3007b,2026-08-10,,2026-08-16T13:48:42+00:00,BaoStock query_stock_industry,observation,medium
MEMBERSHIP_19a3a67249000357440a,CNINFO_ORG_9900023476,INDUSTRY_e7fb954d2ab5bf5bc733,2026-08-10,,2026-08-16T13:48:42+00:00,BaoStock query_stock_industry,observation,medium
MEMBERSHIP_d5a9364b7fa886441b31,CNINFO_ORG_9900026562,INDUSTRY_b62fae243f391f69617b,2026-08-10,,2026-08-16T13:48:42+00:00,BaoStock query_stock_industry,observation,medium
MEMBERSHIP_8c228d825b5479006098,CNINFO_ORG_9900027319,INDUSTRY_90d9ee5bdc1ee446fff0,2026-08-10,,2026-08-16T13:48:42+00:00,BaoStock query_stock_industry,observation,medium
MEMBERSHIP_001519a9a3ebf471b365,CNINFO_ORG_gfbj0831263,INDUSTRY_e7fb954d2ab5bf5bc733,2026-08-10,,2026-08-16T13:48:42+00:00,BaoStock query_stock_industry,observation,medium
MEMBERSHIP_ac459f3329b1a6d06eaa,CNINFO_ORG_gfbj0833362,INDUSTRY_3553a2b402e33a129417,2026-08-10,,2026-08-16T13:48:42+00:00,BaoStock query_stock_industry,observation,medium
MEMBERSHIP_de237b57835454a454e0,CNINFO_ORG_9900052777,INDUSTRY_7f01ad7e3c5948bb7c6b,2026-08-10,,2026-08-16T13:48:42+00:00,BaoStock query_stock_industry,observation,medium
MEMBERSHIP_81726bc142fd415b4d74,CNINFO_ORG_9900030004,INDUSTRY_ee7eb75e38ebcde947a9,2026-08-10,,2026-08-16T13:48:42+00:00,BaoStock query_stock_industry,observation,medium
MEMBERSHIP_af137072f5f42f3f43a2,CNINFO_ORG_9900023112,INDUSTRY_e7fb954d2ab5bf5bc733,2026-08-10,,2026-08-16T13:48:42+00:00,BaoStock query_stock_industry,observation,medium
MEMBERSHIP_d18ac2db9b2dbef76e86,CNINFO_ORG_9900023205,INDUSTRY_3553a2b402e33a129417,2026-08-10,,2026-08-16T13:48:42+00:00,BaoStock query_stock_industry,observation,medium
MEMBERSHIP_b4d22d10d786e0366937,CNINFO_ORG_9900023242,INDUSTRY_eb1bb5863556657a5ed0,2026-08-10,,2026-08-16T13:48:42+00:00,BaoStock query_stock_industry,observation,medium
MEMBERSHIP_19aea659572913f4cd4e,CNINFO_ORG_9900023006,INDUSTRY_3875d79da62b4dff67e8,2026-08-10,,2026-08-16T13:48:42+00:00,BaoStock query_stock_industry,observation,medium
MEMBERSHIP_5c486b2f99338ef30da6,CNINFO_ORG_9900047410,INDUSTRY_34765f16a5c28d382e0e,2026-08-10,,2026-08-16T13:48:42+00:00,BaoStock query_stock_industry,observation,medium
MEMBERSHIP_b0729595f67fb2a7a4a7,CNINFO_ORG_9900041900,INDUSTRY_9f7679f9ad900c7a65d2,2026-08-10,,2026-08-16T13:48:42+00:00,BaoStock query_stock_industry,observation,medium
MEMBERSHIP_d5e1107e56a4b3f7f0d7,CNINFO_ORG_nssc1000266,INDUSTRY_af522b5025b7206d78cb,2026-08-10,,2026-08-16T13:48:42+00:00,BaoStock query_stock_industry,observation,medium
MEMBERSHIP_c9153eb8f3dda10d8511,CNINFO_ORG_nssc1000390,INDUSTRY_35fe091671cdb8d5f5e0,2026-08-10,,2026-08-16T13:48:42+00:00,BaoStock query_stock_industry,observation,medium
MEMBERSHIP_eb6be3df1ebac36054da,CNINFO_ORG_9900060343,INDUSTRY_90d9ee5bdc1ee446fff0,2026-08-10,,2026-08-16T13:48:42+00:00,BaoStock query_stock_industry,observation,medium
MEMBERSHIP_2f2864cac3f7604bcb15,CNINFO_ORG_nssc1000792,INDUSTRY_17cf2674a1f785e3272e,2026-08-10,,2026-08-16T13:48:42+00:00,BaoStock query_stock_industry,observation,medium
MEMBERSHIP_13c290cffd92dcd3f980,CNINFO_ORG_9900029825,INDUSTRY_ee9bbaf36a819df8934d,2026-08-10,,2026-08-16T13:48:42+00:00,BaoStock query_stock_industry,observation,medium
MEMBERSHIP_3d0b1108e64396628e47,CNINFO_ORG_9900030583,INDUSTRY_e7fb954d2ab5bf5bc733,2026-08-10,,2026-08-16T13:48:42+00:00,BaoStock query_stock_industry,observation,medium
MEMBERSHIP_c2c828ba3b4729455320,CNINFO_ORG_9900030577,INDUSTRY_e7fb954d2ab5bf5bc733,2026-08-10,,2026-08-16T13:48:42+00:00,BaoStock query_stock_industry,observation,medium
MEMBERSHIP_3f00e7206d3c92eb7b42,CNINFO_ORG_9900030658,INDUSTRY_1ed3dfcfe2bd74cd71b3,2026-08-10,,2026-08-16T13:48:42+00:00,BaoStock query_stock_industry,observation,medium
MEMBERSHIP_6d8becf84f46efe9a9b2,CNINFO_ORG_9900033001,INDUSTRY_af522b5025b7206d78cb,2026-08-10,,2026-08-16T13:48:42+00:00,BaoStock query_stock_industry,observation,medium
MEMBERSHIP_dfa3a0031b83ac76b018,CNINFO_ORG_gfbj0838891,INDUSTRY_06f2dd83830b4e6e7446,2026-08-10,,2026-08-16T13:48:42+00:00,BaoStock query_stock_industry,observation,medium
MEMBERSHIP_87dec1f1bb61bed3c876,CNINFO_ORG_9900033006,INDUSTRY_731992a46c7dd8525c17,2026-08-10,,2026-08-16T13:48:42+00:00,BaoStock query_stock_industry,observation,medium
MEMBERSHIP_eb909d492b26225b50f5,CNINFO_ORG_9900022495,INDUSTRY_b90e93f47f56746b9938,2026-08-10,,2026-08-16T13:48:42+00:00,BaoStock query_stock_industry,observation,medium
MEMBERSHIP_6e8476dc5834a25e92d6,CNINFO_ORG_9900023472,INDUSTRY_90d9ee5bdc1ee446fff0,2026-08-10,,2026-08-16T13:48:42+00:00,BaoStock query_stock_industry,observation,medium
MEMBERSHIP_46abe7d08470e8bb8fc3,CNINFO_ORG_gfbj0830822,INDUSTRY_35fe091671cdb8d5f5e0,2026-08-10,,2026-08-16T13:48:42+00:00,BaoStock query_stock_industry,observation,medium
MEMBERSHIP_d7008d8a9b1c169fb5d2,CNINFO_ORG_9900029308,INDUSTRY_af522b5025b7206d78cb,2026-08-10,,2026-08-16T13:48:42+00:00,BaoStock query_stock_industry,observation,medium
MEMBERSHIP_7eacfd61c63d5466aa96,CNINFO_ORG_9900026063,INDUSTRY_fcb657f75803ca816490,2026-08-10,,2026-08-16T13:48:42+00:00,BaoStock query_stock_industry,observation,medium
MEMBERSHIP_4b6a83c73caf9bd0d7de,CNINFO_ORG_nssc1000524,INDUSTRY_e7fb954d2ab5bf5bc733,2026-08-10,,2026-08-16T13:48:42+00:00,BaoStock query_stock_industry,observation,medium
MEMBERSHIP_9f9c061197511a2f51e4,CNINFO_ORG_gfbj0832960,INDUSTRY_b90e93f47f56746b9938,2026-08-10,,2026-08-16T13:48:42+00:00,BaoStock query_stock_industry,observation,medium
MEMBERSHIP_bc4466b4dbcb698a9b42,CNINFO_ORG_9900035551,INDUSTRY_af522b5025b7206d78cb,2026-08-10,,2026-08-16T13:48:42+00:00,BaoStock query_stock_industry,observation,medium
MEMBERSHIP_2119826509480236c054,CNINFO_ORG_9900048636,INDUSTRY_af522b5025b7206d78cb,2026-08-10,,2026-08-16T13:48:42+00:00,BaoStock query_stock_industry,observation,medium
MEMBERSHIP_1f0b2b25b56d80d61cfe,CNINFO_ORG_9900056200,INDUSTRY_35fe091671cdb8d5f5e0,2026-08-10,,2026-08-16T13:48:42+00:00,BaoStock query_stock_industry,observation,medium
MEMBERSHIP_6cfcf8dc600a1fb9790d,CNINFO_ORG_9900037723,INDUSTRY_b90e93f47f56746b9938,2026-08-10,,2026-08-16T13:48:42+00:00,BaoStock query_stock_industry,observation,medium
MEMBERSHIP_b553a5572e580e6c6cdb,CNINFO_ORG_9900031491,INDUSTRY_857cc70f4407799bbfbc,2026-08-10,,2026-08-16T13:48:42+00:00,BaoStock query_stock_industry,observation,medium
MEMBERSHIP_df87feb05721c5eee8c3,CNINFO_ORG_9900023976,INDUSTRY_e7fb954d2ab5bf5bc733,2026-08-10,,2026-08-16T13:48:42+00:00,BaoStock query_stock_industry,observation,medium
MEMBERSHIP_ea222a71541918ded298,CNINFO_ORG_9900023736,INDUSTRY_c8598f31bb2607e3007b,2026-08-10,,2026-08-16T13:48:42+00:00,BaoStock query_stock_industry,observation,medium
MEMBERSHIP_8954976731609353d1af,CNINFO_ORG_9900030172,INDUSTRY_1233924bed568c1b168b,2026-08-10,,2026-08-16T13:48:42+00:00,BaoStock query_stock_industry,observation,medium
MEMBERSHIP_27856b2f20b5f1f8af48,CNINFO_ORG_9900030775,INDUSTRY_ee9bbaf36a819df8934d,2026-08-10,,2026-08-16T13:48:42+00:00,BaoStock query_stock_industry,observation,medium
MEMBERSHIP_8c8fade17273278f1855,CNINFO_ORG_9900051404,INDUSTRY_35fe091671cdb8d5f5e0,2026-08-10,,2026-08-16T13:48:42+00:00,BaoStock query_stock_industry,observation,medium
MEMBERSHIP_2a825a50c2c1211e8a7c,CNINFO_ORG_9900059219,INDUSTRY_e7fb954d2ab5bf5bc733,2026-08-10,,2026-08-16T13:48:42+00:00,BaoStock query_stock_industry,observation,medium
MEMBERSHIP_106772423a7475690990,CNINFO_ORG_9900029518,INDUSTRY_3875d79da62b4dff67e8,2026-08-10,,2026-08-16T13:48:42+00:00,BaoStock query_stock_industry,observation,medium
MEMBERSHIP_1b9873235edabb654f69,CNINFO_ORG_9900048063,INDUSTRY_3875d79da62b4dff67e8,2026-08-10,,2026-08-16T13:48:42+00:00,BaoStock query_stock_industry,observation,medium
MEMBERSHIP_58b9ad865b3b59771734,CNINFO_ORG_9900046627,INDUSTRY_fcb657f75803ca816490,2026-08-10,,2026-08-16T13:48:42+00:00,BaoStock query_stock_industry,observation,medium
MEMBERSHIP_ccff1b1fd1759d76c3d1,CNINFO_ORG_9900056294,INDUSTRY_eb1bb5863556657a5ed0,2026-08-10,,2026-08-16T13:48:42+00:00,BaoStock query_stock_industry,observation,medium
MEMBERSHIP_fcf37773e87d7fb6fe91,CNINFO_ORG_9900030087,INDUSTRY_c49db8c55c2b36c315c6,2026-08-10,,2026-08-16T13:48:42+00:00,BaoStock query_stock_industry,observation,medium
MEMBERSHIP_055d39a64090ae7efffb,CNINFO_ORG_9900046958,INDUSTRY_3553a2b402e33a129417,2026-08-10,,2026-08-16T13:48:42+00:00,BaoStock query_stock_industry,observation,medium
MEMBERSHIP_b27aeb8c0f1dba83a990,CNINFO_ORG_9900041926,INDUSTRY_e7fb954d2ab5bf5bc733,2026-08-10,,2026-08-16T13:48:42+00:00,BaoStock query_stock_industry,observation,medium
MEMBERSHIP_848d3021ba4c86149bb1,CNINFO_ORG_9900046957,INDUSTRY_e7fb954d2ab5bf5bc733,2026-08-10,,2026-08-16T13:48:42+00:00,BaoStock query_stock_industry,observation,medium
MEMBERSHIP_4d010a33df98c8c84063,CNINFO_ORG_9900036558,INDUSTRY_b62fae243f391f69617b,2026-08-10,,2026-08-16T13:48:42+00:00,BaoStock query_stock_industry,observation,medium
MEMBERSHIP_2d072150d0396bd6248d,CNINFO_ORG_nssc1000627,INDUSTRY_af522b5025b7206d78cb,2026-08-10,,2026-08-16T13:48:42+00:00,BaoStock query_stock_industry,observation,medium
MEMBERSHIP_c6cf93ce1a50455afa71,CNINFO_ORG_9900023309,INDUSTRY_4fb51c32200208ed64a8,2026-08-10,,2026-08-16T13:48:42+00:00,BaoStock query_stock_industry,observation,medium
MEMBERSHIP_677c2697d21699300056,CNINFO_ORG_nssc1000801,INDUSTRY_b90e93f47f56746b9938,2026-08-10,,2026-08-16T13:48:42+00:00,BaoStock query_stock_industry,observation,medium
MEMBERSHIP_b45caa296c7ebd388233,CNINFO_ORG_nssc1000205,INDUSTRY_c49db8c55c2b36c315c6,2026-08-10,,2026-08-16T13:48:42+00:00,BaoStock query_stock_industry,observation,medium
MEMBERSHIP_a4cdb685eac057604de2,CNINFO_ORG_9900030368,INDUSTRY_af522b5025b7206d78cb,2026-08-10,,2026-08-16T13:48:42+00:00,BaoStock query_stock_industry,observation,medium
MEMBERSHIP_0b3da6f9990c10387d98,CNINFO_ORG_9900029743,INDUSTRY_35fe091671cdb8d5f5e0,2026-08-10,,2026-08-16T13:48:42+00:00,BaoStock query_stock_industry,observation,medium
MEMBERSHIP_7dcd7a13b739b012f36e,CNINFO_ORG_9900041674,INDUSTRY_b90e93f47f56746b9938,2026-08-10,,2026-08-16T13:48:42+00:00,BaoStock query_stock_industry,observation,medium
MEMBERSHIP_90cdc972a7cc2186b0ba,CNINFO_ORG_9900035549,INDUSTRY_fcb657f75803ca816490,2026-08-10,,2026-08-16T13:48:42+00:00,BaoStock query_stock_industry,observation,medium
MEMBERSHIP_da487551f249a6eb5cef,CNINFO_ORG_9900038307,INDUSTRY_b62fae243f391f69617b,2026-08-10,,2026-08-16T13:48:42+00:00,BaoStock query_stock_industry,observation,medium
MEMBERSHIP_f2b2e7a0347d13b73be4,CNINFO_ORG_9900023635,INDUSTRY_3875d79da62b4dff67e8,2026-08-10,,2026-08-16T13:48:42+00:00,BaoStock query_stock_industry,observation,medium
MEMBERSHIP_27628bd5b1ef1cf6675b,CNINFO_ORG_9900024369,INDUSTRY_2b12590880b654376532,2026-08-10,,2026-08-16T13:48:42+00:00,BaoStock query_stock_industry,observation,medium
MEMBERSHIP_38e99b4bda7a839919c0,CNINFO_ORG_9900023641,INDUSTRY_c6634e4fb00885448aae,2026-08-10,,2026-08-16T13:48:42+00:00,BaoStock query_stock_industry,observation,medium
MEMBERSHIP_f9785a55a7d1cc93d6a6,CNINFO_ORG_9900031772,INDUSTRY_c49db8c55c2b36c315c6,2026-08-10,,2026-08-16T13:48:42+00:00,BaoStock query_stock_industry,observation,medium
MEMBERSHIP_f110e8d1dabd977ffe7e,CNINFO_ORG_9900024503,INDUSTRY_af522b5025b7206d78cb,2026-08-10,,2026-08-16T13:48:42+00:00,BaoStock query_stock_industry,observation,medium
MEMBERSHIP_3475fe4203fe4153ce77,CNINFO_ORG_9900029802,INDUSTRY_90d9ee5bdc1ee446fff0,2026-08-10,,2026-08-16T13:48:42+00:00,BaoStock query_stock_industry,observation,medium
MEMBERSHIP_709f44ebe173bd3a14c4,CNINFO_ORG_9900030694,INDUSTRY_eb1bb5863556657a5ed0,2026-08-10,,2026-08-16T13:48:42+00:00,BaoStock query_stock_industry,observation,medium
MEMBERSHIP_af98287c6572f777e0c3,CNINFO_ORG_9900041654,INDUSTRY_979f61913dc6006fe56d,2026-08-10,,2026-08-16T13:48:42+00:00,BaoStock query_stock_industry,observation,medium
MEMBERSHIP_bab12e3efe1a5d495a66,CNINFO_ORG_nssc1000418,INDUSTRY_06f2dd83830b4e6e7446,2026-08-10,,2026-08-16T13:48:42+00:00,BaoStock query_stock_industry,observation,medium
MEMBERSHIP_8ea74bb8ab1b2f7d9813,CNINFO_ORG_9900033857,INDUSTRY_fcb657f75803ca816490,2026-08-10,,2026-08-16T13:48:42+00:00,BaoStock query_stock_industry,observation,medium
MEMBERSHIP_4331741920965e8a01b8,CNINFO_ORG_9900031701,INDUSTRY_4fb51c32200208ed64a8,2026-08-10,,2026-08-16T13:48:42+00:00,BaoStock query_stock_industry,observation,medium
MEMBERSHIP_3b46632246162c9b3c57,CNINFO_ORG_9900048166,INDUSTRY_34765f16a5c28d382e0e,2026-08-10,,2026-08-16T13:48:42+00:00,BaoStock query_stock_industry,observation,medium
MEMBERSHIP_ee65c7b5bfa854635008,CNINFO_ORG_gfbj0836430,INDUSTRY_90d9ee5bdc1ee446fff0,2026-08-10,,2026-08-16T13:48:42+00:00,BaoStock query_stock_industry,observation,medium
MEMBERSHIP_f61dfc7171eebaad5ea0,CNINFO_ORG_9900041915,INDUSTRY_34765f16a5c28d382e0e,2026-08-10,,2026-08-16T13:48:42+00:00,BaoStock query_stock_industry,observation,medium
MEMBERSHIP_027d01802f00f5e9a6dc,CNINFO_ORG_9900030370,INDUSTRY_a971ce8c4913016d33d1,2026-08-10,,2026-08-16T13:48:42+00:00,BaoStock query_stock_industry,observation,medium
MEMBERSHIP_65b2ed0dceff5413a425,CNINFO_ORG_9900029048,INDUSTRY_e7fb954d2ab5bf5bc733,2026-08-10,,2026-08-16T13:48:42+00:00,BaoStock query_stock_industry,observation,medium
MEMBERSHIP_0b6a37930017df24b493,CNINFO_ORG_9900058764,INDUSTRY_35fe091671cdb8d5f5e0,2026-08-10,,2026-08-16T13:48:42+00:00,BaoStock query_stock_industry,observation,medium
MEMBERSHIP_811c1b324d02c0018aac,CNINFO_ORG_9900046841,INDUSTRY_af522b5025b7206d78cb,2026-08-10,,2026-08-16T13:48:42+00:00,BaoStock query_stock_industry,observation,medium
MEMBERSHIP_342e151b1f9b37d21008,CNINFO_ORG_9900035335,INDUSTRY_7063d42ae24daea94a9c,2026-08-10,,2026-08-16T13:48:42+00:00,BaoStock query_stock_industry,observation,medium
MEMBERSHIP_1f18614dcf853459cbab,CNINFO_ORG_9900041620,INDUSTRY_731992a46c7dd8525c17,2026-08-10,,2026-08-16T13:48:42+00:00,BaoStock query_stock_industry,observation,medium
MEMBERSHIP_703d62d2cb854edf48c5,CNINFO_ORG_9900028871,INDUSTRY_9f7679f9ad900c7a65d2,2026-08-10,,2026-08-16T13:48:42+00:00,BaoStock query_stock_industry,observation,medium
MEMBERSHIP_ede116ed2d0546a50134,CNINFO_ORG_9900035584,INDUSTRY_f07066d9ed35c8253165,2026-08-10,,2026-08-16T13:48:42+00:00,BaoStock query_stock_industry,observation,medium
MEMBERSHIP_0a231d32b9554bff581b,CNINFO_ORG_9900031901,INDUSTRY_af522b5025b7206d78cb,2026-08-10,,2026-08-16T13:48:42+00:00,BaoStock query_stock_industry,observation,medium
MEMBERSHIP_1053980c1ed614d88b87,CNINFO_ORG_9900039859,INDUSTRY_ad86b4a2a3856ba2d571,2026-08-10,,2026-08-16T13:48:42+00:00,BaoStock query_stock_industry,observation,medium
MEMBERSHIP_845c87860fb02cc13745,CNINFO_ORG_9900057474,INDUSTRY_34765f16a5c28d382e0e,2026-08-10,,2026-08-16T13:48:42+00:00,BaoStock query_stock_industry,observation,medium
MEMBERSHIP_2b6ac60ed1d23aa1ed5d,CNINFO_ORG_9900026565,INDUSTRY_b62fae243f391f69617b,2026-08-10,,2026-08-16T13:48:42+00:00,BaoStock query_stock_industry,observation,medium
MEMBERSHIP_03629d855d87ea002a8d,CNINFO_ORG_9900035340,INDUSTRY_90d9ee5bdc1ee446fff0,2026-08-10,,2026-08-16T13:48:42+00:00,BaoStock query_stock_industry,observation,medium
MEMBERSHIP_f45e81281a9dbbdcfe95,CNINFO_ORG_9900023730,INDUSTRY_ad86b4a2a3856ba2d571,2026-08-10,,2026-08-16T13:48:42+00:00,BaoStock query_stock_industry,observation,medium
MEMBERSHIP_ca545f38cdd94453de49,CNINFO_ORG_9900030693,INDUSTRY_35fe091671cdb8d5f5e0,2026-08-10,,2026-08-16T13:48:42+00:00,BaoStock query_stock_industry,observation,medium
MEMBERSHIP_910a4946d0c8cdd8f11b,CNINFO_ORG_9900049007,INDUSTRY_35fe091671cdb8d5f5e0,2026-08-10,,2026-08-16T13:48:42+00:00,BaoStock query_stock_industry,observation,medium
MEMBERSHIP_c5160e1a682340214ff0,CNINFO_ORG_9900023650,INDUSTRY_fc163d1647ca522ec4cd,2026-08-10,,2026-08-16T13:48:42+00:00,BaoStock query_stock_industry,observation,medium
MEMBERSHIP_56e2ff36f47e3a890c37,CNINFO_ORG_nssc1000337,INDUSTRY_4b6bcfe2a650f11508e5,2026-08-10,,2026-08-16T13:48:42+00:00,BaoStock query_stock_industry,observation,medium
MEMBERSHIP_b10b506c67a4c8aa5969,CNINFO_ORG_gfbj0837134,INDUSTRY_3875d79da62b4dff67e8,2026-08-10,,2026-08-16T13:48:42+00:00,BaoStock query_stock_industry,observation,medium
MEMBERSHIP_6db3ad9970d3214d57b5,CNINFO_ORG_9900047327,INDUSTRY_735889820fa0518be404,2026-08-10,,2026-08-16T13:48:42+00:00,BaoStock query_stock_industry,observation,medium
MEMBERSHIP_b0134a32b9b75dbb43a3,CNINFO_ORG_9900047855,INDUSTRY_af522b5025b7206d78cb,2026-08-10,,2026-08-16T13:48:42+00:00,BaoStock query_stock_industry,observation,medium
MEMBERSHIP_789108ba20a887e6ee13,CNINFO_ORG_gfbj0832772,INDUSTRY_35fe091671cdb8d5f5e0,2026-08-10,,2026-08-16T13:48:42+00:00,BaoStock query_stock_industry,observation,medium
MEMBERSHIP_ac2df588922e62b572eb,CNINFO_ORG_9900024931,INDUSTRY_be6d1ff74018fda3a9a4,2026-08-10,,2026-08-16T13:48:42+00:00,BaoStock query_stock_industry,observation,medium
MEMBERSHIP_282de1044cb002e6b674,CNINFO_ORG_gfbj0832899,INDUSTRY_35fe091671cdb8d5f5e0,2026-08-10,,2026-08-16T13:48:42+00:00,BaoStock query_stock_industry,observation,medium
MEMBERSHIP_009178fde90b2bdaed3c,CNINFO_ORG_nssc1000815,INDUSTRY_3875d79da62b4dff67e8,2026-08-10,,2026-08-16T13:48:42+00:00,BaoStock query_stock_industry,observation,medium
MEMBERSHIP_89c2a85be86886914cea,CNINFO_ORG_9900052001,INDUSTRY_af522b5025b7206d78cb,2026-08-10,,2026-08-16T13:48:42+00:00,BaoStock query_stock_industry,observation,medium
MEMBERSHIP_9d5780b282cb93103f52,CNINFO_ORG_gfbj0870791,INDUSTRY_3875d79da62b4dff67e8,2026-08-10,,2026-08-16T13:48:42+00:00,BaoStock query_stock_industry,observation,medium
MEMBERSHIP_d28158f7ba0f0b00c4b7,CNINFO_ORG_9900033060,INDUSTRY_3875d79da62b4dff67e8,2026-08-10,,2026-08-16T13:48:42+00:00,BaoStock query_stock_industry,observation,medium
MEMBERSHIP_39eae3a69f1bf68c6ac4,CNINFO_ORG_9900063190,INDUSTRY_ee7eb75e38ebcde947a9,2026-08-10,,2026-08-16T13:48:42+00:00,BaoStock query_stock_industry,observation,medium
MEMBERSHIP_f3dddae066194ca2678b,CNINFO_ORG_9900053438,INDUSTRY_af522b5025b7206d78cb,2026-08-10,,2026-08-16T13:48:42+00:00,BaoStock query_stock_industry,observation,medium
MEMBERSHIP_6bd9df1a4138a5ed9459,CNINFO_ORG_9900031811,INDUSTRY_e7fb954d2ab5bf5bc733,2026-08-10,,2026-08-16T13:48:42+00:00,BaoStock query_stock_industry,observation,medium
MEMBERSHIP_a155d329972fac4bec29,CNINFO_ORG_9900023228,INDUSTRY_34765f16a5c28d382e0e,2026-08-10,,2026-08-16T13:48:42+00:00,BaoStock query_stock_industry,observation,medium
MEMBERSHIP_60552c03a37ff3d8f67c,CNINFO_ORG_9900031734,INDUSTRY_3875d79da62b4dff67e8,2026-08-10,,2026-08-16T13:48:42+00:00,BaoStock query_stock_industry,observation,medium
MEMBERSHIP_c785e53405c898360365,CNINFO_ORG_9900023794,INDUSTRY_90d9ee5bdc1ee446fff0,2026-08-10,,2026-08-16T13:48:42+00:00,BaoStock query_stock_industry,observation,medium
MEMBERSHIP_c3f23dfc5e97e4a79cfc,CNINFO_ORG_9900047645,INDUSTRY_7f6973b5c1a2122e9e27,2026-08-10,,2026-08-16T13:48:42+00:00,BaoStock query_stock_industry,observation,medium
MEMBERSHIP_2a50080ca8d0126e9a4d,CNINFO_ORG_9900063176,INDUSTRY_90d9ee5bdc1ee446fff0,2026-08-10,,2026-08-16T13:48:42+00:00,BaoStock query_stock_industry,observation,medium
MEMBERSHIP_e4a497e53f1eea334ca0,CNINFO_ORG_9900047877,INDUSTRY_90d9ee5bdc1ee446fff0,2026-08-10,,2026-08-16T13:48:42+00:00,BaoStock query_stock_industry,observation,medium
MEMBERSHIP_0661d06de184bea14209,CNINFO_ORG_9900035546,INDUSTRY_735889820fa0518be404,2026-08-10,,2026-08-16T13:48:42+00:00,BaoStock query_stock_industry,observation,medium
MEMBERSHIP_8027e170285f1dcab7a7,CNINFO_ORG_9900029596,INDUSTRY_35fe091671cdb8d5f5e0,2026-08-10,,2026-08-16T13:48:42+00:00,BaoStock query_stock_industry,observation,medium
MEMBERSHIP_a688243303f8e6883699,CNINFO_ORG_9900024627,INDUSTRY_af522b5025b7206d78cb,2026-08-10,,2026-08-16T13:48:42+00:00,BaoStock query_stock_industry,observation,medium
MEMBERSHIP_e75b37316d9ada2dd538,CNINFO_ORG_9900023468,INDUSTRY_35b3bef69b463d0eb123,2026-08-10,,2026-08-16T13:48:42+00:00,BaoStock query_stock_industry,observation,medium
MEMBERSHIP_cb91ad45a31b4b15a7d8,CNINFO_ORG_9900035299,INDUSTRY_eb1bb5863556657a5ed0,2026-08-10,,2026-08-16T13:48:42+00:00,BaoStock query_stock_industry,observation,medium
MEMBERSHIP_f349693fb8cd7a904b8c,CNINFO_ORG_9900029979,INDUSTRY_b90e93f47f56746b9938,2026-08-10,,2026-08-16T13:48:42+00:00,BaoStock query_stock_industry,observation,medium
MEMBERSHIP_67d137048b182e73755b,CNINFO_ORG_9900032571,INDUSTRY_e7fb954d2ab5bf5bc733,2026-08-10,,2026-08-16T13:48:42+00:00,BaoStock query_stock_industry,observation,medium
MEMBERSHIP_acf156454ced67a6d5a0,CNINFO_ORG_9900029307,INDUSTRY_e7fb954d2ab5bf5bc733,2026-08-10,,2026-08-16T13:48:42+00:00,BaoStock query_stock_industry,observation,medium
MEMBERSHIP_04b5d86cb70bda7a21cc,CNINFO_ORG_9900046649,INDUSTRY_a971ce8c4913016d33d1,2026-08-10,,2026-08-16T13:48:42+00:00,BaoStock query_stock_industry,observation,medium
MEMBERSHIP_99d5c740e7df46a21efa,CNINFO_ORG_9900023247,INDUSTRY_35fe091671cdb8d5f5e0,2026-08-10,,2026-08-16T13:48:42+00:00,BaoStock query_stock_industry,observation,medium
MEMBERSHIP_bda9c8095b15c13f937a,CNINFO_ORG_9900023697,INDUSTRY_3875d79da62b4dff67e8,2026-08-10,,2026-08-16T13:48:42+00:00,BaoStock query_stock_industry,observation,medium
MEMBERSHIP_7b7bf230f024d69e915e,CNINFO_ORG_9900053185,INDUSTRY_af522b5025b7206d78cb,2026-08-10,,2026-08-16T13:48:42+00:00,BaoStock query_stock_industry,observation,medium
MEMBERSHIP_8b9ffa3d2bfe0d93e7ab,CNINFO_ORG_9900023522,INDUSTRY_3875d79da62b4dff67e8,2026-08-10,,2026-08-16T13:48:42+00:00,BaoStock query_stock_industry,observation,medium
MEMBERSHIP_250aed5707e3731450ea,CNINFO_ORG_9900057483,INDUSTRY_b90e93f47f56746b9938,2026-08-10,,2026-08-16T13:48:42+00:00,BaoStock query_stock_industry,observation,medium
MEMBERSHIP_d52fa35cf8b15bef9243,CNINFO_ORG_9900027665,INDUSTRY_1ed3dfcfe2bd74cd71b3,2026-08-10,,2026-08-16T13:48:42+00:00,BaoStock query_stock_industry,observation,medium
MEMBERSHIP_c64efe329f12dc47f609,CNINFO_ORG_9900023761,INDUSTRY_ee9bbaf36a819df8934d,2026-08-10,,2026-08-16T13:48:42+00:00,BaoStock query_stock_industry,observation,medium
MEMBERSHIP_6b420b9141211fb92376,CNINFO_ORG_9900030890,INDUSTRY_17cf2674a1f785e3272e,2026-08-10,,2026-08-16T13:48:42+00:00,BaoStock query_stock_industry,observation,medium
MEMBERSHIP_3c97613b572bf39e29d5,CNINFO_ORG_9900023519,INDUSTRY_34765f16a5c28d382e0e,2026-08-10,,2026-08-16T13:48:42+00:00,BaoStock query_stock_industry,observation,medium
MEMBERSHIP_faddd82d41b292ab9f14,CNINFO_ORG_9900023720,INDUSTRY_2b12590880b654376532,2026-08-10,,2026-08-16T13:48:42+00:00,BaoStock query_stock_industry,observation,medium
MEMBERSHIP_fcdfa15b17bfd403a032,CNINFO_ORG_9900028874,INDUSTRY_e7fb954d2ab5bf5bc733,2026-08-10,,2026-08-16T13:48:42+00:00,BaoStock query_stock_industry,observation,medium
MEMBERSHIP_1c112c630c2e07eb506d,CNINFO_ORG_9900023759,INDUSTRY_35fe091671cdb8d5f5e0,2026-08-10,,2026-08-16T13:48:42+00:00,BaoStock query_stock_industry,observation,medium
MEMBERSHIP_a47db26daf1167de7690,CNINFO_ORG_9900032995,INDUSTRY_35fe091671cdb8d5f5e0,2026-08-10,,2026-08-16T13:48:42+00:00,BaoStock query_stock_industry,observation,medium
MEMBERSHIP_ee8f4acfac5e3828565f,CNINFO_ORG_9900024954,INDUSTRY_fcb657f75803ca816490,2026-08-10,,2026-08-16T13:48:42+00:00,BaoStock query_stock_industry,observation,medium
MEMBERSHIP_103a69fc3426738c7e8e,CNINFO_ORG_9900022945,INDUSTRY_b5ff8607e606f7dd55ba,2026-08-10,,2026-08-16T13:48:42+00:00,BaoStock query_stock_industry,observation,medium
MEMBERSHIP_f9fed541ce1cbda1abf0,CNINFO_ORG_9900041728,INDUSTRY_3875d79da62b4dff67e8,2026-08-10,,2026-08-16T13:48:42+00:00,BaoStock query_stock_industry,observation,medium
MEMBERSHIP_fa12ad74cde9830472c0,CNINFO_ORG_9900048087,INDUSTRY_35fe091671cdb8d5f5e0,2026-08-10,,2026-08-16T13:48:42+00:00,BaoStock query_stock_industry,observation,medium
MEMBERSHIP_841b97cfd217780564d6,CNINFO_ORG_9900031905,INDUSTRY_1ed3dfcfe2bd74cd71b3,2026-08-10,,2026-08-16T13:48:42+00:00,BaoStock query_stock_industry,observation,medium
MEMBERSHIP_247e830df8905b984a45,CNINFO_ORG_fzqy1026752,INDUSTRY_90d9ee5bdc1ee446fff0,2026-08-10,,2026-08-16T13:48:42+00:00,BaoStock query_stock_industry,observation,medium
MEMBERSHIP_40156876896e66f86278,CNINFO_ORG_9900023118,INDUSTRY_90d9ee5bdc1ee446fff0,2026-08-10,,2026-08-16T13:48:42+00:00,BaoStock query_stock_industry,observation,medium
MEMBERSHIP_4c5a7899d58ab15bc7b8,CNINFO_ORG_9900031812,INDUSTRY_91e10380fe1770769bdb,2026-08-10,,2026-08-16T13:48:42+00:00,BaoStock query_stock_industry,observation,medium
MEMBERSHIP_81874d24dcd7b72ba632,CNINFO_ORG_9900030398,INDUSTRY_b62fae243f391f69617b,2026-08-10,,2026-08-16T13:48:42+00:00,BaoStock query_stock_industry,observation,medium
MEMBERSHIP_9898d899db8e733af006,CNINFO_ORG_9900030898,INDUSTRY_35fe091671cdb8d5f5e0,2026-08-10,,2026-08-16T13:48:42+00:00,BaoStock query_stock_industry,observation,medium
MEMBERSHIP_ecc910c4de9a31aef7a3,CNINFO_ORG_9900023657,INDUSTRY_c6634e4fb00885448aae,2026-08-10,,2026-08-16T13:48:42+00:00,BaoStock query_stock_industry,observation,medium
MEMBERSHIP_968094097f4f19f9ca1c,CNINFO_ORG_9900022575,INDUSTRY_b90e93f47f56746b9938,2026-08-10,,2026-08-16T13:48:42+00:00,BaoStock query_stock_industry,observation,medium
MEMBERSHIP_9097c8727b5ffd313c8b,CNINFO_ORG_9900059043,INDUSTRY_2c3b8b7969b736730fe1,2026-08-10,,2026-08-16T13:48:42+00:00,BaoStock query_stock_industry,observation,medium
MEMBERSHIP_dee0aef8aa88b13236ed,CNINFO_ORG_9900030897,INDUSTRY_e7fb954d2ab5bf5bc733,2026-08-10,,2026-08-16T13:48:42+00:00,BaoStock query_stock_industry,observation,medium
MEMBERSHIP_80547e0f1383d817b93c,CNINFO_ORG_9900023771,INDUSTRY_06f2dd83830b4e6e7446,2026-08-10,,2026-08-16T13:48:42+00:00,BaoStock query_stock_industry,observation,medium
MEMBERSHIP_0788c701761c68038ccb,CNINFO_ORG_9900030371,INDUSTRY_3875d79da62b4dff67e8,2026-08-10,,2026-08-16T13:48:42+00:00,BaoStock query_stock_industry,observation,medium
MEMBERSHIP_feec69ce3264ae09d63d,CNINFO_ORG_9900023741,INDUSTRY_3875d79da62b4dff67e8,2026-08-10,,2026-08-16T13:48:42+00:00,BaoStock query_stock_industry,observation,medium
MEMBERSHIP_072d9403bdf022b6f3d9,CNINFO_ORG_9900024935,INDUSTRY_be6d1ff74018fda3a9a4,2026-08-10,,2026-08-16T13:48:42+00:00,BaoStock query_stock_industry,observation,medium
MEMBERSHIP_be5f6b4bde22a29714bf,CNINFO_ORG_9900031780,INDUSTRY_90d9ee5bdc1ee446fff0,2026-08-10,,2026-08-16T13:48:42+00:00,BaoStock query_stock_industry,observation,medium
MEMBERSHIP_85c9cb77e502724a0c11,CNINFO_ORG_9900056295,INDUSTRY_b90e93f47f56746b9938,2026-08-10,,2026-08-16T13:48:42+00:00,BaoStock query_stock_industry,observation,medium
MEMBERSHIP_f099665364b0d0fe7db6,CNINFO_ORG_9900028960,INDUSTRY_06f2dd83830b4e6e7446,2026-08-10,,2026-08-16T13:48:42+00:00,BaoStock query_stock_industry,observation,medium
MEMBERSHIP_497a856897fcf7a91f01,CNINFO_ORG_gfbj0832154,INDUSTRY_e7fb954d2ab5bf5bc733,2026-08-10,,2026-08-16T13:48:42+00:00,BaoStock query_stock_industry,observation,medium
MEMBERSHIP_9c2db6d703202eb17a15,CNINFO_ORG_gfbj0839807,INDUSTRY_b90e93f47f56746b9938,2026-08-10,,2026-08-16T13:48:42+00:00,BaoStock query_stock_industry,observation,medium
MEMBERSHIP_ab51d9124aa161da6c4f,CNINFO_ORG_9900036282,INDUSTRY_cfd4139bf05e5a91c076,2026-08-10,,2026-08-16T13:48:42+00:00,BaoStock query_stock_industry,observation,medium
MEMBERSHIP_c539d8a56db244808184,CNINFO_ORG_9900063089,INDUSTRY_e7fb954d2ab5bf5bc733,2026-08-10,,2026-08-16T13:48:42+00:00,BaoStock query_stock_industry,observation,medium
MEMBERSHIP_45709c6106bec2ee9716,CNINFO_ORG_9900035533,INDUSTRY_4fb51c32200208ed64a8,2026-08-10,,2026-08-16T13:48:42+00:00,BaoStock query_stock_industry,observation,medium
MEMBERSHIP_736508d7141ead9bb3a2,CNINFO_ORG_9900023608,INDUSTRY_b90e93f47f56746b9938,2026-08-10,,2026-08-16T13:48:42+00:00,BaoStock query_stock_industry,observation,medium
MEMBERSHIP_d7fdd8d072c49f6c3ed9,CNINFO_ORG_9900034349,INDUSTRY_35fe091671cdb8d5f5e0,2026-08-10,,2026-08-16T13:48:42+00:00,BaoStock query_stock_industry,observation,medium
MEMBERSHIP_9793715ee873c36d2baf,CNINFO_ORG_9900031485,INDUSTRY_731992a46c7dd8525c17,2026-08-10,,2026-08-16T13:48:42+00:00,BaoStock query_stock_industry,observation,medium
MEMBERSHIP_f25b0f24d3c9a557ac3c,CNINFO_ORG_9900029980,INDUSTRY_e7fb954d2ab5bf5bc733,2026-08-10,,2026-08-16T13:48:42+00:00,BaoStock query_stock_industry,observation,medium
MEMBERSHIP_16fcb8e76cd03a8af13a,CNINFO_ORG_9900023958,INDUSTRY_17cf2674a1f785e3272e,2026-08-10,,2026-08-16T13:48:42+00:00,BaoStock query_stock_industry,observation,medium
MEMBERSHIP_4751767fdf999d7dea56,CNINFO_ORG_9900030005,INDUSTRY_af522b5025b7206d78cb,2026-08-10,,2026-08-16T13:48:42+00:00,BaoStock query_stock_industry,observation,medium
MEMBERSHIP_704bdc3cabe5f4ca014e,CNINFO_ORG_9900033003,INDUSTRY_06f2dd83830b4e6e7446,2026-08-10,,2026-08-16T13:48:42+00:00,BaoStock query_stock_industry,observation,medium
MEMBERSHIP_956d501cab3faac79c05,CNINFO_ORG_9900026420,INDUSTRY_a971ce8c4913016d33d1,2026-08-10,,2026-08-16T13:48:42+00:00,BaoStock query_stock_industry,observation,medium
MEMBERSHIP_05ca577db83367c2d61f,CNINFO_ORG_9900022648,INDUSTRY_b90e93f47f56746b9938,2026-08-10,,2026-08-16T13:48:42+00:00,BaoStock query_stock_industry,observation,medium
MEMBERSHIP_367751d523e833622805,CNINFO_ORG_9900024437,INDUSTRY_eb1bb5863556657a5ed0,2026-08-10,,2026-08-16T13:48:42+00:00,BaoStock query_stock_industry,observation,medium
MEMBERSHIP_a9b5f28ed31720dadffa,CNINFO_ORG_9900022939,INDUSTRY_8c865bedc2ef9574d2e5,2026-08-10,,2026-08-16T13:48:42+00:00,BaoStock query_stock_industry,observation,medium
MEMBERSHIP_660f0c9c5d1d17810be3,CNINFO_ORG_9900023168,INDUSTRY_c8598f31bb2607e3007b,2026-08-10,,2026-08-16T13:48:42+00:00,BaoStock query_stock_industry,observation,medium
MEMBERSHIP_5b12dc74647033c1027d,CNINFO_ORG_gfbj0871300,INDUSTRY_b90e93f47f56746b9938,2026-08-10,,2026-08-16T13:48:42+00:00,BaoStock query_stock_industry,observation,medium
MEMBERSHIP_d0af033ba4026366af37,CNINFO_ORG_9900052523,INDUSTRY_91e10380fe1770769bdb,2026-08-10,,2026-08-16T13:48:42+00:00,BaoStock query_stock_industry,observation,medium
MEMBERSHIP_65dd5361a520b184035d,CNINFO_ORG_9900051392,INDUSTRY_90d9ee5bdc1ee446fff0,2026-08-10,,2026-08-16T13:48:42+00:00,BaoStock query_stock_industry,observation,medium
MEMBERSHIP_c2f855e320c8aa38cfe7,CNINFO_ORG_9900057471,INDUSTRY_e7fb954d2ab5bf5bc733,2026-08-10,,2026-08-16T13:48:42+00:00,BaoStock query_stock_industry,observation,medium
MEMBERSHIP_3add9ca4254371003080,CNINFO_ORG_9900023616,INDUSTRY_c8bacf718e8395c6b293,2026-08-10,,2026-08-16T13:48:42+00:00,BaoStock query_stock_industry,observation,medium
MEMBERSHIP_0868471ac927fb5a14a5,CNINFO_ORG_9900030399,INDUSTRY_af522b5025b7206d78cb,2026-08-10,,2026-08-16T13:48:42+00:00,BaoStock query_stock_industry,observation,medium
MEMBERSHIP_124e13b001e230e37f84,CNINFO_ORG_GD061916,INDUSTRY_af522b5025b7206d78cb,2026-08-10,,2026-08-16T13:48:42+00:00,BaoStock query_stock_industry,observation,medium
MEMBERSHIP_db57bb708844511d1f32,CNINFO_ORG_9900032569,INDUSTRY_90d9ee5bdc1ee446fff0,2026-08-10,,2026-08-16T13:48:42+00:00,BaoStock query_stock_industry,observation,medium
MEMBERSHIP_ee80a959c26c43633f75,CNINFO_ORG_9900058333,INDUSTRY_b90e93f47f56746b9938,2026-08-10,,2026-08-16T13:48:42+00:00,BaoStock query_stock_industry,observation,medium
MEMBERSHIP_903d1d38883244c4760b,CNINFO_ORG_9900059222,INDUSTRY_af522b5025b7206d78cb,2026-08-10,,2026-08-16T13:48:42+00:00,BaoStock query_stock_industry,observation,medium
MEMBERSHIP_9627853d77945019dee9,CNINFO_ORG_9900023072,INDUSTRY_fcb657f75803ca816490,2026-08-10,,2026-08-16T13:48:42+00:00,BaoStock query_stock_industry,observation,medium
MEMBERSHIP_24916e6a1ee9ad3f7285,CNINFO_ORG_9900030578,INDUSTRY_7063d42ae24daea94a9c,2026-08-10,,2026-08-16T13:48:42+00:00,BaoStock query_stock_industry,observation,medium
MEMBERSHIP_36ddde3f0d88684506f7,CNINFO_ORG_9900033000,INDUSTRY_90d9ee5bdc1ee446fff0,2026-08-10,,2026-08-16T13:48:42+00:00,BaoStock query_stock_industry,observation,medium
MEMBERSHIP_8bbdc4d1df2fc338d9ad,CNINFO_ORG_9900031490,INDUSTRY_eb1bb5863556657a5ed0,2026-08-10,,2026-08-16T13:48:42+00:00,BaoStock query_stock_industry,observation,medium
MEMBERSHIP_1f66fb08acff28a2b38e,CNINFO_ORG_9900026793,INDUSTRY_1ed3dfcfe2bd74cd71b3,2026-08-10,,2026-08-16T13:48:42+00:00,BaoStock query_stock_industry,observation,medium
MEMBERSHIP_6f2f941ab93f2d6078f8,CNINFO_ORG_gfbj0870399,INDUSTRY_90d9ee5bdc1ee446fff0,2026-08-10,,2026-08-16T13:48:42+00:00,BaoStock query_stock_industry,observation,medium
MEMBERSHIP_395704770d217bdf03d0,CNINFO_ORG_9900056301,INDUSTRY_35fe091671cdb8d5f5e0,2026-08-10,,2026-08-16T13:48:42+00:00,BaoStock query_stock_industry,observation,medium
MEMBERSHIP_856513b81e098d2cea09,CNINFO_ORG_9900033181,INDUSTRY_eb1bb5863556657a5ed0,2026-08-10,,2026-08-16T13:48:42+00:00,BaoStock query_stock_industry,observation,medium
MEMBERSHIP_d143da673c2d34e14777,CNINFO_ORG_9900030440,INDUSTRY_2b12590880b654376532,2026-08-10,,2026-08-16T13:48:42+00:00,BaoStock query_stock_industry,observation,medium
MEMBERSHIP_1479c719e11b39fe6f3e,CNINFO_ORG_9900054184,INDUSTRY_af522b5025b7206d78cb,2026-08-10,,2026-08-16T13:48:42+00:00,BaoStock query_stock_industry,observation,medium
MEMBERSHIP_7cb00aed43d492533009,CNINFO_ORG_9900030574,INDUSTRY_3875d79da62b4dff67e8,2026-08-10,,2026-08-16T13:48:42+00:00,BaoStock query_stock_industry,observation,medium
MEMBERSHIP_55ec6c0724df3d23b400,CNINFO_ORG_9900024444,INDUSTRY_b90e93f47f56746b9938,2026-08-10,,2026-08-16T13:48:42+00:00,BaoStock query_stock_industry,observation,medium
MEMBERSHIP_ac557cec5d710805c35b,CNINFO_ORG_9900023227,INDUSTRY_fc163d1647ca522ec4cd,2026-08-10,,2026-08-16T13:48:42+00:00,BaoStock query_stock_industry,observation,medium
MEMBERSHIP_521c5c0de4c5d202899c,CNINFO_ORG_nssc1000461,INDUSTRY_35fe091671cdb8d5f5e0,2026-08-10,,2026-08-16T13:48:42+00:00,BaoStock query_stock_industry,observation,medium
MEMBERSHIP_e31569819bf2625692d1,CNINFO_ORG_gfbj0870432,INDUSTRY_65242cf4a739f88728f5,2026-08-10,,2026-08-16T13:48:42+00:00,BaoStock query_stock_industry,observation,medium
MEMBERSHIP_0089d7f1765cb6c4eea3,CNINFO_ORG_9900059053,INDUSTRY_c6634e4fb00885448aae,2026-08-10,,2026-08-16T13:48:42+00:00,BaoStock query_stock_industry,observation,medium
MEMBERSHIP_d0d1a6b9ef8265a195c5,CNINFO_ORG_9900062968,INDUSTRY_af522b5025b7206d78cb,2026-08-10,,2026-08-16T13:48:42+00:00,BaoStock query_stock_industry,observation,medium
MEMBERSHIP_46c772cbff2fc203b699,CNINFO_ORG_9900039735,INDUSTRY_b62fae243f391f69617b,2026-08-10,,2026-08-16T13:48:42+00:00,BaoStock query_stock_industry,observation,medium
MEMBERSHIP_43081a600a19f5f82c5d,CNINFO_ORG_gfbj0831204,INDUSTRY_e7fb954d2ab5bf5bc733,2026-08-10,,2026-08-16T13:48:42+00:00,BaoStock query_stock_industry,observation,medium
MEMBERSHIP_83116b17fac87bd0a33d,CNINFO_ORG_9900029045,INDUSTRY_735889820fa0518be404,2026-08-10,,2026-08-16T13:48:42+00:00,BaoStock query_stock_industry,observation,medium
MEMBERSHIP_b40022761f347479f91a,CNINFO_ORG_9900046966,INDUSTRY_e7fb954d2ab5bf5bc733,2026-08-10,,2026-08-16T13:48:42+00:00,BaoStock query_stock_industry,observation,medium
MEMBERSHIP_bb454ce26d81632ce0a0,CNINFO_ORG_9900026642,INDUSTRY_735889820fa0518be404,2026-08-10,,2026-08-16T13:48:42+00:00,BaoStock query_stock_industry,observation,medium
MEMBERSHIP_ea681001df4fa9bfd01b,CNINFO_ORG_9900033051,INDUSTRY_d4840241b65679c56046,2026-08-10,,2026-08-16T13:48:42+00:00,BaoStock query_stock_industry,observation,medium
MEMBERSHIP_f3c8168b2e71b94318ff,CNINFO_ORG_9900063567,INDUSTRY_90d9ee5bdc1ee446fff0,2026-08-10,,2026-08-16T13:48:42+00:00,BaoStock query_stock_industry,observation,medium
MEMBERSHIP_84b7ed7099cab6643e81,CNINFO_ORG_gfbj0832708,INDUSTRY_eb1bb5863556657a5ed0,2026-08-10,,2026-08-16T13:48:42+00:00,BaoStock query_stock_industry,observation,medium
MEMBERSHIP_f75b189b0d56b7ffb98e,CNINFO_ORG_9900028872,INDUSTRY_9f7679f9ad900c7a65d2,2026-08-10,,2026-08-16T13:48:42+00:00,BaoStock query_stock_industry,observation,medium
MEMBERSHIP_52c26a24535999d7ac44,CNINFO_ORG_9900022935,INDUSTRY_eb1bb5863556657a5ed0,2026-08-10,,2026-08-16T13:48:42+00:00,BaoStock query_stock_industry,observation,medium
MEMBERSHIP_44408561681ce19b290b,CNINFO_ORG_9900031907,INDUSTRY_731992a46c7dd8525c17,2026-08-10,,2026-08-16T13:48:42+00:00,BaoStock query_stock_industry,observation,medium
MEMBERSHIP_5ff88db3afa910e1d9f5,CNINFO_ORG_9900063205,INDUSTRY_90d9ee5bdc1ee446fff0,2026-08-10,,2026-08-16T13:48:42+00:00,BaoStock query_stock_industry,observation,medium
MEMBERSHIP_ddb5230a24f1057d0ccb,CNINFO_ORG_9900033216,INDUSTRY_65242cf4a739f88728f5,2026-08-10,,2026-08-16T13:48:42+00:00,BaoStock query_stock_industry,observation,medium
MEMBERSHIP_ecce3b9c6acac185de14,CNINFO_ORG_9900063687,INDUSTRY_ad86b4a2a3856ba2d571,2026-08-10,,2026-08-16T13:48:42+00:00,BaoStock query_stock_industry,observation,medium
MEMBERSHIP_b17af92dbb52bfbd600c,CNINFO_ORG_9900035087,INDUSTRY_9b846d32ce44d8ac60c7,2026-08-10,,2026-08-16T13:48:42+00:00,BaoStock query_stock_industry,observation,medium
MEMBERSHIP_30fd7f82e0e81fcf4ece,CNINFO_ORG_GD134549,INDUSTRY_90d9ee5bdc1ee446fff0,2026-08-10,,2026-08-16T13:48:42+00:00,BaoStock query_stock_industry,observation,medium
MEMBERSHIP_0d64d73eea7108242807,CNINFO_ORG_9900030895,INDUSTRY_35fe091671cdb8d5f5e0,2026-08-10,,2026-08-16T13:48:42+00:00,BaoStock query_stock_industry,observation,medium
MEMBERSHIP_9ca66e71bf89d703af51,CNINFO_ORG_9900037309,INDUSTRY_b90e93f47f56746b9938,2026-08-10,,2026-08-16T13:48:42+00:00,BaoStock query_stock_industry,observation,medium
MEMBERSHIP_9a48c99fac95ed3a5b6e,CNINFO_ORG_9900030822,INDUSTRY_90d9ee5bdc1ee446fff0,2026-08-10,,2026-08-16T13:48:42+00:00,BaoStock query_stock_industry,observation,medium
MEMBERSHIP_63db715ca5727382c5f0,CNINFO_ORG_9900032988,INDUSTRY_d4840241b65679c56046,2026-08-10,,2026-08-16T13:48:42+00:00,BaoStock query_stock_industry,observation,medium
MEMBERSHIP_1aa8ffc5820fefd88a98,CNINFO_ORG_9900032885,INDUSTRY_ad86b4a2a3856ba2d571,2026-08-10,,2026-08-16T13:48:42+00:00,BaoStock query_stock_industry,observation,medium
MEMBERSHIP_75a35013850b13c88a11,CNINFO_ORG_9900030772,INDUSTRY_90d9ee5bdc1ee446fff0,2026-08-10,,2026-08-16T13:48:42+00:00,BaoStock query_stock_industry,observation,medium
MEMBERSHIP_0f6c42cf815d6e2f8d69,CNINFO_ORG_9900029041,INDUSTRY_8fab289e14a3787baa9b,2026-08-10,,2026-08-16T13:48:42+00:00,BaoStock query_stock_industry,observation,medium
MEMBERSHIP_2868f4ee680771e63aef,CNINFO_ORG_9900033208,INDUSTRY_465aebe5f53921515851,2026-08-10,,2026-08-16T13:48:42+00:00,BaoStock query_stock_industry,observation,medium
MEMBERSHIP_d45f009764e147c334ad,CNINFO_ORG_9900033205,INDUSTRY_b90e93f47f56746b9938,2026-08-10,,2026-08-16T13:48:42+00:00,BaoStock query_stock_industry,observation,medium
MEMBERSHIP_3f7889ec1a3d2d99f92f,CNINFO_ORG_9900024628,INDUSTRY_ad86b4a2a3856ba2d571,2026-08-10,,2026-08-16T13:48:42+00:00,BaoStock query_stock_industry,observation,medium
MEMBERSHIP_5a5175241a5e14afbbfb,CNINFO_ORG_GD183129,INDUSTRY_857cc70f4407799bbfbc,2026-08-10,,2026-08-16T13:48:42+00:00,BaoStock query_stock_industry,observation,medium
MEMBERSHIP_91b88dd628403f5d13ca,CNINFO_ORG_9900026533,INDUSTRY_b90e93f47f56746b9938,2026-08-10,,2026-08-16T13:48:42+00:00,BaoStock query_stock_industry,observation,medium
MEMBERSHIP_5ad470c9e6e4db330ce8,CNINFO_ORG_gfbj0834801,INDUSTRY_90d9ee5bdc1ee446fff0,2026-08-10,,2026-08-16T13:48:42+00:00,BaoStock query_stock_industry,observation,medium
MEMBERSHIP_9dcf7771d2549ad5aa47,CNINFO_ORG_9900029519,INDUSTRY_06f2dd83830b4e6e7446,2026-08-10,,2026-08-16T13:48:42+00:00,BaoStock query_stock_industry,observation,medium
MEMBERSHIP_11f64a6ea6cd79b1cdc7,CNINFO_ORG_9900023765,INDUSTRY_857cc70f4407799bbfbc,2026-08-10,,2026-08-16T13:48:42+00:00,BaoStock query_stock_industry,observation,medium
MEMBERSHIP_e66d250e9b1646a221d5,CNINFO_ORG_9900023752,INDUSTRY_b90e93f47f56746b9938,2026-08-10,,2026-08-16T13:48:42+00:00,BaoStock query_stock_industry,observation,medium
MEMBERSHIP_73613658747317b89ee3,CNINFO_ORG_9900024955,INDUSTRY_eb1bb5863556657a5ed0,2026-08-10,,2026-08-16T13:48:42+00:00,BaoStock query_stock_industry,observation,medium
MEMBERSHIP_2a724847d2b59fbed121,CNINFO_ORG_gfbj0832582,INDUSTRY_fc163d1647ca522ec4cd,2026-08-10,,2026-08-16T13:48:42+00:00,BaoStock query_stock_industry,observation,medium
MEMBERSHIP_a7c58f433b47ac90b834,CNINFO_ORG_9900026209,INDUSTRY_fcb657f75803ca816490,2026-08-10,,2026-08-16T13:48:42+00:00,BaoStock query_stock_industry,observation,medium
MEMBERSHIP_fd9b91ffbdad35fbdf4c,CNINFO_ORG_9900037312,INDUSTRY_ad86b4a2a3856ba2d571,2026-08-10,,2026-08-16T13:48:42+00:00,BaoStock query_stock_industry,observation,medium
MEMBERSHIP_e2ee36927b84e2c9acd9,CNINFO_ORG_9900036545,INDUSTRY_b90e93f47f56746b9938,2026-08-10,,2026-08-16T13:48:42+00:00,BaoStock query_stock_industry,observation,medium
MEMBERSHIP_df33fced699061872a2d,CNINFO_ORG_9900033063,INDUSTRY_9f7679f9ad900c7a65d2,2026-08-10,,2026-08-16T13:48:42+00:00,BaoStock query_stock_industry,observation,medium
MEMBERSHIP_8599774aa9b69ec30b00,CNINFO_ORG_9900023643,INDUSTRY_80c8af8374922c2e32d6,2026-08-10,,2026-08-16T13:48:42+00:00,BaoStock query_stock_industry,observation,medium
MEMBERSHIP_3a2851c247add490f368,CNINFO_ORG_9900024760,INDUSTRY_06f2dd83830b4e6e7446,2026-08-10,,2026-08-16T13:48:42+00:00,BaoStock query_stock_industry,observation,medium
MEMBERSHIP_41615f0e8d100b636411,CNINFO_ORG_9900029824,INDUSTRY_eb1bb5863556657a5ed0,2026-08-10,,2026-08-16T13:48:42+00:00,BaoStock query_stock_industry,observation,medium
MEMBERSHIP_ae256acab35126326e10,CNINFO_ORG_9900037166,INDUSTRY_b90e93f47f56746b9938,2026-08-10,,2026-08-16T13:48:42+00:00,BaoStock query_stock_industry,observation,medium
MEMBERSHIP_0a7bace4078da6f4486c,CNINFO_ORG_9900026786,INDUSTRY_735889820fa0518be404,2026-08-10,,2026-08-16T13:48:42+00:00,BaoStock query_stock_industry,observation,medium
MEMBERSHIP_511487db607551b6f8d4,CNINFO_ORG_9900032999,INDUSTRY_3e41c6b832b570c4f5d1,2026-08-10,,2026-08-16T13:48:42+00:00,BaoStock query_stock_industry,observation,medium
MEMBERSHIP_986b3e66a7bc5d2330d6,CNINFO_ORG_GD040373,INDUSTRY_857cc70f4407799bbfbc,2026-08-10,,2026-08-16T13:48:42+00:00,BaoStock query_stock_industry,observation,medium
MEMBERSHIP_ccf02f6986824a4329d7,CNINFO_ORG_9900029037,INDUSTRY_a1191d63decae1d34c73,2026-08-10,,2026-08-16T13:48:42+00:00,BaoStock query_stock_industry,observation,medium
MEMBERSHIP_a3ef62438f682e3dce2c,CNINFO_ORG_gfbj0836283,INDUSTRY_3553a2b402e33a129417,2026-08-10,,2026-08-16T13:48:42+00:00,BaoStock query_stock_industry,observation,medium
MEMBERSHIP_ad40c1b34dbe922f2b02,CNINFO_ORG_9900023152,INDUSTRY_eb1bb5863556657a5ed0,2026-08-10,,2026-08-16T13:48:42+00:00,BaoStock query_stock_industry,observation,medium
MEMBERSHIP_47d7d53ee6f1e42a24bc,CNINFO_ORG_9900023465,INDUSTRY_eb1bb5863556657a5ed0,2026-08-10,,2026-08-16T13:48:42+00:00,BaoStock query_stock_industry,observation,medium
MEMBERSHIP_491e5fb01df4cb626271,CNINFO_ORG_9900023680,INDUSTRY_ee9bbaf36a819df8934d,2026-08-10,,2026-08-16T13:48:42+00:00,BaoStock query_stock_industry,observation,medium
MEMBERSHIP_5b8191dbb95207fc0fc0,CNINFO_ORG_9900026446,INDUSTRY_78ad5e2bbce7305748bd,2026-08-10,,2026-08-16T13:48:42+00:00,BaoStock query_stock_industry,observation,medium
MEMBERSHIP_73c1da58b7e0b65e601a,CNINFO_ORG_9900029595,INDUSTRY_be6d1ff74018fda3a9a4,2026-08-10,,2026-08-16T13:48:42+00:00,BaoStock query_stock_industry,observation,medium
MEMBERSHIP_1128e57cacaf00391778,CNINFO_ORG_gfbj0831645,INDUSTRY_7063d42ae24daea94a9c,2026-08-10,,2026-08-16T13:48:42+00:00,BaoStock query_stock_industry,observation,medium
MEMBERSHIP_8d687f3a2193104284eb,CNINFO_ORG_9900029801,INDUSTRY_b90e93f47f56746b9938,2026-08-10,,2026-08-16T13:48:42+00:00,BaoStock query_stock_industry,observation,medium
MEMBERSHIP_a39d8a3ebff3273a5674,CNINFO_ORG_gfbj0430599,INDUSTRY_b62fae243f391f69617b,2026-08-10,,2026-08-16T13:48:42+00:00,BaoStock query_stock_industry,observation,medium
MEMBERSHIP_b2161650f0826d067d87,CNINFO_ORG_gfbj0830948,INDUSTRY_b90e93f47f56746b9938,2026-08-10,,2026-08-16T13:48:42+00:00,BaoStock query_stock_industry,observation,medium
MEMBERSHIP_b20587e9fe4f2843b8a8,CNINFO_ORG_9900029469,INDUSTRY_af522b5025b7206d78cb,2026-08-10,,2026-08-16T13:48:42+00:00,BaoStock query_stock_industry,observation,medium
MEMBERSHIP_106a79e5963fb9b8727e,CNINFO_ORG_9900030773,INDUSTRY_e7fb954d2ab5bf5bc733,2026-08-10,,2026-08-16T13:48:42+00:00,BaoStock query_stock_industry,observation,medium
MEMBERSHIP_63a714a732dccd53158f,CNINFO_ORG_9900031496,INDUSTRY_857cc70f4407799bbfbc,2026-08-10,,2026-08-16T13:48:42+00:00,BaoStock query_stock_industry,observation,medium
MEMBERSHIP_dbcd761a29f7d4fe0f31,CNINFO_ORG_9900023766,INDUSTRY_ee9bbaf36a819df8934d,2026-08-10,,2026-08-16T13:48:42+00:00,BaoStock query_stock_industry,observation,medium
MEMBERSHIP_8dd8a2f6471744ecd946,CNINFO_ORG_9900023518,INDUSTRY_c8598f31bb2607e3007b,2026-08-10,,2026-08-16T13:48:42+00:00,BaoStock query_stock_industry,observation,medium
MEMBERSHIP_afe4687357a48a3c7909,CNINFO_ORG_9900034526,INDUSTRY_eb1bb5863556657a5ed0,2026-08-10,,2026-08-16T13:48:42+00:00,BaoStock query_stock_industry,observation,medium
MEMBERSHIP_d470b60eb9b184c7762a,CNINFO_ORG_9900032656,INDUSTRY_90d9ee5bdc1ee446fff0,2026-08-10,,2026-08-16T13:48:42+00:00,BaoStock query_stock_industry,observation,medium
MEMBERSHIP_8866811b12fdfbdeee6b,CNINFO_ORG_gfbj0835470,INDUSTRY_e7fb954d2ab5bf5bc733,2026-08-10,,2026-08-16T13:48:42+00:00,BaoStock query_stock_industry,observation,medium
MEMBERSHIP_0cefba14a2f0435372d3,CNINFO_ORG_9900024134,INDUSTRY_91e10380fe1770769bdb,2026-08-10,,2026-08-16T13:48:42+00:00,BaoStock query_stock_industry,observation,medium
MEMBERSHIP_f4715cd0d39d20c04e50,CNINFO_ORG_9900023967,INDUSTRY_af522b5025b7206d78cb,2026-08-10,,2026-08-16T13:48:42+00:00,BaoStock query_stock_industry,observation,medium
MEMBERSHIP_7e855c87600ebdffd3a9,CNINFO_ORG_9900023653,INDUSTRY_1ed3dfcfe2bd74cd71b3,2026-08-10,,2026-08-16T13:48:42+00:00,BaoStock query_stock_industry,observation,medium
MEMBERSHIP_90e95d33ef574174e2dc,CNINFO_ORG_9900023779,INDUSTRY_7063d42ae24daea94a9c,2026-08-10,,2026-08-16T13:48:42+00:00,BaoStock query_stock_industry,observation,medium
MEMBERSHIP_dc45cc4fbb382b3e62dc,CNINFO_ORG_9900024449,INDUSTRY_fcb657f75803ca816490,2026-08-10,,2026-08-16T13:48:42+00:00,BaoStock query_stock_industry,observation,medium
MEMBERSHIP_818f9dd520fdfbbddaea,CNINFO_ORG_9900032985,INDUSTRY_af522b5025b7206d78cb,2026-08-10,,2026-08-16T13:48:42+00:00,BaoStock query_stock_industry,observation,medium
MEMBERSHIP_034ee1eb3ac4aacd68f7,CNINFO_ORG_9900023122,INDUSTRY_b90e93f47f56746b9938,2026-08-10,,2026-08-16T13:48:42+00:00,BaoStock query_stock_industry,observation,medium
MEMBERSHIP_00d56d2f23754c37b46e,CNINFO_ORG_9900034181,INDUSTRY_ee7eb75e38ebcde947a9,2026-08-10,,2026-08-16T13:48:42+00:00,BaoStock query_stock_industry,observation,medium
MEMBERSHIP_3434de58d86e8498fc26,CNINFO_ORG_9900024757,INDUSTRY_3e41c6b832b570c4f5d1,2026-08-10,,2026-08-16T13:48:42+00:00,BaoStock query_stock_industry,observation,medium
MEMBERSHIP_c49f9a0ad1daadbe92e5,CNINFO_ORG_9900022976,INDUSTRY_06f2dd83830b4e6e7446,2026-08-10,,2026-08-16T13:48:42+00:00,BaoStock query_stock_industry,observation,medium
MEMBERSHIP_a63db7dab2ecedffc5c0,CNINFO_ORG_9900037346,INDUSTRY_1ed3dfcfe2bd74cd71b3,2026-08-10,,2026-08-16T13:48:42+00:00,BaoStock query_stock_industry,observation,medium
MEMBERSHIP_06efec5a5b3374905c31,CNINFO_ORG_9900023659,INDUSTRY_35fe091671cdb8d5f5e0,2026-08-10,,2026-08-16T13:48:42+00:00,BaoStock query_stock_industry,observation,medium
MEMBERSHIP_86015661419e44e48ae7,CNINFO_ORG_9900023754,INDUSTRY_7063d42ae24daea94a9c,2026-08-10,,2026-08-16T13:48:42+00:00,BaoStock query_stock_industry,observation,medium
MEMBERSHIP_ee171a6a95df109e0783,CNINFO_ORG_GD082689,INDUSTRY_9f7679f9ad900c7a65d2,2026-08-10,,2026-08-16T13:48:42+00:00,BaoStock query_stock_industry,observation,medium
MEMBERSHIP_b93c8282c8aa2fc4e449,CNINFO_ORG_9900030397,INDUSTRY_b62fae243f391f69617b,2026-08-10,,2026-08-16T13:48:42+00:00,BaoStock query_stock_industry,observation,medium
MEMBERSHIP_c2ca5f94ce1405f352d9,CNINFO_ORG_9900023517,INDUSTRY_7063d42ae24daea94a9c,2026-08-10,,2026-08-16T13:48:42+00:00,BaoStock query_stock_industry,observation,medium
MEMBERSHIP_bef189ff757f1dfe2879,CNINFO_ORG_9900023354,INDUSTRY_35fe091671cdb8d5f5e0,2026-08-10,,2026-08-16T13:48:42+00:00,BaoStock query_stock_industry,observation,medium
MEMBERSHIP_6dfb787a2930a3136ab2,CNINFO_ORG_9900023676,INDUSTRY_b90e93f47f56746b9938,2026-08-10,,2026-08-16T13:48:42+00:00,BaoStock query_stock_industry,observation,medium
MEMBERSHIP_1729d5ccd13792ef1bb7,CNINFO_ORG_9900031498,INDUSTRY_6e59023629c5a35ea710,2026-08-10,,2026-08-16T13:48:42+00:00,BaoStock query_stock_industry,observation,medium
MEMBERSHIP_b50310338ef27ef75b27,CNINFO_ORG_9900029914,INDUSTRY_be6d1ff74018fda3a9a4,2026-08-10,,2026-08-16T13:48:42+00:00,BaoStock query_stock_industry,observation,medium
MEMBERSHIP_e67870485a41f93589ea,CNINFO_ORG_9900023615,INDUSTRY_b90e93f47f56746b9938,2026-08-10,,2026-08-16T13:48:42+00:00,BaoStock query_stock_industry,observation,medium
MEMBERSHIP_fed2f3d9f72b04ed03aa,CNINFO_ORG_9900035548,INDUSTRY_be6d1ff74018fda3a9a4,2026-08-10,,2026-08-16T13:48:42+00:00,BaoStock query_stock_industry,observation,medium
MEMBERSHIP_9cdeb9f73b48ec89a0dc,CNINFO_ORG_9900030439,INDUSTRY_af522b5025b7206d78cb,2026-08-10,,2026-08-16T13:48:42+00:00,BaoStock query_stock_industry,observation,medium
MEMBERSHIP_943841a8ffe17225de41,CNINFO_ORG_9900029035,INDUSTRY_90d9ee5bdc1ee446fff0,2026-08-10,,2026-08-16T13:48:42+00:00,BaoStock query_stock_industry,observation,medium
MEMBERSHIP_a7397f637d2c5c348f69,CNINFO_ORG_9900023642,INDUSTRY_fcb657f75803ca816490,2026-08-10,,2026-08-16T13:48:42+00:00,BaoStock query_stock_industry,observation,medium
MEMBERSHIP_67c99cc544c357b4f49e,CNINFO_ORG_9900029746,INDUSTRY_17cf2674a1f785e3272e,2026-08-10,,2026-08-16T13:48:42+00:00,BaoStock query_stock_industry,observation,medium
MEMBERSHIP_237384b94df8906a23c2,CNINFO_ORG_9900029803,INDUSTRY_3875d79da62b4dff67e8,2026-08-10,,2026-08-16T13:48:42+00:00,BaoStock query_stock_industry,observation,medium
MEMBERSHIP_849b4e280b3724c049cf,CNINFO_ORG_9900026804,INDUSTRY_af522b5025b7206d78cb,2026-08-10,,2026-08-16T13:48:42+00:00,BaoStock query_stock_industry,observation,medium
MEMBERSHIP_335930977f8168bf2a64,CNINFO_ORG_9900031813,INDUSTRY_91e10380fe1770769bdb,2026-08-10,,2026-08-16T13:48:42+00:00,BaoStock query_stock_industry,observation,medium
MEMBERSHIP_1df99f72451de16e4025,CNINFO_ORG_9900035570,INDUSTRY_af522b5025b7206d78cb,2026-08-10,,2026-08-16T13:48:42+00:00,BaoStock query_stock_industry,observation,medium
MEMBERSHIP_e9ce9647ba6d578f371a,CNINFO_ORG_9900033184,INDUSTRY_b62fae243f391f69617b,2026-08-10,,2026-08-16T13:48:42+00:00,BaoStock query_stock_industry,observation,medium
MEMBERSHIP_30eea348d0c771775d97,CNINFO_ORG_9900030419,INDUSTRY_3875d79da62b4dff67e8,2026-08-10,,2026-08-16T13:48:42+00:00,BaoStock query_stock_industry,observation,medium
MEMBERSHIP_0b4184606f56d54ef470,CNINFO_ORG_9900035542,INDUSTRY_b62fae243f391f69617b,2026-08-10,,2026-08-16T13:48:42+00:00,BaoStock query_stock_industry,observation,medium
MEMBERSHIP_f98c6358f1f91f36d2f0,CNINFO_ORG_9900026792,INDUSTRY_eb1bb5863556657a5ed0,2026-08-10,,2026-08-16T13:48:42+00:00,BaoStock query_stock_industry,observation,medium
MEMBERSHIP_1b4a42337a0575271501,CNINFO_ORG_9900033054,INDUSTRY_90d9ee5bdc1ee446fff0,2026-08-10,,2026-08-16T13:48:42+00:00,BaoStock query_stock_industry,observation,medium
MEMBERSHIP_e24fec5f99d6bd7db49c,CNINFO_ORG_9900026447,INDUSTRY_90d9ee5bdc1ee446fff0,2026-08-10,,2026-08-16T13:48:42+00:00,BaoStock query_stock_industry,observation,medium
MEMBERSHIP_07fd73547c49ff76f343,CNINFO_ORG_9900022987,INDUSTRY_1ed3dfcfe2bd74cd71b3,2026-08-10,,2026-08-16T13:48:42+00:00,BaoStock query_stock_industry,observation,medium
MEMBERSHIP_de1f6bc42da31119b55e,CNINFO_ORG_9900035557,INDUSTRY_90d9ee5bdc1ee446fff0,2026-08-10,,2026-08-16T13:48:42+00:00,BaoStock query_stock_industry,observation,medium
MEMBERSHIP_6043bff598f38311ec36,CNINFO_ORG_9900024948,INDUSTRY_7063d42ae24daea94a9c,2026-08-10,,2026-08-16T13:48:42+00:00,BaoStock query_stock_industry,observation,medium
MEMBERSHIP_7d3096acb6f41557a1ee,CNINFO_ORG_9900030088,INDUSTRY_a971ce8c4913016d33d1,2026-08-10,,2026-08-16T13:48:42+00:00,BaoStock query_stock_industry,observation,medium
MEMBERSHIP_c5c2f7ffe27225e8dd89,CNINFO_ORG_9900034945,INDUSTRY_35fe091671cdb8d5f5e0,2026-08-10,,2026-08-16T13:48:42+00:00,BaoStock query_stock_industry,observation,medium
MEMBERSHIP_372443915010bab17d7e,CNINFO_ORG_9900027666,INDUSTRY_35fe091671cdb8d5f5e0,2026-08-10,,2026-08-16T13:48:42+00:00,BaoStock query_stock_industry,observation,medium
MEMBERSHIP_585b6c082a3750daecef,CNINFO_ORG_9900029592,INDUSTRY_06f2dd83830b4e6e7446,2026-08-10,,2026-08-16T13:48:42+00:00,BaoStock query_stock_industry,observation,medium
MEMBERSHIP_5ba4e356bd8c74e5d65b,CNINFO_ORG_9900029033,INDUSTRY_eb1bb5863556657a5ed0,2026-08-10,,2026-08-16T13:48:42+00:00,BaoStock query_stock_industry,observation,medium
MEMBERSHIP_4a6daf675c1b02d43ff1,CNINFO_ORG_9900034348,INDUSTRY_eb1bb5863556657a5ed0,2026-08-10,,2026-08-16T13:48:42+00:00,BaoStock query_stock_industry,observation,medium
MEMBERSHIP_012036286b4ee93a2c99,CNINFO_ORG_9900029823,INDUSTRY_b90e93f47f56746b9938,2026-08-10,,2026-08-16T13:48:42+00:00,BaoStock query_stock_industry,observation,medium
MEMBERSHIP_ba8d38177635a24a3846,CNINFO_ORG_9900023660,INDUSTRY_90d9ee5bdc1ee446fff0,2026-08-10,,2026-08-16T13:48:42+00:00,BaoStock query_stock_industry,observation,medium
MEMBERSHIP_276aebdb831a7f785ada,CNINFO_ORG_9900030893,INDUSTRY_b90e93f47f56746b9938,2026-08-10,,2026-08-16T13:48:42+00:00,BaoStock query_stock_industry,observation,medium
MEMBERSHIP_0c99acdc581a637c8dd7,CNINFO_ORG_9900030697,INDUSTRY_ad86b4a2a3856ba2d571,2026-08-10,,2026-08-16T13:48:42+00:00,BaoStock query_stock_industry,observation,medium
MEMBERSHIP_bd3e6108ca5e60508d3b,CNINFO_ORG_gfbj0831135,INDUSTRY_af522b5025b7206d78cb,2026-08-10,,2026-08-16T13:48:42+00:00,BaoStock query_stock_industry,observation,medium
MEMBERSHIP_59d830135b0373f3d9a6,CNINFO_ORG_9900024645,INDUSTRY_91e10380fe1770769bdb,2026-08-10,,2026-08-16T13:48:42+00:00,BaoStock query_stock_industry,observation,medium
MEMBERSHIP_d698af454756245add67,CNINFO_ORG_9900031815,INDUSTRY_af522b5025b7206d78cb,2026-08-10,,2026-08-16T13:48:42+00:00,BaoStock query_stock_industry,observation,medium
MEMBERSHIP_ad675d4e24e8e71591d7,CNINFO_ORG_9900034224,INDUSTRY_b90e93f47f56746b9938,2026-08-10,,2026-08-16T13:48:42+00:00,BaoStock query_stock_industry,observation,medium
MEMBERSHIP_932fcef93e7dfcf80760,CNINFO_ORG_9900023655,INDUSTRY_1233924bed568c1b168b,2026-08-10,,2026-08-16T13:48:42+00:00,BaoStock query_stock_industry,observation,medium
MEMBERSHIP_2525711357a9c34ce0ba,CNINFO_ORG_9900036561,INDUSTRY_ee7eb75e38ebcde947a9,2026-08-10,,2026-08-16T13:48:42+00:00,BaoStock query_stock_industry,observation,medium
MEMBERSHIP_e5c6bb115e8905e9bf53,CNINFO_ORG_9900023189,INDUSTRY_7063d42ae24daea94a9c,2026-08-10,,2026-08-16T13:48:42+00:00,BaoStock query_stock_industry,observation,medium
MEMBERSHIP_9cfc8d656bddd9b64b5b,CNINFO_ORG_9900026998,INDUSTRY_2b12590880b654376532,2026-08-10,,2026-08-16T13:48:42+00:00,BaoStock query_stock_industry,observation,medium
MEMBERSHIP_7fa9e59e5ffd78252287,CNINFO_ORG_9900023872,INDUSTRY_3875d79da62b4dff67e8,2026-08-10,,2026-08-16T13:48:42+00:00,BaoStock query_stock_industry,observation,medium
MEMBERSHIP_ae938f2e9c5181642e1e,CNINFO_ORG_gfbj0833368,INDUSTRY_f9da9c9738f21980b6d7,2026-08-10,,2026-08-16T13:48:42+00:00,BaoStock query_stock_industry,observation,medium
MEMBERSHIP_3e97ca4e7cdf4806a12a,CNINFO_ORG_9900023456,INDUSTRY_34765f16a5c28d382e0e,2026-08-10,,2026-08-16T13:48:42+00:00,BaoStock query_stock_industry,observation,medium
MEMBERSHIP_b9996a6b4c93358c5816,CNINFO_ORG_gfbj0831377,INDUSTRY_06f2dd83830b4e6e7446,2026-08-10,,2026-08-16T13:48:42+00:00,BaoStock query_stock_industry,observation,medium
MEMBERSHIP_2a1ee1b886129beb9404,CNINFO_ORG_9900023661,INDUSTRY_3875d79da62b4dff67e8,2026-08-10,,2026-08-16T13:48:42+00:00,BaoStock query_stock_industry,observation,medium
MEMBERSHIP_f818f993d6eab42eb46b,CNINFO_ORG_9900022929,INDUSTRY_35fe091671cdb8d5f5e0,2026-08-10,,2026-08-16T13:48:42+00:00,BaoStock query_stock_industry,observation,medium
MEMBERSHIP_8cdac3c579f678433e82,CNINFO_ORG_gfbj0834980,INDUSTRY_735889820fa0518be404,2026-08-10,,2026-08-16T13:48:42+00:00,BaoStock query_stock_industry,observation,medium
MEMBERSHIP_9c8f02844f0e6c50ddde,CNINFO_ORG_9900023037,INDUSTRY_b90e93f47f56746b9938,2026-08-10,,2026-08-16T13:48:42+00:00,BaoStock query_stock_industry,observation,medium
MEMBERSHIP_42d6ae74ee7cee1f2dba,CNINFO_ORG_9900023745,INDUSTRY_b90e93f47f56746b9938,2026-08-10,,2026-08-16T13:48:42+00:00,BaoStock query_stock_industry,observation,medium
MEMBERSHIP_13cc2d893357c3d90f2f,CNINFO_ORG_9900035562,INDUSTRY_2b12590880b654376532,2026-08-10,,2026-08-16T13:48:42+00:00,BaoStock query_stock_industry,observation,medium
MEMBERSHIP_97a3814a3017741e6f08,CNINFO_ORG_9900022971,INDUSTRY_eb1bb5863556657a5ed0,2026-08-10,,2026-08-16T13:48:42+00:00,BaoStock query_stock_industry,observation,medium
MEMBERSHIP_f8a7172de80d860275ba,CNINFO_ORG_9900029040,INDUSTRY_4fb51c32200208ed64a8,2026-08-10,,2026-08-16T13:48:42+00:00,BaoStock query_stock_industry,observation,medium
MEMBERSHIP_652bb46e9477571c2945,CNINFO_ORG_9900033232,INDUSTRY_1ed3dfcfe2bd74cd71b3,2026-08-10,,2026-08-16T13:48:42+00:00,BaoStock query_stock_industry,observation,medium
MEMBERSHIP_2eccaa725cceca4c895c,CNINFO_ORG_9900031497,INDUSTRY_c8598f31bb2607e3007b,2026-08-10,,2026-08-16T13:48:42+00:00,BaoStock query_stock_industry,observation,medium
MEMBERSHIP_4fdac11e68a14445c7c2,CNINFO_ORG_9900034448,INDUSTRY_90d9ee5bdc1ee446fff0,2026-08-10,,2026-08-16T13:48:42+00:00,BaoStock query_stock_industry,observation,medium
MEMBERSHIP_48f78f93cc17472c0604,CNINFO_ORG_9900035585,INDUSTRY_05c09799f5cd1d96eaf2,2026-08-10,,2026-08-16T13:48:42+00:00,BaoStock query_stock_industry,observation,medium
MEMBERSHIP_7c52e31597c38922726f,CNINFO_ORG_9900029439,INDUSTRY_8c865bedc2ef9574d2e5,2026-08-10,,2026-08-16T13:48:42+00:00,BaoStock query_stock_industry,observation,medium
MEMBERSHIP_de9c72bad2b6c9ff42f8,CNINFO_ORG_9900030817,INDUSTRY_9b846d32ce44d8ac60c7,2026-08-10,,2026-08-16T13:48:42+00:00,BaoStock query_stock_industry,observation,medium
MEMBERSHIP_02954bf8e8c2d70ecdc8,CNINFO_ORG_9900023467,INDUSTRY_eb1bb5863556657a5ed0,2026-08-10,,2026-08-16T13:48:42+00:00,BaoStock query_stock_industry,observation,medium
MEMBERSHIP_e3a5c46a48863b5a104f,CNINFO_ORG_9900037310,INDUSTRY_4fb51c32200208ed64a8,2026-08-10,,2026-08-16T13:48:42+00:00,BaoStock query_stock_industry,observation,medium
MEMBERSHIP_bd3335e1d8c111d23e0d,CNINFO_ORG_9900030820,INDUSTRY_a3b7ae0c6bfa4b2b7bfb,2026-08-10,,2026-08-16T13:48:42+00:00,BaoStock query_stock_industry,observation,medium
MEMBERSHIP_4849d80cd1e677149615,CNINFO_ORG_gfbj0430605,INDUSTRY_af522b5025b7206d78cb,2026-08-10,,2026-08-16T13:48:42+00:00,BaoStock query_stock_industry,observation,medium
MEMBERSHIP_3a14a59e2fee5beb105a,CNINFO_ORG_9900030420,INDUSTRY_7063d42ae24daea94a9c,2026-08-10,,2026-08-16T13:48:42+00:00,BaoStock query_stock_industry,observation,medium
MEMBERSHIP_9c206e15e502a68d78bc,CNINFO_ORG_9900024447,INDUSTRY_b62fae243f391f69617b,2026-08-10,,2026-08-16T13:48:42+00:00,BaoStock query_stock_industry,observation,medium
MEMBERSHIP_60f08029079339216ea9,CNINFO_ORG_9900029043,INDUSTRY_93d93f4712457bea147b,2026-08-10,,2026-08-16T13:48:42+00:00,BaoStock query_stock_industry,observation,medium
MEMBERSHIP_7e9bc45d3a280d6e05fd,CNINFO_ORG_9900030819,INDUSTRY_b90e93f47f56746b9938,2026-08-10,,2026-08-16T13:48:42+00:00,BaoStock query_stock_industry,observation,medium
MEMBERSHIP_aa81a5a7d676dcfe2c63,CNINFO_ORG_9900023473,INDUSTRY_91e10380fe1770769bdb,2026-08-10,,2026-08-16T13:48:42+00:00,BaoStock query_stock_industry,observation,medium
MEMBERSHIP_13d8f0b16b3df43d25a0,CNINFO_ORG_9900023136,INDUSTRY_e7fb954d2ab5bf5bc733,2026-08-10,,2026-08-16T13:48:42+00:00,BaoStock query_stock_industry,observation,medium
MEMBERSHIP_415c4a8cfb9214550e1b,CNINFO_ORG_9900034849,INDUSTRY_ee7eb75e38ebcde947a9,2026-08-10,,2026-08-16T13:48:42+00:00,BaoStock query_stock_industry,observation,medium
MEMBERSHIP_712b3f2ba40ef7fa566d,CNINFO_ORG_9900032852,INDUSTRY_af522b5025b7206d78cb,2026-08-10,,2026-08-16T13:48:42+00:00,BaoStock query_stock_industry,observation,medium
MEMBERSHIP_7482da7d607da4f3fd8a,CNINFO_ORG_9900026775,INDUSTRY_90d9ee5bdc1ee446fff0,2026-08-10,,2026-08-16T13:48:42+00:00,BaoStock query_stock_industry,observation,medium
MEMBERSHIP_0faa9e67bb5b921b7758,CNINFO_ORG_9900035525,INDUSTRY_34765f16a5c28d382e0e,2026-08-10,,2026-08-16T13:48:42+00:00,BaoStock query_stock_industry,observation,medium
MEMBERSHIP_d2f7bcc3fdc4ea05d046,CNINFO_ORG_9900035535,INDUSTRY_34765f16a5c28d382e0e,2026-08-10,,2026-08-16T13:48:42+00:00,BaoStock query_stock_industry,observation,medium
MEMBERSHIP_f0d68d4cef7138691ca6,CNINFO_ORG_9900031903,INDUSTRY_35fe091671cdb8d5f5e0,2026-08-10,,2026-08-16T13:48:42+00:00,BaoStock query_stock_industry,observation,medium
MEMBERSHIP_f4f8019c71a23545b54c,CNINFO_ORG_9900030635,INDUSTRY_e7fb954d2ab5bf5bc733,2026-08-10,,2026-08-16T13:48:42+00:00,BaoStock query_stock_industry,observation,medium
MEMBERSHIP_c614f146cb2207ac0799,CNINFO_ORG_9900041834,INDUSTRY_7f6973b5c1a2122e9e27,2026-08-10,,2026-08-16T13:48:42+00:00,BaoStock query_stock_industry,observation,medium
MEMBERSHIP_6db68e0d0d0a684b8117,CNINFO_ORG_9900023200,INDUSTRY_ad86b4a2a3856ba2d571,2026-08-10,,2026-08-16T13:48:42+00:00,BaoStock query_stock_industry,observation,medium
MEMBERSHIP_89a361368f64151393aa,CNINFO_ORG_9900023196,INDUSTRY_e7fb954d2ab5bf5bc733,2026-08-10,,2026-08-16T13:48:42+00:00,BaoStock query_stock_industry,observation,medium
MEMBERSHIP_f313c8e9a32c116ba4d1,CNINFO_ORG_9900030531,INDUSTRY_e7fb954d2ab5bf5bc733,2026-08-10,,2026-08-16T13:48:42+00:00,BaoStock query_stock_industry,observation,medium
MEMBERSHIP_cd33b74ba9c4988a1975,CNINFO_ORG_gfbj0832766,INDUSTRY_90d9ee5bdc1ee446fff0,2026-08-10,,2026-08-16T13:48:42+00:00,BaoStock query_stock_industry,observation,medium
MEMBERSHIP_6376b975544279134822,CNINFO_ORG_9900030823,INDUSTRY_fcb657f75803ca816490,2026-08-10,,2026-08-16T13:48:42+00:00,BaoStock query_stock_industry,observation,medium
MEMBERSHIP_550d35ffb27be19567c7,CNINFO_ORG_9900023222,INDUSTRY_4fb51c32200208ed64a8,2026-08-10,,2026-08-16T13:48:42+00:00,BaoStock query_stock_industry,observation,medium
MEMBERSHIP_3338d8488205b767732e,CNINFO_ORG_9900024942,INDUSTRY_b90e93f47f56746b9938,2026-08-10,,2026-08-16T13:48:42+00:00,BaoStock query_stock_industry,observation,medium
MEMBERSHIP_a06ac8f6648f5f35353a,CNINFO_ORG_9900024531,INDUSTRY_c8598f31bb2607e3007b,2026-08-10,,2026-08-16T13:48:42+00:00,BaoStock query_stock_industry,observation,medium
MEMBERSHIP_50af222597d794d2812c,CNINFO_ORG_DR0000117,INDUSTRY_e7fb954d2ab5bf5bc733,2026-08-10,,2026-08-16T13:48:42+00:00,BaoStock query_stock_industry,observation,medium
MEMBERSHIP_a70ff49337942a7ccbae,CNINFO_ORG_9900024502,INDUSTRY_ad86b4a2a3856ba2d571,2026-08-10,,2026-08-16T13:48:42+00:00,BaoStock query_stock_industry,observation,medium
MEMBERSHIP_991ceb346470989e864e,CNINFO_ORG_9900023639,INDUSTRY_e7fb954d2ab5bf5bc733,2026-08-10,,2026-08-16T13:48:42+00:00,BaoStock query_stock_industry,observation,medium
MEMBERSHIP_2468a809b81cee7d9f1c,CNINFO_ORG_9900023454,INDUSTRY_3875d79da62b4dff67e8,2026-08-10,,2026-08-16T13:48:42+00:00,BaoStock query_stock_industry,observation,medium
MEMBERSHIP_4ba244593471b0598092,CNINFO_ORG_9900035564,INDUSTRY_af522b5025b7206d78cb,2026-08-10,,2026-08-16T13:48:42+00:00,BaoStock query_stock_industry,observation,medium
MEMBERSHIP_ba4879d2d70ad4847056,CNINFO_ORG_9900029385,INDUSTRY_ee9bbaf36a819df8934d,2026-08-10,,2026-08-16T13:48:42+00:00,BaoStock query_stock_industry,observation,medium
MEMBERSHIP_b5c14006c36215078193,CNINFO_ORG_9900024539,INDUSTRY_cfd4139bf05e5a91c076,2026-08-10,,2026-08-16T13:48:42+00:00,BaoStock query_stock_industry,observation,medium
MEMBERSHIP_78227d97dd2bf67105cb,CNINFO_ORG_9900023781,INDUSTRY_fc163d1647ca522ec4cd,2026-08-10,,2026-08-16T13:48:42+00:00,BaoStock query_stock_industry,observation,medium
MEMBERSHIP_f4e3834899774b2e3311,CNINFO_ORG_9900024532,INDUSTRY_3875d79da62b4dff67e8,2026-08-10,,2026-08-16T13:48:42+00:00,BaoStock query_stock_industry,observation,medium
MEMBERSHIP_ee59f1653494ace82af0,CNINFO_ORG_9900032419,INDUSTRY_1ed3dfcfe2bd74cd71b3,2026-08-10,,2026-08-16T13:48:42+00:00,BaoStock query_stock_industry,observation,medium
MEMBERSHIP_37ea01d4114eb695f959,CNINFO_ORG_9900030603,INDUSTRY_90d9ee5bdc1ee446fff0,2026-08-10,,2026-08-16T13:48:42+00:00,BaoStock query_stock_industry,observation,medium
MEMBERSHIP_cf51e88257df46215f82,CNINFO_ORG_9900023130,INDUSTRY_b62fae243f391f69617b,2026-08-10,,2026-08-16T13:48:42+00:00,BaoStock query_stock_industry,observation,medium
MEMBERSHIP_d9af6374700714d15f6a,CNINFO_ORG_9900023747,INDUSTRY_857cc70f4407799bbfbc,2026-08-10,,2026-08-16T13:48:42+00:00,BaoStock query_stock_industry,observation,medium
MEMBERSHIP_4613324b7a6c7342f85b,CNINFO_ORG_9900023062,INDUSTRY_e7fb954d2ab5bf5bc733,2026-08-10,,2026-08-16T13:48:42+00:00,BaoStock query_stock_industry,observation,medium
MEMBERSHIP_8b2fa4e7f3c48f0cb602,CNINFO_ORG_9900035509,INDUSTRY_af522b5025b7206d78cb,2026-08-10,,2026-08-16T13:48:42+00:00,BaoStock query_stock_industry,observation,medium
MEMBERSHIP_b5464b82cf6854e801d8,CNINFO_ORG_9900029864,INDUSTRY_eb1bb5863556657a5ed0,2026-08-10,,2026-08-16T13:48:42+00:00,BaoStock query_stock_industry,observation,medium
MEMBERSHIP_5512da172b1a3b34aa13,CNINFO_ORG_9900031908,INDUSTRY_78ad5e2bbce7305748bd,2026-08-10,,2026-08-16T13:48:42+00:00,BaoStock query_stock_industry,observation,medium
MEMBERSHIP_3c1e0a7ad7431e9e2f5d,CNINFO_ORG_9900037165,INDUSTRY_17cf2674a1f785e3272e,2026-08-10,,2026-08-16T13:48:42+00:00,BaoStock query_stock_industry,observation,medium
MEMBERSHIP_66d919d8d94c714c5667,CNINFO_ORG_9900027317,INDUSTRY_1ed3dfcfe2bd74cd71b3,2026-08-10,,2026-08-16T13:48:42+00:00,BaoStock query_stock_industry,observation,medium
MEMBERSHIP_68542765e0abb700eb61,CNINFO_ORG_9900030369,INDUSTRY_7f6973b5c1a2122e9e27,2026-08-10,,2026-08-16T13:48:42+00:00,BaoStock query_stock_industry,observation,medium
MEMBERSHIP_dec7a77339d3a8dfc6e0,CNINFO_ORG_9900023523,INDUSTRY_1ed3dfcfe2bd74cd71b3,2026-08-10,,2026-08-16T13:48:42+00:00,BaoStock query_stock_industry,observation,medium
MEMBERSHIP_24acb576f5715334df0e,CNINFO_ORG_9900028909,INDUSTRY_b90e93f47f56746b9938,2026-08-10,,2026-08-16T13:48:42+00:00,BaoStock query_stock_industry,observation,medium
MEMBERSHIP_b843e7da97c5bea0bb7f,CNINFO_ORG_9900023474,INDUSTRY_cfd4139bf05e5a91c076,2026-08-10,,2026-08-16T13:48:42+00:00,BaoStock query_stock_industry,observation,medium
MEMBERSHIP_2704a6cfd13f2ff7d0d3,CNINFO_ORG_9900029800,INDUSTRY_af522b5025b7206d78cb,2026-08-10,,2026-08-16T13:48:42+00:00,BaoStock query_stock_industry,observation,medium
MEMBERSHIP_d19dab551156ac587d00,CNINFO_ORG_9900024448,INDUSTRY_91e10380fe1770769bdb,2026-08-10,,2026-08-16T13:48:42+00:00,BaoStock query_stock_industry,observation,medium
MEMBERSHIP_0586913ffe9ee89c12bd,CNINFO_ORG_9900030692,INDUSTRY_af522b5025b7206d78cb,2026-08-10,,2026-08-16T13:48:42+00:00,BaoStock query_stock_industry,observation,medium
MEMBERSHIP_7fbbac027e9dceac4e6a,CNINFO_ORG_9900023713,INDUSTRY_1395c3d9f1fe1a080e75,2026-08-10,,2026-08-16T13:48:42+00:00,BaoStock query_stock_industry,observation,medium
MEMBERSHIP_ef2160c81969a86ab3a5,CNINFO_ORG_9900033203,INDUSTRY_b90e93f47f56746b9938,2026-08-10,,2026-08-16T13:48:42+00:00,BaoStock query_stock_industry,observation,medium
MEMBERSHIP_eff22e2f16e19a2ab716,CNINFO_ORG_9900029667,INDUSTRY_1ed3dfcfe2bd74cd71b3,2026-08-10,,2026-08-16T13:48:42+00:00,BaoStock query_stock_industry,observation,medium
MEMBERSHIP_9abe730979c71cbd87d8,CNINFO_ORG_9900041685,INDUSTRY_91e10380fe1770769bdb,2026-08-10,,2026-08-16T13:48:42+00:00,BaoStock query_stock_industry,observation,medium
MEMBERSHIP_280fdc761a395ab2dc25,CNINFO_ORG_9900024445,INDUSTRY_7063d42ae24daea94a9c,2026-08-10,,2026-08-16T13:48:42+00:00,BaoStock query_stock_industry,observation,medium
MEMBERSHIP_802dfc0292216f88a95c,CNINFO_ORG_9900030003,INDUSTRY_857cc70f4407799bbfbc,2026-08-10,,2026-08-16T13:48:42+00:00,BaoStock query_stock_industry,observation,medium
MEMBERSHIP_90a4424123e55f45d7b3,CNINFO_ORG_9900027728,INDUSTRY_17cf2674a1f785e3272e,2026-08-10,,2026-08-16T13:48:42+00:00,BaoStock query_stock_industry,observation,medium
MEMBERSHIP_46a0714ee435d0925756,CNINFO_ORG_9900033913,INDUSTRY_be6d1ff74018fda3a9a4,2026-08-10,,2026-08-16T13:48:42+00:00,BaoStock query_stock_industry,observation,medium
MEMBERSHIP_7c738eb9a27ab5dbb8e0,CNINFO_ORG_9900030785,INDUSTRY_3875d79da62b4dff67e8,2026-08-10,,2026-08-16T13:48:42+00:00,BaoStock query_stock_industry,observation,medium
MEMBERSHIP_b2cbd1fce0d4eaf9bf64,CNINFO_ORG_9900030896,INDUSTRY_b62fae243f391f69617b,2026-08-10,,2026-08-16T13:48:42+00:00,BaoStock query_stock_industry,observation,medium
MEMBERSHIP_c0fef639c89092b91c54,CNINFO_ORG_9900028961,INDUSTRY_eb1bb5863556657a5ed0,2026-08-10,,2026-08-16T13:48:42+00:00,BaoStock query_stock_industry,observation,medium
MEMBERSHIP_14f110430f3d2718e58a,CNINFO_ORG_9900028822,INDUSTRY_fcb657f75803ca816490,2026-08-10,,2026-08-16T13:48:42+00:00,BaoStock query_stock_industry,observation,medium
MEMBERSHIP_1dcb249c9fd90c1c6a84,CNINFO_ORG_9900023798,INDUSTRY_731992a46c7dd8525c17,2026-08-10,,2026-08-16T13:48:42+00:00,BaoStock query_stock_industry,observation,medium
MEMBERSHIP_49fa0c48449becf881b1,CNINFO_ORG_9900032270,INDUSTRY_b90e93f47f56746b9938,2026-08-10,,2026-08-16T13:48:42+00:00,BaoStock query_stock_industry,observation,medium
MEMBERSHIP_4d8222cc7df7f509db6a,CNINFO_ORG_gfbj0831543,INDUSTRY_ee7eb75e38ebcde947a9,2026-08-10,,2026-08-16T13:48:42+00:00,BaoStock query_stock_industry,observation,medium
MEMBERSHIP_806c97aa680ebe328dd6,CNINFO_ORG_9900024533,INDUSTRY_34765f16a5c28d382e0e,2026-08-10,,2026-08-16T13:48:42+00:00,BaoStock query_stock_industry,observation,medium
MEMBERSHIP_58ab900fd9e6fd8f2e93,CNINFO_ORG_gfbj0839128,INDUSTRY_af522b5025b7206d78cb,2026-08-10,,2026-08-16T13:48:42+00:00,BaoStock query_stock_industry,observation,medium
MEMBERSHIP_8dca62fea413eecfc175,CNINFO_ORG_9900026668,INDUSTRY_b90e93f47f56746b9938,2026-08-10,,2026-08-16T13:48:42+00:00,BaoStock query_stock_industry,observation,medium
MEMBERSHIP_fbac023d67a08ee8352b,CNINFO_ORG_9900023784,INDUSTRY_fcb657f75803ca816490,2026-08-10,,2026-08-16T13:48:42+00:00,BaoStock query_stock_industry,observation,medium
MEMBERSHIP_5ebf774c2787e90af450,CNINFO_ORG_9900034449,INDUSTRY_05c09799f5cd1d96eaf2,2026-08-10,,2026-08-16T13:48:42+00:00,BaoStock query_stock_industry,observation,medium
MEMBERSHIP_46609f458acec86e137e,CNINFO_ORG_9900035545,INDUSTRY_fc163d1647ca522ec4cd,2026-08-10,,2026-08-16T13:48:42+00:00,BaoStock query_stock_industry,observation,medium
MEMBERSHIP_9e6e26594fa2a8a33674,CNINFO_ORG_9900029744,INDUSTRY_857cc70f4407799bbfbc,2026-08-10,,2026-08-16T13:48:42+00:00,BaoStock query_stock_industry,observation,medium
MEMBERSHIP_4f86609d5708f91a9a4b,CNINFO_ORG_9900028821,INDUSTRY_f54ff34c4bdec689eff1,2026-08-10,,2026-08-16T13:48:42+00:00,BaoStock query_stock_industry,observation,medium
MEMBERSHIP_b9328064a60791bd3fab,CNINFO_ORG_9900030816,INDUSTRY_af522b5025b7206d78cb,2026-08-10,,2026-08-16T13:48:42+00:00,BaoStock query_stock_industry,observation,medium
MEMBERSHIP_ba4a938724704234a761,CNINFO_ORG_9900031500,INDUSTRY_eb1bb5863556657a5ed0,2026-08-10,,2026-08-16T13:48:42+00:00,BaoStock query_stock_industry,observation,medium
MEMBERSHIP_8aa7cfb5c903ac4692ce,CNINFO_ORG_9900029913,INDUSTRY_fcb657f75803ca816490,2026-08-10,,2026-08-16T13:48:42+00:00,BaoStock query_stock_industry,observation,medium
MEMBERSHIP_7d572cb8b5075c9ad286,CNINFO_ORG_9900035075,INDUSTRY_dfb3dd085310dba8a2e0,2026-08-10,,2026-08-16T13:48:42+00:00,BaoStock query_stock_industry,observation,medium
MEMBERSHIP_9be0cce09dba2a1cc676,CNINFO_ORG_9900023762,INDUSTRY_4fb51c32200208ed64a8,2026-08-10,,2026-08-16T13:48:42+00:00,BaoStock query_stock_industry,observation,medium
MEMBERSHIP_74bf02e35a51f1594bfb,CNINFO_ORG_9900023633,INDUSTRY_aff052295ad57fe9c64a,2026-08-10,,2026-08-16T13:48:42+00:00,BaoStock query_stock_industry,observation,medium
MEMBERSHIP_dff5baab2e19b061ae81,CNINFO_ORG_9900028959,INDUSTRY_34765f16a5c28d382e0e,2026-08-10,,2026-08-16T13:48:42+00:00,BaoStock query_stock_industry,observation,medium
MEMBERSHIP_64742d1ea1b60421dc57,CNINFO_ORG_9900027318,INDUSTRY_fcb657f75803ca816490,2026-08-10,,2026-08-16T13:48:42+00:00,BaoStock query_stock_industry,observation,medium
MEMBERSHIP_9910eb3d26988d3f6628,CNINFO_ORG_9900024951,INDUSTRY_9f7679f9ad900c7a65d2,2026-08-10,,2026-08-16T13:48:42+00:00,BaoStock query_stock_industry,observation,medium
MEMBERSHIP_7d657c7c40ee9d623a3e,CNINFO_ORG_9900023162,INDUSTRY_a971ce8c4913016d33d1,2026-08-10,,2026-08-16T13:48:42+00:00,BaoStock query_stock_industry,observation,medium
MEMBERSHIP_f524c925b0bfb7ae9269,CNINFO_ORG_9900034947,INDUSTRY_90d9ee5bdc1ee446fff0,2026-08-10,,2026-08-16T13:48:42+00:00,BaoStock query_stock_industry,observation,medium
MEMBERSHIP_0c3ea2bd8d39c6ef7ab0,CNINFO_ORG_9900033186,INDUSTRY_90d9ee5bdc1ee446fff0,2026-08-10,,2026-08-16T13:48:42+00:00,BaoStock query_stock_industry,observation,medium
MEMBERSHIP_dc7f17f97209169f4400,CNINFO_ORG_9900033669,INDUSTRY_3875d79da62b4dff67e8,2026-08-10,,2026-08-16T13:48:42+00:00,BaoStock query_stock_industry,observation,medium
MEMBERSHIP_bb04fd6dd658cc34191c,CNINFO_ORG_9900030535,INDUSTRY_eb1bb5863556657a5ed0,2026-08-10,,2026-08-16T13:48:42+00:00,BaoStock query_stock_industry,observation,medium
MEMBERSHIP_8479adf0159b6cd42179,CNINFO_ORG_9900034846,INDUSTRY_b90e93f47f56746b9938,2026-08-10,,2026-08-16T13:48:42+00:00,BaoStock query_stock_industry,observation,medium
MEMBERSHIP_dd271c50199b1bd2433b,CNINFO_ORG_9900023664,INDUSTRY_1ed3dfcfe2bd74cd71b3,2026-08-10,,2026-08-16T13:48:42+00:00,BaoStock query_stock_industry,observation,medium
MEMBERSHIP_c902bb25dea5babb75be,CNINFO_ORG_9900023662,INDUSTRY_4b6bcfe2a650f11508e5,2026-08-10,,2026-08-16T13:48:42+00:00,BaoStock query_stock_industry,observation,medium
MEMBERSHIP_2875f3baba8102e5e0cc,CNINFO_ORG_9900028736,INDUSTRY_4fb51c32200208ed64a8,2026-08-10,,2026-08-16T13:48:42+00:00,BaoStock query_stock_industry,observation,medium
MEMBERSHIP_db8785772e7f5aafda8a,CNINFO_ORG_9900023686,INDUSTRY_35fe091671cdb8d5f5e0,2026-08-10,,2026-08-16T13:48:42+00:00,BaoStock query_stock_industry,observation,medium
MEMBERSHIP_77c198ff9fe695d8d0a2,CNINFO_ORG_9900030530,INDUSTRY_ee9bbaf36a819df8934d,2026-08-10,,2026-08-16T13:48:42+00:00,BaoStock query_stock_industry,observation,medium
MEMBERSHIP_0199b6485d77a1f8ee12,CNINFO_ORG_9900030660,INDUSTRY_90d9ee5bdc1ee446fff0,2026-08-10,,2026-08-16T13:48:42+00:00,BaoStock query_stock_industry,observation,medium
MEMBERSHIP_2e92e652a0107c6aa6d7,CNINFO_ORG_9900030089,INDUSTRY_a971ce8c4913016d33d1,2026-08-10,,2026-08-16T13:48:42+00:00,BaoStock query_stock_industry,observation,medium
MEMBERSHIP_2a88fc014cfeb57bbe31,CNINFO_ORG_9900024646,INDUSTRY_17cf2674a1f785e3272e,2026-08-10,,2026-08-16T13:48:42+00:00,BaoStock query_stock_industry,observation,medium
MEMBERSHIP_e2125ee89adda2e783f2,CNINFO_ORG_9900033668,INDUSTRY_35fe091671cdb8d5f5e0,2026-08-10,,2026-08-16T13:48:42+00:00,BaoStock query_stock_industry,observation,medium
MEMBERSHIP_38b220e5d7cac987bb79,CNINFO_ORG_9900035565,INDUSTRY_35fe091671cdb8d5f5e0,2026-08-10,,2026-08-16T13:48:42+00:00,BaoStock query_stock_industry,observation,medium
MEMBERSHIP_af759c50d6a8c9330062,CNINFO_ORG_9900031814,INDUSTRY_af522b5025b7206d78cb,2026-08-10,,2026-08-16T13:48:42+00:00,BaoStock query_stock_industry,observation,medium
MEMBERSHIP_17cdf0f8303d36482a21,CNINFO_ORG_9900024681,INDUSTRY_3875d79da62b4dff67e8,2026-08-10,,2026-08-16T13:48:42+00:00,BaoStock query_stock_industry,observation,medium
MEMBERSHIP_c2220a3f6487711efbb0,CNINFO_ORG_9900023739,INDUSTRY_fcb657f75803ca816490,2026-08-10,,2026-08-16T13:48:42+00:00,BaoStock query_stock_industry,observation,medium
MEMBERSHIP_6c2239f93dba108589df,CNINFO_ORG_9900026772,INDUSTRY_c8598f31bb2607e3007b,2026-08-10,,2026-08-16T13:48:42+00:00,BaoStock query_stock_industry,observation,medium
MEMBERSHIP_d253df0699191a09fbd7,CNINFO_ORG_9900030580,INDUSTRY_90d9ee5bdc1ee446fff0,2026-08-10,,2026-08-16T13:48:42+00:00,BaoStock query_stock_industry,observation,medium
MEMBERSHIP_7e675982c27731ae36af,CNINFO_ORG_9900032570,INDUSTRY_e7fb954d2ab5bf5bc733,2026-08-10,,2026-08-16T13:48:42+00:00,BaoStock query_stock_industry,observation,medium
MEMBERSHIP_13c17d7e0277aa9b0b09,CNINFO_ORG_9900030777,INDUSTRY_e7fb954d2ab5bf5bc733,2026-08-10,,2026-08-16T13:48:42+00:00,BaoStock query_stock_industry,observation,medium
MEMBERSHIP_930f077d79795aab49cb,CNINFO_ORG_gfbj0430002,INDUSTRY_fcb657f75803ca816490,2026-08-10,,2026-08-16T13:48:42+00:00,BaoStock query_stock_industry,observation,medium
MEMBERSHIP_c984940181614547aa53,CNINFO_ORG_9900023749,INDUSTRY_af522b5025b7206d78cb,2026-08-10,,2026-08-16T13:48:42+00:00,BaoStock query_stock_industry,observation,medium
MEMBERSHIP_924118b1c95c05b1e6bd,CNINFO_ORG_9900024759,INDUSTRY_7f01ad7e3c5948bb7c6b,2026-08-10,,2026-08-16T13:48:42+00:00,BaoStock query_stock_industry,observation,medium
MEMBERSHIP_a052e521e2af305471c6,CNINFO_ORG_9900039864,INDUSTRY_af522b5025b7206d78cb,2026-08-10,,2026-08-16T13:48:42+00:00,BaoStock query_stock_industry,observation,medium
MEMBERSHIP_b7e66151febc76a770f5,CNINFO_ORG_9900031816,INDUSTRY_90d9ee5bdc1ee446fff0,2026-08-10,,2026-08-16T13:48:42+00:00,BaoStock query_stock_industry,observation,medium
MEMBERSHIP_9d3beb228e72068ab5d3,CNINFO_ORG_9900024943,INDUSTRY_90d9ee5bdc1ee446fff0,2026-08-10,,2026-08-16T13:48:42+00:00,BaoStock query_stock_industry,observation,medium
MEMBERSHIP_206a1f7731bb138e4931,CNINFO_ORG_gfbj0832374,INDUSTRY_be6d1ff74018fda3a9a4,2026-08-10,,2026-08-16T13:48:42+00:00,BaoStock query_stock_industry,observation,medium
MEMBERSHIP_530205cc233d01c48f10,CNINFO_ORG_9900031499,INDUSTRY_af522b5025b7206d78cb,2026-08-10,,2026-08-16T13:48:42+00:00,BaoStock query_stock_industry,observation,medium
MEMBERSHIP_eadc9d8858fcff8c6e52,CNINFO_ORG_9900023775,INDUSTRY_4fb51c32200208ed64a8,2026-08-10,,2026-08-16T13:48:42+00:00,BaoStock query_stock_industry,observation,medium
MEMBERSHIP_a51a6650c4593a62a75e,CNINFO_ORG_9900037778,INDUSTRY_af522b5025b7206d78cb,2026-08-10,,2026-08-16T13:48:42+00:00,BaoStock query_stock_industry,observation,medium
MEMBERSHIP_51dd81c455a9101152a6,CNINFO_ORG_9900034647,INDUSTRY_e7fb954d2ab5bf5bc733,2026-08-10,,2026-08-16T13:48:42+00:00,BaoStock query_stock_industry,observation,medium
MEMBERSHIP_079cac666aada1861e63,CNINFO_ORG_9900037311,INDUSTRY_e7fb954d2ab5bf5bc733,2026-08-10,,2026-08-16T13:48:42+00:00,BaoStock query_stock_industry,observation,medium
MEMBERSHIP_9b665ea36864b2ea9724,CNINFO_ORG_9900023665,INDUSTRY_17cf2674a1f785e3272e,2026-08-10,,2026-08-16T13:48:42+00:00,BaoStock query_stock_industry,observation,medium
MEMBERSHIP_1cc57936d96a8fbcb015,CNINFO_ORG_gfbj0837354,INDUSTRY_3875d79da62b4dff67e8,2026-08-10,,2026-08-16T13:48:42+00:00,BaoStock query_stock_industry,observation,medium
MEMBERSHIP_de419746a06b1ad14738,CNINFO_ORG_9900023619,INDUSTRY_3e41c6b832b570c4f5d1,2026-08-10,,2026-08-16T13:48:42+00:00,BaoStock query_stock_industry,observation,medium
MEMBERSHIP_d0fcd0ef2d0ec8d3bab4,CNINFO_ORG_9900024644,INDUSTRY_731992a46c7dd8525c17,2026-08-10,,2026-08-16T13:48:42+00:00,BaoStock query_stock_industry,observation,medium
MEMBERSHIP_243505dd218bfcfdc2a6,CNINFO_ORG_9900030536,INDUSTRY_3875d79da62b4dff67e8,2026-08-10,,2026-08-16T13:48:42+00:00,BaoStock query_stock_industry,observation,medium
MEMBERSHIP_20767a93c8046b38ec9e,CNINFO_ORG_9900029598,INDUSTRY_35fe091671cdb8d5f5e0,2026-08-10,,2026-08-16T13:48:42+00:00,BaoStock query_stock_industry,observation,medium
MEMBERSHIP_541d426f77064921df88,CNINFO_ORG_9900033064,INDUSTRY_05c09799f5cd1d96eaf2,2026-08-10,,2026-08-16T13:48:42+00:00,BaoStock query_stock_industry,observation,medium
MEMBERSHIP_0dbb968c52d41509bbb6,CNINFO_ORG_9900023704,INDUSTRY_af522b5025b7206d78cb,2026-08-10,,2026-08-16T13:48:42+00:00,BaoStock query_stock_industry,observation,medium
MEMBERSHIP_246a5c483cb68ce06b88,CNINFO_ORG_9900023685,INDUSTRY_be6d1ff74018fda3a9a4,2026-08-10,,2026-08-16T13:48:42+00:00,BaoStock query_stock_industry,observation,medium
MEMBERSHIP_537124aae85e14a07ca2,CNINFO_ORG_9900031484,INDUSTRY_8c865bedc2ef9574d2e5,2026-08-10,,2026-08-16T13:48:42+00:00,BaoStock query_stock_industry,observation,medium
MEMBERSHIP_b3c3460b32ee9e1cc9d0,CNINFO_ORG_9900032884,INDUSTRY_eb1bb5863556657a5ed0,2026-08-10,,2026-08-16T13:48:42+00:00,BaoStock query_stock_industry,observation,medium
MEMBERSHIP_87a573ee22548a57893f,CNINFO_ORG_9900026669,INDUSTRY_af522b5025b7206d78cb,2026-08-10,,2026-08-16T13:48:42+00:00,BaoStock query_stock_industry,observation,medium
MEMBERSHIP_77600b985a742b7f107e,CNINFO_ORG_9900031492,INDUSTRY_fc163d1647ca522ec4cd,2026-08-10,,2026-08-16T13:48:42+00:00,BaoStock query_stock_industry,observation,medium
MEMBERSHIP_d9057ef07d59bfa9aa6e,CNINFO_ORG_9900024796,INDUSTRY_93d93f4712457bea147b,2026-08-10,,2026-08-16T13:48:42+00:00,BaoStock query_stock_industry,observation,medium
MEMBERSHIP_cf2e767ec2f486371727,CNINFO_ORG_GD095172,INDUSTRY_af522b5025b7206d78cb,2026-08-10,,2026-08-16T13:48:42+00:00,BaoStock query_stock_industry,observation,medium
MEMBERSHIP_e81cc0ea9370e6c71eca,CNINFO_ORG_9900036555,INDUSTRY_e7fb954d2ab5bf5bc733,2026-08-10,,2026-08-16T13:48:42+00:00,BaoStock query_stock_industry,observation,medium
MEMBERSHIP_8fff9c0fd41d3bf1ce8e,CNINFO_ORG_9900029039,INDUSTRY_af522b5025b7206d78cb,2026-08-10,,2026-08-16T13:48:42+00:00,BaoStock query_stock_industry,observation,medium
MEMBERSHIP_6cfa69ddab5ca67ebf61,CNINFO_ORG_9900023733,INDUSTRY_be6d1ff74018fda3a9a4,2026-08-10,,2026-08-16T13:48:42+00:00,BaoStock query_stock_industry,observation,medium
MEMBERSHIP_1b468ffa07502502e120,CNINFO_ORG_9900026561,INDUSTRY_90d9ee5bdc1ee446fff0,2026-08-10,,2026-08-16T13:48:42+00:00,BaoStock query_stock_industry,observation,medium
MEMBERSHIP_9e399876ffa6b75c2ad2,CNINFO_ORG_9900024932,INDUSTRY_3875d79da62b4dff67e8,2026-08-10,,2026-08-16T13:48:42+00:00,BaoStock query_stock_industry,observation,medium
MEMBERSHIP_c28179dd2c9c7e3a18d1,CNINFO_ORG_9900023768,INDUSTRY_b90e93f47f56746b9938,2026-08-10,,2026-08-16T13:48:42+00:00,BaoStock query_stock_industry,observation,medium
MEMBERSHIP_52cc8c48545a65245696,CNINFO_ORG_9900023223,INDUSTRY_90d9ee5bdc1ee446fff0,2026-08-10,,2026-08-16T13:48:42+00:00,BaoStock query_stock_industry,observation,medium
MEMBERSHIP_264dc59b511421062397,CNINFO_ORG_9900029594,INDUSTRY_fcb657f75803ca816490,2026-08-10,,2026-08-16T13:48:42+00:00,BaoStock query_stock_industry,observation,medium
MEMBERSHIP_03a9dcefa2faafbe72bf,CNINFO_ORG_9900030532,INDUSTRY_b62fae243f391f69617b,2026-08-10,,2026-08-16T13:48:42+00:00,BaoStock query_stock_industry,observation,medium
MEMBERSHIP_c0bde46db5e924e35e89,CNINFO_ORG_9900036921,INDUSTRY_b62fae243f391f69617b,2026-08-10,,2026-08-16T13:48:42+00:00,BaoStock query_stock_industry,observation,medium
MEMBERSHIP_16ff33f4cbdd43e504af,CNINFO_ORG_gshk0003993,INDUSTRY_515421a19bebcbe891cf,2026-08-10,,2026-08-16T13:48:42+00:00,BaoStock query_stock_industry,observation,medium
MEMBERSHIP_89f0e9a93a2fdc5a8713,CNINFO_ORG_9900037183,INDUSTRY_f54ff34c4bdec689eff1,2026-08-10,,2026-08-16T13:48:42+00:00,BaoStock query_stock_industry,observation,medium
MEMBERSHIP_37f3a9ac87aedbf214ff,CNINFO_ORG_9900023694,INDUSTRY_e7fb954d2ab5bf5bc733,2026-08-10,,2026-08-16T13:48:42+00:00,BaoStock query_stock_industry,observation,medium
MEMBERSHIP_399f8c3269ccce6c5fad,CNINFO_ORG_9900023772,INDUSTRY_eb1bb5863556657a5ed0,2026-08-10,,2026-08-16T13:48:42+00:00,BaoStock query_stock_industry,observation,medium
MEMBERSHIP_4e9f41750fbcad3f99c2,CNINFO_ORG_9900026062,INDUSTRY_979f61913dc6006fe56d,2026-08-10,,2026-08-16T13:48:42+00:00,BaoStock query_stock_industry,observation,medium
MEMBERSHIP_e7a1e595d87c46501967,CNINFO_ORG_9900039785,INDUSTRY_ad86b4a2a3856ba2d571,2026-08-10,,2026-08-16T13:48:42+00:00,BaoStock query_stock_industry,observation,medium
MEMBERSHIP_3d43c0484d6d303ed91d,CNINFO_ORG_9900039803,INDUSTRY_a971ce8c4913016d33d1,2026-08-10,,2026-08-16T13:48:42+00:00,BaoStock query_stock_industry,observation,medium
MEMBERSHIP_8c6916ed35754b9c3b5a,CNINFO_ORG_9900039817,INDUSTRY_e7fb954d2ab5bf5bc733,2026-08-10,,2026-08-16T13:48:42+00:00,BaoStock query_stock_industry,observation,medium
MEMBERSHIP_68cfcc9d42ede0e6b1ff,CNINFO_ORG_9900033212,INDUSTRY_7063d42ae24daea94a9c,2026-08-10,,2026-08-16T13:48:42+00:00,BaoStock query_stock_industry,observation,medium
MEMBERSHIP_3aec1f2a9ca38f65b64c,CNINFO_ORG_9900039805,INDUSTRY_ee7eb75e38ebcde947a9,2026-08-10,,2026-08-16T13:48:42+00:00,BaoStock query_stock_industry,observation,medium
MEMBERSHIP_583a2f19ebaef7966f66,CNINFO_ORG_9900039739,INDUSTRY_af522b5025b7206d78cb,2026-08-10,,2026-08-16T13:48:42+00:00,BaoStock query_stock_industry,observation,medium
MEMBERSHIP_f62b85ddd16afd9d5691,CNINFO_ORG_9900039806,INDUSTRY_ee7eb75e38ebcde947a9,2026-08-10,,2026-08-16T13:48:42+00:00,BaoStock query_stock_industry,observation,medium
MEMBERSHIP_851852f35715cc2f96b3,CNINFO_ORG_9900039850,INDUSTRY_f9da9c9738f21980b6d7,2026-08-10,,2026-08-16T13:48:42+00:00,BaoStock query_stock_industry,observation,medium
MEMBERSHIP_d55cd1daa4eab8e58473,CNINFO_ORG_9900041707,INDUSTRY_34765f16a5c28d382e0e,2026-08-10,,2026-08-16T13:48:42+00:00,BaoStock query_stock_industry,observation,medium
MEMBERSHIP_24c304ed7f11eddb6006,CNINFO_ORG_9900039843,INDUSTRY_e7fb954d2ab5bf5bc733,2026-08-10,,2026-08-16T13:48:42+00:00,BaoStock query_stock_industry,observation,medium
MEMBERSHIP_ddfcbbe23ff0f7a104ef,CNINFO_ORG_9900041940,INDUSTRY_af522b5025b7206d78cb,2026-08-10,,2026-08-16T13:48:42+00:00,BaoStock query_stock_industry,observation,medium
MEMBERSHIP_3900da3604534c4248d6,CNINFO_ORG_9900041666,INDUSTRY_f9da9c9738f21980b6d7,2026-08-10,,2026-08-16T13:48:42+00:00,BaoStock query_stock_industry,observation,medium
MEMBERSHIP_a8010e6340b1346e289e,CNINFO_ORG_9900047435,INDUSTRY_af522b5025b7206d78cb,2026-08-10,,2026-08-16T13:48:42+00:00,BaoStock query_stock_industry,observation,medium
MEMBERSHIP_31ef1a334622d910178c,CNINFO_ORG_9900039818,INDUSTRY_05c09799f5cd1d96eaf2,2026-08-10,,2026-08-16T13:48:42+00:00,BaoStock query_stock_industry,observation,medium
MEMBERSHIP_182158f77b9223b33f5c,CNINFO_ORG_9900039766,INDUSTRY_a971ce8c4913016d33d1,2026-08-10,,2026-08-16T13:48:42+00:00,BaoStock query_stock_industry,observation,medium
MEMBERSHIP_d11abaa66729cbd4bb17,CNINFO_ORG_9900041878,INDUSTRY_8c865bedc2ef9574d2e5,2026-08-10,,2026-08-16T13:48:42+00:00,BaoStock query_stock_industry,observation,medium
MEMBERSHIP_febdbc176605f7b0ca1f,CNINFO_ORG_9900039836,INDUSTRY_90d9ee5bdc1ee446fff0,2026-08-10,,2026-08-16T13:48:42+00:00,BaoStock query_stock_industry,observation,medium
MEMBERSHIP_ef71b11de2454db2d3d5,CNINFO_ORG_9900039810,INDUSTRY_35fe091671cdb8d5f5e0,2026-08-10,,2026-08-16T13:48:42+00:00,BaoStock query_stock_industry,observation,medium
MEMBERSHIP_6ec7aef872c0021fe51f,CNINFO_ORG_9900039721,INDUSTRY_b90e93f47f56746b9938,2026-08-10,,2026-08-16T13:48:42+00:00,BaoStock query_stock_industry,observation,medium
MEMBERSHIP_a1a34b018fb2378e3408,CNINFO_ORG_9900039848,INDUSTRY_3e41c6b832b570c4f5d1,2026-08-10,,2026-08-16T13:48:42+00:00,BaoStock query_stock_industry,observation,medium
MEMBERSHIP_6bbea0ebc356f204cb5f,CNINFO_ORG_9900027354,INDUSTRY_ee9bbaf36a819df8934d,2026-08-10,,2026-08-16T13:48:42+00:00,BaoStock query_stock_industry,observation,medium
MEMBERSHIP_dbd3290c0c78f60085f2,CNINFO_ORG_9900039807,INDUSTRY_34765f16a5c28d382e0e,2026-08-10,,2026-08-16T13:48:42+00:00,BaoStock query_stock_industry,observation,medium
MEMBERSHIP_d38c87716c928d6653a1,CNINFO_ORG_9900041946,INDUSTRY_a971ce8c4913016d33d1,2026-08-10,,2026-08-16T13:48:42+00:00,BaoStock query_stock_industry,observation,medium
MEMBERSHIP_8c39835b78aa6ec9b6b4,CNINFO_ORG_9900041409,INDUSTRY_8fab289e14a3787baa9b,2026-08-10,,2026-08-16T13:48:42+00:00,BaoStock query_stock_industry,observation,medium
MEMBERSHIP_73a3027be008b8f9cfe3,CNINFO_ORG_gfbj0834175,INDUSTRY_e7fb954d2ab5bf5bc733,2026-08-10,,2026-08-16T13:48:42+00:00,BaoStock query_stock_industry,observation,medium
MEMBERSHIP_fcb1da5fc4b9e283f7b8,CNINFO_ORG_9900043037,INDUSTRY_06f2dd83830b4e6e7446,2026-08-10,,2026-08-16T13:48:42+00:00,BaoStock query_stock_industry,observation,medium
MEMBERSHIP_2cd08c85c87b4b413134,CNINFO_ORG_9900037724,INDUSTRY_2b12590880b654376532,2026-08-10,,2026-08-16T13:48:42+00:00,BaoStock query_stock_industry,observation,medium
MEMBERSHIP_6a0ab1d380a544ead88b,CNINFO_ORG_gfbj0831891,INDUSTRY_c8bacf718e8395c6b293,2026-08-10,,2026-08-16T13:48:42+00:00,BaoStock query_stock_industry,observation,medium
MEMBERSHIP_337d3770f9051852b559,CNINFO_ORG_9900039858,INDUSTRY_b62fae243f391f69617b,2026-08-10,,2026-08-16T13:48:42+00:00,BaoStock query_stock_industry,observation,medium
MEMBERSHIP_6d5807f045694fdae831,CNINFO_ORG_gfbj0837398,INDUSTRY_35fe091671cdb8d5f5e0,2026-08-10,,2026-08-16T13:48:42+00:00,BaoStock query_stock_industry,observation,medium
MEMBERSHIP_33a2f18e9d703ae4adf1,CNINFO_ORG_9900033223,INDUSTRY_fe99163509953259196a,2026-08-10,,2026-08-16T13:48:42+00:00,BaoStock query_stock_industry,observation,medium
MEMBERSHIP_f38237f8535a1576d292,CNINFO_ORG_gfbj0838147,INDUSTRY_90d9ee5bdc1ee446fff0,2026-08-10,,2026-08-16T13:48:42+00:00,BaoStock query_stock_industry,observation,medium
MEMBERSHIP_4e1f06bb2eb83737de0a,CNINFO_ORG_9900039801,INDUSTRY_eb1bb5863556657a5ed0,2026-08-10,,2026-08-16T13:48:42+00:00,BaoStock query_stock_industry,observation,medium
MEMBERSHIP_5e77ec6b7125eac5dedd,CNINFO_ORG_9900039788,INDUSTRY_b90e93f47f56746b9938,2026-08-10,,2026-08-16T13:48:42+00:00,BaoStock query_stock_industry,observation,medium
MEMBERSHIP_193660477f8d3b3890e0,CNINFO_ORG_9900039790,INDUSTRY_90d9ee5bdc1ee446fff0,2026-08-10,,2026-08-16T13:48:42+00:00,BaoStock query_stock_industry,observation,medium
MEMBERSHIP_8336e0ec17fccb5c9494,CNINFO_ORG_9900039751,INDUSTRY_7063d42ae24daea94a9c,2026-08-10,,2026-08-16T13:48:42+00:00,BaoStock query_stock_industry,observation,medium
MEMBERSHIP_1c7ed0a182a2ad3d196c,CNINFO_ORG_9900039842,INDUSTRY_be6d1ff74018fda3a9a4,2026-08-10,,2026-08-16T13:48:42+00:00,BaoStock query_stock_industry,observation,medium
MEMBERSHIP_1aed5af9169a1e6e527f,CNINFO_ORG_9900037900,INDUSTRY_e7fb954d2ab5bf5bc733,2026-08-10,,2026-08-16T13:48:42+00:00,BaoStock query_stock_industry,observation,medium
MEMBERSHIP_add2ff34fd01d1fc3dff,CNINFO_ORG_9900039741,INDUSTRY_e7fb954d2ab5bf5bc733,2026-08-10,,2026-08-16T13:48:42+00:00,BaoStock query_stock_industry,observation,medium
MEMBERSHIP_cd31997fae337dd9f70c,CNINFO_ORG_9900033670,INDUSTRY_4fb51c32200208ed64a8,2026-08-10,,2026-08-16T13:48:42+00:00,BaoStock query_stock_industry,observation,medium
MEMBERSHIP_24221cc2df596642c11a,CNINFO_ORG_9900041910,INDUSTRY_857cc70f4407799bbfbc,2026-08-10,,2026-08-16T13:48:42+00:00,BaoStock query_stock_industry,observation,medium
MEMBERSHIP_54cf5ab4cdf7265bf58f,CNINFO_ORG_9900032989,INDUSTRY_e7fb954d2ab5bf5bc733,2026-08-10,,2026-08-16T13:48:42+00:00,BaoStock query_stock_industry,observation,medium
MEMBERSHIP_a3e13a94861fcbec55fd,CNINFO_ORG_9900039759,INDUSTRY_a971ce8c4913016d33d1,2026-08-10,,2026-08-16T13:48:42+00:00,BaoStock query_stock_industry,observation,medium
MEMBERSHIP_08782de2eabad5223e56,CNINFO_ORG_9900034523,INDUSTRY_be6d1ff74018fda3a9a4,2026-08-10,,2026-08-16T13:48:42+00:00,BaoStock query_stock_industry,observation,medium
MEMBERSHIP_0097b516d1d565587d7f,CNINFO_ORG_9900039948,INDUSTRY_f9da9c9738f21980b6d7,2026-08-10,,2026-08-16T13:48:42+00:00,BaoStock query_stock_industry,observation,medium
MEMBERSHIP_25c88e30982da1bd33d3,CNINFO_ORG_gfbj0870755,INDUSTRY_af522b5025b7206d78cb,2026-08-10,,2026-08-16T13:48:42+00:00,BaoStock query_stock_industry,observation,medium
MEMBERSHIP_5a938a05be5ae0ee577b,CNINFO_ORG_nssc1000345,INDUSTRY_17cf2674a1f785e3272e,2026-08-10,,2026-08-16T13:48:42+00:00,BaoStock query_stock_industry,observation,medium
MEMBERSHIP_4d01ef2705bb1be1729b,CNINFO_ORG_gfbj0832288,INDUSTRY_91e10380fe1770769bdb,2026-08-10,,2026-08-16T13:48:42+00:00,BaoStock query_stock_industry,observation,medium
MEMBERSHIP_ae379ee8eaf581297a6c,CNINFO_ORG_9900039840,INDUSTRY_2b12590880b654376532,2026-08-10,,2026-08-16T13:48:42+00:00,BaoStock query_stock_industry,observation,medium
MEMBERSHIP_654228a06dfad776d998,CNINFO_ORG_9900039857,INDUSTRY_eb1bb5863556657a5ed0,2026-08-10,,2026-08-16T13:48:42+00:00,BaoStock query_stock_industry,observation,medium
MEMBERSHIP_a10568a3efbd8aac0183,CNINFO_ORG_9900035580,INDUSTRY_1395c3d9f1fe1a080e75,2026-08-10,,2026-08-16T13:48:42+00:00,BaoStock query_stock_industry,observation,medium
MEMBERSHIP_7522aec9a9ddb0578720,CNINFO_ORG_9900039760,INDUSTRY_34765f16a5c28d382e0e,2026-08-10,,2026-08-16T13:48:42+00:00,BaoStock query_stock_industry,observation,medium
MEMBERSHIP_7b214de8643ac6d16f67,CNINFO_ORG_9900039860,INDUSTRY_a971ce8c4913016d33d1,2026-08-10,,2026-08-16T13:48:42+00:00,BaoStock query_stock_industry,observation,medium
MEMBERSHIP_6d138a5b5637e9de12f7,CNINFO_ORG_gfbj0833656,INDUSTRY_af522b5025b7206d78cb,2026-08-10,,2026-08-16T13:48:42+00:00,BaoStock query_stock_industry,observation,medium
MEMBERSHIP_4dfb1b4924d99e71c4fb,CNINFO_ORG_9900039753,INDUSTRY_3875d79da62b4dff67e8,2026-08-10,,2026-08-16T13:48:42+00:00,BaoStock query_stock_industry,observation,medium
MEMBERSHIP_9f31ce1871e268e63459,CNINFO_ORG_9900039746,INDUSTRY_4fb51c32200208ed64a8,2026-08-10,,2026-08-16T13:48:42+00:00,BaoStock query_stock_industry,observation,medium
MEMBERSHIP_5727f892b308611f6b7c,CNINFO_ORG_gfbj0870898,INDUSTRY_a971ce8c4913016d33d1,2026-08-10,,2026-08-16T13:48:42+00:00,BaoStock query_stock_industry,observation,medium
MEMBERSHIP_815df4758c9729521909,CNINFO_ORG_gfbj0837020,INDUSTRY_b90e93f47f56746b9938,2026-08-10,,2026-08-16T13:48:42+00:00,BaoStock query_stock_industry,observation,medium
MEMBERSHIP_687c4b428b4ebef5d6b9,CNINFO_ORG_gshk0008259,INDUSTRY_c8598f31bb2607e3007b,2026-08-10,,2026-08-16T13:48:42+00:00,BaoStock query_stock_industry,observation,medium
MEMBERSHIP_ce062b8acd87477ecf02,CNINFO_ORG_9900039731,INDUSTRY_eb1bb5863556657a5ed0,2026-08-10,,2026-08-16T13:48:42+00:00,BaoStock query_stock_industry,observation,medium
MEMBERSHIP_8ebe45f52628f031f73e,CNINFO_ORG_9900039946,INDUSTRY_fc163d1647ca522ec4cd,2026-08-10,,2026-08-16T13:48:42+00:00,BaoStock query_stock_industry,observation,medium
MEMBERSHIP_51025d382e649f23e1ae,CNINFO_ORG_9900039725,INDUSTRY_90d9ee5bdc1ee446fff0,2026-08-10,,2026-08-16T13:48:42+00:00,BaoStock query_stock_industry,observation,medium
MEMBERSHIP_d4027bbd9f9a55f9ad86,CNINFO_ORG_9900039833,INDUSTRY_b90e93f47f56746b9938,2026-08-10,,2026-08-16T13:48:42+00:00,BaoStock query_stock_industry,observation,medium
MEMBERSHIP_4f3157247aa58e50e359,CNINFO_ORG_9900039800,INDUSTRY_e7fb954d2ab5bf5bc733,2026-08-10,,2026-08-16T13:48:42+00:00,BaoStock query_stock_industry,observation,medium
MEMBERSHIP_d253be3ad4fd00a2cdd6,CNINFO_ORG_9900039799,INDUSTRY_b62fae243f391f69617b,2026-08-10,,2026-08-16T13:48:42+00:00,BaoStock query_stock_industry,observation,medium
MEMBERSHIP_4684f71d4c1630f661c2,CNINFO_ORG_gfbj0870554,INDUSTRY_90d9ee5bdc1ee446fff0,2026-08-10,,2026-08-16T13:48:42+00:00,BaoStock query_stock_industry,observation,medium
MEMBERSHIP_3c1ff1cdda65bd2599ef,CNINFO_ORG_9900041944,INDUSTRY_35fe091671cdb8d5f5e0,2026-08-10,,2026-08-16T13:48:42+00:00,BaoStock query_stock_industry,observation,medium
MEMBERSHIP_a751238bce0ffabe8923,CNINFO_ORG_9900035301,INDUSTRY_4fb51c32200208ed64a8,2026-08-10,,2026-08-16T13:48:42+00:00,BaoStock query_stock_industry,observation,medium
MEMBERSHIP_94071f4045123d937a59,CNINFO_ORG_9900039804,INDUSTRY_be6d1ff74018fda3a9a4,2026-08-10,,2026-08-16T13:48:42+00:00,BaoStock query_stock_industry,observation,medium
MEMBERSHIP_93f6c6330e0c3b987c65,CNINFO_ORG_9900039816,INDUSTRY_b90e93f47f56746b9938,2026-08-10,,2026-08-16T13:48:42+00:00,BaoStock query_stock_industry,observation,medium
MEMBERSHIP_d077754b4055f1b2f1e4,CNINFO_ORG_9900040546,INDUSTRY_35fe091671cdb8d5f5e0,2026-08-10,,2026-08-16T13:48:42+00:00,BaoStock query_stock_industry,observation,medium
MEMBERSHIP_7b78d2f3111c2c33048c,CNINFO_ORG_9900041678,INDUSTRY_1395c3d9f1fe1a080e75,2026-08-10,,2026-08-16T13:48:42+00:00,BaoStock query_stock_industry,observation,medium
MEMBERSHIP_7183342bc48707461023,CNINFO_ORG_9900038386,INDUSTRY_b90e93f47f56746b9938,2026-08-10,,2026-08-16T13:48:42+00:00,BaoStock query_stock_industry,observation,medium
MEMBERSHIP_760dbd287618a9df5a65,CNINFO_ORG_gfbj0430662,INDUSTRY_1395c3d9f1fe1a080e75,2026-08-10,,2026-08-16T13:48:42+00:00,BaoStock query_stock_industry,observation,medium
MEMBERSHIP_6643d098e0151c27de0f,CNINFO_ORG_9900033227,INDUSTRY_9b846d32ce44d8ac60c7,2026-08-10,,2026-08-16T13:48:42+00:00,BaoStock query_stock_industry,observation,medium
MEMBERSHIP_1d2561acc3315982c919,CNINFO_ORG_gfbj0833643,INDUSTRY_ad86b4a2a3856ba2d571,2026-08-10,,2026-08-16T13:48:42+00:00,BaoStock query_stock_industry,observation,medium
MEMBERSHIP_5e720019b626d2064b4a,CNINFO_ORG_gfbj0839064,INDUSTRY_4b6bcfe2a650f11508e5,2026-08-10,,2026-08-16T13:48:42+00:00,BaoStock query_stock_industry,observation,medium
MEMBERSHIP_3a15d20ec46dcc643161,CNINFO_ORG_9900041607,INDUSTRY_34765f16a5c28d382e0e,2026-08-10,,2026-08-16T13:48:42+00:00,BaoStock query_stock_industry,observation,medium
MEMBERSHIP_6db6be35d788af962e74,CNINFO_ORG_9900031489,INDUSTRY_17cf2674a1f785e3272e,2026-08-10,,2026-08-16T13:48:42+00:00,BaoStock query_stock_industry,observation,medium
MEMBERSHIP_c3e1e8c7b593cac75895,CNINFO_ORG_gfbj0831344,INDUSTRY_3875d79da62b4dff67e8,2026-08-10,,2026-08-16T13:48:42+00:00,BaoStock query_stock_industry,observation,medium
MEMBERSHIP_65410bb34b181d1c73fd,CNINFO_ORG_9900039809,INDUSTRY_6dac68c9cedde793b110,2026-08-10,,2026-08-16T13:48:42+00:00,BaoStock query_stock_industry,observation,medium
MEMBERSHIP_dca16fae705f84b8d000,CNINFO_ORG_9900039945,INDUSTRY_e7fb954d2ab5bf5bc733,2026-08-10,,2026-08-16T13:48:42+00:00,BaoStock query_stock_industry,observation,medium
MEMBERSHIP_1f8b736e4d136518f780,CNINFO_ORG_9900038389,INDUSTRY_e7fb954d2ab5bf5bc733,2026-08-10,,2026-08-16T13:48:42+00:00,BaoStock query_stock_industry,observation,medium
MEMBERSHIP_484250cc537065aba577,CNINFO_ORG_9900039798,INDUSTRY_b90e93f47f56746b9938,2026-08-10,,2026-08-16T13:48:42+00:00,BaoStock query_stock_industry,observation,medium
MEMBERSHIP_09d097ea88da57730637,CNINFO_ORG_9900039750,INDUSTRY_c8598f31bb2607e3007b,2026-08-10,,2026-08-16T13:48:42+00:00,BaoStock query_stock_industry,observation,medium
MEMBERSHIP_bc111df84f12f4ae171b,CNINFO_ORG_9900039853,INDUSTRY_34765f16a5c28d382e0e,2026-08-10,,2026-08-16T13:48:42+00:00,BaoStock query_stock_industry,observation,medium
MEMBERSHIP_799ebf7c8872adba271b,CNINFO_ORG_9900037308,INDUSTRY_34765f16a5c28d382e0e,2026-08-10,,2026-08-16T13:48:42+00:00,BaoStock query_stock_industry,observation,medium
MEMBERSHIP_9dcf403741cf6646996b,CNINFO_ORG_9900038308,INDUSTRY_90d9ee5bdc1ee446fff0,2026-08-10,,2026-08-16T13:48:42+00:00,BaoStock query_stock_industry,observation,medium
MEMBERSHIP_473f33791eed660188df,CNINFO_ORG_nssc1000221,INDUSTRY_b90e93f47f56746b9938,2026-08-10,,2026-08-16T13:48:42+00:00,BaoStock query_stock_industry,observation,medium
MEMBERSHIP_6815552bb08f6fce65d3,CNINFO_ORG_9900039786,INDUSTRY_af522b5025b7206d78cb,2026-08-10,,2026-08-16T13:48:42+00:00,BaoStock query_stock_industry,observation,medium
MEMBERSHIP_6efdc16079316c88d90a,CNINFO_ORG_9900023971,INDUSTRY_2b12590880b654376532,2026-08-10,,2026-08-16T13:48:42+00:00,BaoStock query_stock_industry,observation,medium
MEMBERSHIP_9b1855d3f92d77e4af0c,CNINFO_ORG_9900039863,INDUSTRY_3875d79da62b4dff67e8,2026-08-10,,2026-08-16T13:48:42+00:00,BaoStock query_stock_industry,observation,medium
MEMBERSHIP_9884c2f89dcd07b2128e,CNINFO_ORG_gfbj0871363,INDUSTRY_90d9ee5bdc1ee446fff0,2026-08-10,,2026-08-16T13:48:42+00:00,BaoStock query_stock_industry,observation,medium
MEMBERSHIP_f5ef969b3c0217c820c9,CNINFO_ORG_gfbj0832514,INDUSTRY_ee7eb75e38ebcde947a9,2026-08-10,,2026-08-16T13:48:42+00:00,BaoStock query_stock_industry,observation,medium
MEMBERSHIP_f6babef68308452a1a36,CNINFO_ORG_9900039787,INDUSTRY_b90e93f47f56746b9938,2026-08-10,,2026-08-16T13:48:42+00:00,BaoStock query_stock_industry,observation,medium
MEMBERSHIP_3762278de58613c2fc64,CNINFO_ORG_9900039814,INDUSTRY_c8598f31bb2607e3007b,2026-08-10,,2026-08-16T13:48:42+00:00,BaoStock query_stock_industry,observation,medium
MEMBERSHIP_55888161ffcbcf3c954f,CNINFO_ORG_9900039835,INDUSTRY_35fe091671cdb8d5f5e0,2026-08-10,,2026-08-16T13:48:42+00:00,BaoStock query_stock_industry,observation,medium
MEMBERSHIP_838fdcbd2ef95174d17a,CNINFO_ORG_9900039824,INDUSTRY_fcb657f75803ca816490,2026-08-10,,2026-08-16T13:48:42+00:00,BaoStock query_stock_industry,observation,medium
MEMBERSHIP_2222cee2c8a389d81f54,CNINFO_ORG_9900039742,INDUSTRY_af522b5025b7206d78cb,2026-08-10,,2026-08-16T13:48:42+00:00,BaoStock query_stock_industry,observation,medium
MEMBERSHIP_bd881979930f52816cc9,CNINFO_ORG_nssc1000227,INDUSTRY_b62fae243f391f69617b,2026-08-10,,2026-08-16T13:48:42+00:00,BaoStock query_stock_industry,observation,medium
MEMBERSHIP_8773952947497012723d,CNINFO_ORG_9900041766,INDUSTRY_c8598f31bb2607e3007b,2026-08-10,,2026-08-16T13:48:42+00:00,BaoStock query_stock_industry,observation,medium
MEMBERSHIP_68e1a4a00f0fa8aded8b,CNINFO_ORG_9900039734,INDUSTRY_ee7eb75e38ebcde947a9,2026-08-10,,2026-08-16T13:48:42+00:00,BaoStock query_stock_industry,observation,medium
MEMBERSHIP_93e68e89c6a7b7e9f62a,CNINFO_ORG_nssc1000172,INDUSTRY_eb1bb5863556657a5ed0,2026-08-10,,2026-08-16T13:48:42+00:00,BaoStock query_stock_industry,observation,medium
MEMBERSHIP_4d5766a89ba2d4f12ccd,CNINFO_ORG_nssc1000733,INDUSTRY_b90e93f47f56746b9938,2026-08-10,,2026-08-16T13:48:42+00:00,BaoStock query_stock_industry,observation,medium
MEMBERSHIP_9ce5f0be7930f7a9e7e9,CNINFO_ORG_nssc1000534,INDUSTRY_af522b5025b7206d78cb,2026-08-10,,2026-08-16T13:48:42+00:00,BaoStock query_stock_industry,observation,medium
MEMBERSHIP_12eb668b86fb110f971a,CNINFO_ORG_nssc1000786,INDUSTRY_06f2dd83830b4e6e7446,2026-08-10,,2026-08-16T13:48:42+00:00,BaoStock query_stock_industry,observation,medium
MEMBERSHIP_5b62a9e8d705ed6fca0d,CNINFO_ORG_nssc1000394,INDUSTRY_979f61913dc6006fe56d,2026-08-10,,2026-08-16T13:48:42+00:00,BaoStock query_stock_industry,observation,medium
MEMBERSHIP_239dc3dcad4389ec8693,CNINFO_ORG_gfbj0872062,INDUSTRY_f9da9c9738f21980b6d7,2026-08-10,,2026-08-16T13:48:42+00:00,BaoStock query_stock_industry,observation,medium
MEMBERSHIP_621be874e32ffb8e7a54,CNINFO_ORG_nssc1000573,INDUSTRY_90d9ee5bdc1ee446fff0,2026-08-10,,2026-08-16T13:48:42+00:00,BaoStock query_stock_industry,observation,medium
MEMBERSHIP_1049334d08524eea6143,CNINFO_ORG_9900028008,INDUSTRY_af522b5025b7206d78cb,2026-08-10,,2026-08-16T13:48:42+00:00,BaoStock query_stock_industry,observation,medium
MEMBERSHIP_986e526f331ae213e726,CNINFO_ORG_nssc1000167,INDUSTRY_17cf2674a1f785e3272e,2026-08-10,,2026-08-16T13:48:42+00:00,BaoStock query_stock_industry,observation,medium
MEMBERSHIP_85f051696af31759f727,CNINFO_ORG_nssc1000538,INDUSTRY_4fb51c32200208ed64a8,2026-08-10,,2026-08-16T13:48:42+00:00,BaoStock query_stock_industry,observation,medium
MEMBERSHIP_799bf110a9531901e16d,CNINFO_ORG_9900038969,INDUSTRY_3875d79da62b4dff67e8,2026-08-10,,2026-08-16T13:48:42+00:00,BaoStock query_stock_industry,observation,medium
MEMBERSHIP_fb9150b7f1ff8785f162,CNINFO_ORG_9900038939,INDUSTRY_90d9ee5bdc1ee446fff0,2026-08-10,,2026-08-16T13:48:42+00:00,BaoStock query_stock_industry,observation,medium
MEMBERSHIP_341835f0b1ab32bad07a,CNINFO_ORG_gfbj0833231,INDUSTRY_3875d79da62b4dff67e8,2026-08-10,,2026-08-16T13:48:42+00:00,BaoStock query_stock_industry,observation,medium
MEMBERSHIP_61dbb48bbc2245068573,CNINFO_ORG_gfbj0871038,INDUSTRY_fcb657f75803ca816490,2026-08-10,,2026-08-16T13:48:42+00:00,BaoStock query_stock_industry,observation,medium
MEMBERSHIP_b92104c342fe4487490f,CNINFO_ORG_9900038937,INDUSTRY_90d9ee5bdc1ee446fff0,2026-08-10,,2026-08-16T13:48:42+00:00,BaoStock query_stock_industry,observation,medium
MEMBERSHIP_b8236af4b3a9a85226f2,CNINFO_ORG_9900037551,INDUSTRY_3875d79da62b4dff67e8,2026-08-10,,2026-08-16T13:48:42+00:00,BaoStock query_stock_industry,observation,medium
MEMBERSHIP_e82985068bcf511bc222,CNINFO_ORG_9900038970,INDUSTRY_90d9ee5bdc1ee446fff0,2026-08-10,,2026-08-16T13:48:42+00:00,BaoStock query_stock_industry,observation,medium
MEMBERSHIP_bb65b354e6ca3b08a7d7,CNINFO_ORG_9900039002,INDUSTRY_90d9ee5bdc1ee446fff0,2026-08-10,,2026-08-16T13:48:42+00:00,BaoStock query_stock_industry,observation,medium
MEMBERSHIP_358cade959a5645aaabb,CNINFO_ORG_9900030958,INDUSTRY_ad86b4a2a3856ba2d571,2026-08-10,,2026-08-16T13:48:42+00:00,BaoStock query_stock_industry,observation,medium
MEMBERSHIP_0a830a962b957b983213,CNINFO_ORG_9900038992,INDUSTRY_735889820fa0518be404,2026-08-10,,2026-08-16T13:48:42+00:00,BaoStock query_stock_industry,observation,medium
MEMBERSHIP_e9e4a76c23adfdc9b4b0,CNINFO_ORG_9900038995,INDUSTRY_90d9ee5bdc1ee446fff0,2026-08-10,,2026-08-16T13:48:42+00:00,BaoStock query_stock_industry,observation,medium
MEMBERSHIP_b3e3138d6f14cdecb3c1,CNINFO_ORG_9900038991,INDUSTRY_3875d79da62b4dff67e8,2026-08-10,,2026-08-16T13:48:42+00:00,BaoStock query_stock_industry,observation,medium
MEMBERSHIP_9fd88418cdfbb765d41a,CNINFO_ORG_nssc1000493,INDUSTRY_3875d79da62b4dff67e8,2026-08-10,,2026-08-16T13:48:42+00:00,BaoStock query_stock_industry,observation,medium
MEMBERSHIP_51716c7f729da15b27ab,CNINFO_ORG_9900038993,INDUSTRY_ad86b4a2a3856ba2d571,2026-08-10,,2026-08-16T13:48:42+00:00,BaoStock query_stock_industry,observation,medium
MEMBERSHIP_054aa16fcd9f30d85078,CNINFO_ORG_9900039142,INDUSTRY_3875d79da62b4dff67e8,2026-08-10,,2026-08-16T13:48:42+00:00,BaoStock query_stock_industry,observation,medium
MEMBERSHIP_a543081c5c00322dac3f,CNINFO_ORG_9900041602,INDUSTRY_35fe091671cdb8d5f5e0,2026-08-10,,2026-08-16T13:48:42+00:00,BaoStock query_stock_industry,observation,medium
MEMBERSHIP_1028ba7cbff3a62e07ff,CNINFO_ORG_9900039017,INDUSTRY_fcb657f75803ca816490,2026-08-10,,2026-08-16T13:48:42+00:00,BaoStock query_stock_industry,observation,medium
MEMBERSHIP_6104646d4afd1d4270c4,CNINFO_ORG_9900038987,INDUSTRY_90d9ee5bdc1ee446fff0,2026-08-10,,2026-08-16T13:48:42+00:00,BaoStock query_stock_industry,observation,medium
MEMBERSHIP_6e20962c576a5a43e662,CNINFO_ORG_9900033190,INDUSTRY_90d9ee5bdc1ee446fff0,2026-08-10,,2026-08-16T13:48:42+00:00,BaoStock query_stock_industry,observation,medium
MEMBERSHIP_0d7c35303d36f04e34a8,CNINFO_ORG_9900039287,INDUSTRY_3875d79da62b4dff67e8,2026-08-10,,2026-08-16T13:48:42+00:00,BaoStock query_stock_industry,observation,medium
MEMBERSHIP_a836091cce0d4f59dcb2,CNINFO_ORG_9900039049,INDUSTRY_3875d79da62b4dff67e8,2026-08-10,,2026-08-16T13:48:42+00:00,BaoStock query_stock_industry,observation,medium
MEMBERSHIP_fd572c85d8bb7156af09,CNINFO_ORG_9900039124,INDUSTRY_fcb657f75803ca816490,2026-08-10,,2026-08-16T13:48:42+00:00,BaoStock query_stock_industry,observation,medium
MEMBERSHIP_8cf9ffdafd385e5f69a6,CNINFO_ORG_gfbj0870105,INDUSTRY_90d9ee5bdc1ee446fff0,2026-08-10,,2026-08-16T13:48:42+00:00,BaoStock query_stock_industry,observation,medium
MEMBERSHIP_a314cee1e5a0a24ac1a0,CNINFO_ORG_gfbj0834589,INDUSTRY_b62fae243f391f69617b,2026-08-10,,2026-08-16T13:48:42+00:00,BaoStock query_stock_industry,observation,medium
MEMBERSHIP_8f7e7008b365c8c3adf3,CNINFO_ORG_9900038967,INDUSTRY_90d9ee5bdc1ee446fff0,2026-08-10,,2026-08-16T13:48:42+00:00,BaoStock query_stock_industry,observation,medium
MEMBERSHIP_01993577af1082c9722a,CNINFO_ORG_9900039154,INDUSTRY_35fe091671cdb8d5f5e0,2026-08-10,,2026-08-16T13:48:42+00:00,BaoStock query_stock_industry,observation,medium
MEMBERSHIP_b4e45d429dabd8bd0629,CNINFO_ORG_gfbj0834229,INDUSTRY_3875d79da62b4dff67e8,2026-08-10,,2026-08-16T13:48:42+00:00,BaoStock query_stock_industry,observation,medium
MEMBERSHIP_31dfa60623198fb389bc,CNINFO_ORG_9900039126,INDUSTRY_fcb657f75803ca816490,2026-08-10,,2026-08-16T13:48:42+00:00,BaoStock query_stock_industry,observation,medium
MEMBERSHIP_251636e38a86110b2286,CNINFO_ORG_9900048105,INDUSTRY_fcb657f75803ca816490,2026-08-10,,2026-08-16T13:48:42+00:00,BaoStock query_stock_industry,observation,medium
MEMBERSHIP_78fa60f9ef9790a94396,CNINFO_ORG_9900046513,INDUSTRY_b90e93f47f56746b9938,2026-08-10,,2026-08-16T13:48:42+00:00,BaoStock query_stock_industry,observation,medium
MEMBERSHIP_87bc6c49a05f7f86e2af,CNINFO_ORG_9900039155,INDUSTRY_7063d42ae24daea94a9c,2026-08-10,,2026-08-16T13:48:42+00:00,BaoStock query_stock_industry,observation,medium
MEMBERSHIP_d2667b4d563ef8241c27,CNINFO_ORG_9900047879,INDUSTRY_90d9ee5bdc1ee446fff0,2026-08-10,,2026-08-16T13:48:42+00:00,BaoStock query_stock_industry,observation,medium
MEMBERSHIP_fd7354d0de3c01c460db,CNINFO_ORG_9900038988,INDUSTRY_90d9ee5bdc1ee446fff0,2026-08-10,,2026-08-16T13:48:42+00:00,BaoStock query_stock_industry,observation,medium
MEMBERSHIP_10553b546f3fa3ff8be0,CNINFO_ORG_9900039964,INDUSTRY_3875d79da62b4dff67e8,2026-08-10,,2026-08-16T13:48:42+00:00,BaoStock query_stock_industry,observation,medium
MEMBERSHIP_06fecbff99a51aeb2bfb,CNINFO_ORG_9900024458,INDUSTRY_fcb657f75803ca816490,2026-08-10,,2026-08-16T13:48:42+00:00,BaoStock query_stock_industry,observation,medium
MEMBERSHIP_37d4780fa5f6b3c86c11,CNINFO_ORG_9900038989,INDUSTRY_fcb657f75803ca816490,2026-08-10,,2026-08-16T13:48:42+00:00,BaoStock query_stock_industry,observation,medium
MEMBERSHIP_db177931905ebe4743f7,CNINFO_ORG_9900048365,INDUSTRY_90d9ee5bdc1ee446fff0,2026-08-10,,2026-08-16T13:48:42+00:00,BaoStock query_stock_industry,observation,medium
MEMBERSHIP_bd6797b744d3b735d61a,CNINFO_ORG_9900047235,INDUSTRY_fcb657f75803ca816490,2026-08-10,,2026-08-16T13:48:42+00:00,BaoStock query_stock_industry,observation,medium
MEMBERSHIP_11b3cd9de5148c1d84b4,CNINFO_ORG_9900051414,INDUSTRY_f07066d9ed35c8253165,2026-08-10,,2026-08-16T13:48:42+00:00,BaoStock query_stock_industry,observation,medium
MEMBERSHIP_b4dcde22c03767b0902f,CNINFO_ORG_9900048052,INDUSTRY_90d9ee5bdc1ee446fff0,2026-08-10,,2026-08-16T13:48:42+00:00,BaoStock query_stock_industry,observation,medium
MEMBERSHIP_247f988b0ba1e12a5b26,CNINFO_ORG_9900048112,INDUSTRY_90d9ee5bdc1ee446fff0,2026-08-10,,2026-08-16T13:48:42+00:00,BaoStock query_stock_industry,observation,medium
MEMBERSHIP_2435e809b96edc24db47,CNINFO_ORG_9900046620,INDUSTRY_90d9ee5bdc1ee446fff0,2026-08-10,,2026-08-16T13:48:42+00:00,BaoStock query_stock_industry,observation,medium
MEMBERSHIP_49a597671d84b52fac40,CNINFO_ORG_9900042736,INDUSTRY_3875d79da62b4dff67e8,2026-08-10,,2026-08-16T13:48:42+00:00,BaoStock query_stock_industry,observation,medium
MEMBERSHIP_1360981aa46cc13151a1,CNINFO_ORG_9900039347,INDUSTRY_fcb657f75803ca816490,2026-08-10,,2026-08-16T13:48:42+00:00,BaoStock query_stock_industry,observation,medium
MEMBERSHIP_8144ea960b708f884164,CNINFO_ORG_gfbj0838551,INDUSTRY_fcb657f75803ca816490,2026-08-10,,2026-08-16T13:48:42+00:00,BaoStock query_stock_industry,observation,medium
MEMBERSHIP_d85328b26c853f2562df,CNINFO_ORG_9900046510,INDUSTRY_731992a46c7dd8525c17,2026-08-10,,2026-08-16T13:48:42+00:00,BaoStock query_stock_industry,observation,medium
MEMBERSHIP_a6326cdb73bcc3acf346,CNINFO_ORG_fzqy1056458,INDUSTRY_90d9ee5bdc1ee446fff0,2026-08-10,,2026-08-16T13:48:42+00:00,BaoStock query_stock_industry,observation,medium
MEMBERSHIP_33d484f83ea84b69af1c,CNINFO_ORG_9900031826,INDUSTRY_735889820fa0518be404,2026-08-10,,2026-08-16T13:48:42+00:00,BaoStock query_stock_industry,observation,medium
MEMBERSHIP_3962ba3f88d1a6230a10,CNINFO_ORG_gfbj0830777,INDUSTRY_ee9bbaf36a819df8934d,2026-08-10,,2026-08-16T13:48:42+00:00,BaoStock query_stock_industry,observation,medium
MEMBERSHIP_31262f22d977eb7e4bcf,CNINFO_ORG_9900032882,INDUSTRY_fcb657f75803ca816490,2026-08-10,,2026-08-16T13:48:42+00:00,BaoStock query_stock_industry,observation,medium
MEMBERSHIP_393c42b014b22643a0ef,CNINFO_ORG_9900041578,INDUSTRY_be6d1ff74018fda3a9a4,2026-08-10,,2026-08-16T13:48:42+00:00,BaoStock query_stock_industry,observation,medium
MEMBERSHIP_3466adb08738ec56665e,CNINFO_ORG_9900033204,INDUSTRY_fcb657f75803ca816490,2026-08-10,,2026-08-16T13:48:42+00:00,BaoStock query_stock_industry,observation,medium
MEMBERSHIP_2d1123ff997f3385f939,CNINFO_ORG_nssc1000405,INDUSTRY_fcb657f75803ca816490,2026-08-10,,2026-08-16T13:48:42+00:00,BaoStock query_stock_industry,observation,medium
MEMBERSHIP_74b9d140dab80750a19d,CNINFO_ORG_nssc1000843,INDUSTRY_eb1bb5863556657a5ed0,2026-08-10,,2026-08-16T13:48:42+00:00,BaoStock query_stock_industry,observation,medium
MEMBERSHIP_555676495e2324bc9581,CNINFO_ORG_fzqy1027385,INDUSTRY_b90e93f47f56746b9938,2026-08-10,,2026-08-16T13:48:42+00:00,BaoStock query_stock_industry,observation,medium
MEMBERSHIP_013764d28c0885a76d2d,CNINFO_ORG_9900042737,INDUSTRY_c6634e4fb00885448aae,2026-08-10,,2026-08-16T13:48:42+00:00,BaoStock query_stock_industry,observation,medium
MEMBERSHIP_299dbb444064ba41e8c8,CNINFO_ORG_fzqy1026111,INDUSTRY_fcb657f75803ca816490,2026-08-10,,2026-08-16T13:48:42+00:00,BaoStock query_stock_industry,observation,medium
MEMBERSHIP_5de8366d0708bc77928d,CNINFO_ORG_gfbj0831895,INDUSTRY_eb1bb5863556657a5ed0,2026-08-10,,2026-08-16T13:48:42+00:00,BaoStock query_stock_industry,observation,medium
MEMBERSHIP_0f837403a469782d0bf3,CNINFO_ORG_9900039048,INDUSTRY_eb1bb5863556657a5ed0,2026-08-10,,2026-08-16T13:48:42+00:00,BaoStock query_stock_industry,observation,medium
MEMBERSHIP_5be8a34309334c1b2f53,CNINFO_ORG_9900039471,INDUSTRY_ee9bbaf36a819df8934d,2026-08-10,,2026-08-16T13:48:42+00:00,BaoStock query_stock_industry,observation,medium
MEMBERSHIP_5e25ecd686074e538190,CNINFO_ORG_9900041841,INDUSTRY_ad86b4a2a3856ba2d571,2026-08-10,,2026-08-16T13:48:42+00:00,BaoStock query_stock_industry,observation,medium
MEMBERSHIP_fd0a552db550241cc657,CNINFO_ORG_nssc1000336,INDUSTRY_3875d79da62b4dff67e8,2026-08-10,,2026-08-16T13:48:42+00:00,BaoStock query_stock_industry,observation,medium
MEMBERSHIP_38cd6a275dff54292e55,CNINFO_ORG_9900048695,INDUSTRY_3875d79da62b4dff67e8,2026-08-10,,2026-08-16T13:48:42+00:00,BaoStock query_stock_industry,observation,medium
MEMBERSHIP_df3380d677f54f2eb458,CNINFO_ORG_9900048184,INDUSTRY_f07066d9ed35c8253165,2026-08-10,,2026-08-16T13:48:42+00:00,BaoStock query_stock_industry,observation,medium
MEMBERSHIP_b6ce16ac80fc5f9cc41d,CNINFO_ORG_nssc1000391,INDUSTRY_eb1bb5863556657a5ed0,2026-08-10,,2026-08-16T13:48:42+00:00,BaoStock query_stock_industry,observation,medium
MEMBERSHIP_3d85fe0999eb7e1e4a2f,CNINFO_ORG_gfbj0835572,INDUSTRY_eb1bb5863556657a5ed0,2026-08-10,,2026-08-16T13:48:42+00:00,BaoStock query_stock_industry,observation,medium
MEMBERSHIP_bc888520c2dbf4d03c5d,CNINFO_ORG_9900035313,INDUSTRY_7063d42ae24daea94a9c,2026-08-10,,2026-08-16T13:48:42+00:00,BaoStock query_stock_industry,observation,medium
MEMBERSHIP_363147074052a164dd42,CNINFO_ORG_9900024805,INDUSTRY_fcb657f75803ca816490,2026-08-10,,2026-08-16T13:48:42+00:00,BaoStock query_stock_industry,observation,medium
MEMBERSHIP_f19d8371fe6972ac70d3,CNINFO_ORG_nssc1000423,INDUSTRY_90d9ee5bdc1ee446fff0,2026-08-10,,2026-08-16T13:48:42+00:00,BaoStock query_stock_industry,observation,medium
MEMBERSHIP_f81827f793ad0b2adc08,CNINFO_ORG_gfbj0430642,INDUSTRY_90d9ee5bdc1ee446fff0,2026-08-10,,2026-08-16T13:48:42+00:00,BaoStock query_stock_industry,observation,medium
MEMBERSHIP_b393a36da9672b9aadad,CNINFO_ORG_9900039664,INDUSTRY_90d9ee5bdc1ee446fff0,2026-08-10,,2026-08-16T13:48:42+00:00,BaoStock query_stock_industry,observation,medium
MEMBERSHIP_38efc934281ba87eef4d,CNINFO_ORG_nssc1000455,INDUSTRY_3875d79da62b4dff67e8,2026-08-10,,2026-08-16T13:48:42+00:00,BaoStock query_stock_industry,observation,medium
MEMBERSHIP_7ebb2a603d48cf2652fe,CNINFO_ORG_gfbj0871544,INDUSTRY_fcb657f75803ca816490,2026-08-10,,2026-08-16T13:48:42+00:00,BaoStock query_stock_industry,observation,medium
MEMBERSHIP_3cddac7f5b40f47b377e,CNINFO_ORG_9900047316,INDUSTRY_3875d79da62b4dff67e8,2026-08-10,,2026-08-16T13:48:42+00:00,BaoStock query_stock_industry,observation,medium
MEMBERSHIP_d1e5ee91eee113b8f450,CNINFO_ORG_9900039654,INDUSTRY_3875d79da62b4dff67e8,2026-08-10,,2026-08-16T13:48:42+00:00,BaoStock query_stock_industry,observation,medium
MEMBERSHIP_4011016c938d32e79669,CNINFO_ORG_9900023481,INDUSTRY_2c3b8b7969b736730fe1,2026-08-10,,2026-08-16T13:48:42+00:00,BaoStock query_stock_industry,observation,medium
MEMBERSHIP_c149a8f93031fe985a63,CNINFO_ORG_9900038968,INDUSTRY_fcb657f75803ca816490,2026-08-10,,2026-08-16T13:48:42+00:00,BaoStock query_stock_industry,observation,medium
MEMBERSHIP_aadb04f517bece1edb43,CNINFO_ORG_9900033197,INDUSTRY_34765f16a5c28d382e0e,2026-08-10,,2026-08-16T13:48:42+00:00,BaoStock query_stock_industry,observation,medium
MEMBERSHIP_17638fd0a84ef479c3b7,CNINFO_ORG_9900039482,INDUSTRY_35fe091671cdb8d5f5e0,2026-08-10,,2026-08-16T13:48:42+00:00,BaoStock query_stock_industry,observation,medium
MEMBERSHIP_f371069242501c45b690,CNINFO_ORG_nssc1000714,INDUSTRY_eb1bb5863556657a5ed0,2026-08-10,,2026-08-16T13:48:42+00:00,BaoStock query_stock_industry,observation,medium
MEMBERSHIP_fa2027da83b6b11bb0c3,CNINFO_ORG_9900041941,INDUSTRY_35fe091671cdb8d5f5e0,2026-08-10,,2026-08-16T13:48:42+00:00,BaoStock query_stock_industry,observation,medium
MEMBERSHIP_43501c47bf813d681894,CNINFO_ORG_nssc1000353,INDUSTRY_90d9ee5bdc1ee446fff0,2026-08-10,,2026-08-16T13:48:42+00:00,BaoStock query_stock_industry,observation,medium
MEMBERSHIP_dbeffd1e5bd027a22207,CNINFO_ORG_gfbj0832422,INDUSTRY_fcb657f75803ca816490,2026-08-10,,2026-08-16T13:48:42+00:00,BaoStock query_stock_industry,observation,medium
MEMBERSHIP_08f15335577461089e47,CNINFO_ORG_gfbj0831540,INDUSTRY_3875d79da62b4dff67e8,2026-08-10,,2026-08-16T13:48:42+00:00,BaoStock query_stock_industry,observation,medium
MEMBERSHIP_efdfb7b584b192d6e661,CNINFO_ORG_9900039003,INDUSTRY_3875d79da62b4dff67e8,2026-08-10,,2026-08-16T13:48:42+00:00,BaoStock query_stock_industry,observation,medium
MEMBERSHIP_bee3dce894685091d419,CNINFO_ORG_9900034444,INDUSTRY_eb1bb5863556657a5ed0,2026-08-10,,2026-08-16T13:48:42+00:00,BaoStock query_stock_industry,observation,medium
MEMBERSHIP_860470f7007b77a67d63,CNINFO_ORG_9900038936,INDUSTRY_fcb657f75803ca816490,2026-08-10,,2026-08-16T13:48:42+00:00,BaoStock query_stock_industry,observation,medium
MEMBERSHIP_013d08029fd26438f28f,CNINFO_ORG_9900039047,INDUSTRY_90d9ee5bdc1ee446fff0,2026-08-10,,2026-08-16T13:48:42+00:00,BaoStock query_stock_industry,observation,medium
MEMBERSHIP_dacc96e510010be1cc74,CNINFO_ORG_9900026794,INDUSTRY_3875d79da62b4dff67e8,2026-08-10,,2026-08-16T13:48:42+00:00,BaoStock query_stock_industry,observation,medium
MEMBERSHIP_cacd6a568ba89d9e5024,CNINFO_ORG_9900041727,INDUSTRY_fc163d1647ca522ec4cd,2026-08-10,,2026-08-16T13:48:42+00:00,BaoStock query_stock_industry,observation,medium
MEMBERSHIP_b45e7f51f3989884b06d,CNINFO_ORG_9900035534,INDUSTRY_90d9ee5bdc1ee446fff0,2026-08-10,,2026-08-16T13:48:42+00:00,BaoStock query_stock_industry,observation,medium
MEMBERSHIP_37736c112c55002e6065,CNINFO_ORG_9900046657,INDUSTRY_f07066d9ed35c8253165,2026-08-10,,2026-08-16T13:48:42+00:00,BaoStock query_stock_industry,observation,medium
MEMBERSHIP_efe40ed58a502a6435d3,CNINFO_ORG_9900023702,INDUSTRY_af522b5025b7206d78cb,2026-08-10,,2026-08-16T13:48:42+00:00,BaoStock query_stock_industry,observation,medium
MEMBERSHIP_9ef3763aca16bf0c22ac,CNINFO_ORG_9900048391,INDUSTRY_90d9ee5bdc1ee446fff0,2026-08-10,,2026-08-16T13:48:42+00:00,BaoStock query_stock_industry,observation,medium
MEMBERSHIP_b854ec1d712286b33efa,CNINFO_ORG_9900038990,INDUSTRY_3875d79da62b4dff67e8,2026-08-10,,2026-08-16T13:48:42+00:00,BaoStock query_stock_industry,observation,medium
MEMBERSHIP_894e770e3fd96b6d3f65,CNINFO_ORG_gfbj0836188,INDUSTRY_fcb657f75803ca816490,2026-08-10,,2026-08-16T13:48:42+00:00,BaoStock query_stock_industry,observation,medium
MEMBERSHIP_51024d5acd9699a37a4a,CNINFO_ORG_nssc1000767,INDUSTRY_90d9ee5bdc1ee446fff0,2026-08-10,,2026-08-16T13:48:42+00:00,BaoStock query_stock_industry,observation,medium
MEMBERSHIP_5e2c4713ceb6d79037d3,CNINFO_ORG_9900035303,INDUSTRY_fcb657f75803ca816490,2026-08-10,,2026-08-16T13:48:42+00:00,BaoStock query_stock_industry,observation,medium
MEMBERSHIP_8f36257b8dd22a88849e,CNINFO_ORG_nssc1000555,INDUSTRY_735889820fa0518be404,2026-08-10,,2026-08-16T13:48:42+00:00,BaoStock query_stock_industry,observation,medium
MEMBERSHIP_af5e8c043bb4aac91144,CNINFO_ORG_nssc1000186,INDUSTRY_3875d79da62b4dff67e8,2026-08-10,,2026-08-16T13:48:42+00:00,BaoStock query_stock_industry,observation,medium
MEMBERSHIP_88dd6514f13a6bb2b45c,CNINFO_ORG_9900046518,INDUSTRY_3875d79da62b4dff67e8,2026-08-10,,2026-08-16T13:48:42+00:00,BaoStock query_stock_industry,observation,medium
MEMBERSHIP_d8d28c056e3d1d271a7d,CNINFO_ORG_9900047403,INDUSTRY_735889820fa0518be404,2026-08-10,,2026-08-16T13:48:42+00:00,BaoStock query_stock_industry,observation,medium
MEMBERSHIP_854968eb709ea380f7e1,CNINFO_ORG_9900038935,INDUSTRY_af522b5025b7206d78cb,2026-08-10,,2026-08-16T13:48:42+00:00,BaoStock query_stock_industry,observation,medium
MEMBERSHIP_d88dd3d064c91d152550,CNINFO_ORG_9900041828,INDUSTRY_eb1bb5863556657a5ed0,2026-08-10,,2026-08-16T13:48:42+00:00,BaoStock query_stock_industry,observation,medium
MEMBERSHIP_193fd56f0997442be98f,CNINFO_ORG_9900023069,INDUSTRY_fcb657f75803ca816490,2026-08-10,,2026-08-16T13:48:42+00:00,BaoStock query_stock_industry,observation,medium
MEMBERSHIP_6c9a79b7001519c2a6e2,CNINFO_ORG_9900046765,INDUSTRY_7063d42ae24daea94a9c,2026-08-10,,2026-08-16T13:48:42+00:00,BaoStock query_stock_industry,observation,medium
MEMBERSHIP_2c4fc610c1bb98187764,CNINFO_ORG_9900044315,INDUSTRY_3875d79da62b4dff67e8,2026-08-10,,2026-08-16T13:48:42+00:00,BaoStock query_stock_industry,observation,medium
MEMBERSHIP_bfbed7c1603d0e07e099,CNINFO_ORG_9900041733,INDUSTRY_3875d79da62b4dff67e8,2026-08-10,,2026-08-16T13:48:42+00:00,BaoStock query_stock_industry,observation,medium
MEMBERSHIP_bfe38833bdfefad30b52,CNINFO_ORG_9900026771,INDUSTRY_fc163d1647ca522ec4cd,2026-08-10,,2026-08-16T13:48:42+00:00,BaoStock query_stock_industry,observation,medium
MEMBERSHIP_04db3985c723cee16fdb,CNINFO_ORG_9900039009,INDUSTRY_90d9ee5bdc1ee446fff0,2026-08-10,,2026-08-16T13:48:42+00:00,BaoStock query_stock_industry,observation,medium
MEMBERSHIP_1eec09bc746c35b6383e,CNINFO_ORG_9900047318,INDUSTRY_3875d79da62b4dff67e8,2026-08-10,,2026-08-16T13:48:42+00:00,BaoStock query_stock_industry,observation,medium
MEMBERSHIP_98448332df608ca8b07f,CNINFO_ORG_9900039304,INDUSTRY_90d9ee5bdc1ee446fff0,2026-08-10,,2026-08-16T13:48:42+00:00,BaoStock query_stock_industry,observation,medium
MEMBERSHIP_71b46085a696a387ba14,CNINFO_ORG_gfbj0836383,INDUSTRY_735889820fa0518be404,2026-08-10,,2026-08-16T13:48:42+00:00,BaoStock query_stock_industry,observation,medium
MEMBERSHIP_2445121c976b3c15e9f0,CNINFO_ORG_GD087820,INDUSTRY_3875d79da62b4dff67e8,2026-08-10,,2026-08-16T13:48:42+00:00,BaoStock query_stock_industry,observation,medium
MEMBERSHIP_e98aef65f7285c476cb9,CNINFO_ORG_nssc1000433,INDUSTRY_af522b5025b7206d78cb,2026-08-10,,2026-08-16T13:48:42+00:00,BaoStock query_stock_industry,observation,medium
MEMBERSHIP_581b8b4d46252f332b07,CNINFO_ORG_9900048061,INDUSTRY_fcb657f75803ca816490,2026-08-10,,2026-08-16T13:48:42+00:00,BaoStock query_stock_industry,observation,medium
MEMBERSHIP_fbba8ea465c6211ba6dd,CNINFO_ORG_gfbj0837278,INDUSTRY_f07066d9ed35c8253165,2026-08-10,,2026-08-16T13:48:42+00:00,BaoStock query_stock_industry,observation,medium
MEMBERSHIP_05489a27decb0bbfc8d8,CNINFO_ORG_9900041778,INDUSTRY_90d9ee5bdc1ee446fff0,2026-08-10,,2026-08-16T13:48:42+00:00,BaoStock query_stock_industry,observation,medium
MEMBERSHIP_702181d86126779904f1,CNINFO_ORG_gfbj0835124,INDUSTRY_f07066d9ed35c8253165,2026-08-10,,2026-08-16T13:48:42+00:00,BaoStock query_stock_industry,observation,medium
MEMBERSHIP_3d9a53ef0ced3db337a3,CNINFO_ORG_gfbj0833474,INDUSTRY_90d9ee5bdc1ee446fff0,2026-08-10,,2026-08-16T13:48:42+00:00,BaoStock query_stock_industry,observation,medium
MEMBERSHIP_3f995926b4ad530da6c4,CNINFO_ORG_nssc1000087,INDUSTRY_eb1bb5863556657a5ed0,2026-08-10,,2026-08-16T13:48:42+00:00,BaoStock query_stock_industry,observation,medium
MEMBERSHIP_24fe10c01abaa28f3272,CNINFO_ORG_9900052713,INDUSTRY_f07066d9ed35c8253165,2026-08-10,,2026-08-16T13:48:42+00:00,BaoStock query_stock_industry,observation,medium
MEMBERSHIP_772cb521826bf2e940a5,CNINFO_ORG_9900031655,INDUSTRY_90d9ee5bdc1ee446fff0,2026-08-10,,2026-08-16T13:48:42+00:00,BaoStock query_stock_industry,observation,medium
MEMBERSHIP_76f912af4ee33ee5de83,CNINFO_ORG_9900039010,INDUSTRY_3875d79da62b4dff67e8,2026-08-10,,2026-08-16T13:48:42+00:00,BaoStock query_stock_industry,observation,medium
MEMBERSHIP_bdba1f011208878438ea,CNINFO_ORG_9900052528,INDUSTRY_fcb657f75803ca816490,2026-08-10,,2026-08-16T13:48:42+00:00,BaoStock query_stock_industry,observation,medium
MEMBERSHIP_e4e428c245006f0ddab1,CNINFO_ORG_9900052407,INDUSTRY_90d9ee5bdc1ee446fff0,2026-08-10,,2026-08-16T13:48:42+00:00,BaoStock query_stock_industry,observation,medium
MEMBERSHIP_e0c8f73c35c8d65b8b16,CNINFO_ORG_9900056077,INDUSTRY_90d9ee5bdc1ee446fff0,2026-08-10,,2026-08-16T13:48:42+00:00,BaoStock query_stock_industry,observation,medium
MEMBERSHIP_a1bcab95d8b75f5f9a50,CNINFO_ORG_nssc1000585,INDUSTRY_3875d79da62b4dff67e8,2026-08-10,,2026-08-16T13:48:42+00:00,BaoStock query_stock_industry,observation,medium
MEMBERSHIP_bf57746af9caf351e8f7,CNINFO_ORG_gfbj0839247,INDUSTRY_90d9ee5bdc1ee446fff0,2026-08-10,,2026-08-16T13:48:42+00:00,BaoStock query_stock_industry,observation,medium
MEMBERSHIP_78d94dfeef36b3c6393f,CNINFO_ORG_gfbj0835249,INDUSTRY_90d9ee5bdc1ee446fff0,2026-08-10,,2026-08-16T13:48:42+00:00,BaoStock query_stock_industry,observation,medium
MEMBERSHIP_86b4749e718d22fe81fb,CNINFO_ORG_9900047919,INDUSTRY_eb1bb5863556657a5ed0,2026-08-10,,2026-08-16T13:48:42+00:00,BaoStock query_stock_industry,observation,medium
MEMBERSHIP_6a37d8cbd465eb27a584,CNINFO_ORG_9900048785,INDUSTRY_fcb657f75803ca816490,2026-08-10,,2026-08-16T13:48:42+00:00,BaoStock query_stock_industry,observation,medium
MEMBERSHIP_64c878b119cb127dd7b2,CNINFO_ORG_gfbj0834550,INDUSTRY_90d9ee5bdc1ee446fff0,2026-08-10,,2026-08-16T13:48:42+00:00,BaoStock query_stock_industry,observation,medium
MEMBERSHIP_cbc2d1ad4ad35a6d9a77,CNINFO_ORG_9900042938,INDUSTRY_3875d79da62b4dff67e8,2026-08-10,,2026-08-16T13:48:42+00:00,BaoStock query_stock_industry,observation,medium
MEMBERSHIP_b03b2966217b6bffdc45,CNINFO_ORG_gfbj0833601,INDUSTRY_06f2dd83830b4e6e7446,2026-08-10,,2026-08-16T13:48:42+00:00,BaoStock query_stock_industry,observation,medium
MEMBERSHIP_e17e50975a316992804e,CNINFO_ORG_9900041580,INDUSTRY_af522b5025b7206d78cb,2026-08-10,,2026-08-16T13:48:42+00:00,BaoStock query_stock_industry,observation,medium
MEMBERSHIP_8a4ba3bee3c04fa3238a,CNINFO_ORG_9900039004,INDUSTRY_9f7679f9ad900c7a65d2,2026-08-10,,2026-08-16T13:48:42+00:00,BaoStock query_stock_industry,observation,medium
MEMBERSHIP_7365d26b666017dfd81a,CNINFO_ORG_gfbj0835770,INDUSTRY_90d9ee5bdc1ee446fff0,2026-08-10,,2026-08-16T13:48:42+00:00,BaoStock query_stock_industry,observation,medium
MEMBERSHIP_a375828a1e81548024e3,CNINFO_ORG_9900032778,INDUSTRY_735889820fa0518be404,2026-08-10,,2026-08-16T13:48:42+00:00,BaoStock query_stock_industry,observation,medium
MEMBERSHIP_14e19da19ae3e356862f,CNINFO_ORG_nssc1000274,INDUSTRY_3875d79da62b4dff67e8,2026-08-10,,2026-08-16T13:48:42+00:00,BaoStock query_stock_industry,observation,medium
MEMBERSHIP_317be6369ff192c5dc96,CNINFO_ORG_9900047935,INDUSTRY_3875d79da62b4dff67e8,2026-08-10,,2026-08-16T13:48:42+00:00,BaoStock query_stock_industry,observation,medium
MEMBERSHIP_4d35204ea22f008834d9,CNINFO_ORG_gfbj0835716,INDUSTRY_eb1bb5863556657a5ed0,2026-08-10,,2026-08-16T13:48:42+00:00,BaoStock query_stock_industry,observation,medium
MEMBERSHIP_038cb820a1934ee70e34,CNINFO_ORG_9900039655,INDUSTRY_35fe091671cdb8d5f5e0,2026-08-10,,2026-08-16T13:48:42+00:00,BaoStock query_stock_industry,observation,medium
MEMBERSHIP_eb89601e4de531f45499,CNINFO_ORG_9900039105,INDUSTRY_eb1bb5863556657a5ed0,2026-08-10,,2026-08-16T13:48:42+00:00,BaoStock query_stock_industry,observation,medium
MEMBERSHIP_5b6f437ad6ba0fa9e45e,CNINFO_ORG_gfbj0835243,INDUSTRY_90d9ee5bdc1ee446fff0,2026-08-10,,2026-08-16T13:48:42+00:00,BaoStock query_stock_industry,observation,medium
MEMBERSHIP_d1ccbf677f53420847cd,CNINFO_ORG_gfbj0839570,INDUSTRY_fcb657f75803ca816490,2026-08-10,,2026-08-16T13:48:42+00:00,BaoStock query_stock_industry,observation,medium
MEMBERSHIP_5402c35c74c4a0600a38,CNINFO_ORG_9900039123,INDUSTRY_90d9ee5bdc1ee446fff0,2026-08-10,,2026-08-16T13:48:42+00:00,BaoStock query_stock_industry,observation,medium
MEMBERSHIP_5a6571a80b470925c210,CNINFO_ORG_9900031473,INDUSTRY_3875d79da62b4dff67e8,2026-08-10,,2026-08-16T13:48:42+00:00,BaoStock query_stock_industry,observation,medium
MEMBERSHIP_5c99e63386790602ecee,CNINFO_ORG_nssc1000503,INDUSTRY_fcb657f75803ca816490,2026-08-10,,2026-08-16T13:48:42+00:00,BaoStock query_stock_industry,observation,medium
MEMBERSHIP_78544cd83e85240c9747,CNINFO_ORG_9900053758,INDUSTRY_90d9ee5bdc1ee446fff0,2026-08-10,,2026-08-16T13:48:42+00:00,BaoStock query_stock_industry,observation,medium
MEMBERSHIP_47b4ad14f2e57a55d9b3,CNINFO_ORG_9900048175,INDUSTRY_fcb657f75803ca816490,2026-08-10,,2026-08-16T13:48:42+00:00,BaoStock query_stock_industry,observation,medium
MEMBERSHIP_c89d686fc2f3a73da63c,CNINFO_ORG_9900046848,INDUSTRY_90d9ee5bdc1ee446fff0,2026-08-10,,2026-08-16T13:48:42+00:00,BaoStock query_stock_industry,observation,medium
MEMBERSHIP_c94f57bdc18a2651aa30,CNINFO_ORG_9900048081,INDUSTRY_eb1bb5863556657a5ed0,2026-08-10,,2026-08-16T13:48:42+00:00,BaoStock query_stock_industry,observation,medium
MEMBERSHIP_b01ef60baaf597f9097b,CNINFO_ORG_9900039904,INDUSTRY_eb1bb5863556657a5ed0,2026-08-10,,2026-08-16T13:48:42+00:00,BaoStock query_stock_industry,observation,medium
MEMBERSHIP_78664089e3e7c6b2aab1,CNINFO_ORG_9900039218,INDUSTRY_ee9bbaf36a819df8934d,2026-08-10,,2026-08-16T13:48:42+00:00,BaoStock query_stock_industry,observation,medium
MEMBERSHIP_892f953bec941ed49caa,CNINFO_ORG_gfbj0830793,INDUSTRY_f07066d9ed35c8253165,2026-08-10,,2026-08-16T13:48:42+00:00,BaoStock query_stock_industry,observation,medium
MEMBERSHIP_dcf3b18a51629be10a5b,CNINFO_ORG_gfbj0833330,INDUSTRY_eb1bb5863556657a5ed0,2026-08-10,,2026-08-16T13:48:42+00:00,BaoStock query_stock_industry,observation,medium
MEMBERSHIP_f5353f0c12230ddc5dcb,CNINFO_ORG_gfbj0430581,INDUSTRY_90d9ee5bdc1ee446fff0,2026-08-10,,2026-08-16T13:48:42+00:00,BaoStock query_stock_industry,observation,medium
MEMBERSHIP_6029e518e0f6432c77b2,CNINFO_ORG_nssc1000567,INDUSTRY_90d9ee5bdc1ee446fff0,2026-08-10,,2026-08-16T13:48:42+00:00,BaoStock query_stock_industry,observation,medium
MEMBERSHIP_3b306d1b3405fb19f8e0,CNINFO_ORG_nssc1000615,INDUSTRY_90d9ee5bdc1ee446fff0,2026-08-10,,2026-08-16T13:48:42+00:00,BaoStock query_stock_industry,observation,medium
MEMBERSHIP_dac5d91ba6b08648b738,CNINFO_ORG_9900041894,INDUSTRY_90d9ee5bdc1ee446fff0,2026-08-10,,2026-08-16T13:48:42+00:00,BaoStock query_stock_industry,observation,medium
MEMBERSHIP_6492f226ba8b7ceb9330,CNINFO_ORG_9900038913,INDUSTRY_eb1bb5863556657a5ed0,2026-08-10,,2026-08-16T13:48:42+00:00,BaoStock query_stock_industry,observation,medium
MEMBERSHIP_4903fa112d7be2fcd31c,CNINFO_ORG_9900039136,INDUSTRY_35fe091671cdb8d5f5e0,2026-08-10,,2026-08-16T13:48:42+00:00,BaoStock query_stock_industry,observation,medium
MEMBERSHIP_46d3e4e5ec567f3ccbd3,CNINFO_ORG_gshk0003898,INDUSTRY_ad86b4a2a3856ba2d571,2026-08-10,,2026-08-16T13:48:42+00:00,BaoStock query_stock_industry,observation,medium
MEMBERSHIP_079e0b03b38ae7e3f238,CNINFO_ORG_9900039134,INDUSTRY_fcb657f75803ca816490,2026-08-10,,2026-08-16T13:48:42+00:00,BaoStock query_stock_industry,observation,medium
MEMBERSHIP_b6d8376c62ad38a71e5e,CNINFO_ORG_9900039656,INDUSTRY_eb1bb5863556657a5ed0,2026-08-10,,2026-08-16T13:48:42+00:00,BaoStock query_stock_industry,observation,medium
MEMBERSHIP_f11f6e1fba2027ea4c67,CNINFO_ORG_9900041682,INDUSTRY_f54ff34c4bdec689eff1,2026-08-10,,2026-08-16T13:48:42+00:00,BaoStock query_stock_industry,observation,medium
MEMBERSHIP_5557095a09fff15d8a8b,CNINFO_ORG_gfbj0831681,INDUSTRY_fcb657f75803ca816490,2026-08-10,,2026-08-16T13:48:42+00:00,BaoStock query_stock_industry,observation,medium
MEMBERSHIP_61a3b8b41b8befb2b754,CNINFO_ORG_9900046766,INDUSTRY_eb1bb5863556657a5ed0,2026-08-10,,2026-08-16T13:48:42+00:00,BaoStock query_stock_industry,observation,medium
MEMBERSHIP_223bdfdfee355895e76c,CNINFO_ORG_9900047411,INDUSTRY_eb1bb5863556657a5ed0,2026-08-10,,2026-08-16T13:48:42+00:00,BaoStock query_stock_industry,observation,medium
MEMBERSHIP_c2008cb00ab75773eafc,CNINFO_ORG_nssc1000637,INDUSTRY_90d9ee5bdc1ee446fff0,2026-08-10,,2026-08-16T13:48:42+00:00,BaoStock query_stock_industry,observation,medium
MEMBERSHIP_8904076da31afde4e981,CNINFO_ORG_9900029007,INDUSTRY_2c3b8b7969b736730fe1,2026-08-10,,2026-08-16T13:48:42+00:00,BaoStock query_stock_industry,observation,medium
MEMBERSHIP_e77e2276e58bed248831,CNINFO_ORG_9900047638,INDUSTRY_eb1bb5863556657a5ed0,2026-08-10,,2026-08-16T13:48:42+00:00,BaoStock query_stock_industry,observation,medium
MEMBERSHIP_e16d12c779284139966c,CNINFO_ORG_9900039164,INDUSTRY_3875d79da62b4dff67e8,2026-08-10,,2026-08-16T13:48:42+00:00,BaoStock query_stock_industry,observation,medium
MEMBERSHIP_83b683a8c17f60e5f2f4,CNINFO_ORG_9900024207,INDUSTRY_af522b5025b7206d78cb,2026-08-10,,2026-08-16T13:48:42+00:00,BaoStock query_stock_industry,observation,medium
MEMBERSHIP_9f2cbcc521e8474fd596,CNINFO_ORG_9900040164,INDUSTRY_3875d79da62b4dff67e8,2026-08-10,,2026-08-16T13:48:42+00:00,BaoStock query_stock_industry,observation,medium
MEMBERSHIP_d8456a52d8e82e407429,CNINFO_ORG_9900041393,INDUSTRY_fcb657f75803ca816490,2026-08-10,,2026-08-16T13:48:42+00:00,BaoStock query_stock_industry,observation,medium
MEMBERSHIP_3661d689e5ee75ab04a3,CNINFO_ORG_9900035560,INDUSTRY_f07066d9ed35c8253165,2026-08-10,,2026-08-16T13:48:42+00:00,BaoStock query_stock_industry,observation,medium
MEMBERSHIP_7e541a0cdb9504a4e49b,CNINFO_ORG_9900048188,INDUSTRY_c6634e4fb00885448aae,2026-08-10,,2026-08-16T13:48:42+00:00,BaoStock query_stock_industry,observation,medium
MEMBERSHIP_29f5f0192622264c4eb2,CNINFO_ORG_9900051420,INDUSTRY_90d9ee5bdc1ee446fff0,2026-08-10,,2026-08-16T13:48:42+00:00,BaoStock query_stock_industry,observation,medium
MEMBERSHIP_b8ebea2a04d9a1efa127,CNINFO_ORG_9900048370,INDUSTRY_fcb657f75803ca816490,2026-08-10,,2026-08-16T13:48:42+00:00,BaoStock query_stock_industry,observation,medium
MEMBERSHIP_2db53c7de14a373e6ca8,CNINFO_ORG_9900047656,INDUSTRY_fcb657f75803ca816490,2026-08-10,,2026-08-16T13:48:42+00:00,BaoStock query_stock_industry,observation,medium
MEMBERSHIP_c3cdab166b5a96307573,CNINFO_ORG_9900031482,INDUSTRY_90d9ee5bdc1ee446fff0,2026-08-10,,2026-08-16T13:48:42+00:00,BaoStock query_stock_industry,observation,medium
MEMBERSHIP_4edb97f56c7248a4779e,CNINFO_ORG_9900048776,INDUSTRY_90d9ee5bdc1ee446fff0,2026-08-10,,2026-08-16T13:48:42+00:00,BaoStock query_stock_industry,observation,medium
MEMBERSHIP_16db259202072c3c64e2,CNINFO_ORG_9900046542,INDUSTRY_90d9ee5bdc1ee446fff0,2026-08-10,,2026-08-16T13:48:42+00:00,BaoStock query_stock_industry,observation,medium
MEMBERSHIP_9adf24962915aac059b8,CNINFO_ORG_nssc1000716,INDUSTRY_35fe091671cdb8d5f5e0,2026-08-10,,2026-08-16T13:48:42+00:00,BaoStock query_stock_industry,observation,medium
MEMBERSHIP_1f815d070101c3e4b193,CNINFO_ORG_9900047918,INDUSTRY_3875d79da62b4dff67e8,2026-08-10,,2026-08-16T13:48:42+00:00,BaoStock query_stock_industry,observation,medium
MEMBERSHIP_6cef5b4c0488cf406c5e,CNINFO_ORG_9900048605,INDUSTRY_fcb657f75803ca816490,2026-08-10,,2026-08-16T13:48:42+00:00,BaoStock query_stock_industry,observation,medium
MEMBERSHIP_9931354d1a025a309abb,CNINFO_ORG_gfbj0832884,INDUSTRY_3875d79da62b4dff67e8,2026-08-10,,2026-08-16T13:48:42+00:00,BaoStock query_stock_industry,observation,medium
MEMBERSHIP_488ba13a214fd3173f38,CNINFO_ORG_9900029867,INDUSTRY_90d9ee5bdc1ee446fff0,2026-08-10,,2026-08-16T13:48:42+00:00,BaoStock query_stock_industry,observation,medium
MEMBERSHIP_1c99c09d2fc93131f22a,CNINFO_ORG_9900041746,INDUSTRY_eb1bb5863556657a5ed0,2026-08-10,,2026-08-16T13:48:42+00:00,BaoStock query_stock_industry,observation,medium
MEMBERSHIP_f8e6fda7b8bffa3df623,CNINFO_ORG_gfbj0836084,INDUSTRY_35fe091671cdb8d5f5e0,2026-08-10,,2026-08-16T13:48:42+00:00,BaoStock query_stock_industry,observation,medium
MEMBERSHIP_b311925a60dab2f8489e,CNINFO_ORG_9900041353,INDUSTRY_b62fae243f391f69617b,2026-08-10,,2026-08-16T13:48:42+00:00,BaoStock query_stock_industry,observation,medium
MEMBERSHIP_def79f33c6df56099ab1,CNINFO_ORG_9900046396,INDUSTRY_90d9ee5bdc1ee446fff0,2026-08-10,,2026-08-16T13:48:42+00:00,BaoStock query_stock_industry,observation,medium
MEMBERSHIP_08bb45a83a559a983bb3,CNINFO_ORG_fzqy1026860,INDUSTRY_eb1bb5863556657a5ed0,2026-08-10,,2026-08-16T13:48:42+00:00,BaoStock query_stock_industry,observation,medium
MEMBERSHIP_2aabf8e49ba531f039f2,CNINFO_ORG_9900039916,INDUSTRY_f07066d9ed35c8253165,2026-08-10,,2026-08-16T13:48:42+00:00,BaoStock query_stock_industry,observation,medium
MEMBERSHIP_ea49fa49568e15d15104,CNINFO_ORG_9900017709,INDUSTRY_b90e93f47f56746b9938,2026-08-10,,2026-08-16T13:48:42+00:00,BaoStock query_stock_industry,observation,medium
MEMBERSHIP_65c754a9bd28ad1a4c5b,CNINFO_ORG_9900047311,INDUSTRY_fcb657f75803ca816490,2026-08-10,,2026-08-16T13:48:42+00:00,BaoStock query_stock_industry,observation,medium
MEMBERSHIP_56f32012303b9454be0d,CNINFO_ORG_gfbj0836970,INDUSTRY_b90e93f47f56746b9938,2026-08-10,,2026-08-16T13:48:42+00:00,BaoStock query_stock_industry,observation,medium
MEMBERSHIP_54e72d5f344f48cf93dc,CNINFO_ORG_9900044736,INDUSTRY_fcb657f75803ca816490,2026-08-10,,2026-08-16T13:48:42+00:00,BaoStock query_stock_industry,observation,medium
MEMBERSHIP_8d348f3207f1642dde59,CNINFO_ORG_gfbj0870863,INDUSTRY_fcb657f75803ca816490,2026-08-10,,2026-08-16T13:48:42+00:00,BaoStock query_stock_industry,observation,medium
MEMBERSHIP_5036fc7509cdfafe0114,CNINFO_ORG_9900034679,INDUSTRY_fcb657f75803ca816490,2026-08-10,,2026-08-16T13:48:42+00:00,BaoStock query_stock_industry,observation,medium
MEMBERSHIP_5d8bfe2bf3724aeb5b4f,CNINFO_ORG_nssc1000829,INDUSTRY_90d9ee5bdc1ee446fff0,2026-08-10,,2026-08-16T13:48:42+00:00,BaoStock query_stock_industry,observation,medium
MEMBERSHIP_e490bd60a75b2a287109,CNINFO_ORG_9900048065,INDUSTRY_fc163d1647ca522ec4cd,2026-08-10,,2026-08-16T13:48:42+00:00,BaoStock query_stock_industry,observation,medium
MEMBERSHIP_a085540f072e38b5e043,CNINFO_ORG_nssc1000623,INDUSTRY_fcb657f75803ca816490,2026-08-10,,2026-08-16T13:48:42+00:00,BaoStock query_stock_industry,observation,medium
MEMBERSHIP_4428cd2a0fc7747821fd,CNINFO_ORG_9900039220,INDUSTRY_90d9ee5bdc1ee446fff0,2026-08-10,,2026-08-16T13:48:42+00:00,BaoStock query_stock_industry,observation,medium
MEMBERSHIP_3993e304c59302f1b491,CNINFO_ORG_9900047650,INDUSTRY_90d9ee5bdc1ee446fff0,2026-08-10,,2026-08-16T13:48:42+00:00,BaoStock query_stock_industry,observation,medium
MEMBERSHIP_c1283428c0590acf466c,CNINFO_ORG_9900037454,INDUSTRY_eb1bb5863556657a5ed0,2026-08-10,,2026-08-16T13:48:42+00:00,BaoStock query_stock_industry,observation,medium
MEMBERSHIP_5e952a2cb57aaba82ed3,CNINFO_ORG_9900024363,INDUSTRY_3875d79da62b4dff67e8,2026-08-10,,2026-08-16T13:48:42+00:00,BaoStock query_stock_industry,observation,medium
MEMBERSHIP_8dfc47b1d8d2697f94b2,CNINFO_ORG_gfbj0839971,INDUSTRY_ad86b4a2a3856ba2d571,2026-08-10,,2026-08-16T13:48:42+00:00,BaoStock query_stock_industry,observation,medium
MEMBERSHIP_5031abd7361a233b7b0a,CNINFO_ORG_gfbj0839702,INDUSTRY_f07066d9ed35c8253165,2026-08-10,,2026-08-16T13:48:42+00:00,BaoStock query_stock_industry,observation,medium
MEMBERSHIP_b5a203b317aa3aa7d828,CNINFO_ORG_gfbj0834635,INDUSTRY_ad86b4a2a3856ba2d571,2026-08-10,,2026-08-16T13:48:42+00:00,BaoStock query_stock_industry,observation,medium
MEMBERSHIP_791ea45cf42f8365f264,CNINFO_ORG_9900032737,INDUSTRY_fcb657f75803ca816490,2026-08-10,,2026-08-16T13:48:42+00:00,BaoStock query_stock_industry,observation,medium
MEMBERSHIP_b2b315d50e19c995dfcd,CNINFO_ORG_nssc1000020,INDUSTRY_fcb657f75803ca816490,2026-08-10,,2026-08-16T13:48:42+00:00,BaoStock query_stock_industry,observation,medium
MEMBERSHIP_f9a94ee8bffdc7269ef1,CNINFO_ORG_9900046770,INDUSTRY_eb1bb5863556657a5ed0,2026-08-10,,2026-08-16T13:48:42+00:00,BaoStock query_stock_industry,observation,medium
MEMBERSHIP_63b59e01f116ffb103ce,CNINFO_ORG_9900048083,INDUSTRY_731992a46c7dd8525c17,2026-08-10,,2026-08-16T13:48:42+00:00,BaoStock query_stock_industry,observation,medium
MEMBERSHIP_ad7f3d38661d6b4055df,CNINFO_ORG_9900048182,INDUSTRY_90d9ee5bdc1ee446fff0,2026-08-10,,2026-08-16T13:48:42+00:00,BaoStock query_stock_industry,observation,medium
MEMBERSHIP_1a97e9913ffd86246df2,CNINFO_ORG_9900052695,INDUSTRY_35fe091671cdb8d5f5e0,2026-08-10,,2026-08-16T13:48:42+00:00,BaoStock query_stock_industry,observation,medium
MEMBERSHIP_d944ab811de602563543,CNINFO_ORG_9900049001,INDUSTRY_fcb657f75803ca816490,2026-08-10,,2026-08-16T13:48:42+00:00,BaoStock query_stock_industry,observation,medium
MEMBERSHIP_5849fbac3e923dd37c4c,CNINFO_ORG_9900048398,INDUSTRY_eb1bb5863556657a5ed0,2026-08-10,,2026-08-16T13:48:42+00:00,BaoStock query_stock_industry,observation,medium
MEMBERSHIP_6d1613161e82e1d2163d,CNINFO_ORG_gfbj0835780,INDUSTRY_35fe091671cdb8d5f5e0,2026-08-10,,2026-08-16T13:48:42+00:00,BaoStock query_stock_industry,observation,medium
MEMBERSHIP_9f1a3af26f386ea41ab0,CNINFO_ORG_nssc1000595,INDUSTRY_fcb657f75803ca816490,2026-08-10,,2026-08-16T13:48:42+00:00,BaoStock query_stock_industry,observation,medium
MEMBERSHIP_74ddeac134e00862debe,CNINFO_ORG_gfbj0834859,INDUSTRY_fc163d1647ca522ec4cd,2026-08-10,,2026-08-16T13:48:42+00:00,BaoStock query_stock_industry,observation,medium
MEMBERSHIP_4aefc5ac51edfa1b08c4,CNINFO_ORG_9900039137,INDUSTRY_fcb657f75803ca816490,2026-08-10,,2026-08-16T13:48:42+00:00,BaoStock query_stock_industry,observation,medium
MEMBERSHIP_1dd7c4fda15ef5a92697,CNINFO_ORG_9900046651,INDUSTRY_fcb657f75803ca816490,2026-08-10,,2026-08-16T13:48:42+00:00,BaoStock query_stock_industry,observation,medium
MEMBERSHIP_9b2ca305c9827abfd62c,CNINFO_ORG_nssc1000568,INDUSTRY_90d9ee5bdc1ee446fff0,2026-08-10,,2026-08-16T13:48:42+00:00,BaoStock query_stock_industry,observation,medium
MEMBERSHIP_ac67da3444044ddb85bd,CNINFO_ORG_9900048069,INDUSTRY_90d9ee5bdc1ee446fff0,2026-08-10,,2026-08-16T13:48:42+00:00,BaoStock query_stock_industry,observation,medium
MEMBERSHIP_ef258e88c5cc0c704012,CNINFO_ORG_9900041592,INDUSTRY_fcb657f75803ca816490,2026-08-10,,2026-08-16T13:48:42+00:00,BaoStock query_stock_industry,observation,medium
MEMBERSHIP_b2f7dbac02a9216ac513,CNINFO_ORG_gfbj0839728,INDUSTRY_f07066d9ed35c8253165,2026-08-10,,2026-08-16T13:48:42+00:00,BaoStock query_stock_industry,observation,medium
MEMBERSHIP_385ed561542e74721afe,CNINFO_ORG_9900039488,INDUSTRY_eb1bb5863556657a5ed0,2026-08-10,,2026-08-16T13:48:42+00:00,BaoStock query_stock_industry,observation,medium
MEMBERSHIP_e276fd5d56f38c7ca3ef,CNINFO_ORG_gfbj0836546,INDUSTRY_af522b5025b7206d78cb,2026-08-10,,2026-08-16T13:48:42+00:00,BaoStock query_stock_industry,observation,medium
MEMBERSHIP_76008c50b99d1df9d081,CNINFO_ORG_gfbj0870865,INDUSTRY_90d9ee5bdc1ee446fff0,2026-08-10,,2026-08-16T13:48:42+00:00,BaoStock query_stock_industry,observation,medium
MEMBERSHIP_edea30ba23ab2f931174,CNINFO_ORG_gfbj0834893,INDUSTRY_af522b5025b7206d78cb,2026-08-10,,2026-08-16T13:48:42+00:00,BaoStock query_stock_industry,observation,medium
MEMBERSHIP_b60fe1b129e78b64315c,CNINFO_ORG_9900052539,INDUSTRY_90d9ee5bdc1ee446fff0,2026-08-10,,2026-08-16T13:48:42+00:00,BaoStock query_stock_industry,observation,medium
MEMBERSHIP_c2499ac1c6ec2c787144,CNINFO_ORG_9900048090,INDUSTRY_3875d79da62b4dff67e8,2026-08-10,,2026-08-16T13:48:42+00:00,BaoStock query_stock_industry,observation,medium
MEMBERSHIP_7ec68b6a17289e25e6a8,CNINFO_ORG_9900046529,INDUSTRY_90d9ee5bdc1ee446fff0,2026-08-10,,2026-08-16T13:48:42+00:00,BaoStock query_stock_industry,observation,medium
MEMBERSHIP_d047e27c0485d0263e34,CNINFO_ORG_9900047239,INDUSTRY_3875d79da62b4dff67e8,2026-08-10,,2026-08-16T13:48:42+00:00,BaoStock query_stock_industry,observation,medium
MEMBERSHIP_0e1c89b27cab5c13878c,CNINFO_ORG_9900052406,INDUSTRY_90d9ee5bdc1ee446fff0,2026-08-10,,2026-08-16T13:48:42+00:00,BaoStock query_stock_industry,observation,medium
MEMBERSHIP_5d70ee76bc89114f3ab6,CNINFO_ORG_nssc1000784,INDUSTRY_eb1bb5863556657a5ed0,2026-08-10,,2026-08-16T13:48:42+00:00,BaoStock query_stock_industry,observation,medium
MEMBERSHIP_6e43f86b4ac19d119076,CNINFO_ORG_gfbj0834360,INDUSTRY_3875d79da62b4dff67e8,2026-08-10,,2026-08-16T13:48:42+00:00,BaoStock query_stock_industry,observation,medium
MEMBERSHIP_1a4891536002ccc02849,CNINFO_ORG_9900038966,INDUSTRY_eb1bb5863556657a5ed0,2026-08-10,,2026-08-16T13:48:42+00:00,BaoStock query_stock_industry,observation,medium
MEMBERSHIP_775b4ecdfe3910248e9f,CNINFO_ORG_9900046501,INDUSTRY_fcb657f75803ca816490,2026-08-10,,2026-08-16T13:48:42+00:00,BaoStock query_stock_industry,observation,medium
MEMBERSHIP_0ec14b9a7918852645e7,CNINFO_ORG_nssc1000348,INDUSTRY_e7fb954d2ab5bf5bc733,2026-08-10,,2026-08-16T13:48:42+00:00,BaoStock query_stock_industry,observation,medium
MEMBERSHIP_fa2ee2f620cb43f3ec56,CNINFO_ORG_9900051575,INDUSTRY_6dac68c9cedde793b110,2026-08-10,,2026-08-16T13:48:42+00:00,BaoStock query_stock_industry,observation,medium
MEMBERSHIP_38404cb839c2f324c889,CNINFO_ORG_nssc1000849,INDUSTRY_90d9ee5bdc1ee446fff0,2026-08-10,,2026-08-16T13:48:42+00:00,BaoStock query_stock_industry,observation,medium
MEMBERSHIP_f01255dc3ff8c53dd78c,CNINFO_ORG_gfbj0838580,INDUSTRY_735889820fa0518be404,2026-08-10,,2026-08-16T13:48:42+00:00,BaoStock query_stock_industry,observation,medium
MEMBERSHIP_48c8705c651718fb7783,CNINFO_ORG_gfbj0873023,INDUSTRY_ad86b4a2a3856ba2d571,2026-08-10,,2026-08-16T13:48:42+00:00,BaoStock query_stock_industry,observation,medium
MEMBERSHIP_8e1878029066db41ffcb,CNINFO_ORG_gfbj0836736,INDUSTRY_90d9ee5bdc1ee446fff0,2026-08-10,,2026-08-16T13:48:42+00:00,BaoStock query_stock_industry,observation,medium
MEMBERSHIP_458849290c1fce021877,CNINFO_ORG_9900038986,INDUSTRY_90d9ee5bdc1ee446fff0,2026-08-10,,2026-08-16T13:48:42+00:00,BaoStock query_stock_industry,observation,medium
MEMBERSHIP_cae08d0ab94289b524b8,CNINFO_ORG_nssc1000305,INDUSTRY_eb1bb5863556657a5ed0,2026-08-10,,2026-08-16T13:48:42+00:00,BaoStock query_stock_industry,observation,medium
MEMBERSHIP_1e7eb959d279816376a3,CNINFO_ORG_9900048388,INDUSTRY_3875d79da62b4dff67e8,2026-08-10,,2026-08-16T13:48:42+00:00,BaoStock query_stock_industry,observation,medium
MEMBERSHIP_8e59b8125196baa20f42,CNINFO_ORG_gfbj0839562,INDUSTRY_fcb657f75803ca816490,2026-08-10,,2026-08-16T13:48:42+00:00,BaoStock query_stock_industry,observation,medium
MEMBERSHIP_8bef38e8510a755e4230,CNINFO_ORG_gfbj0833175,INDUSTRY_fcb657f75803ca816490,2026-08-10,,2026-08-16T13:48:42+00:00,BaoStock query_stock_industry,observation,medium
MEMBERSHIP_81836d738c1261cb0e43,CNINFO_ORG_9900048799,INDUSTRY_f07066d9ed35c8253165,2026-08-10,,2026-08-16T13:48:42+00:00,BaoStock query_stock_industry,observation,medium
MEMBERSHIP_19bd793c429c3195f199,CNINFO_ORG_9900051393,INDUSTRY_c6634e4fb00885448aae,2026-08-10,,2026-08-16T13:48:42+00:00,BaoStock query_stock_industry,observation,medium
MEMBERSHIP_0cbef161580ccbb85d0e,CNINFO_ORG_gfbj0831762,INDUSTRY_fcb657f75803ca816490,2026-08-10,,2026-08-16T13:48:42+00:00,BaoStock query_stock_industry,observation,medium
MEMBERSHIP_465173c37364e965c1ac,CNINFO_ORG_9900048646,INDUSTRY_ad86b4a2a3856ba2d571,2026-08-10,,2026-08-16T13:48:42+00:00,BaoStock query_stock_industry,observation,medium
MEMBERSHIP_3d8953bbeaec2d8d7303,CNINFO_ORG_9900039348,INDUSTRY_eb1bb5863556657a5ed0,2026-08-10,,2026-08-16T13:48:42+00:00,BaoStock query_stock_industry,observation,medium
MEMBERSHIP_484eafc0a47a1ef13e47,CNINFO_ORG_gfbj0839162,INDUSTRY_b62fae243f391f69617b,2026-08-10,,2026-08-16T13:48:42+00:00,BaoStock query_stock_industry,observation,medium
MEMBERSHIP_c7a3af48053a3ecf117e,CNINFO_ORG_gfbj0831647,INDUSTRY_90d9ee5bdc1ee446fff0,2026-08-10,,2026-08-16T13:48:42+00:00,BaoStock query_stock_industry,observation,medium
MEMBERSHIP_ebbc2778f4509ab3477f,CNINFO_ORG_9900037040,INDUSTRY_3875d79da62b4dff67e8,2026-08-10,,2026-08-16T13:48:42+00:00,BaoStock query_stock_industry,observation,medium
MEMBERSHIP_b5fa28117d1edb7d44f1,CNINFO_ORG_9900047618,INDUSTRY_eb1bb5863556657a5ed0,2026-08-10,,2026-08-16T13:48:42+00:00,BaoStock query_stock_industry,observation,medium
MEMBERSHIP_31cd19c5a99437853dee,CNINFO_ORG_gfbj0837316,INDUSTRY_b90e93f47f56746b9938,2026-08-10,,2026-08-16T13:48:42+00:00,BaoStock query_stock_industry,observation,medium
MEMBERSHIP_f1ad0eefe27079fad61a,CNINFO_ORG_nssc1000529,INDUSTRY_35fe091671cdb8d5f5e0,2026-08-10,,2026-08-16T13:48:42+00:00,BaoStock query_stock_industry,observation,medium
MEMBERSHIP_4d620ba027839220c5c0,CNINFO_ORG_nssc1000543,INDUSTRY_3875d79da62b4dff67e8,2026-08-10,,2026-08-16T13:48:42+00:00,BaoStock query_stock_industry,observation,medium
MEMBERSHIP_1d79a948657517bca220,CNINFO_ORG_9900048080,INDUSTRY_90d9ee5bdc1ee446fff0,2026-08-10,,2026-08-16T13:48:42+00:00,BaoStock query_stock_industry,observation,medium
MEMBERSHIP_bd10d4277a9310f17019,CNINFO_ORG_9900041574,INDUSTRY_be6d1ff74018fda3a9a4,2026-08-10,,2026-08-16T13:48:42+00:00,BaoStock query_stock_industry,observation,medium
MEMBERSHIP_1c2ce835039caa4265e7,CNINFO_ORG_gfbj0837414,INDUSTRY_3875d79da62b4dff67e8,2026-08-10,,2026-08-16T13:48:42+00:00,BaoStock query_stock_industry,observation,medium
MEMBERSHIP_8ddef060355b6d5aa2f9,CNINFO_ORG_gfbj0833990,INDUSTRY_3875d79da62b4dff67e8,2026-08-10,,2026-08-16T13:48:42+00:00,BaoStock query_stock_industry,observation,medium
MEMBERSHIP_1acb6d30db9bcb651f9c,CNINFO_ORG_9900041819,INDUSTRY_90d9ee5bdc1ee446fff0,2026-08-10,,2026-08-16T13:48:42+00:00,BaoStock query_stock_industry,observation,medium
MEMBERSHIP_185fc87920816a5d784f,CNINFO_ORG_9900041798,INDUSTRY_3875d79da62b4dff67e8,2026-08-10,,2026-08-16T13:48:42+00:00,BaoStock query_stock_industry,observation,medium
MEMBERSHIP_1ced5e4a0781f3f30f91,CNINFO_ORG_9900041526,INDUSTRY_90d9ee5bdc1ee446fff0,2026-08-10,,2026-08-16T13:48:42+00:00,BaoStock query_stock_industry,observation,medium
MEMBERSHIP_6be68031c7e37aed549e,CNINFO_ORG_9900044536,INDUSTRY_3875d79da62b4dff67e8,2026-08-10,,2026-08-16T13:48:42+00:00,BaoStock query_stock_industry,observation,medium
MEMBERSHIP_5f988c3159b34d063177,CNINFO_ORG_9900038309,INDUSTRY_f07066d9ed35c8253165,2026-08-10,,2026-08-16T13:48:42+00:00,BaoStock query_stock_industry,observation,medium
MEMBERSHIP_d28df2e084d74daea50c,CNINFO_ORG_nssc1000259,INDUSTRY_9f7679f9ad900c7a65d2,2026-08-10,,2026-08-16T13:48:42+00:00,BaoStock query_stock_industry,observation,medium
MEMBERSHIP_6126b5dc66699eed03d3,CNINFO_ORG_gfbj0834839,INDUSTRY_eb1bb5863556657a5ed0,2026-08-10,,2026-08-16T13:48:42+00:00,BaoStock query_stock_industry,observation,medium
MEMBERSHIP_bcc2061c8324c2dd09ae,CNINFO_ORG_9900022732,INDUSTRY_fcb657f75803ca816490,2026-08-10,,2026-08-16T13:48:42+00:00,BaoStock query_stock_industry,observation,medium
MEMBERSHIP_f41812d572f0216cd3b9,CNINFO_ORG_gfbj0833577,INDUSTRY_eb1bb5863556657a5ed0,2026-08-10,,2026-08-16T13:48:42+00:00,BaoStock query_stock_industry,observation,medium
MEMBERSHIP_6db601d0fd5ae16433d0,CNINFO_ORG_9900041893,INDUSTRY_735889820fa0518be404,2026-08-10,,2026-08-16T13:48:42+00:00,BaoStock query_stock_industry,observation,medium
MEMBERSHIP_bd0944db0816e489226a,CNINFO_ORG_9900038965,INDUSTRY_eb1bb5863556657a5ed0,2026-08-10,,2026-08-16T13:48:42+00:00,BaoStock query_stock_industry,observation,medium
MEMBERSHIP_9c7987282469d2723131,CNINFO_ORG_9900048777,INDUSTRY_90d9ee5bdc1ee446fff0,2026-08-10,,2026-08-16T13:48:42+00:00,BaoStock query_stock_industry,observation,medium
MEMBERSHIP_69f0eed581aabc8ac364,CNINFO_ORG_9900041792,INDUSTRY_b62fae243f391f69617b,2026-08-10,,2026-08-16T13:48:42+00:00,BaoStock query_stock_industry,observation,medium
MEMBERSHIP_27c40ad6a4b142b82d20,CNINFO_ORG_9900048060,INDUSTRY_fcb657f75803ca816490,2026-08-10,,2026-08-16T13:48:42+00:00,BaoStock query_stock_industry,observation,medium
MEMBERSHIP_fa9b0e00ddce98d516d9,CNINFO_ORG_9900048779,INDUSTRY_90d9ee5bdc1ee446fff0,2026-08-10,,2026-08-16T13:48:42+00:00,BaoStock query_stock_industry,observation,medium
MEMBERSHIP_e9079f71df58a59072d4,CNINFO_ORG_9900046632,INDUSTRY_fcb657f75803ca816490,2026-08-10,,2026-08-16T13:48:42+00:00,BaoStock query_stock_industry,observation,medium
MEMBERSHIP_f82798997ad550dd9f92,CNINFO_ORG_gfbj0831314,INDUSTRY_3875d79da62b4dff67e8,2026-08-10,,2026-08-16T13:48:42+00:00,BaoStock query_stock_industry,observation,medium
MEMBERSHIP_91c7f03ba3b19eceb8e4,CNINFO_ORG_9900039722,INDUSTRY_3875d79da62b4dff67e8,2026-08-10,,2026-08-16T13:48:42+00:00,BaoStock query_stock_industry,observation,medium
MEMBERSHIP_bf2aae9dcd758ca12f90,CNINFO_ORG_9900041745,INDUSTRY_b90e93f47f56746b9938,2026-08-10,,2026-08-16T13:48:42+00:00,BaoStock query_stock_industry,observation,medium
MEMBERSHIP_9fd391021b35c7bde192,CNINFO_ORG_9900047137,INDUSTRY_eb1bb5863556657a5ed0,2026-08-10,,2026-08-16T13:48:42+00:00,BaoStock query_stock_industry,observation,medium
MEMBERSHIP_984de0b1886aeb9692e3,CNINFO_ORG_9900051695,INDUSTRY_90d9ee5bdc1ee446fff0,2026-08-10,,2026-08-16T13:48:42+00:00,BaoStock query_stock_industry,observation,medium
MEMBERSHIP_a492af64e3b1b57868b0,CNINFO_ORG_9900039046,INDUSTRY_35fe091671cdb8d5f5e0,2026-08-10,,2026-08-16T13:48:42+00:00,BaoStock query_stock_industry,observation,medium
MEMBERSHIP_062425578752b993333a,CNINFO_ORG_9900056273,INDUSTRY_731992a46c7dd8525c17,2026-08-10,,2026-08-16T13:48:42+00:00,BaoStock query_stock_industry,observation,medium
MEMBERSHIP_bf8dd08f30fa02385e8a,CNINFO_ORG_gfbj0836304,INDUSTRY_3875d79da62b4dff67e8,2026-08-10,,2026-08-16T13:48:42+00:00,BaoStock query_stock_industry,observation,medium
MEMBERSHIP_a1ddb09cfbb25ba735ec,CNINFO_ORG_9900041739,INDUSTRY_eb1bb5863556657a5ed0,2026-08-10,,2026-08-16T13:48:42+00:00,BaoStock query_stock_industry,observation,medium
MEMBERSHIP_75c8d7a7cfb9cdb47a64,CNINFO_ORG_9900046628,INDUSTRY_735889820fa0518be404,2026-08-10,,2026-08-16T13:48:42+00:00,BaoStock query_stock_industry,observation,medium
MEMBERSHIP_1246445480cb1e731ac3,CNINFO_ORG_9900041384,INDUSTRY_eb1bb5863556657a5ed0,2026-08-10,,2026-08-16T13:48:42+00:00,BaoStock query_stock_industry,observation,medium
MEMBERSHIP_307b59cdab68afe91fe3,CNINFO_ORG_gfbj0834613,INDUSTRY_b90e93f47f56746b9938,2026-08-10,,2026-08-16T13:48:42+00:00,BaoStock query_stock_industry,observation,medium
MEMBERSHIP_951f9bff6ac61c086e8b,CNINFO_ORG_9900047695,INDUSTRY_fcb657f75803ca816490,2026-08-10,,2026-08-16T13:48:42+00:00,BaoStock query_stock_industry,observation,medium
MEMBERSHIP_0a1c1eeb2d868e55fc44,CNINFO_ORG_nssc1000127,INDUSTRY_b90e93f47f56746b9938,2026-08-10,,2026-08-16T13:48:42+00:00,BaoStock query_stock_industry,observation,medium
MEMBERSHIP_82ef1b55b05b5c61ea8d,CNINFO_ORG_9900029531,INDUSTRY_90d9ee5bdc1ee446fff0,2026-08-10,,2026-08-16T13:48:42+00:00,BaoStock query_stock_industry,observation,medium
MEMBERSHIP_4a9e20a5cd6af6ba0ed9,CNINFO_ORG_9900052521,INDUSTRY_b90e93f47f56746b9938,2026-08-10,,2026-08-16T13:48:42+00:00,BaoStock query_stock_industry,observation,medium
MEMBERSHIP_a9502417c1dfe0852874,CNINFO_ORG_9900047297,INDUSTRY_b90e93f47f56746b9938,2026-08-10,,2026-08-16T13:48:42+00:00,BaoStock query_stock_industry,observation,medium
MEMBERSHIP_7fcc17a5fa408bbc8469,CNINFO_ORG_9900035517,INDUSTRY_af522b5025b7206d78cb,2026-08-10,,2026-08-16T13:48:42+00:00,BaoStock query_stock_industry,observation,medium
MEMBERSHIP_9fcc781708d870ce11c5,CNINFO_ORG_gfbj0871960,INDUSTRY_3875d79da62b4dff67e8,2026-08-10,,2026-08-16T13:48:42+00:00,BaoStock query_stock_industry,observation,medium
MEMBERSHIP_e8c281c8ef3227d1f30e,CNINFO_ORG_9900055631,INDUSTRY_90d9ee5bdc1ee446fff0,2026-08-10,,2026-08-16T13:48:42+00:00,BaoStock query_stock_industry,observation,medium
MEMBERSHIP_bdc1bd89dc0efbdeb2dc,CNINFO_ORG_9900047233,INDUSTRY_af522b5025b7206d78cb,2026-08-10,,2026-08-16T13:48:42+00:00,BaoStock query_stock_industry,observation,medium
MEMBERSHIP_f8f01be9ba8e29278498,CNINFO_ORG_9900044737,INDUSTRY_be6d1ff74018fda3a9a4,2026-08-10,,2026-08-16T13:48:42+00:00,BaoStock query_stock_industry,observation,medium
MEMBERSHIP_ad460c95eba08d55eb14,CNINFO_ORG_9900042296,INDUSTRY_af522b5025b7206d78cb,2026-08-10,,2026-08-16T13:48:42+00:00,BaoStock query_stock_industry,observation,medium
MEMBERSHIP_94c1d600e36d656e5a25,CNINFO_ORG_gfbj0833540,INDUSTRY_af522b5025b7206d78cb,2026-08-10,,2026-08-16T13:48:42+00:00,BaoStock query_stock_industry,observation,medium
MEMBERSHIP_cb2dfe764d280ae9171f,CNINFO_ORG_9900039303,INDUSTRY_3875d79da62b4dff67e8,2026-08-10,,2026-08-16T13:48:42+00:00,BaoStock query_stock_industry,observation,medium
MEMBERSHIP_8e26579843fde3c50df4,CNINFO_ORG_gfbj0836367,INDUSTRY_af522b5025b7206d78cb,2026-08-10,,2026-08-16T13:48:42+00:00,BaoStock query_stock_industry,observation,medium
MEMBERSHIP_e0a3bc0f7089d9ab89e2,CNINFO_ORG_gfbj0830805,INDUSTRY_35fe091671cdb8d5f5e0,2026-08-10,,2026-08-16T13:48:42+00:00,BaoStock query_stock_industry,observation,medium
MEMBERSHIP_8ddc4b075c8297d86ff8,CNINFO_ORG_9900048792,INDUSTRY_3875d79da62b4dff67e8,2026-08-10,,2026-08-16T13:48:42+00:00,BaoStock query_stock_industry,observation,medium
MEMBERSHIP_5608543df6a2de18cdee,CNINFO_ORG_9900047769,INDUSTRY_90d9ee5bdc1ee446fff0,2026-08-10,,2026-08-16T13:48:42+00:00,BaoStock query_stock_industry,observation,medium
MEMBERSHIP_dcdd33b2ec545dd7831d,CNINFO_ORG_9900039135,INDUSTRY_af522b5025b7206d78cb,2026-08-10,,2026-08-16T13:48:42+00:00,BaoStock query_stock_industry,observation,medium
MEMBERSHIP_dc389de35f6c57e396f1,CNINFO_ORG_9900039491,INDUSTRY_fcb657f75803ca816490,2026-08-10,,2026-08-16T13:48:42+00:00,BaoStock query_stock_industry,observation,medium
MEMBERSHIP_79e3373fdb8447a0a7c2,CNINFO_ORG_9900023042,INDUSTRY_3875d79da62b4dff67e8,2026-08-10,,2026-08-16T13:48:42+00:00,BaoStock query_stock_industry,observation,medium
MEMBERSHIP_1abe5668936e848615a9,CNINFO_ORG_gfbj0834182,INDUSTRY_ad86b4a2a3856ba2d571,2026-08-10,,2026-08-16T13:48:42+00:00,BaoStock query_stock_industry,observation,medium
MEMBERSHIP_8f63ef33615dcc9ccdae,CNINFO_ORG_9900036061,INDUSTRY_fcb657f75803ca816490,2026-08-10,,2026-08-16T13:48:42+00:00,BaoStock query_stock_industry,observation,medium
MEMBERSHIP_6f023b695a61a4e2bee8,CNINFO_ORG_9900039219,INDUSTRY_fcb657f75803ca816490,2026-08-10,,2026-08-16T13:48:42+00:00,BaoStock query_stock_industry,observation,medium
MEMBERSHIP_52c97f0798dfa14739c7,CNINFO_ORG_9900048185,INDUSTRY_ee9bbaf36a819df8934d,2026-08-10,,2026-08-16T13:48:42+00:00,BaoStock query_stock_industry,observation,medium
MEMBERSHIP_383c51bc7d70d2469e7f,CNINFO_ORG_9900048903,INDUSTRY_90d9ee5bdc1ee446fff0,2026-08-10,,2026-08-16T13:48:42+00:00,BaoStock query_stock_industry,observation,medium
MEMBERSHIP_74749a98783993b34952,CNINFO_ORG_9900048401,INDUSTRY_731992a46c7dd8525c17,2026-08-10,,2026-08-16T13:48:42+00:00,BaoStock query_stock_industry,observation,medium
MEMBERSHIP_c93a8e9755809b3ae7e2,CNINFO_ORG_9900048168,INDUSTRY_eb1bb5863556657a5ed0,2026-08-10,,2026-08-16T13:48:42+00:00,BaoStock query_stock_industry,observation,medium
MEMBERSHIP_2b3fadd3034ccb62fd58,CNINFO_ORG_9900048583,INDUSTRY_90d9ee5bdc1ee446fff0,2026-08-10,,2026-08-16T13:48:42+00:00,BaoStock query_stock_industry,observation,medium
MEMBERSHIP_50c0602458632c7b4426,CNINFO_ORG_nssc1000717,INDUSTRY_3875d79da62b4dff67e8,2026-08-10,,2026-08-16T13:48:42+00:00,BaoStock query_stock_industry,observation,medium
MEMBERSHIP_62b5ee50de6381cf9449,CNINFO_ORG_9900029817,INDUSTRY_3875d79da62b4dff67e8,2026-08-10,,2026-08-16T13:48:42+00:00,BaoStock query_stock_industry,observation,medium
MEMBERSHIP_28d559c95e268f7101cd,CNINFO_ORG_gfbj0871531,INDUSTRY_90d9ee5bdc1ee446fff0,2026-08-10,,2026-08-16T13:48:42+00:00,BaoStock query_stock_industry,observation,medium
MEMBERSHIP_3f978eb60840fe1a84a8,CNINFO_ORG_9900023922,INDUSTRY_be6d1ff74018fda3a9a4,2026-08-10,,2026-08-16T13:48:42+00:00,BaoStock query_stock_industry,observation,medium
MEMBERSHIP_bf0f03aaaf8ec9a935c7,CNINFO_ORG_9900047331,INDUSTRY_90d9ee5bdc1ee446fff0,2026-08-10,,2026-08-16T13:48:42+00:00,BaoStock query_stock_industry,observation,medium
MEMBERSHIP_af6c44614158881589aa,CNINFO_ORG_9900051388,INDUSTRY_90d9ee5bdc1ee446fff0,2026-08-10,,2026-08-16T13:48:42+00:00,BaoStock query_stock_industry,observation,medium
MEMBERSHIP_bfb738ed49aa6dd2e827,CNINFO_ORG_9900047884,INDUSTRY_eb1bb5863556657a5ed0,2026-08-10,,2026-08-16T13:48:42+00:00,BaoStock query_stock_industry,observation,medium
MEMBERSHIP_270a395a9376f03938fd,CNINFO_ORG_nssc1000129,INDUSTRY_3875d79da62b4dff67e8,2026-08-10,,2026-08-16T13:48:42+00:00,BaoStock query_stock_industry,observation,medium
MEMBERSHIP_d763096c5ddea55f9d0c,CNINFO_ORG_gshk0008102,INDUSTRY_90d9ee5bdc1ee446fff0,2026-08-10,,2026-08-16T13:48:42+00:00,BaoStock query_stock_industry,observation,medium
MEMBERSHIP_4129e58a5e2d221bf0ec,CNINFO_ORG_9900041594,INDUSTRY_b62fae243f391f69617b,2026-08-10,,2026-08-16T13:48:42+00:00,BaoStock query_stock_industry,observation,medium
MEMBERSHIP_3e8399b3fae8797ed566,CNINFO_ORG_9900052408,INDUSTRY_90d9ee5bdc1ee446fff0,2026-08-10,,2026-08-16T13:48:42+00:00,BaoStock query_stock_industry,observation,medium
MEMBERSHIP_a4c6d2012ac3d8578e2c,CNINFO_ORG_gfbj0833790,INDUSTRY_90d9ee5bdc1ee446fff0,2026-08-10,,2026-08-16T13:48:42+00:00,BaoStock query_stock_industry,observation,medium
MEMBERSHIP_3e7a50f9fc4fd5e5b098,CNINFO_ORG_9900039187,INDUSTRY_3875d79da62b4dff67e8,2026-08-10,,2026-08-16T13:48:42+00:00,BaoStock query_stock_industry,observation,medium
MEMBERSHIP_03c1a1ce6fa755f1dff4,CNINFO_ORG_gfbj0835209,INDUSTRY_b90e93f47f56746b9938,2026-08-10,,2026-08-16T13:48:42+00:00,BaoStock query_stock_industry,observation,medium
MEMBERSHIP_1b847162f2162d947fad,CNINFO_ORG_9900023098,INDUSTRY_fcb657f75803ca816490,2026-08-10,,2026-08-16T13:48:42+00:00,BaoStock query_stock_industry,observation,medium
MEMBERSHIP_bca0ba320f9906e145e3,CNINFO_ORG_9900053044,INDUSTRY_3875d79da62b4dff67e8,2026-08-10,,2026-08-16T13:48:42+00:00,BaoStock query_stock_industry,observation,medium
MEMBERSHIP_4c4cf354a2bbb042d201,CNINFO_ORG_9900030277,INDUSTRY_eb1bb5863556657a5ed0,2026-08-10,,2026-08-16T13:48:42+00:00,BaoStock query_stock_industry,observation,medium
MEMBERSHIP_da7b597743b1514fa82a,CNINFO_ORG_gfbj0834933,INDUSTRY_b90e93f47f56746b9938,2026-08-10,,2026-08-16T13:48:42+00:00,BaoStock query_stock_industry,observation,medium
MEMBERSHIP_63b4ee2ae606797a0d39,CNINFO_ORG_gshk0000597,INDUSTRY_90d9ee5bdc1ee446fff0,2026-08-10,,2026-08-16T13:48:42+00:00,BaoStock query_stock_industry,observation,medium
MEMBERSHIP_6ff5edc70fb12f6d5bf2,CNINFO_ORG_9900030638,INDUSTRY_7063d42ae24daea94a9c,2026-08-10,,2026-08-16T13:48:42+00:00,BaoStock query_stock_industry,observation,medium
MEMBERSHIP_822510b89efa003a1d3c,CNINFO_ORG_9900039223,INDUSTRY_eb1bb5863556657a5ed0,2026-08-10,,2026-08-16T13:48:42+00:00,BaoStock query_stock_industry,observation,medium
MEMBERSHIP_21e8708c999c1983843e,CNINFO_ORG_9900048361,INDUSTRY_90d9ee5bdc1ee446fff0,2026-08-10,,2026-08-16T13:48:42+00:00,BaoStock query_stock_industry,observation,medium
MEMBERSHIP_c213c90f6f3184772bb0,CNINFO_ORG_gfbj0833550,INDUSTRY_90d9ee5bdc1ee446fff0,2026-08-10,,2026-08-16T13:48:42+00:00,BaoStock query_stock_industry,observation,medium
MEMBERSHIP_e8dc169b1b976e13df7a,CNINFO_ORG_9900052003,INDUSTRY_90d9ee5bdc1ee446fff0,2026-08-10,,2026-08-16T13:48:42+00:00,BaoStock query_stock_industry,observation,medium
MEMBERSHIP_e1772579949573889bfe,CNINFO_ORG_9900039737,INDUSTRY_b90e93f47f56746b9938,2026-08-10,,2026-08-16T13:48:42+00:00,BaoStock query_stock_industry,observation,medium
MEMBERSHIP_c980edc13d4745687821,CNINFO_ORG_9900048393,INDUSTRY_35fe091671cdb8d5f5e0,2026-08-10,,2026-08-16T13:48:42+00:00,BaoStock query_stock_industry,observation,medium
MEMBERSHIP_6b26bef2d1012ea2c90d,CNINFO_ORG_gfbj0838057,INDUSTRY_3875d79da62b4dff67e8,2026-08-10,,2026-08-16T13:48:42+00:00,BaoStock query_stock_industry,observation,medium
MEMBERSHIP_b557f2c78a3a7e4d3ecd,CNINFO_ORG_9900059116,INDUSTRY_b90e93f47f56746b9938,2026-08-10,,2026-08-16T13:48:42+00:00,BaoStock query_stock_industry,observation,medium
MEMBERSHIP_dbd240c89f1c2213e453,CNINFO_ORG_9900052004,INDUSTRY_90d9ee5bdc1ee446fff0,2026-08-10,,2026-08-16T13:48:42+00:00,BaoStock query_stock_industry,observation,medium
MEMBERSHIP_0dc14aeeaf4d220c9bfd,CNINFO_ORG_9900035556,INDUSTRY_90d9ee5bdc1ee446fff0,2026-08-10,,2026-08-16T13:48:42+00:00,BaoStock query_stock_industry,observation,medium
MEMBERSHIP_c26f0b042c3bb94010da,CNINFO_ORG_9900048179,INDUSTRY_3875d79da62b4dff67e8,2026-08-10,,2026-08-16T13:48:42+00:00,BaoStock query_stock_industry,observation,medium
MEMBERSHIP_f7cbf3ca7cece7a3b35a,CNINFO_ORG_nssc1000863,INDUSTRY_3875d79da62b4dff67e8,2026-08-10,,2026-08-16T13:48:42+00:00,BaoStock query_stock_industry,observation,medium
MEMBERSHIP_1b7913d7b5256964978c,CNINFO_ORG_nssc1000602,INDUSTRY_3875d79da62b4dff67e8,2026-08-10,,2026-08-16T13:48:42+00:00,BaoStock query_stock_industry,observation,medium
MEMBERSHIP_c32b1da034482ec9e072,CNINFO_ORG_9900048405,INDUSTRY_eb1bb5863556657a5ed0,2026-08-10,,2026-08-16T13:48:42+00:00,BaoStock query_stock_industry,observation,medium
MEMBERSHIP_9f53563cc40fe8915e0a,CNINFO_ORG_9900043455,INDUSTRY_eb1bb5863556657a5ed0,2026-08-10,,2026-08-16T13:48:42+00:00,BaoStock query_stock_industry,observation,medium
MEMBERSHIP_17abb72dcb0afd3b3715,CNINFO_ORG_9900056080,INDUSTRY_b90e93f47f56746b9938,2026-08-10,,2026-08-16T13:48:42+00:00,BaoStock query_stock_industry,observation,medium
MEMBERSHIP_7b214d9af962cb3179a8,CNINFO_ORG_9900053027,INDUSTRY_90d9ee5bdc1ee446fff0,2026-08-10,,2026-08-16T13:48:42+00:00,BaoStock query_stock_industry,observation,medium
MEMBERSHIP_7a0569108ef3a0aff923,CNINFO_ORG_9900056217,INDUSTRY_35fe091671cdb8d5f5e0,2026-08-10,,2026-08-16T13:48:42+00:00,BaoStock query_stock_industry,observation,medium
MEMBERSHIP_7d7a40160b4521468f9f,CNINFO_ORG_gfbj0837417,INDUSTRY_fcb657f75803ca816490,2026-08-10,,2026-08-16T13:48:42+00:00,BaoStock query_stock_industry,observation,medium
MEMBERSHIP_63a54a9cfac914603ccd,CNINFO_ORG_9900053041,INDUSTRY_90d9ee5bdc1ee446fff0,2026-08-10,,2026-08-16T13:48:42+00:00,BaoStock query_stock_industry,observation,medium
MEMBERSHIP_ab808de52c59afff27a7,CNINFO_ORG_9900056031,INDUSTRY_eb1bb5863556657a5ed0,2026-08-10,,2026-08-16T13:48:42+00:00,BaoStock query_stock_industry,observation,medium
MEMBERSHIP_d7b35ab6d1af859c80bb,CNINFO_ORG_9900046626,INDUSTRY_35fe091671cdb8d5f5e0,2026-08-10,,2026-08-16T13:48:42+00:00,BaoStock query_stock_industry,observation,medium
MEMBERSHIP_3783abb37c957ada7b38,CNINFO_ORG_9900057421,INDUSTRY_fcb657f75803ca816490,2026-08-10,,2026-08-16T13:48:42+00:00,BaoStock query_stock_industry,observation,medium
MEMBERSHIP_9c06233b33a45b108ac3,CNINFO_ORG_9900051380,INDUSTRY_90d9ee5bdc1ee446fff0,2026-08-10,,2026-08-16T13:48:42+00:00,BaoStock query_stock_industry,observation,medium
MEMBERSHIP_29a38b0c69c17edc5c87,CNINFO_ORG_9900048050,INDUSTRY_35fe091671cdb8d5f5e0,2026-08-10,,2026-08-16T13:48:42+00:00,BaoStock query_stock_industry,observation,medium
MEMBERSHIP_011f7ff0cb24560ab76f,CNINFO_ORG_nssc1000134,INDUSTRY_be6d1ff74018fda3a9a4,2026-08-10,,2026-08-16T13:48:42+00:00,BaoStock query_stock_industry,observation,medium
MEMBERSHIP_4fc0d050218ff57adbd2,CNINFO_ORG_9900055791,INDUSTRY_90d9ee5bdc1ee446fff0,2026-08-10,,2026-08-16T13:48:42+00:00,BaoStock query_stock_industry,observation,medium
MEMBERSHIP_0cb89fd966c7f60391c8,CNINFO_ORG_9900052789,INDUSTRY_ad86b4a2a3856ba2d571,2026-08-10,,2026-08-16T13:48:42+00:00,BaoStock query_stock_industry,observation,medium
MEMBERSHIP_7d558442578c21ceb614,CNINFO_ORG_9900039436,INDUSTRY_ee9bbaf36a819df8934d,2026-08-10,,2026-08-16T13:48:42+00:00,BaoStock query_stock_industry,observation,medium
MEMBERSHIP_8b988d04cf7c951f3a91,CNINFO_ORG_nssc1000313,INDUSTRY_eb1bb5863556657a5ed0,2026-08-10,,2026-08-16T13:48:42+00:00,BaoStock query_stock_industry,observation,medium
MEMBERSHIP_acf88bd7c3b6671bb418,CNINFO_ORG_9900053045,INDUSTRY_90d9ee5bdc1ee446fff0,2026-08-10,,2026-08-16T13:48:42+00:00,BaoStock query_stock_industry,observation,medium
MEMBERSHIP_a5fee028059f3b4f704e,CNINFO_ORG_9900032673,INDUSTRY_b90e93f47f56746b9938,2026-08-10,,2026-08-16T13:48:42+00:00,BaoStock query_stock_industry,observation,medium
MEMBERSHIP_009cd548e60d2039f890,CNINFO_ORG_9900052782,INDUSTRY_90d9ee5bdc1ee446fff0,2026-08-10,,2026-08-16T13:48:42+00:00,BaoStock query_stock_industry,observation,medium
MEMBERSHIP_d3ce5eb138319386fed5,CNINFO_ORG_9900053817,INDUSTRY_3875d79da62b4dff67e8,2026-08-10,,2026-08-16T13:48:42+00:00,BaoStock query_stock_industry,observation,medium
MEMBERSHIP_a7a50f5c2caa8fae9b8a,CNINFO_ORG_gfbj0839951,INDUSTRY_fcb657f75803ca816490,2026-08-10,,2026-08-16T13:48:42+00:00,BaoStock query_stock_industry,observation,medium
MEMBERSHIP_321a91b381047274ec30,CNINFO_ORG_nssc1000725,INDUSTRY_ee9bbaf36a819df8934d,2026-08-10,,2026-08-16T13:48:42+00:00,BaoStock query_stock_industry,observation,medium
MEMBERSHIP_4b25a38e71cbd7f7da29,CNINFO_ORG_9900056052,INDUSTRY_fcb657f75803ca816490,2026-08-10,,2026-08-16T13:48:42+00:00,BaoStock query_stock_industry,observation,medium
MEMBERSHIP_45a42aeb111954d01035,CNINFO_ORG_9900048106,INDUSTRY_ee9bbaf36a819df8934d,2026-08-10,,2026-08-16T13:48:42+00:00,BaoStock query_stock_industry,observation,medium
MEMBERSHIP_9ed5525db03c5f9872b2,CNINFO_ORG_nssc1000599,INDUSTRY_fcb657f75803ca816490,2026-08-10,,2026-08-16T13:48:42+00:00,BaoStock query_stock_industry,observation,medium
MEMBERSHIP_a78c79227dfc12a2934f,CNINFO_ORG_9900041599,INDUSTRY_eb1bb5863556657a5ed0,2026-08-10,,2026-08-16T13:48:42+00:00,BaoStock query_stock_industry,observation,medium
MEMBERSHIP_4f0c52d5d68671164394,CNINFO_ORG_9900047309,INDUSTRY_90d9ee5bdc1ee446fff0,2026-08-10,,2026-08-16T13:48:42+00:00,BaoStock query_stock_industry,observation,medium
MEMBERSHIP_39908505ba03245f07eb,CNINFO_ORG_9900051401,INDUSTRY_90d9ee5bdc1ee446fff0,2026-08-10,,2026-08-16T13:48:42+00:00,BaoStock query_stock_industry,observation,medium
MEMBERSHIP_1f281374bd9f7066ae94,CNINFO_ORG_9900052124,INDUSTRY_90d9ee5bdc1ee446fff0,2026-08-10,,2026-08-16T13:48:42+00:00,BaoStock query_stock_industry,observation,medium
MEMBERSHIP_8e8e3dbd29625fc6ee1c,CNINFO_ORG_9900038933,INDUSTRY_3875d79da62b4dff67e8,2026-08-10,,2026-08-16T13:48:42+00:00,BaoStock query_stock_industry,observation,medium
MEMBERSHIP_42c789d4366ee2adb82e,CNINFO_ORG_gfbj0833309,INDUSTRY_fcb657f75803ca816490,2026-08-10,,2026-08-16T13:48:42+00:00,BaoStock query_stock_industry,observation,medium
MEMBERSHIP_df9d4dbbee140df159c4,CNINFO_ORG_9900041684,INDUSTRY_3875d79da62b4dff67e8,2026-08-10,,2026-08-16T13:48:42+00:00,BaoStock query_stock_industry,observation,medium
MEMBERSHIP_8a3123ff494489ea401f,CNINFO_ORG_gfbj0833673,INDUSTRY_735889820fa0518be404,2026-08-10,,2026-08-16T13:48:42+00:00,BaoStock query_stock_industry,observation,medium
MEMBERSHIP_d782ae0b1ad7b9fa7c92,CNINFO_ORG_9900046635,INDUSTRY_b90e93f47f56746b9938,2026-08-10,,2026-08-16T13:48:42+00:00,BaoStock query_stock_industry,observation,medium
MEMBERSHIP_c3c7e8e697c455996d41,CNINFO_ORG_gshk0008231,INDUSTRY_eb1bb5863556657a5ed0,2026-08-10,,2026-08-16T13:48:42+00:00,BaoStock query_stock_industry,observation,medium
MEMBERSHIP_523610529a3deaad5434,CNINFO_ORG_9900024957,INDUSTRY_eb1bb5863556657a5ed0,2026-08-10,,2026-08-16T13:48:42+00:00,BaoStock query_stock_industry,observation,medium
MEMBERSHIP_787c8df4f5a0f441c85d,CNINFO_ORG_nssc1000827,INDUSTRY_fcb657f75803ca816490,2026-08-10,,2026-08-16T13:48:42+00:00,BaoStock query_stock_industry,observation,medium
MEMBERSHIP_790bd1adb91bffcc8079,CNINFO_ORG_gfbj0430512,INDUSTRY_fcb657f75803ca816490,2026-08-10,,2026-08-16T13:48:42+00:00,BaoStock query_stock_industry,observation,medium
MEMBERSHIP_c51901e3575e2525d57f,CNINFO_ORG_9900041382,INDUSTRY_731992a46c7dd8525c17,2026-08-10,,2026-08-16T13:48:42+00:00,BaoStock query_stock_industry,observation,medium
MEMBERSHIP_2a1ffd8af578d6c57886,CNINFO_ORG_gfbj0870269,INDUSTRY_ad86b4a2a3856ba2d571,2026-08-10,,2026-08-16T13:48:42+00:00,BaoStock query_stock_industry,observation,medium
MEMBERSHIP_7b0bda2661692f7c4937,CNINFO_ORG_nssc1000625,INDUSTRY_90d9ee5bdc1ee446fff0,2026-08-10,,2026-08-16T13:48:42+00:00,BaoStock query_stock_industry,observation,medium
MEMBERSHIP_203af71b3deddfbc22f3,CNINFO_ORG_9900053938,INDUSTRY_90d9ee5bdc1ee446fff0,2026-08-10,,2026-08-16T13:48:42+00:00,BaoStock query_stock_industry,observation,medium
MEMBERSHIP_8c16c758b8ebcc50a12c,CNINFO_ORG_gfbj0837374,INDUSTRY_eb1bb5863556657a5ed0,2026-08-10,,2026-08-16T13:48:42+00:00,BaoStock query_stock_industry,observation,medium
MEMBERSHIP_8f28611459cd28de718a,CNINFO_ORG_9900056245,INDUSTRY_fcb657f75803ca816490,2026-08-10,,2026-08-16T13:48:42+00:00,BaoStock query_stock_industry,observation,medium
MEMBERSHIP_a42261a017b213015107,CNINFO_ORG_gfbj0836288,INDUSTRY_3875d79da62b4dff67e8,2026-08-10,,2026-08-16T13:48:42+00:00,BaoStock query_stock_industry,observation,medium
MEMBERSHIP_4d19a4bafa10e3bae1b2,CNINFO_ORG_9900041524,INDUSTRY_b90e93f47f56746b9938,2026-08-10,,2026-08-16T13:48:42+00:00,BaoStock query_stock_industry,observation,medium
MEMBERSHIP_5a13c175d847af0ce78a,CNINFO_ORG_gfbj0833684,INDUSTRY_3875d79da62b4dff67e8,2026-08-10,,2026-08-16T13:48:42+00:00,BaoStock query_stock_industry,observation,medium
MEMBERSHIP_810716fe1c2e50c2b1a7,CNINFO_ORG_9900038620,INDUSTRY_90d9ee5bdc1ee446fff0,2026-08-10,,2026-08-16T13:48:42+00:00,BaoStock query_stock_industry,observation,medium
MEMBERSHIP_8a4aae51102a786ec5f4,CNINFO_ORG_9900040621,INDUSTRY_eb1bb5863556657a5ed0,2026-08-10,,2026-08-16T13:48:42+00:00,BaoStock query_stock_industry,observation,medium
MEMBERSHIP_baf95e6bd87373442ab7,CNINFO_ORG_9900040648,INDUSTRY_fcb657f75803ca816490,2026-08-10,,2026-08-16T13:48:42+00:00,BaoStock query_stock_industry,observation,medium
MEMBERSHIP_a88bd696fb55c2f6adc0,CNINFO_ORG_9900048075,INDUSTRY_90d9ee5bdc1ee446fff0,2026-08-10,,2026-08-16T13:48:42+00:00,BaoStock query_stock_industry,observation,medium
MEMBERSHIP_d28f88415cc1fc61f174,CNINFO_ORG_nssc1000474,INDUSTRY_ad86b4a2a3856ba2d571,2026-08-10,,2026-08-16T13:48:42+00:00,BaoStock query_stock_industry,observation,medium
MEMBERSHIP_a417acf7dada3c4d1a67,CNINFO_ORG_9900047412,INDUSTRY_90d9ee5bdc1ee446fff0,2026-08-10,,2026-08-16T13:48:42+00:00,BaoStock query_stock_industry,observation,medium
MEMBERSHIP_e9c9047da3c81e11bc20,CNINFO_ORG_9900038938,INDUSTRY_eb1bb5863556657a5ed0,2026-08-10,,2026-08-16T13:48:42+00:00,BaoStock query_stock_industry,observation,medium
MEMBERSHIP_6f1c50f1a034bccfc9c1,CNINFO_ORG_9900039483,INDUSTRY_735889820fa0518be404,2026-08-10,,2026-08-16T13:48:42+00:00,BaoStock query_stock_industry,observation,medium
MEMBERSHIP_106faa82102b98f24e49,CNINFO_ORG_nssc1000041,INDUSTRY_3875d79da62b4dff67e8,2026-08-10,,2026-08-16T13:48:42+00:00,BaoStock query_stock_industry,observation,medium
MEMBERSHIP_9d3eef50d47d2a398145,CNINFO_ORG_9900048076,INDUSTRY_90d9ee5bdc1ee446fff0,2026-08-10,,2026-08-16T13:48:42+00:00,BaoStock query_stock_industry,observation,medium
MEMBERSHIP_1497402a5de8389ffbfc,CNINFO_ORG_gfbj0834204,INDUSTRY_3875d79da62b4dff67e8,2026-08-10,,2026-08-16T13:48:42+00:00,BaoStock query_stock_industry,observation,medium
MEMBERSHIP_a3f3054e11dfc2dde010,CNINFO_ORG_9900041606,INDUSTRY_90d9ee5bdc1ee446fff0,2026-08-10,,2026-08-16T13:48:42+00:00,BaoStock query_stock_industry,observation,medium
MEMBERSHIP_206aa621a96b0a55581c,CNINFO_ORG_9900032633,INDUSTRY_90d9ee5bdc1ee446fff0,2026-08-10,,2026-08-16T13:48:42+00:00,BaoStock query_stock_industry,observation,medium
MEMBERSHIP_f1d9149910e08811ea32,CNINFO_ORG_9900032795,INDUSTRY_fcb657f75803ca816490,2026-08-10,,2026-08-16T13:48:42+00:00,BaoStock query_stock_industry,observation,medium
MEMBERSHIP_8e9a782f76844418a349,CNINFO_ORG_nssc1000734,INDUSTRY_90d9ee5bdc1ee446fff0,2026-08-10,,2026-08-16T13:48:42+00:00,BaoStock query_stock_industry,observation,medium
MEMBERSHIP_9ec013382e7dcc5c4949,CNINFO_ORG_gfbj0833425,INDUSTRY_90d9ee5bdc1ee446fff0,2026-08-10,,2026-08-16T13:48:42+00:00,BaoStock query_stock_industry,observation,medium
MEMBERSHIP_16219a49f46fc5ef0aa1,CNINFO_ORG_9900035514,INDUSTRY_ad86b4a2a3856ba2d571,2026-08-10,,2026-08-16T13:48:42+00:00,BaoStock query_stock_industry,observation,medium
MEMBERSHIP_a413c4c1c2a78e44ac3f,CNINFO_ORG_9900058649,INDUSTRY_90d9ee5bdc1ee446fff0,2026-08-10,,2026-08-16T13:48:42+00:00,BaoStock query_stock_industry,observation,medium
MEMBERSHIP_63c59fbe992bfe7c5b78,CNINFO_ORG_9900057373,INDUSTRY_90d9ee5bdc1ee446fff0,2026-08-10,,2026-08-16T13:48:42+00:00,BaoStock query_stock_industry,observation,medium
MEMBERSHIP_718d9d781ed602073d05,CNINFO_ORG_9900052780,INDUSTRY_90d9ee5bdc1ee446fff0,2026-08-10,,2026-08-16T13:48:42+00:00,BaoStock query_stock_industry,observation,medium
MEMBERSHIP_c1ed863a67f739129787,CNINFO_ORG_gfbj0835406,INDUSTRY_af522b5025b7206d78cb,2026-08-10,,2026-08-16T13:48:42+00:00,BaoStock query_stock_industry,observation,medium
MEMBERSHIP_14f5c2b99a61f4401467,CNINFO_ORG_nssc1000154,INDUSTRY_3875d79da62b4dff67e8,2026-08-10,,2026-08-16T13:48:42+00:00,BaoStock query_stock_industry,observation,medium
MEMBERSHIP_dbb46a8fcdc146ede2a1,CNINFO_ORG_nssc1000225,INDUSTRY_90d9ee5bdc1ee446fff0,2026-08-10,,2026-08-16T13:48:42+00:00,BaoStock query_stock_industry,observation,medium
MEMBERSHIP_b22bb6ac838a2679b3a2,CNINFO_ORG_nssc1000740,INDUSTRY_eb1bb5863556657a5ed0,2026-08-10,,2026-08-16T13:48:42+00:00,BaoStock query_stock_industry,observation,medium
MEMBERSHIP_58a074c330159c4e4f64,CNINFO_ORG_gfbj0834278,INDUSTRY_3875d79da62b4dff67e8,2026-08-10,,2026-08-16T13:48:42+00:00,BaoStock query_stock_industry,observation,medium
MEMBERSHIP_fbb904c67811f6bfc460,CNINFO_ORG_9900041688,INDUSTRY_35fe091671cdb8d5f5e0,2026-08-10,,2026-08-16T13:48:42+00:00,BaoStock query_stock_industry,observation,medium
MEMBERSHIP_e49c5ef97ce0495ecf55,CNINFO_ORG_9900035083,INDUSTRY_35fe091671cdb8d5f5e0,2026-08-10,,2026-08-16T13:48:42+00:00,BaoStock query_stock_industry,observation,medium
MEMBERSHIP_322007f5501229795110,CNINFO_ORG_9900041799,INDUSTRY_3875d79da62b4dff67e8,2026-08-10,,2026-08-16T13:48:42+00:00,BaoStock query_stock_industry,observation,medium
MEMBERSHIP_98daea04449ca7632723,CNINFO_ORG_9900037841,INDUSTRY_b62fae243f391f69617b,2026-08-10,,2026-08-16T13:48:42+00:00,BaoStock query_stock_industry,observation,medium
MEMBERSHIP_ca94cc2064abdc765d5e,CNINFO_ORG_9900041361,INDUSTRY_fcb657f75803ca816490,2026-08-10,,2026-08-16T13:48:42+00:00,BaoStock query_stock_industry,observation,medium
MEMBERSHIP_37e71b1e857e424f0426,CNINFO_ORG_9900055792,INDUSTRY_fcb657f75803ca816490,2026-08-10,,2026-08-16T13:48:42+00:00,BaoStock query_stock_industry,observation,medium
MEMBERSHIP_b32db35f2ffb5c5fb96b,CNINFO_ORG_9900056081,INDUSTRY_ad86b4a2a3856ba2d571,2026-08-10,,2026-08-16T13:48:42+00:00,BaoStock query_stock_industry,observation,medium
MEMBERSHIP_6de0f76247eb4f67976b,CNINFO_ORG_gfbj0831353,INDUSTRY_3875d79da62b4dff67e8,2026-08-10,,2026-08-16T13:48:42+00:00,BaoStock query_stock_industry,observation,medium
MEMBERSHIP_855c9b1609f34c684def,CNINFO_ORG_9900039624,INDUSTRY_eb1bb5863556657a5ed0,2026-08-10,,2026-08-16T13:48:42+00:00,BaoStock query_stock_industry,observation,medium
MEMBERSHIP_772d209c311c45e7e078,CNINFO_ORG_9900040620,INDUSTRY_b90e93f47f56746b9938,2026-08-10,,2026-08-16T13:48:42+00:00,BaoStock query_stock_industry,observation,medium
MEMBERSHIP_568008f84942999fae85,CNINFO_ORG_9900038994,INDUSTRY_fcb657f75803ca816490,2026-08-10,,2026-08-16T13:48:42+00:00,BaoStock query_stock_industry,observation,medium
MEMBERSHIP_6996fe11607c588747be,CNINFO_ORG_9900041365,INDUSTRY_ad86b4a2a3856ba2d571,2026-08-10,,2026-08-16T13:48:42+00:00,BaoStock query_stock_industry,observation,medium
MEMBERSHIP_f19c5c7e9575ea427d36,CNINFO_ORG_9900056072,INDUSTRY_735889820fa0518be404,2026-08-10,,2026-08-16T13:48:42+00:00,BaoStock query_stock_industry,observation,medium
MEMBERSHIP_474ddb4a3a718567584c,CNINFO_ORG_9900034180,INDUSTRY_af522b5025b7206d78cb,2026-08-10,,2026-08-16T13:48:42+00:00,BaoStock query_stock_industry,observation,medium
MEMBERSHIP_b4b4f945d30d3329ea9d,CNINFO_ORG_9900041756,INDUSTRY_3875d79da62b4dff67e8,2026-08-10,,2026-08-16T13:48:42+00:00,BaoStock query_stock_industry,observation,medium
MEMBERSHIP_b0838349ebfd6690b57e,CNINFO_ORG_nssc1000247,INDUSTRY_eb1bb5863556657a5ed0,2026-08-10,,2026-08-16T13:48:42+00:00,BaoStock query_stock_industry,observation,medium
MEMBERSHIP_3fa3f629c25d4f538b98,CNINFO_ORG_gfbj0834788,INDUSTRY_3875d79da62b4dff67e8,2026-08-10,,2026-08-16T13:48:42+00:00,BaoStock query_stock_industry,observation,medium
MEMBERSHIP_af9f3fbf5573dd87180c,CNINFO_ORG_gfbj0837244,INDUSTRY_35fe091671cdb8d5f5e0,2026-08-10,,2026-08-16T13:48:42+00:00,BaoStock query_stock_industry,observation,medium
MEMBERSHIP_9eedc8c1d6372579c2ca,CNINFO_ORG_nssc1000445,INDUSTRY_eb1bb5863556657a5ed0,2026-08-10,,2026-08-16T13:48:42+00:00,BaoStock query_stock_industry,observation,medium
MEMBERSHIP_ff119e9ff54cd8e125c3,CNINFO_ORG_gfbj0831688,INDUSTRY_fcb657f75803ca816490,2026-08-10,,2026-08-16T13:48:42+00:00,BaoStock query_stock_industry,observation,medium
MEMBERSHIP_340d8c9470d60dc7a818,CNINFO_ORG_gfbj0836154,INDUSTRY_3875d79da62b4dff67e8,2026-08-10,,2026-08-16T13:48:42+00:00,BaoStock query_stock_industry,observation,medium
MEMBERSHIP_94199a835323e4870f34,CNINFO_ORG_nssc1000268,INDUSTRY_3875d79da62b4dff67e8,2026-08-10,,2026-08-16T13:48:42+00:00,BaoStock query_stock_industry,observation,medium
MEMBERSHIP_52ff3e3d9a89ccfc1b62,CNINFO_ORG_9900047780,INDUSTRY_90d9ee5bdc1ee446fff0,2026-08-10,,2026-08-16T13:48:42+00:00,BaoStock query_stock_industry,observation,medium
MEMBERSHIP_a64793985c2433ba02ce,CNINFO_ORG_9900059081,INDUSTRY_735889820fa0518be404,2026-08-10,,2026-08-16T13:48:42+00:00,BaoStock query_stock_industry,observation,medium
MEMBERSHIP_d9d5b17a08b00e782682,CNINFO_ORG_nssc1000610,INDUSTRY_90d9ee5bdc1ee446fff0,2026-08-10,,2026-08-16T13:48:42+00:00,BaoStock query_stock_industry,observation,medium
MEMBERSHIP_0e3628d826801e5ab517,CNINFO_ORG_9900042956,INDUSTRY_af522b5025b7206d78cb,2026-08-10,,2026-08-16T13:48:42+00:00,BaoStock query_stock_industry,observation,medium
MEMBERSHIP_8ae9059b80546a68a869,CNINFO_ORG_9900041351,INDUSTRY_ad86b4a2a3856ba2d571,2026-08-10,,2026-08-16T13:48:42+00:00,BaoStock query_stock_industry,observation,medium
MEMBERSHIP_fd995f5a738bae37a8ab,CNINFO_ORG_gfbj0830866,INDUSTRY_fcb657f75803ca816490,2026-08-10,,2026-08-16T13:48:42+00:00,BaoStock query_stock_industry,observation,medium
MEMBERSHIP_eaa780efa7e835381b4f,CNINFO_ORG_9900031454,INDUSTRY_fcb657f75803ca816490,2026-08-10,,2026-08-16T13:48:42+00:00,BaoStock query_stock_industry,observation,medium
MEMBERSHIP_c23ffea4b93a53e059f0,CNINFO_ORG_9900031487,INDUSTRY_fcb657f75803ca816490,2026-08-10,,2026-08-16T13:48:42+00:00,BaoStock query_stock_industry,observation,medium
MEMBERSHIP_40dff6eee78b16f0496c,CNINFO_ORG_9900048793,INDUSTRY_90d9ee5bdc1ee446fff0,2026-08-10,,2026-08-16T13:48:42+00:00,BaoStock query_stock_industry,observation,medium
MEMBERSHIP_d667c2f59c780f48d8ac,CNINFO_ORG_gfbj0833972,INDUSTRY_90d9ee5bdc1ee446fff0,2026-08-10,,2026-08-16T13:48:42+00:00,BaoStock query_stock_industry,observation,medium
MEMBERSHIP_df3df4fd54916a51616e,CNINFO_ORG_9900053760,INDUSTRY_fcb657f75803ca816490,2026-08-10,,2026-08-16T13:48:42+00:00,BaoStock query_stock_industry,observation,medium
MEMBERSHIP_0da85add79449c7bd88e,CNINFO_ORG_gfbj0837517,INDUSTRY_90d9ee5bdc1ee446fff0,2026-08-10,,2026-08-16T13:48:42+00:00,BaoStock query_stock_industry,observation,medium
MEMBERSHIP_c466764f53c10171d70d,CNINFO_ORG_gfbj0834317,INDUSTRY_3875d79da62b4dff67e8,2026-08-10,,2026-08-16T13:48:42+00:00,BaoStock query_stock_industry,observation,medium
MEMBERSHIP_8a5c02149e7e470ab537,CNINFO_ORG_9900035311,INDUSTRY_735889820fa0518be404,2026-08-10,,2026-08-16T13:48:42+00:00,BaoStock query_stock_industry,observation,medium
MEMBERSHIP_d2be6a2286732e434cb4,CNINFO_ORG_9900041577,INDUSTRY_7063d42ae24daea94a9c,2026-08-10,,2026-08-16T13:48:42+00:00,BaoStock query_stock_industry,observation,medium
MEMBERSHIP_63c5ae0099ffc57e163a,CNINFO_ORG_GD155612,INDUSTRY_b90e93f47f56746b9938,2026-08-10,,2026-08-16T13:48:42+00:00,BaoStock query_stock_industry,observation,medium
MEMBERSHIP_65da8200b3babe768aca,CNINFO_ORG_9900041342,INDUSTRY_735889820fa0518be404,2026-08-10,,2026-08-16T13:48:42+00:00,BaoStock query_stock_industry,observation,medium
MEMBERSHIP_a5df346276ed3334a1cc,CNINFO_ORG_9900033358,INDUSTRY_90d9ee5bdc1ee446fff0,2026-08-10,,2026-08-16T13:48:42+00:00,BaoStock query_stock_industry,observation,medium
MEMBERSHIP_047f7b3500f1a0f38ebf,CNINFO_ORG_9900041744,INDUSTRY_af522b5025b7206d78cb,2026-08-10,,2026-08-16T13:48:42+00:00,BaoStock query_stock_industry,observation,medium
MEMBERSHIP_5da0c896172a39810759,CNINFO_ORG_9900048047,INDUSTRY_90d9ee5bdc1ee446fff0,2026-08-10,,2026-08-16T13:48:42+00:00,BaoStock query_stock_industry,observation,medium
MEMBERSHIP_f5e15836faf4fe341df0,CNINFO_ORG_9900059045,INDUSTRY_35fe091671cdb8d5f5e0,2026-08-10,,2026-08-16T13:48:42+00:00,BaoStock query_stock_industry,observation,medium
MEMBERSHIP_8e1692c0e1c072d645c1,CNINFO_ORG_9900039769,INDUSTRY_eb1bb5863556657a5ed0,2026-08-10,,2026-08-16T13:48:42+00:00,BaoStock query_stock_industry,observation,medium
MEMBERSHIP_3ab08142c3d3ef1b0fbe,CNINFO_ORG_9900041595,INDUSTRY_3875d79da62b4dff67e8,2026-08-10,,2026-08-16T13:48:42+00:00,BaoStock query_stock_industry,observation,medium
MEMBERSHIP_9c71b925fc52511aa923,CNINFO_ORG_nssc1000367,INDUSTRY_90d9ee5bdc1ee446fff0,2026-08-10,,2026-08-16T13:48:42+00:00,BaoStock query_stock_industry,observation,medium
MEMBERSHIP_4595c49a2ed81f061339,CNINFO_ORG_9900023226,INDUSTRY_90d9ee5bdc1ee446fff0,2026-08-10,,2026-08-16T13:48:42+00:00,BaoStock query_stock_industry,observation,medium
MEMBERSHIP_1f6e8d3788fa52133450,CNINFO_ORG_9900056071,INDUSTRY_735889820fa0518be404,2026-08-10,,2026-08-16T13:48:42+00:00,BaoStock query_stock_industry,observation,medium
MEMBERSHIP_66f038879f3afe395a03,CNINFO_ORG_gfbj0836844,INDUSTRY_b90e93f47f56746b9938,2026-08-10,,2026-08-16T13:48:42+00:00,BaoStock query_stock_industry,observation,medium
MEMBERSHIP_a656f27483f7c581ae9e,CNINFO_ORG_9900039720,INDUSTRY_e7fb954d2ab5bf5bc733,2026-08-10,,2026-08-16T13:48:42+00:00,BaoStock query_stock_industry,observation,medium
MEMBERSHIP_65c7be3faa408101a461,CNINFO_ORG_nssc1000537,INDUSTRY_3875d79da62b4dff67e8,2026-08-10,,2026-08-16T13:48:42+00:00,BaoStock query_stock_industry,observation,medium
MEMBERSHIP_f96c7d7c844647923adc,CNINFO_ORG_9900046400,INDUSTRY_fcb657f75803ca816490,2026-08-10,,2026-08-16T13:48:42+00:00,BaoStock query_stock_industry,observation,medium
MEMBERSHIP_a56ab557bd3a23b80bff,CNINFO_ORG_9900035300,INDUSTRY_735889820fa0518be404,2026-08-10,,2026-08-16T13:48:42+00:00,BaoStock query_stock_industry,observation,medium
MEMBERSHIP_22d6857de7820e3a98e8,CNINFO_ORG_nssc1000047,INDUSTRY_3875d79da62b4dff67e8,2026-08-10,,2026-08-16T13:48:42+00:00,BaoStock query_stock_industry,observation,medium
MEMBERSHIP_a3871a6d008d20d77213,CNINFO_ORG_nssc1000604,INDUSTRY_90d9ee5bdc1ee446fff0,2026-08-10,,2026-08-16T13:48:42+00:00,BaoStock query_stock_industry,observation,medium
MEMBERSHIP_cd07e91a4e57a2f8574e,CNINFO_ORG_9900041860,INDUSTRY_fcb657f75803ca816490,2026-08-10,,2026-08-16T13:48:42+00:00,BaoStock query_stock_industry,observation,medium
MEMBERSHIP_607b0f33867745244a54,CNINFO_ORG_9900047635,INDUSTRY_90d9ee5bdc1ee446fff0,2026-08-10,,2026-08-16T13:48:42+00:00,BaoStock query_stock_industry,observation,medium
MEMBERSHIP_7e02a33b39d3023871cd,CNINFO_ORG_9900046415,INDUSTRY_f07066d9ed35c8253165,2026-08-10,,2026-08-16T13:48:42+00:00,BaoStock query_stock_industry,observation,medium
MEMBERSHIP_a38c638586243d53cd71,CNINFO_ORG_gfbj0871079,INDUSTRY_735889820fa0518be404,2026-08-10,,2026-08-16T13:48:42+00:00,BaoStock query_stock_industry,observation,medium
MEMBERSHIP_5d6e8d934c62baad0500,CNINFO_ORG_9900048999,INDUSTRY_3875d79da62b4dff67e8,2026-08-10,,2026-08-16T13:48:42+00:00,BaoStock query_stock_industry,observation,medium
MEMBERSHIP_03a2a7b5f962990c349d,CNINFO_ORG_gfbj0838731,INDUSTRY_af522b5025b7206d78cb,2026-08-10,,2026-08-16T13:48:42+00:00,BaoStock query_stock_industry,observation,medium
MEMBERSHIP_aa8391ace4b1b83c8356,CNINFO_ORG_9900041530,INDUSTRY_3875d79da62b4dff67e8,2026-08-10,,2026-08-16T13:48:42+00:00,BaoStock query_stock_industry,observation,medium
MEMBERSHIP_d27454c3f60594e15627,CNINFO_ORG_gfbj0836990,INDUSTRY_3875d79da62b4dff67e8,2026-08-10,,2026-08-16T13:48:42+00:00,BaoStock query_stock_industry,observation,medium
MEMBERSHIP_e83c7bcf5c12b215860b,CNINFO_ORG_nssc1000176,INDUSTRY_735889820fa0518be404,2026-08-10,,2026-08-16T13:48:42+00:00,BaoStock query_stock_industry,observation,medium
MEMBERSHIP_fa3c531f1b210d14fc71,CNINFO_ORG_9900048587,INDUSTRY_90d9ee5bdc1ee446fff0,2026-08-10,,2026-08-16T13:48:42+00:00,BaoStock query_stock_industry,observation,medium
MEMBERSHIP_1a478b0e9d80edb550b4,CNINFO_ORG_nssc1000289,INDUSTRY_3875d79da62b4dff67e8,2026-08-10,,2026-08-16T13:48:42+00:00,BaoStock query_stock_industry,observation,medium
MEMBERSHIP_9baa6d1acc5bfaa26a76,CNINFO_ORG_9900023202,INDUSTRY_fcb657f75803ca816490,2026-08-10,,2026-08-16T13:48:42+00:00,BaoStock query_stock_industry,observation,medium
MEMBERSHIP_56a8a5fb82fe02d8d03b,CNINFO_ORG_9900044435,INDUSTRY_3875d79da62b4dff67e8,2026-08-10,,2026-08-16T13:48:42+00:00,BaoStock query_stock_industry,observation,medium
MEMBERSHIP_17109152704bc19818a4,CNINFO_ORG_9900063337,INDUSTRY_90d9ee5bdc1ee446fff0,2026-08-10,,2026-08-16T13:48:42+00:00,BaoStock query_stock_industry,observation,medium
MEMBERSHIP_b67708f63afd0ed2859d,CNINFO_ORG_9900041815,INDUSTRY_90d9ee5bdc1ee446fff0,2026-08-10,,2026-08-16T13:48:42+00:00,BaoStock query_stock_industry,observation,medium
MEMBERSHIP_36780a40016887989d46,CNINFO_ORG_9900038835,INDUSTRY_3875d79da62b4dff67e8,2026-08-10,,2026-08-16T13:48:42+00:00,BaoStock query_stock_industry,observation,medium
MEMBERSHIP_55ef9e26d7adf7c6760b,CNINFO_ORG_gfbj0831088,INDUSTRY_af522b5025b7206d78cb,2026-08-10,,2026-08-16T13:48:42+00:00,BaoStock query_stock_industry,observation,medium
MEMBERSHIP_4342da93644d16d33030,CNINFO_ORG_9900047763,INDUSTRY_3875d79da62b4dff67e8,2026-08-10,,2026-08-16T13:48:42+00:00,BaoStock query_stock_industry,observation,medium
MEMBERSHIP_2af3bfd979f6e652eb20,CNINFO_ORG_9900053181,INDUSTRY_35fe091671cdb8d5f5e0,2026-08-10,,2026-08-16T13:48:42+00:00,BaoStock query_stock_industry,observation,medium
MEMBERSHIP_8316eaf56314a8ce2b50,CNINFO_ORG_gfbj0836731,INDUSTRY_fcb657f75803ca816490,2026-08-10,,2026-08-16T13:48:42+00:00,BaoStock query_stock_industry,observation,medium
MEMBERSHIP_a31c5ed66e8e27493d9f,CNINFO_ORG_9900053046,INDUSTRY_3875d79da62b4dff67e8,2026-08-10,,2026-08-16T13:48:42+00:00,BaoStock query_stock_industry,observation,medium
MEMBERSHIP_8da7f599907a18fc6e78,CNINFO_ORG_9900057354,INDUSTRY_90d9ee5bdc1ee446fff0,2026-08-10,,2026-08-16T13:48:42+00:00,BaoStock query_stock_industry,observation,medium
MEMBERSHIP_3be58f3d703bc6447ea2,CNINFO_ORG_nssc1000359,INDUSTRY_90d9ee5bdc1ee446fff0,2026-08-10,,2026-08-16T13:48:42+00:00,BaoStock query_stock_industry,observation,medium
MEMBERSHIP_cfaf3d1cfc7e3a646210,CNINFO_ORG_9900039221,INDUSTRY_eb1bb5863556657a5ed0,2026-08-10,,2026-08-16T13:48:42+00:00,BaoStock query_stock_industry,observation,medium
MEMBERSHIP_455ce6186c8abc0f4ddf,CNINFO_ORG_gfbj0832097,INDUSTRY_fcb657f75803ca816490,2026-08-10,,2026-08-16T13:48:42+00:00,BaoStock query_stock_industry,observation,medium
MEMBERSHIP_b11fb0303d023ea704e1,CNINFO_ORG_9900041389,INDUSTRY_eb1bb5863556657a5ed0,2026-08-10,,2026-08-16T13:48:42+00:00,BaoStock query_stock_industry,observation,medium
MEMBERSHIP_8860c9d93f0e33b3df5e,CNINFO_ORG_9900041346,INDUSTRY_af522b5025b7206d78cb,2026-08-10,,2026-08-16T13:48:42+00:00,BaoStock query_stock_industry,observation,medium
MEMBERSHIP_28e352803884fef979af,CNINFO_ORG_nssc1000609,INDUSTRY_35fe091671cdb8d5f5e0,2026-08-10,,2026-08-16T13:48:42+00:00,BaoStock query_stock_industry,observation,medium
MEMBERSHIP_9590c3d60704932e24c5,CNINFO_ORG_nssc1000577,INDUSTRY_90d9ee5bdc1ee446fff0,2026-08-10,,2026-08-16T13:48:42+00:00,BaoStock query_stock_industry,observation,medium
MEMBERSHIP_e15c2f751864b4d1a9d7,CNINFO_ORG_nssc1000012,INDUSTRY_90d9ee5bdc1ee446fff0,2026-08-10,,2026-08-16T13:48:42+00:00,BaoStock query_stock_industry,observation,medium
MEMBERSHIP_c307a8419c8e5a1fa63b,CNINFO_ORG_gfbj0833152,INDUSTRY_b90e93f47f56746b9938,2026-08-10,,2026-08-16T13:48:42+00:00,BaoStock query_stock_industry,observation,medium
MEMBERSHIP_d83809c5ca375516db02,CNINFO_ORG_nssc1000466,INDUSTRY_90d9ee5bdc1ee446fff0,2026-08-10,,2026-08-16T13:48:42+00:00,BaoStock query_stock_industry,observation,medium
MEMBERSHIP_d334b534f8a542f25143,CNINFO_ORG_9900041562,INDUSTRY_90d9ee5bdc1ee446fff0,2026-08-10,,2026-08-16T13:48:42+00:00,BaoStock query_stock_industry,observation,medium
MEMBERSHIP_2c54d132e962ac6d18ea,CNINFO_ORG_9900041452,INDUSTRY_90d9ee5bdc1ee446fff0,2026-08-10,,2026-08-16T13:48:42+00:00,BaoStock query_stock_industry,observation,medium
MEMBERSHIP_49645ec6d98e97c25664,CNINFO_ORG_gfbj0833817,INDUSTRY_b62fae243f391f69617b,2026-08-10,,2026-08-16T13:48:42+00:00,BaoStock query_stock_industry,observation,medium
MEMBERSHIP_5aa89f562a2a0c61bffe,CNINFO_ORG_9900046653,INDUSTRY_eb1bb5863556657a5ed0,2026-08-10,,2026-08-16T13:48:42+00:00,BaoStock query_stock_industry,observation,medium
MEMBERSHIP_b352751e80b4e0141a1a,CNINFO_ORG_9900048797,INDUSTRY_735889820fa0518be404,2026-08-10,,2026-08-16T13:48:42+00:00,BaoStock query_stock_industry,observation,medium
MEMBERSHIP_e04bbc8470964b5e9bb6,CNINFO_ORG_9900044215,INDUSTRY_b90e93f47f56746b9938,2026-08-10,,2026-08-16T13:48:42+00:00,BaoStock query_stock_industry,observation,medium
MEMBERSHIP_eeb08c29a44857166468,CNINFO_ORG_gfbj0836412,INDUSTRY_3875d79da62b4dff67e8,2026-08-10,,2026-08-16T13:48:42+00:00,BaoStock query_stock_industry,observation,medium
MEMBERSHIP_1b00c5269f4955ecf626,CNINFO_ORG_gfbj0839734,INDUSTRY_35fe091671cdb8d5f5e0,2026-08-10,,2026-08-16T13:48:42+00:00,BaoStock query_stock_industry,observation,medium
MEMBERSHIP_4801b573e1154b7129dd,CNINFO_ORG_gfbj0834778,INDUSTRY_ee9bbaf36a819df8934d,2026-08-10,,2026-08-16T13:48:42+00:00,BaoStock query_stock_industry,observation,medium
MEMBERSHIP_35a60f7db5a03ced8618,CNINFO_ORG_gfbj0831697,INDUSTRY_b62fae243f391f69617b,2026-08-10,,2026-08-16T13:48:42+00:00,BaoStock query_stock_industry,observation,medium
MEMBERSHIP_cb86eba7a25783a65ce9,CNINFO_ORG_gfbj0830912,INDUSTRY_b90e93f47f56746b9938,2026-08-10,,2026-08-16T13:48:42+00:00,BaoStock query_stock_industry,observation,medium
MEMBERSHIP_ebf6aa7dfd560723e6a6,CNINFO_ORG_nssc1000563,INDUSTRY_fcb657f75803ca816490,2026-08-10,,2026-08-16T13:48:42+00:00,BaoStock query_stock_industry,observation,medium
MEMBERSHIP_c2bd3ab5fb94c51f08dd,CNINFO_ORG_9900041447,INDUSTRY_90d9ee5bdc1ee446fff0,2026-08-10,,2026-08-16T13:48:42+00:00,BaoStock query_stock_industry,observation,medium
MEMBERSHIP_139019c83bc6add1da08,CNINFO_ORG_nssc1000499,INDUSTRY_ad86b4a2a3856ba2d571,2026-08-10,,2026-08-16T13:48:42+00:00,BaoStock query_stock_industry,observation,medium
MEMBERSHIP_984ed1aa8c71031cc401,CNINFO_ORG_9900041449,INDUSTRY_735889820fa0518be404,2026-08-10,,2026-08-16T13:48:42+00:00,BaoStock query_stock_industry,observation,medium
MEMBERSHIP_11cc606021158b31672a,CNINFO_ORG_9900023505,INDUSTRY_eb1bb5863556657a5ed0,2026-08-10,,2026-08-16T13:48:42+00:00,BaoStock query_stock_industry,observation,medium
MEMBERSHIP_98ebf6cefe75e868407f,CNINFO_ORG_9900035558,INDUSTRY_90d9ee5bdc1ee446fff0,2026-08-10,,2026-08-16T13:48:42+00:00,BaoStock query_stock_industry,observation,medium
MEMBERSHIP_09ccb51dbba846e2f3f4,CNINFO_ORG_nssc1000188,INDUSTRY_af522b5025b7206d78cb,2026-08-10,,2026-08-16T13:48:42+00:00,BaoStock query_stock_industry,observation,medium
MEMBERSHIP_0d6cfa38a47ce53e0b9a,CNINFO_ORG_9900050044,INDUSTRY_fcb657f75803ca816490,2026-08-10,,2026-08-16T13:48:42+00:00,BaoStock query_stock_industry,observation,medium
MEMBERSHIP_1cc4dc9c8d3a83a887bf,CNINFO_ORG_9900048178,INDUSTRY_fcb657f75803ca816490,2026-08-10,,2026-08-16T13:48:42+00:00,BaoStock query_stock_industry,observation,medium
MEMBERSHIP_512c85f1dee294bf82c8,CNINFO_ORG_9900055875,INDUSTRY_90d9ee5bdc1ee446fff0,2026-08-10,,2026-08-16T13:48:42+00:00,BaoStock query_stock_industry,observation,medium
MEMBERSHIP_015ee540fc9333ff8599,CNINFO_ORG_gfbj0831413,INDUSTRY_fcb657f75803ca816490,2026-08-10,,2026-08-16T13:48:42+00:00,BaoStock query_stock_industry,observation,medium
MEMBERSHIP_187cdf48b13ed479fb8c,CNINFO_ORG_9900041814,INDUSTRY_90d9ee5bdc1ee446fff0,2026-08-10,,2026-08-16T13:48:42+00:00,BaoStock query_stock_industry,observation,medium
MEMBERSHIP_3780b705fe63a55641cc,CNINFO_ORG_nssc1000650,INDUSTRY_35fe091671cdb8d5f5e0,2026-08-10,,2026-08-16T13:48:42+00:00,BaoStock query_stock_industry,observation,medium
MEMBERSHIP_f6fba537a2591b82e853,CNINFO_ORG_nssc1000507,INDUSTRY_735889820fa0518be404,2026-08-10,,2026-08-16T13:48:42+00:00,BaoStock query_stock_industry,observation,medium
MEMBERSHIP_137463191d5bc5f4f904,CNINFO_ORG_9900023024,INDUSTRY_fcb657f75803ca816490,2026-08-10,,2026-08-16T13:48:42+00:00,BaoStock query_stock_industry,observation,medium
MEMBERSHIP_85f30d56308cc1350ca0,CNINFO_ORG_9900044715,INDUSTRY_3875d79da62b4dff67e8,2026-08-10,,2026-08-16T13:48:42+00:00,BaoStock query_stock_industry,observation,medium
MEMBERSHIP_87103c982ec0c84c7e62,CNINFO_ORG_gfbj0833149,INDUSTRY_ee9bbaf36a819df8934d,2026-08-10,,2026-08-16T13:48:42+00:00,BaoStock query_stock_industry,observation,medium
MEMBERSHIP_a7bfc5b447683bc83a2a,CNINFO_ORG_9900053025,INDUSTRY_fcb657f75803ca816490,2026-08-10,,2026-08-16T13:48:42+00:00,BaoStock query_stock_industry,observation,medium
MEMBERSHIP_a5fb5ac99591cf9b858c,CNINFO_ORG_gfbj0870341,INDUSTRY_90d9ee5bdc1ee446fff0,2026-08-10,,2026-08-16T13:48:42+00:00,BaoStock query_stock_industry,observation,medium
MEMBERSHIP_018d29ea1c48072ecbb3,CNINFO_ORG_9900055992,INDUSTRY_6dac68c9cedde793b110,2026-08-10,,2026-08-16T13:48:42+00:00,BaoStock query_stock_industry,observation,medium
MEMBERSHIP_7a0c80dff2be9cb7c100,CNINFO_ORG_9900053939,INDUSTRY_90d9ee5bdc1ee446fff0,2026-08-10,,2026-08-16T13:48:42+00:00,BaoStock query_stock_industry,observation,medium
MEMBERSHIP_ece3425d395d1e07adad,CNINFO_ORG_9900057434,INDUSTRY_f07066d9ed35c8253165,2026-08-10,,2026-08-16T13:48:42+00:00,BaoStock query_stock_industry,observation,medium
MEMBERSHIP_37f89a284f387518ed9a,CNINFO_ORG_gfbj0831872,INDUSTRY_90d9ee5bdc1ee446fff0,2026-08-10,,2026-08-16T13:48:42+00:00,BaoStock query_stock_industry,observation,medium
MEMBERSHIP_5dd86796c07f43427bfc,CNINFO_ORG_9900058275,INDUSTRY_3875d79da62b4dff67e8,2026-08-10,,2026-08-16T13:48:42+00:00,BaoStock query_stock_industry,observation,medium
MEMBERSHIP_cf5f285a0bcfd16f14aa,CNINFO_ORG_gfbj0835017,INDUSTRY_af522b5025b7206d78cb,2026-08-10,,2026-08-16T13:48:42+00:00,BaoStock query_stock_industry,observation,medium
MEMBERSHIP_9e85683fb19d3e834add,CNINFO_ORG_9900048907,INDUSTRY_b90e93f47f56746b9938,2026-08-10,,2026-08-16T13:48:42+00:00,BaoStock query_stock_industry,observation,medium
MEMBERSHIP_d6bf3a12d948d42b90c8,CNINFO_ORG_9900023614,INDUSTRY_3875d79da62b4dff67e8,2026-08-10,,2026-08-16T13:48:42+00:00,BaoStock query_stock_industry,observation,medium
MEMBERSHIP_35c96ba091f575e0ad7e,CNINFO_ORG_9900031471,INDUSTRY_b90e93f47f56746b9938,2026-08-10,,2026-08-16T13:48:42+00:00,BaoStock query_stock_industry,observation,medium
MEMBERSHIP_d87122f3698b85dec349,CNINFO_ORG_9900046652,INDUSTRY_90d9ee5bdc1ee446fff0,2026-08-10,,2026-08-16T13:48:42+00:00,BaoStock query_stock_industry,observation,medium
MEMBERSHIP_8fe3f792d331880679ea,CNINFO_ORG_9900058968,INDUSTRY_90d9ee5bdc1ee446fff0,2026-08-10,,2026-08-16T13:48:42+00:00,BaoStock query_stock_industry,observation,medium
MEMBERSHIP_44c22eb50162a786d48f,CNINFO_ORG_nssc1000851,INDUSTRY_c6634e4fb00885448aae,2026-08-10,,2026-08-16T13:48:42+00:00,BaoStock query_stock_industry,observation,medium
MEMBERSHIP_b62744f136b4b4246346,CNINFO_ORG_9900059088,INDUSTRY_b90e93f47f56746b9938,2026-08-10,,2026-08-16T13:48:42+00:00,BaoStock query_stock_industry,observation,medium
MEMBERSHIP_f0e8d86ec875f954f50c,CNINFO_ORG_gfbj0832456,INDUSTRY_90d9ee5bdc1ee446fff0,2026-08-10,,2026-08-16T13:48:42+00:00,BaoStock query_stock_industry,observation,medium
MEMBERSHIP_11ee8d8eea1d9acfa69a,CNINFO_ORG_nssc1000731,INDUSTRY_90d9ee5bdc1ee446fff0,2026-08-10,,2026-08-16T13:48:42+00:00,BaoStock query_stock_industry,observation,medium
MEMBERSHIP_4eed674a1654d90407ca,CNINFO_ORG_9900052123,INDUSTRY_3875d79da62b4dff67e8,2026-08-10,,2026-08-16T13:48:42+00:00,BaoStock query_stock_industry,observation,medium
MEMBERSHIP_a760eb6781019803abe8,CNINFO_ORG_gfbj0833598,INDUSTRY_90d9ee5bdc1ee446fff0,2026-08-10,,2026-08-16T13:48:42+00:00,BaoStock query_stock_industry,observation,medium
MEMBERSHIP_6c4ba72822db13a828c8,CNINFO_ORG_gfbj0836497,INDUSTRY_af522b5025b7206d78cb,2026-08-10,,2026-08-16T13:48:42+00:00,BaoStock query_stock_industry,observation,medium
MEMBERSHIP_030b2312c04d9495eebf,CNINFO_ORG_gfbj0831550,INDUSTRY_eb1bb5863556657a5ed0,2026-08-10,,2026-08-16T13:48:42+00:00,BaoStock query_stock_industry,observation,medium
MEMBERSHIP_fc40688260795332e858,CNINFO_ORG_9900059188,INDUSTRY_fc163d1647ca522ec4cd,2026-08-10,,2026-08-16T13:48:42+00:00,BaoStock query_stock_industry,observation,medium
MEMBERSHIP_8497132967aabd40b038,CNINFO_ORG_9900060336,INDUSTRY_3875d79da62b4dff67e8,2026-08-10,,2026-08-16T13:48:42+00:00,BaoStock query_stock_industry,observation,medium
MEMBERSHIP_3a10eb10ac3d7edb1e36,CNINFO_ORG_9900058815,INDUSTRY_731992a46c7dd8525c17,2026-08-10,,2026-08-16T13:48:42+00:00,BaoStock query_stock_industry,observation,medium
MEMBERSHIP_703d17503e5f77064955,CNINFO_ORG_9900057459,INDUSTRY_af522b5025b7206d78cb,2026-08-10,,2026-08-16T13:48:42+00:00,BaoStock query_stock_industry,observation,medium
MEMBERSHIP_82ef57b165b4d351c8f0,CNINFO_ORG_9900056244,INDUSTRY_eb1bb5863556657a5ed0,2026-08-10,,2026-08-16T13:48:42+00:00,BaoStock query_stock_industry,observation,medium
MEMBERSHIP_f8c01b3a4625bf104cba,CNINFO_ORG_gfbj0833101,INDUSTRY_eb1bb5863556657a5ed0,2026-08-10,,2026-08-16T13:48:42+00:00,BaoStock query_stock_industry,observation,medium
MEMBERSHIP_29f41dfaec9b012c5d20,CNINFO_ORG_nssc1000720,INDUSTRY_90d9ee5bdc1ee446fff0,2026-08-10,,2026-08-16T13:48:42+00:00,BaoStock query_stock_industry,observation,medium
MEMBERSHIP_9dbfe61de14ebfddad7e,CNINFO_ORG_9900041934,INDUSTRY_eb1bb5863556657a5ed0,2026-08-10,,2026-08-16T13:48:42+00:00,BaoStock query_stock_industry,observation,medium
MEMBERSHIP_ae37b88ac3ce3af1514d,CNINFO_ORG_9900041350,INDUSTRY_735889820fa0518be404,2026-08-10,,2026-08-16T13:48:42+00:00,BaoStock query_stock_industry,observation,medium
MEMBERSHIP_15dbf06b8efb35226f96,CNINFO_ORG_9900046634,INDUSTRY_b90e93f47f56746b9938,2026-08-10,,2026-08-16T13:48:42+00:00,BaoStock query_stock_industry,observation,medium
MEMBERSHIP_947f7f059ed821c3343a,CNINFO_ORG_9900046494,INDUSTRY_90d9ee5bdc1ee446fff0,2026-08-10,,2026-08-16T13:48:42+00:00,BaoStock query_stock_industry,observation,medium
MEMBERSHIP_537dc9f764c35e409109,CNINFO_ORG_GD005988,INDUSTRY_90d9ee5bdc1ee446fff0,2026-08-10,,2026-08-16T13:48:42+00:00,BaoStock query_stock_industry,observation,medium
MEMBERSHIP_884906d612ef96923195,CNINFO_ORG_9900041899,INDUSTRY_fcb657f75803ca816490,2026-08-10,,2026-08-16T13:48:42+00:00,BaoStock query_stock_industry,observation,medium
MEMBERSHIP_88336f80d7d507381e71,CNINFO_ORG_9900046057,INDUSTRY_90d9ee5bdc1ee446fff0,2026-08-10,,2026-08-16T13:48:42+00:00,BaoStock query_stock_industry,observation,medium
MEMBERSHIP_7e4039c6b4fd6a650ad1,CNINFO_ORG_9900041575,INDUSTRY_90d9ee5bdc1ee446fff0,2026-08-10,,2026-08-16T13:48:42+00:00,BaoStock query_stock_industry,observation,medium
MEMBERSHIP_4a83115617cc0950db47,CNINFO_ORG_9900063194,INDUSTRY_90d9ee5bdc1ee446fff0,2026-08-10,,2026-08-16T13:48:42+00:00,BaoStock query_stock_industry,observation,medium
MEMBERSHIP_8d2fe992ff5db57618c0,CNINFO_ORG_9900061680,INDUSTRY_90d9ee5bdc1ee446fff0,2026-08-10,,2026-08-16T13:48:42+00:00,BaoStock query_stock_industry,observation,medium
MEMBERSHIP_056d04f5bd9acbf20fd0,CNINFO_ORG_9900063107,INDUSTRY_3875d79da62b4dff67e8,2026-08-10,,2026-08-16T13:48:42+00:00,BaoStock query_stock_industry,observation,medium
MEMBERSHIP_d4b7d925ee325cffe667,CNINFO_ORG_9900041628,INDUSTRY_be6d1ff74018fda3a9a4,2026-08-10,,2026-08-16T13:48:42+00:00,BaoStock query_stock_industry,observation,medium
MEMBERSHIP_e94839fecd273b09ead0,CNINFO_ORG_9900039125,INDUSTRY_fcb657f75803ca816490,2026-08-10,,2026-08-16T13:48:42+00:00,BaoStock query_stock_industry,observation,medium
MEMBERSHIP_86e27120ee0a6b3ca1f2,CNINFO_ORG_9900041758,INDUSTRY_90d9ee5bdc1ee446fff0,2026-08-10,,2026-08-16T13:48:42+00:00,BaoStock query_stock_industry,observation,medium
MEMBERSHIP_735daaaf983f989b6b1e,CNINFO_ORG_9900023013,INDUSTRY_3875d79da62b4dff67e8,2026-08-10,,2026-08-16T13:48:42+00:00,BaoStock query_stock_industry,observation,medium
MEMBERSHIP_cc821fa6a68fd23de6bc,CNINFO_ORG_9900062620,INDUSTRY_90d9ee5bdc1ee446fff0,2026-08-10,,2026-08-16T13:48:42+00:00,BaoStock query_stock_industry,observation,medium
MEMBERSHIP_1e9eb6f7ea1356702754,CNINFO_ORG_gfbj0837027,INDUSTRY_b90e93f47f56746b9938,2026-08-10,,2026-08-16T13:48:42+00:00,BaoStock query_stock_industry,observation,medium
MEMBERSHIP_bf76b797a65abb7d2bfd,CNINFO_ORG_9900063221,INDUSTRY_90d9ee5bdc1ee446fff0,2026-08-10,,2026-08-16T13:48:42+00:00,BaoStock query_stock_industry,observation,medium
MEMBERSHIP_b48214347dfcc42a75cc,CNINFO_ORG_9900048815,INDUSTRY_f07066d9ed35c8253165,2026-08-10,,2026-08-16T13:48:42+00:00,BaoStock query_stock_industry,observation,medium
MEMBERSHIP_20f3e6ff7419243fe977,CNINFO_ORG_9900063195,INDUSTRY_90d9ee5bdc1ee446fff0,2026-08-10,,2026-08-16T13:48:42+00:00,BaoStock query_stock_industry,observation,medium
MEMBERSHIP_344a56c41613f145d6e8,CNINFO_ORG_gfbj0833221,INDUSTRY_90d9ee5bdc1ee446fff0,2026-08-10,,2026-08-16T13:48:42+00:00,BaoStock query_stock_industry,observation,medium
MEMBERSHIP_35eeda4f476a563a5ad4,CNINFO_ORG_9900033718,INDUSTRY_eb1bb5863556657a5ed0,2026-08-10,,2026-08-16T13:48:42+00:00,BaoStock query_stock_industry,observation,medium
MEMBERSHIP_6584b34f4affe508eb32,CNINFO_ORG_gfbj0831274,INDUSTRY_90d9ee5bdc1ee446fff0,2026-08-10,,2026-08-16T13:48:42+00:00,BaoStock query_stock_industry,observation,medium
MEMBERSHIP_1ea3922217abdc66d181,CNINFO_ORG_9900063219,INDUSTRY_90d9ee5bdc1ee446fff0,2026-08-10,,2026-08-16T13:48:42+00:00,BaoStock query_stock_industry,observation,medium
MEMBERSHIP_e7ca0acead19922898ac,CNINFO_ORG_9900062848,INDUSTRY_3875d79da62b4dff67e8,2026-08-10,,2026-08-16T13:48:42+00:00,BaoStock query_stock_industry,observation,medium
MEMBERSHIP_f7bb1f48ed409ef79a2f,CNINFO_ORG_9900063308,INDUSTRY_eb1bb5863556657a5ed0,2026-08-10,,2026-08-16T13:48:42+00:00,BaoStock query_stock_industry,observation,medium
MEMBERSHIP_3e32e8719aaeed279b2c,CNINFO_ORG_9900063196,INDUSTRY_90d9ee5bdc1ee446fff0,2026-08-10,,2026-08-16T13:48:42+00:00,BaoStock query_stock_industry,observation,medium
MEMBERSHIP_312a73c0f52f73c494cc,CNINFO_ORG_9900063334,INDUSTRY_735889820fa0518be404,2026-08-10,,2026-08-16T13:48:42+00:00,BaoStock query_stock_industry,observation,medium
MEMBERSHIP_bae11cc76b2605cccb87,CNINFO_ORG_9900062000,INDUSTRY_90d9ee5bdc1ee446fff0,2026-08-10,,2026-08-16T13:48:42+00:00,BaoStock query_stock_industry,observation,medium
MEMBERSHIP_a2842e82dbc2fc469d67,CNINFO_ORG_9900063220,INDUSTRY_fc163d1647ca522ec4cd,2026-08-10,,2026-08-16T13:48:42+00:00,BaoStock query_stock_industry,observation,medium
MEMBERSHIP_e1df26f0826649cc7060,CNINFO_ORG_9900061070,INDUSTRY_3875d79da62b4dff67e8,2026-08-10,,2026-08-16T13:48:42+00:00,BaoStock query_stock_industry,observation,medium
MEMBERSHIP_9ecfe699bcafc9405853,CNINFO_ORG_9900063087,INDUSTRY_735889820fa0518be404,2026-08-10,,2026-08-16T13:48:42+00:00,BaoStock query_stock_industry,observation,medium
MEMBERSHIP_19612cebc9364e77152f,CNINFO_ORG_GD192810,INDUSTRY_ad86b4a2a3856ba2d571,2026-08-10,,2026-08-16T13:48:42+00:00,BaoStock query_stock_industry,observation,medium
MEMBERSHIP_77207319b4cae9fd0375,CNINFO_ORG_9900041888,INDUSTRY_b90e93f47f56746b9938,2026-08-10,,2026-08-16T13:48:42+00:00,BaoStock query_stock_industry,observation,medium
MEMBERSHIP_9eadd3d96643f0649a09,CNINFO_ORG_9900063550,INDUSTRY_90d9ee5bdc1ee446fff0,2026-08-10,,2026-08-16T13:48:42+00:00,BaoStock query_stock_industry,observation,medium
MEMBERSHIP_f130a2c933fdcebd2bd9,CNINFO_ORG_9920000008,INDUSTRY_90d9ee5bdc1ee446fff0,2026-08-10,,2026-08-16T13:48:42+00:00,BaoStock query_stock_industry,observation,medium
MEMBERSHIP_0c933beb7d161725c6ed,CNINFO_ORG_gshk0000981,INDUSTRY_90d9ee5bdc1ee446fff0,2026-08-10,,2026-08-16T13:48:42+00:00,BaoStock query_stock_industry,observation,medium
MEMBERSHIP_89b1c5005aee02648957,CN_COMPANY_TEMP_689009_SH,INDUSTRY_90d9ee5bdc1ee446fff0,2026-08-10,,2026-08-16T13:48:42+00:00,BaoStock query_stock_industry,observation,medium
MEMBERSHIP_fb167518e37fee953205,CNINFO_ORG_gssz0000001,INDUSTRY_b5ff8607e606f7dd55ba,2026-08-10,,2026-08-16T13:48:42+00:00,BaoStock query_stock_industry,observation,medium
MEMBERSHIP_9c345b7a6b6729cf25ba,CNINFO_ORG_gssz0000002,INDUSTRY_465aebe5f53921515851,2026-08-10,,2026-08-16T13:48:42+00:00,BaoStock query_stock_industry,observation,medium
MEMBERSHIP_4fda145b8d3b533259f9,CNINFO_ORG_gssz0000006,INDUSTRY_465aebe5f53921515851,2026-08-10,,2026-08-16T13:48:42+00:00,BaoStock query_stock_industry,observation,medium
MEMBERSHIP_f05c506a93591f78f581,CNINFO_ORG_gssz0000007,INDUSTRY_465aebe5f53921515851,2026-08-10,,2026-08-16T13:48:42+00:00,BaoStock query_stock_industry,observation,medium
MEMBERSHIP_579bcca2137abf9be6ee,CNINFO_ORG_gssz0000008,INDUSTRY_ad86b4a2a3856ba2d571,2026-08-10,,2026-08-16T13:48:42+00:00,BaoStock query_stock_industry,observation,medium
MEMBERSHIP_55b9f2eb11d0260c9587,CNINFO_ORG_gssz0000009,INDUSTRY_7ee4f97d9c6b6c9f19de,2026-08-10,,2026-08-16T13:48:42+00:00,BaoStock query_stock_industry,observation,medium
MEMBERSHIP_09413be054c702af993b,CNINFO_ORG_gssz0000010,INDUSTRY_17cf2674a1f785e3272e,2026-08-10,,2026-08-16T13:48:42+00:00,BaoStock query_stock_industry,observation,medium
MEMBERSHIP_8dc4fe0d4f6b363388c4,CNINFO_ORG_gssz0000011,INDUSTRY_465aebe5f53921515851,2026-08-10,,2026-08-16T13:48:42+00:00,BaoStock query_stock_industry,observation,medium
MEMBERSHIP_7998864fe01a17727667,CNINFO_ORG_gssz0000012,INDUSTRY_7063d42ae24daea94a9c,2026-08-10,,2026-08-16T13:48:42+00:00,BaoStock query_stock_industry,observation,medium
MEMBERSHIP_137732d32a4005f75db6,CNINFO_ORG_gssz0000014,INDUSTRY_465aebe5f53921515851,2026-08-10,,2026-08-16T13:48:42+00:00,BaoStock query_stock_industry,observation,medium
MEMBERSHIP_3516d4f5ad36f3b253a6,CNINFO_ORG_gssz0000016,INDUSTRY_90d9ee5bdc1ee446fff0,2026-08-10,,2026-08-16T13:48:42+00:00,BaoStock query_stock_industry,observation,medium
MEMBERSHIP_74df6fdae56d239bcb04,CNINFO_ORG_gssz0000017,INDUSTRY_4b6bcfe2a650f11508e5,2026-08-10,,2026-08-16T13:48:42+00:00,BaoStock query_stock_industry,observation,medium
MEMBERSHIP_b97eb67ac3715c218f07,CNINFO_ORG_gssz0000019,INDUSTRY_8c865bedc2ef9574d2e5,2026-08-10,,2026-08-16T13:48:42+00:00,BaoStock query_stock_industry,observation,medium
MEMBERSHIP_7fba9e7570efa43b2fb2,CNINFO_ORG_gssz0000020,INDUSTRY_90d9ee5bdc1ee446fff0,2026-08-10,,2026-08-16T13:48:42+00:00,BaoStock query_stock_industry,observation,medium
MEMBERSHIP_ccbd84a174c6f5f76d14,CNINFO_ORG_gssz0000021,INDUSTRY_90d9ee5bdc1ee446fff0,2026-08-10,,2026-08-16T13:48:42+00:00,BaoStock query_stock_industry,observation,medium
MEMBERSHIP_97866e15c33bb3c5f8a0,CNINFO_ORG_gssz0000025,INDUSTRY_8c865bedc2ef9574d2e5,2026-08-10,,2026-08-16T13:48:42+00:00,BaoStock query_stock_industry,observation,medium
MEMBERSHIP_9076d7e31a45eb13541e,CNINFO_ORG_gssz0000026,INDUSTRY_4fb51c32200208ed64a8,2026-08-10,,2026-08-16T13:48:42+00:00,BaoStock query_stock_industry,observation,medium
MEMBERSHIP_d81e07dc23ac7168a226,CNINFO_ORG_gssz0000027,INDUSTRY_f9da9c9738f21980b6d7,2026-08-10,,2026-08-16T13:48:42+00:00,BaoStock query_stock_industry,observation,medium
MEMBERSHIP_f8002b88f19e5a376602,CNINFO_ORG_gssz0000028,INDUSTRY_8c865bedc2ef9574d2e5,2026-08-10,,2026-08-16T13:48:42+00:00,BaoStock query_stock_industry,observation,medium
MEMBERSHIP_1112b1099f5e4d7fbc11,CNINFO_ORG_gssz0000029,INDUSTRY_465aebe5f53921515851,2026-08-10,,2026-08-16T13:48:42+00:00,BaoStock query_stock_industry,observation,medium
MEMBERSHIP_fa75d5dea5cd5a376816,CNINFO_ORG_gssz0000030,INDUSTRY_e7fb954d2ab5bf5bc733,2026-08-10,,2026-08-16T13:48:42+00:00,BaoStock query_stock_industry,observation,medium
MEMBERSHIP_b4cc2c037301c7f36f02,CNINFO_ORG_gssz0000031,INDUSTRY_465aebe5f53921515851,2026-08-10,,2026-08-16T13:48:42+00:00,BaoStock query_stock_industry,observation,medium
MEMBERSHIP_d66a40c7a53fb8c544e6,CNINFO_ORG_gssz0000032,INDUSTRY_7f01ad7e3c5948bb7c6b,2026-08-10,,2026-08-16T13:48:42+00:00,BaoStock query_stock_industry,observation,medium
MEMBERSHIP_da60a5140e1e49074afb,CNINFO_ORG_gssz0000034,INDUSTRY_8c865bedc2ef9574d2e5,2026-08-10,,2026-08-16T13:48:42+00:00,BaoStock query_stock_industry,observation,medium
MEMBERSHIP_8658c51a12fce910c016,CNINFO_ORG_gssz0000035,INDUSTRY_ee9bbaf36a819df8934d,2026-08-10,,2026-08-16T13:48:42+00:00,BaoStock query_stock_industry,observation,medium
MEMBERSHIP_e62dff3020909dd53c3f,CNINFO_ORG_gssz0000036,INDUSTRY_465aebe5f53921515851,2026-08-10,,2026-08-16T13:48:42+00:00,BaoStock query_stock_industry,observation,medium
MEMBERSHIP_7c642a663b5a0640b319,CNINFO_ORG_gssz0000037,INDUSTRY_f9da9c9738f21980b6d7,2026-08-10,,2026-08-16T13:48:42+00:00,BaoStock query_stock_industry,observation,medium
MEMBERSHIP_6441d988ba6d9b2f6e18,CNINFO_ORG_gssz0000039,INDUSTRY_be6d1ff74018fda3a9a4,2026-08-10,,2026-08-16T13:48:42+00:00,BaoStock query_stock_industry,observation,medium
MEMBERSHIP_a36750bd86c413557809,CNINFO_ORG_gssz0000042,INDUSTRY_465aebe5f53921515851,2026-08-10,,2026-08-16T13:48:42+00:00,BaoStock query_stock_industry,observation,medium
MEMBERSHIP_47345cf0e62a63c26af9,CNINFO_ORG_gssz0000045,INDUSTRY_90d9ee5bdc1ee446fff0,2026-08-10,,2026-08-16T13:48:42+00:00,BaoStock query_stock_industry,observation,medium
MEMBERSHIP_8d54ecb79340ae4857c4,CNINFO_ORG_gssz0000048,INDUSTRY_9b846d32ce44d8ac60c7,2026-08-10,,2026-08-16T13:48:42+00:00,BaoStock query_stock_industry,observation,medium
MEMBERSHIP_5e4b1628155c7f84e57c,CNINFO_ORG_gssz0000049,INDUSTRY_b90e93f47f56746b9938,2026-08-10,,2026-08-16T13:48:42+00:00,BaoStock query_stock_industry,observation,medium
MEMBERSHIP_3301201e0b7ea3f3c004,CNINFO_ORG_gssz0000050,INDUSTRY_90d9ee5bdc1ee446fff0,2026-08-10,,2026-08-16T13:48:42+00:00,BaoStock query_stock_industry,observation,medium
MEMBERSHIP_ae7eec468242d1cd2319,CNINFO_ORG_gssz0000055,INDUSTRY_be6d1ff74018fda3a9a4,2026-08-10,,2026-08-16T13:48:42+00:00,BaoStock query_stock_industry,observation,medium
MEMBERSHIP_28312c2c79ea64d51d07,CNINFO_ORG_gssz0000056,INDUSTRY_91e10380fe1770769bdb,2026-08-10,,2026-08-16T13:48:42+00:00,BaoStock query_stock_industry,observation,medium
MEMBERSHIP_7fe6f5c23e19ebd863c3,CNINFO_ORG_gssz0000058,INDUSTRY_91e10380fe1770769bdb,2026-08-10,,2026-08-16T13:48:42+00:00,BaoStock query_stock_industry,observation,medium
MEMBERSHIP_8a0ba55b0f8fdb5819c8,CNINFO_ORG_gssz0000059,INDUSTRY_cfd4139bf05e5a91c076,2026-08-10,,2026-08-16T13:48:42+00:00,BaoStock query_stock_industry,observation,medium
MEMBERSHIP_76d63e1c53f5284cec5f,CNINFO_ORG_gssz0000060,INDUSTRY_fc163d1647ca522ec4cd,2026-08-10,,2026-08-16T13:48:42+00:00,BaoStock query_stock_industry,observation,medium
MEMBERSHIP_0b5be0865085da2f1877,CNINFO_ORG_gssz0000061,INDUSTRY_91e10380fe1770769bdb,2026-08-10,,2026-08-16T13:48:42+00:00,BaoStock query_stock_industry,observation,medium
MEMBERSHIP_dff13e0ea7864be6c87f,CNINFO_ORG_gssz0000062,INDUSTRY_8c865bedc2ef9574d2e5,2026-08-10,,2026-08-16T13:48:42+00:00,BaoStock query_stock_industry,observation,medium
MEMBERSHIP_1d2e5432b3e93ba6f608,CNINFO_ORG_gssz0000063,INDUSTRY_90d9ee5bdc1ee446fff0,2026-08-10,,2026-08-16T13:48:42+00:00,BaoStock query_stock_industry,observation,medium
MEMBERSHIP_b4cb397472797a4d437b,CNINFO_ORG_gssz0000065,INDUSTRY_8c865bedc2ef9574d2e5,2026-08-10,,2026-08-16T13:48:42+00:00,BaoStock query_stock_industry,observation,medium
MEMBERSHIP_143ffacd3d9272965609,CNINFO_ORG_gssz0000066,INDUSTRY_90d9ee5bdc1ee446fff0,2026-08-10,,2026-08-16T13:48:42+00:00,BaoStock query_stock_industry,observation,medium
MEMBERSHIP_e4ccb3e71eeb34298b78,CNINFO_ORG_gssz0000068,INDUSTRY_8c865bedc2ef9574d2e5,2026-08-10,,2026-08-16T13:48:42+00:00,BaoStock query_stock_industry,observation,medium
MEMBERSHIP_d24124aed9feffda3d0a,CNINFO_ORG_gssz0000069,INDUSTRY_465aebe5f53921515851,2026-08-10,,2026-08-16T13:48:42+00:00,BaoStock query_stock_industry,observation,medium
MEMBERSHIP_3cd715124a1a8336995e,CNINFO_ORG_gssz0000070,INDUSTRY_90d9ee5bdc1ee446fff0,2026-08-10,,2026-08-16T13:48:42+00:00,BaoStock query_stock_industry,observation,medium
MEMBERSHIP_885ce164c02414ff5387,CNINFO_ORG_gssz0000078,INDUSTRY_8c865bedc2ef9574d2e5,2026-08-10,,2026-08-16T13:48:42+00:00,BaoStock query_stock_industry,observation,medium
MEMBERSHIP_fe427b29d9ddcc0d8932,CNINFO_ORG_gssz0000088,INDUSTRY_3553a2b402e33a129417,2026-08-10,,2026-08-16T13:48:42+00:00,BaoStock query_stock_industry,observation,medium
MEMBERSHIP_b49936b7a1876c6b4ef3,CNINFO_ORG_gssz0000089,INDUSTRY_aff052295ad57fe9c64a,2026-08-10,,2026-08-16T13:48:42+00:00,BaoStock query_stock_industry,observation,medium
MEMBERSHIP_5d1b7d0f1429b0ada77c,CNINFO_ORG_gssz0000090,INDUSTRY_17cf2674a1f785e3272e,2026-08-10,,2026-08-16T13:48:42+00:00,BaoStock query_stock_industry,observation,medium
MEMBERSHIP_5a36fdd36fa83d68a77d,CNINFO_ORG_gssz0000096,INDUSTRY_8c865bedc2ef9574d2e5,2026-08-10,,2026-08-16T13:48:42+00:00,BaoStock query_stock_industry,observation,medium
MEMBERSHIP_6c2a0cf87fbf6cbcff11,CNINFO_ORG_gssz0000099,INDUSTRY_aff052295ad57fe9c64a,2026-08-10,,2026-08-16T13:48:42+00:00,BaoStock query_stock_industry,observation,medium
MEMBERSHIP_490522ea7cf7fba90c80,CNINFO_ORG_gssz0000100,INDUSTRY_90d9ee5bdc1ee446fff0,2026-08-10,,2026-08-16T13:48:42+00:00,BaoStock query_stock_industry,observation,medium
MEMBERSHIP_bb50383763a9dc16f27c,CNINFO_ORG_gssz0000151,INDUSTRY_8c865bedc2ef9574d2e5,2026-08-10,,2026-08-16T13:48:42+00:00,BaoStock query_stock_industry,observation,medium
MEMBERSHIP_e8e14f3333af7bd24f93,CNINFO_ORG_gssz0000153,INDUSTRY_eb1bb5863556657a5ed0,2026-08-10,,2026-08-16T13:48:42+00:00,BaoStock query_stock_industry,observation,medium
MEMBERSHIP_d3cc6ea29dfce83376de,CNINFO_ORG_gssz0000155,INDUSTRY_f9da9c9738f21980b6d7,2026-08-10,,2026-08-16T13:48:42+00:00,BaoStock query_stock_industry,observation,medium
MEMBERSHIP_651a4a1cb5cfbc473f6f,CNINFO_ORG_gssz0000156,INDUSTRY_a1191d63decae1d34c73,2026-08-10,,2026-08-16T13:48:42+00:00,BaoStock query_stock_industry,observation,medium
MEMBERSHIP_37c25fab3d67d8127a8a,CNINFO_ORG_gssz0000157,INDUSTRY_3875d79da62b4dff67e8,2026-08-10,,2026-08-16T13:48:42+00:00,BaoStock query_stock_industry,observation,medium
MEMBERSHIP_6e131b656d35f63b995c,CNINFO_ORG_gssz0000158,INDUSTRY_fcb657f75803ca816490,2026-08-10,,2026-08-16T13:48:42+00:00,BaoStock query_stock_industry,observation,medium
MEMBERSHIP_5d006cd6a171db4b72e1,CNINFO_ORG_gssz0000159,INDUSTRY_8c865bedc2ef9574d2e5,2026-08-10,,2026-08-16T13:48:42+00:00,BaoStock query_stock_industry,observation,medium
MEMBERSHIP_aba4af13322e6e33eb86,CNINFO_ORG_qsgn0000301,INDUSTRY_963e913f30a1f4833ac7,2026-08-10,,2026-08-16T13:48:42+00:00,BaoStock query_stock_industry,observation,medium
MEMBERSHIP_ed8aa7b34605260114b8,CNINFO_ORG_gssz0000301,INDUSTRY_af522b5025b7206d78cb,2026-08-10,,2026-08-16T13:48:42+00:00,BaoStock query_stock_industry,observation,medium
MEMBERSHIP_dba6df2a23f9c1ba07de,CNINFO_ORG_9900005965,INDUSTRY_b90e93f47f56746b9938,2026-08-10,,2026-08-16T13:48:42+00:00,BaoStock query_stock_industry,observation,medium
MEMBERSHIP_307df315dbd635fb013a,CNINFO_ORG_9900002961,INDUSTRY_e7fb954d2ab5bf5bc733,2026-08-10,,2026-08-16T13:48:42+00:00,BaoStock query_stock_industry,observation,medium
MEMBERSHIP_c940bf3f2df4ec8aaf13,CNINFO_ORG_gssz0000400,INDUSTRY_b90e93f47f56746b9938,2026-08-10,,2026-08-16T13:48:42+00:00,BaoStock query_stock_industry,observation,medium
MEMBERSHIP_21cea5e14fcdd1bb3dc9,CNINFO_ORG_gssz0000401,INDUSTRY_7063d42ae24daea94a9c,2026-08-10,,2026-08-16T13:48:42+00:00,BaoStock query_stock_industry,observation,medium
MEMBERSHIP_6aaddf39d1dda0892666,CNINFO_ORG_gssz0000402,INDUSTRY_465aebe5f53921515851,2026-08-10,,2026-08-16T13:48:42+00:00,BaoStock query_stock_industry,observation,medium
MEMBERSHIP_c8dd72b79799852ded69,CNINFO_ORG_gssz0000403,INDUSTRY_eb1bb5863556657a5ed0,2026-08-10,,2026-08-16T13:48:42+00:00,BaoStock query_stock_industry,observation,medium
MEMBERSHIP_ddf30570fec164096ee9,CNINFO_ORG_gssz0000404,INDUSTRY_35fe091671cdb8d5f5e0,2026-08-10,,2026-08-16T13:48:42+00:00,BaoStock query_stock_industry,observation,medium
MEMBERSHIP_9cc0badbf50e0cbb9365,CNINFO_ORG_gssz0000407,INDUSTRY_2b12590880b654376532,2026-08-10,,2026-08-16T13:48:42+00:00,BaoStock query_stock_industry,observation,medium
MEMBERSHIP_46741402744ca1c3b456,CNINFO_ORG_gssz0000408,INDUSTRY_af522b5025b7206d78cb,2026-08-10,,2026-08-16T13:48:42+00:00,BaoStock query_stock_industry,observation,medium
MEMBERSHIP_bf93032c6aabd090085b,CNINFO_ORG_gssz0000409,INDUSTRY_fcb657f75803ca816490,2026-08-10,,2026-08-16T13:48:42+00:00,BaoStock query_stock_industry,observation,medium
MEMBERSHIP_53844653b04d4da0b3e1,CNINFO_ORG_gssz0000410,INDUSTRY_35fe091671cdb8d5f5e0,2026-08-10,,2026-08-16T13:48:42+00:00,BaoStock query_stock_industry,observation,medium
MEMBERSHIP_436fd023124703a64035,CNINFO_ORG_gssz0000411,INDUSTRY_8c865bedc2ef9574d2e5,2026-08-10,,2026-08-16T13:48:42+00:00,BaoStock query_stock_industry,observation,medium
MEMBERSHIP_5cc3c151f4da155bec93,CNINFO_ORG_gssz0000415,INDUSTRY_35b3bef69b463d0eb123,2026-08-10,,2026-08-16T13:48:42+00:00,BaoStock query_stock_industry,observation,medium
MEMBERSHIP_d3f1982f07eb6a2eaa25,CNINFO_ORG_gssz0000417,INDUSTRY_4fb51c32200208ed64a8,2026-08-10,,2026-08-16T13:48:42+00:00,BaoStock query_stock_industry,observation,medium
MEMBERSHIP_ee6576ca8e71c538035c,CNINFO_ORG_gssz0000419,INDUSTRY_4fb51c32200208ed64a8,2026-08-10,,2026-08-16T13:48:42+00:00,BaoStock query_stock_industry,observation,medium
MEMBERSHIP_c6ae1f0d4f1cdbd67756,CNINFO_ORG_gssz0000420,INDUSTRY_c6634e4fb00885448aae,2026-08-10,,2026-08-16T13:48:42+00:00,BaoStock query_stock_industry,observation,medium
MEMBERSHIP_528c5ae6fc25891bc328,CNINFO_ORG_gssz0000421,INDUSTRY_2b12590880b654376532,2026-08-10,,2026-08-16T13:48:42+00:00,BaoStock query_stock_industry,observation,medium
MEMBERSHIP_b55e026e314da9a6787a,CNINFO_ORG_gssz0000422,INDUSTRY_af522b5025b7206d78cb,2026-08-10,,2026-08-16T13:48:42+00:00,BaoStock query_stock_industry,observation,medium
MEMBERSHIP_2ce7447556da13c99b8e,CNINFO_ORG_gssz0000423,INDUSTRY_eb1bb5863556657a5ed0,2026-08-10,,2026-08-16T13:48:42+00:00,BaoStock query_stock_industry,observation,medium
MEMBERSHIP_42ab18c4502a66b14ed8,CNINFO_ORG_gssz0000425,INDUSTRY_3875d79da62b4dff67e8,2026-08-10,,2026-08-16T13:48:42+00:00,BaoStock query_stock_industry,observation,medium
MEMBERSHIP_7ceea420ff41279ed82c,CNINFO_ORG_gssz0000426,INDUSTRY_515421a19bebcbe891cf,2026-08-10,,2026-08-16T13:48:42+00:00,BaoStock query_stock_industry,observation,medium
MEMBERSHIP_a562d933f029f5e17e54,CNINFO_ORG_gssz0000428,INDUSTRY_1d3ab83e303b9057212b,2026-08-10,,2026-08-16T13:48:42+00:00,BaoStock query_stock_industry,observation,medium
MEMBERSHIP_b3500601f977366034d4,CNINFO_ORG_gssz0000429,INDUSTRY_78ad5e2bbce7305748bd,2026-08-10,,2026-08-16T13:48:42+00:00,BaoStock query_stock_industry,observation,medium
MEMBERSHIP_6b66f39736023af245a3,CNINFO_ORG_gssz0000430,INDUSTRY_1233924bed568c1b168b,2026-08-10,,2026-08-16T13:48:42+00:00,BaoStock query_stock_industry,observation,medium
MEMBERSHIP_ce3137fac014f2b161d6,CNINFO_ORG_gssz0000488,INDUSTRY_ee7eb75e38ebcde947a9,2026-08-10,,2026-08-16T13:48:42+00:00,BaoStock query_stock_industry,observation,medium
MEMBERSHIP_b5ae1f7288b4a5821a9b,CNINFO_ORG_gssz0000498,INDUSTRY_17cf2674a1f785e3272e,2026-08-10,,2026-08-16T13:48:42+00:00,BaoStock query_stock_industry,observation,medium
MEMBERSHIP_70ee306d02616a4ef5e3,CNINFO_ORG_gssz0000501,INDUSTRY_4fb51c32200208ed64a8,2026-08-10,,2026-08-16T13:48:42+00:00,BaoStock query_stock_industry,observation,medium
MEMBERSHIP_48103df7585b681072bb,CNINFO_ORG_gssz0000503,INDUSTRY_9f7679f9ad900c7a65d2,2026-08-10,,2026-08-16T13:48:42+00:00,BaoStock query_stock_industry,observation,medium
MEMBERSHIP_823149a0b4423160e9ee,CNINFO_ORG_gssz0000504,INDUSTRY_19bc5eab15217aa93ba8,2026-08-10,,2026-08-16T13:48:42+00:00,BaoStock query_stock_industry,observation,medium
MEMBERSHIP_6d187013dc7aae0dcf00,CNINFO_ORG_gssz0000505,INDUSTRY_06f2dd83830b4e6e7446,2026-08-10,,2026-08-16T13:48:42+00:00,BaoStock query_stock_industry,observation,medium
MEMBERSHIP_ac853cb5d397fc57ca3f,CNINFO_ORG_gssz0000506,INDUSTRY_515421a19bebcbe891cf,2026-08-10,,2026-08-16T13:48:42+00:00,BaoStock query_stock_industry,observation,medium
MEMBERSHIP_efceef201b883dda1509,CNINFO_ORG_gssz0000507,INDUSTRY_3553a2b402e33a129417,2026-08-10,,2026-08-16T13:48:42+00:00,BaoStock query_stock_industry,observation,medium
MEMBERSHIP_7840b6582402433fdafb,CNINFO_ORG_gssz0000509,INDUSTRY_90d9ee5bdc1ee446fff0,2026-08-10,,2026-08-16T13:48:42+00:00,BaoStock query_stock_industry,observation,medium
MEMBERSHIP_f2246fe1c476b930f681,CNINFO_ORG_gssz0000510,INDUSTRY_af522b5025b7206d78cb,2026-08-10,,2026-08-16T13:48:42+00:00,BaoStock query_stock_industry,observation,medium
MEMBERSHIP_60e2a26355a3d421e378,CNINFO_ORG_gssz0000513,INDUSTRY_eb1bb5863556657a5ed0,2026-08-10,,2026-08-16T13:48:42+00:00,BaoStock query_stock_industry,observation,medium
MEMBERSHIP_f99c15273ac10169d569,CNINFO_ORG_gssz0000514,INDUSTRY_465aebe5f53921515851,2026-08-10,,2026-08-16T13:48:42+00:00,BaoStock query_stock_industry,observation,medium
MEMBERSHIP_2f8664d183afe585d125,CNINFO_ORG_gssz0000516,INDUSTRY_dfb3dd085310dba8a2e0,2026-08-10,,2026-08-16T13:48:42+00:00,BaoStock query_stock_industry,observation,medium
MEMBERSHIP_2cfd770a2f7a9e47d27b,CNINFO_ORG_gssz0000517,INDUSTRY_465aebe5f53921515851,2026-08-10,,2026-08-16T13:48:42+00:00,BaoStock query_stock_industry,observation,medium
MEMBERSHIP_e5b6fb33caf115f7ea7f,CNINFO_ORG_gssz0000518,INDUSTRY_eb1bb5863556657a5ed0,2026-08-10,,2026-08-16T13:48:42+00:00,BaoStock query_stock_industry,observation,medium
MEMBERSHIP_e029148fde37f8c45b5f,CNINFO_ORG_gssz0000519,INDUSTRY_3875d79da62b4dff67e8,2026-08-10,,2026-08-16T13:48:42+00:00,BaoStock query_stock_industry,observation,medium
MEMBERSHIP_8602cb8157e9e54ea534,CNINFO_ORG_gssz0000520,INDUSTRY_3553a2b402e33a129417,2026-08-10,,2026-08-16T13:48:42+00:00,BaoStock query_stock_industry,observation,medium
MEMBERSHIP_bef826a53a69605f5869,CNINFO_ORG_gssz0000521,INDUSTRY_b90e93f47f56746b9938,2026-08-10,,2026-08-16T13:48:42+00:00,BaoStock query_stock_industry,observation,medium
MEMBERSHIP_2bbce73d153ab5f307ea,CNINFO_ORG_gssz0000523,INDUSTRY_06f2dd83830b4e6e7446,2026-08-10,,2026-08-16T13:48:42+00:00,BaoStock query_stock_industry,observation,medium
MEMBERSHIP_f2e90ef32e93804a360c,CNINFO_ORG_gssz0000524,INDUSTRY_91e10380fe1770769bdb,2026-08-10,,2026-08-16T13:48:42+00:00,BaoStock query_stock_industry,observation,medium
MEMBERSHIP_fdf9663f7b10900967af,CNINFO_ORG_gssz0000525,INDUSTRY_af522b5025b7206d78cb,2026-08-10,,2026-08-16T13:48:42+00:00,BaoStock query_stock_industry,observation,medium
MEMBERSHIP_f483fe6e8f3a9e76a545,CNINFO_ORG_gssz0000526,INDUSTRY_c8bacf718e8395c6b293,2026-08-10,,2026-08-16T13:48:42+00:00,BaoStock query_stock_industry,observation,medium
MEMBERSHIP_ba769a09393a0f925aa5,CNINFO_ORG_gssz0000528,INDUSTRY_3875d79da62b4dff67e8,2026-08-10,,2026-08-16T13:48:42+00:00,BaoStock query_stock_industry,observation,medium
MEMBERSHIP_d8595379ded2866a4673,CNINFO_ORG_gssz0000529,INDUSTRY_06f2dd83830b4e6e7446,2026-08-10,,2026-08-16T13:48:42+00:00,BaoStock query_stock_industry,observation,medium
MEMBERSHIP_6632118ae2cf5220ead7,CNINFO_ORG_gssz0000530,INDUSTRY_35fe091671cdb8d5f5e0,2026-08-10,,2026-08-16T13:48:42+00:00,BaoStock query_stock_industry,observation,medium
MEMBERSHIP_0d64c097388105150ca1,CNINFO_ORG_gssz0000531,INDUSTRY_f9da9c9738f21980b6d7,2026-08-10,,2026-08-16T13:48:42+00:00,BaoStock query_stock_industry,observation,medium
MEMBERSHIP_c1dc635ccd811741a18b,CNINFO_ORG_gssz0000532,INDUSTRY_69f4e65a739a15d12412,2026-08-10,,2026-08-16T13:48:42+00:00,BaoStock query_stock_industry,observation,medium
MEMBERSHIP_9f526fa7b67ac78aceb9,CNINFO_ORG_gssz0000533,INDUSTRY_b90e93f47f56746b9938,2026-08-10,,2026-08-16T13:48:42+00:00,BaoStock query_stock_industry,observation,medium
MEMBERSHIP_2f16d542dafc7f83ecca,CNINFO_ORG_gssz0000534,INDUSTRY_eb1bb5863556657a5ed0,2026-08-10,,2026-08-16T13:48:42+00:00,BaoStock query_stock_industry,observation,medium
MEMBERSHIP_c99db20ac781496b0c2e,CNINFO_ORG_gssz0000536,INDUSTRY_90d9ee5bdc1ee446fff0,2026-08-10,,2026-08-16T13:48:42+00:00,BaoStock query_stock_industry,observation,medium
MEMBERSHIP_b70d5b7a4de8eb0c216a,CNINFO_ORG_gssz0000537,INDUSTRY_f9da9c9738f21980b6d7,2026-08-10,,2026-08-16T13:48:42+00:00,BaoStock query_stock_industry,observation,medium
MEMBERSHIP_e51f716aa69a57eee94a,CNINFO_ORG_gssz0000538,INDUSTRY_eb1bb5863556657a5ed0,2026-08-10,,2026-08-16T13:48:42+00:00,BaoStock query_stock_industry,observation,medium
MEMBERSHIP_fc528556804a1bdc9e17,CNINFO_ORG_gssz0000539,INDUSTRY_f9da9c9738f21980b6d7,2026-08-10,,2026-08-16T13:48:42+00:00,BaoStock query_stock_industry,observation,medium
MEMBERSHIP_68d9c48c0847f1013849,CNINFO_ORG_gssz0000541,INDUSTRY_b90e93f47f56746b9938,2026-08-10,,2026-08-16T13:48:42+00:00,BaoStock query_stock_industry,observation,medium
MEMBERSHIP_4a379f35aea3b13afe49,CNINFO_ORG_gssz0000543,INDUSTRY_f9da9c9738f21980b6d7,2026-08-10,,2026-08-16T13:48:42+00:00,BaoStock query_stock_industry,observation,medium
MEMBERSHIP_c928b53898cafaccec18,CNINFO_ORG_gssz0000544,INDUSTRY_7f6973b5c1a2122e9e27,2026-08-10,,2026-08-16T13:48:42+00:00,BaoStock query_stock_industry,observation,medium
MEMBERSHIP_04cd604e55178c70a3a5,CNINFO_ORG_gssz0000545,INDUSTRY_af522b5025b7206d78cb,2026-08-10,,2026-08-16T13:48:42+00:00,BaoStock query_stock_industry,observation,medium
MEMBERSHIP_52dfc30ce92c6910b78d,CNINFO_ORG_gssz0000546,INDUSTRY_2c3b8b7969b736730fe1,2026-08-10,,2026-08-16T13:48:42+00:00,BaoStock query_stock_industry,observation,medium
MEMBERSHIP_5619cd2ed2d3243edcbe,CNINFO_ORG_gssz0000547,INDUSTRY_90d9ee5bdc1ee446fff0,2026-08-10,,2026-08-16T13:48:42+00:00,BaoStock query_stock_industry,observation,medium
MEMBERSHIP_415d66114fb4468ee387,CNINFO_ORG_gssz0000548,INDUSTRY_78ad5e2bbce7305748bd,2026-08-10,,2026-08-16T13:48:42+00:00,BaoStock query_stock_industry,observation,medium
MEMBERSHIP_9ee8bb17673a996a6411,CNINFO_ORG_gssz0000550,INDUSTRY_e7fb954d2ab5bf5bc733,2026-08-10,,2026-08-16T13:48:42+00:00,BaoStock query_stock_industry,observation,medium
MEMBERSHIP_026920f4619b3f772b44,CNINFO_ORG_gssz0000551,INDUSTRY_3875d79da62b4dff67e8,2026-08-10,,2026-08-16T13:48:42+00:00,BaoStock query_stock_industry,observation,medium
MEMBERSHIP_3bedbe540a9e9cce9005,CNINFO_ORG_gssz0000552,INDUSTRY_bd64f2d1a81c9866dda4,2026-08-10,,2026-08-16T13:48:42+00:00,BaoStock query_stock_industry,observation,medium
MEMBERSHIP_7d87268ed6e83f0d4355,CNINFO_ORG_gssz0000553,INDUSTRY_af522b5025b7206d78cb,2026-08-10,,2026-08-16T13:48:42+00:00,BaoStock query_stock_industry,observation,medium
MEMBERSHIP_9bd323ccb8cba67d4c02,CNINFO_ORG_gssz0000554,INDUSTRY_8c865bedc2ef9574d2e5,2026-08-10,,2026-08-16T13:48:42+00:00,BaoStock query_stock_industry,observation,medium
MEMBERSHIP_5adeb7a56335b6db132a,CNINFO_ORG_gssz0000555,INDUSTRY_fcb657f75803ca816490,2026-08-10,,2026-08-16T13:48:42+00:00,BaoStock query_stock_industry,observation,medium
MEMBERSHIP_6339b9436835e8a6fc34,CNINFO_ORG_gssz0000557,INDUSTRY_8ea363eb92f9e2d3a89e,2026-08-10,,2026-08-16T13:48:42+00:00,BaoStock query_stock_industry,observation,medium
MEMBERSHIP_9e9c1ec4c0a85920445f,CNINFO_ORG_gssz0000558,INDUSTRY_1233924bed568c1b168b,2026-08-10,,2026-08-16T13:48:42+00:00,BaoStock query_stock_industry,observation,medium
MEMBERSHIP_856a06e2f86f04d707ba,CNINFO_ORG_gssz0000559,INDUSTRY_e7fb954d2ab5bf5bc733,2026-08-10,,2026-08-16T13:48:42+00:00,BaoStock query_stock_industry,observation,medium
MEMBERSHIP_11b4f6297a2f2ee38ff7,CNINFO_ORG_gssz0000560,INDUSTRY_465aebe5f53921515851,2026-08-10,,2026-08-16T13:48:42+00:00,BaoStock query_stock_industry,observation,medium
MEMBERSHIP_fe97e777480ec4405338,CNINFO_ORG_gssz0000561,INDUSTRY_90d9ee5bdc1ee446fff0,2026-08-10,,2026-08-16T13:48:42+00:00,BaoStock query_stock_industry,observation,medium
MEMBERSHIP_2c5e5fbd0f6e336960eb,CNINFO_ORG_gssz0000563,INDUSTRY_7ee4f97d9c6b6c9f19de,2026-08-10,,2026-08-16T13:48:42+00:00,BaoStock query_stock_industry,observation,medium
MEMBERSHIP_6226fb7c2d2ebd5a1347,CNINFO_ORG_gssz0000564,INDUSTRY_4fb51c32200208ed64a8,2026-08-10,,2026-08-16T13:48:42+00:00,BaoStock query_stock_industry,observation,medium
MEMBERSHIP_56ae1d2824d7d860fe2c,CNINFO_ORG_gssz0000565,INDUSTRY_af522b5025b7206d78cb,2026-08-10,,2026-08-16T13:48:42+00:00,BaoStock query_stock_industry,observation,medium
MEMBERSHIP_924481b07ea57026680a,CNINFO_ORG_gssz0000566,INDUSTRY_eb1bb5863556657a5ed0,2026-08-10,,2026-08-16T13:48:42+00:00,BaoStock query_stock_industry,observation,medium
MEMBERSHIP_481310f995c68de7204c,CNINFO_ORG_gssz0000567,INDUSTRY_7ee4f97d9c6b6c9f19de,2026-08-10,,2026-08-16T13:48:42+00:00,BaoStock query_stock_industry,observation,medium
MEMBERSHIP_9282b10e4a17bd6adad5,CNINFO_ORG_gssz0000568,INDUSTRY_c8598f31bb2607e3007b,2026-08-10,,2026-08-16T13:48:42+00:00,BaoStock query_stock_industry,observation,medium
MEMBERSHIP_0a5a683109a8286232cd,CNINFO_ORG_gssz0000570,INDUSTRY_35fe091671cdb8d5f5e0,2026-08-10,,2026-08-16T13:48:42+00:00,BaoStock query_stock_industry,observation,medium
MEMBERSHIP_64fa8c6306c6b044e549,CNINFO_ORG_gssz0000571,INDUSTRY_bd64f2d1a81c9866dda4,2026-08-10,,2026-08-16T13:48:42+00:00,BaoStock query_stock_industry,observation,medium
MEMBERSHIP_27f70b05cc7303dfa2b6,CNINFO_ORG_gssz0000572,INDUSTRY_e7fb954d2ab5bf5bc733,2026-08-10,,2026-08-16T13:48:42+00:00,BaoStock query_stock_industry,observation,medium
MEMBERSHIP_9937ae9d24a6c9311769,CNINFO_ORG_gssz0000573,INDUSTRY_2c3b8b7969b736730fe1,2026-08-10,,2026-08-16T13:48:42+00:00,BaoStock query_stock_industry,observation,medium
MEMBERSHIP_fb694f8866fc6706de85,CNINFO_ORG_gssz0000576,INDUSTRY_90d9ee5bdc1ee446fff0,2026-08-10,,2026-08-16T13:48:42+00:00,BaoStock query_stock_industry,observation,medium
MEMBERSHIP_6b69d0f92958f2d5ad31,CNINFO_ORG_gssz0000581,INDUSTRY_e7fb954d2ab5bf5bc733,2026-08-10,,2026-08-16T13:48:42+00:00,BaoStock query_stock_industry,observation,medium
MEMBERSHIP_b996dc91b3a1d76da3fa,CNINFO_ORG_gssz0000582,INDUSTRY_3553a2b402e33a129417,2026-08-10,,2026-08-16T13:48:42+00:00,BaoStock query_stock_industry,observation,medium
MEMBERSHIP_7869d53b1c00fd08b317,CNINFO_ORG_gssz0000586,INDUSTRY_b90e93f47f56746b9938,2026-08-10,,2026-08-16T13:48:42+00:00,BaoStock query_stock_industry,observation,medium
MEMBERSHIP_cc2f1b24c0480ede660c,CNINFO_ORG_gssz0000589,INDUSTRY_b62fae243f391f69617b,2026-08-10,,2026-08-16T13:48:42+00:00,BaoStock query_stock_industry,observation,medium
MEMBERSHIP_c3293796d2533095f977,CNINFO_ORG_gssz0000590,INDUSTRY_eb1bb5863556657a5ed0,2026-08-10,,2026-08-16T13:48:42+00:00,BaoStock query_stock_industry,observation,medium
MEMBERSHIP_a8258ec3fcd5bd8e32e3,CNINFO_ORG_gssz0000591,INDUSTRY_f9da9c9738f21980b6d7,2026-08-10,,2026-08-16T13:48:42+00:00,BaoStock query_stock_industry,observation,medium
MEMBERSHIP_f7b4184cab963a24e879,CNINFO_ORG_gssz0000592,INDUSTRY_c49db8c55c2b36c315c6,2026-08-10,,2026-08-16T13:48:42+00:00,BaoStock query_stock_industry,observation,medium
MEMBERSHIP_13bf7e9f5b238e1b2db1,CNINFO_ORG_gssz0000593,INDUSTRY_2b12590880b654376532,2026-08-10,,2026-08-16T13:48:42+00:00,BaoStock query_stock_industry,observation,medium
MEMBERSHIP_3ab6b4aad7548e8952a2,CNINFO_ORG_gssz0000595,INDUSTRY_35fe091671cdb8d5f5e0,2026-08-10,,2026-08-16T13:48:42+00:00,BaoStock query_stock_industry,observation,medium
MEMBERSHIP_5b6d5728573469c0b628,CNINFO_ORG_gssz0000596,INDUSTRY_c8598f31bb2607e3007b,2026-08-10,,2026-08-16T13:48:42+00:00,BaoStock query_stock_industry,observation,medium
MEMBERSHIP_001877c8f4c1ff5c6005,CNINFO_ORG_gssz0000597,INDUSTRY_eb1bb5863556657a5ed0,2026-08-10,,2026-08-16T13:48:42+00:00,BaoStock query_stock_industry,observation,medium
MEMBERSHIP_10937494bbe454d6328a,CNINFO_ORG_gssz0000598,INDUSTRY_7f6973b5c1a2122e9e27,2026-08-10,,2026-08-16T13:48:42+00:00,BaoStock query_stock_industry,observation,medium
MEMBERSHIP_8386f8d042c031ec3ee6,CNINFO_ORG_gssz0000599,INDUSTRY_b62fae243f391f69617b,2026-08-10,,2026-08-16T13:48:42+00:00,BaoStock query_stock_industry,observation,medium
MEMBERSHIP_e0c2bb5404e0d0e290c4,CNINFO_ORG_gssz0000600,INDUSTRY_f9da9c9738f21980b6d7,2026-08-10,,2026-08-16T13:48:42+00:00,BaoStock query_stock_industry,observation,medium
MEMBERSHIP_11d948cd1da22bd4c277,CNINFO_ORG_gssz0000601,INDUSTRY_f9da9c9738f21980b6d7,2026-08-10,,2026-08-16T13:48:42+00:00,BaoStock query_stock_industry,observation,medium
MEMBERSHIP_1dae4e7a3b6b41f0910f,CNINFO_ORG_gssz0000603,INDUSTRY_515421a19bebcbe891cf,2026-08-10,,2026-08-16T13:48:42+00:00,BaoStock query_stock_industry,observation,medium
MEMBERSHIP_99e55e33ae6b46ffef04,CNINFO_ORG_gssz0000605,INDUSTRY_7f6973b5c1a2122e9e27,2026-08-10,,2026-08-16T13:48:42+00:00,BaoStock query_stock_industry,observation,medium
MEMBERSHIP_be76c94c20dc6613337b,CNINFO_ORG_gssz0000607,INDUSTRY_91e10380fe1770769bdb,2026-08-10,,2026-08-16T13:48:42+00:00,BaoStock query_stock_industry,observation,medium
MEMBERSHIP_16bab23119178facc087,CNINFO_ORG_gssz0000608,INDUSTRY_465aebe5f53921515851,2026-08-10,,2026-08-16T13:48:42+00:00,BaoStock query_stock_industry,observation,medium
MEMBERSHIP_b45c812cec47ac92ddfc,CNINFO_ORG_gssz0000609,INDUSTRY_69f4e65a739a15d12412,2026-08-10,,2026-08-16T13:48:42+00:00,BaoStock query_stock_industry,observation,medium
MEMBERSHIP_f4a5f47f39d5c1ce0487,CNINFO_ORG_gssz0000610,INDUSTRY_91e10380fe1770769bdb,2026-08-10,,2026-08-16T13:48:42+00:00,BaoStock query_stock_industry,observation,medium
MEMBERSHIP_92f1e974d13144e2cee7,CNINFO_ORG_gssz0000612,INDUSTRY_fc163d1647ca522ec4cd,2026-08-10,,2026-08-16T13:48:42+00:00,BaoStock query_stock_industry,observation,medium
MEMBERSHIP_7a7a365c2ca600b014ed,CNINFO_ORG_gssz0000615,INDUSTRY_dfb3dd085310dba8a2e0,2026-08-10,,2026-08-16T13:48:42+00:00,BaoStock query_stock_industry,observation,medium
MEMBERSHIP_479a5e1cab57b9a1d099,CNINFO_ORG_gssz0000617,INDUSTRY_b5ff8607e606f7dd55ba,2026-08-10,,2026-08-16T13:48:42+00:00,BaoStock query_stock_industry,observation,medium
MEMBERSHIP_eb8d211682796ccc55d8,CNINFO_ORG_gssz0000619,INDUSTRY_b62fae243f391f69617b,2026-08-10,,2026-08-16T13:48:42+00:00,BaoStock query_stock_industry,observation,medium
MEMBERSHIP_09b2d7d78fa2995e6642,CNINFO_ORG_gssz0000620,INDUSTRY_465aebe5f53921515851,2026-08-10,,2026-08-16T13:48:42+00:00,BaoStock query_stock_industry,observation,medium
MEMBERSHIP_66ed0a037e9a4614a222,CNINFO_ORG_gssz0000623,INDUSTRY_eb1bb5863556657a5ed0,2026-08-10,,2026-08-16T13:48:42+00:00,BaoStock query_stock_industry,observation,medium
MEMBERSHIP_fb1d80e006baaa977d0e,CNINFO_ORG_gssz0000625,INDUSTRY_e7fb954d2ab5bf5bc733,2026-08-10,,2026-08-16T13:48:42+00:00,BaoStock query_stock_industry,observation,medium
MEMBERSHIP_3a97206175d8d35a606e,CNINFO_ORG_gssz0000626,INDUSTRY_8c865bedc2ef9574d2e5,2026-08-10,,2026-08-16T13:48:42+00:00,BaoStock query_stock_industry,observation,medium
MEMBERSHIP_a9b7ac9bf612436925ed,CNINFO_ORG_gssz0000628,INDUSTRY_d6545b48534350ac41c9,2026-08-10,,2026-08-16T13:48:42+00:00,BaoStock query_stock_industry,observation,medium
MEMBERSHIP_5e039040e1d894ec4db8,CNINFO_ORG_gssz0000629,INDUSTRY_fc163d1647ca522ec4cd,2026-08-10,,2026-08-16T13:48:42+00:00,BaoStock query_stock_industry,observation,medium
MEMBERSHIP_bddca7ee8078e050ded8,CNINFO_ORG_gssz0000630,INDUSTRY_fc163d1647ca522ec4cd,2026-08-10,,2026-08-16T13:48:42+00:00,BaoStock query_stock_industry,observation,medium
MEMBERSHIP_39b5fed98cb26b24c0c6,CNINFO_ORG_gssz0000631,INDUSTRY_465aebe5f53921515851,2026-08-10,,2026-08-16T13:48:42+00:00,BaoStock query_stock_industry,observation,medium
MEMBERSHIP_df0f5ad10e928b018582,CNINFO_ORG_gssz0000632,INDUSTRY_8c865bedc2ef9574d2e5,2026-08-10,,2026-08-16T13:48:42+00:00,BaoStock query_stock_industry,observation,medium
MEMBERSHIP_988ba56a3ed20a4cd659,CNINFO_ORG_gssz0000633,INDUSTRY_fc163d1647ca522ec4cd,2026-08-10,,2026-08-16T13:48:42+00:00,BaoStock query_stock_industry,observation,medium
MEMBERSHIP_5305c6344067794cef94,CNINFO_ORG_gssz0000635,INDUSTRY_af522b5025b7206d78cb,2026-08-10,,2026-08-16T13:48:42+00:00,BaoStock query_stock_industry,observation,medium
MEMBERSHIP_fbe9d8ff8f2496668e38,CNINFO_ORG_gssz0000636,INDUSTRY_90d9ee5bdc1ee446fff0,2026-08-10,,2026-08-16T13:48:42+00:00,BaoStock query_stock_industry,observation,medium
MEMBERSHIP_41ebcd016dd358c65b85,CNINFO_ORG_gssz0000637,INDUSTRY_af522b5025b7206d78cb,2026-08-10,,2026-08-16T13:48:42+00:00,BaoStock query_stock_industry,observation,medium
MEMBERSHIP_be99d048a3480f6ef526,CNINFO_ORG_gssz0000639,INDUSTRY_06f2dd83830b4e6e7446,2026-08-10,,2026-08-16T13:48:42+00:00,BaoStock query_stock_industry,observation,medium
MEMBERSHIP_9c6be2d6a73ae56fdc43,CNINFO_ORG_gssz0000650,INDUSTRY_eb1bb5863556657a5ed0,2026-08-10,,2026-08-16T13:48:42+00:00,BaoStock query_stock_industry,observation,medium
MEMBERSHIP_bde2a6bcf26c998eb6fa,CNINFO_ORG_gssz0000651,INDUSTRY_b90e93f47f56746b9938,2026-08-10,,2026-08-16T13:48:42+00:00,BaoStock query_stock_industry,observation,medium
MEMBERSHIP_7c4b2010c3e7c5ac2d07,CNINFO_ORG_gssz0000652,INDUSTRY_8c865bedc2ef9574d2e5,2026-08-10,,2026-08-16T13:48:42+00:00,BaoStock query_stock_industry,observation,medium
MEMBERSHIP_89eff692b0b8f268dfee,CNINFO_ORG_gssz0000655,INDUSTRY_7c3681bb5aa78d36021c,2026-08-10,,2026-08-16T13:48:42+00:00,BaoStock query_stock_industry,observation,medium
MEMBERSHIP_16aa4b2c45c23b22dff6,CNINFO_ORG_gssz0000656,INDUSTRY_465aebe5f53921515851,2026-08-10,,2026-08-16T13:48:42+00:00,BaoStock query_stock_industry,observation,medium
MEMBERSHIP_068a3a6ba96c1319598d,CNINFO_ORG_gssz0000657,INDUSTRY_be6d1ff74018fda3a9a4,2026-08-10,,2026-08-16T13:48:42+00:00,BaoStock query_stock_industry,observation,medium
MEMBERSHIP_a443dfaa76ccf994bd4a,CNINFO_ORG_gssz0000659,INDUSTRY_b62fae243f391f69617b,2026-08-10,,2026-08-16T13:48:42+00:00,BaoStock query_stock_industry,observation,medium
MEMBERSHIP_b03eb91eb9fc14499268,CNINFO_ORG_gssz0000661,INDUSTRY_eb1bb5863556657a5ed0,2026-08-10,,2026-08-16T13:48:42+00:00,BaoStock query_stock_industry,observation,medium
MEMBERSHIP_5037dd7ce8dcb9c3def6,CNINFO_ORG_gssz0000663,INDUSTRY_bee9571cb6d947de577f,2026-08-10,,2026-08-16T13:48:42+00:00,BaoStock query_stock_industry,observation,medium
MEMBERSHIP_00605bf9b15c46695fa4,CNINFO_ORG_gssz0000665,INDUSTRY_a1191d63decae1d34c73,2026-08-10,,2026-08-16T13:48:42+00:00,BaoStock query_stock_industry,observation,medium
MEMBERSHIP_88491aaf96977aaeb66e,CNINFO_ORG_gssz0000668,INDUSTRY_465aebe5f53921515851,2026-08-10,,2026-08-16T13:48:42+00:00,BaoStock query_stock_industry,observation,medium
MEMBERSHIP_4b9493564e1eaa020377,CNINFO_ORG_gssz0000669,INDUSTRY_2b12590880b654376532,2026-08-10,,2026-08-16T13:48:42+00:00,BaoStock query_stock_industry,observation,medium
MEMBERSHIP_59e5118de0f8f740da3b,CNINFO_ORG_gssz0000670,INDUSTRY_8c865bedc2ef9574d2e5,2026-08-10,,2026-08-16T13:48:42+00:00,BaoStock query_stock_industry,observation,medium
MEMBERSHIP_cd430a4c5aaff5e5563f,CNINFO_ORG_gssz0000672,INDUSTRY_7063d42ae24daea94a9c,2026-08-10,,2026-08-16T13:48:42+00:00,BaoStock query_stock_industry,observation,medium
MEMBERSHIP_b5ab85f990fcfad48d04,CNINFO_ORG_gssz0000676,INDUSTRY_91e10380fe1770769bdb,2026-08-10,,2026-08-16T13:48:42+00:00,BaoStock query_stock_industry,observation,medium
MEMBERSHIP_06e51d347bc847b60514,CNINFO_ORG_gssz0000677,INDUSTRY_a971ce8c4913016d33d1,2026-08-10,,2026-08-16T13:48:42+00:00,BaoStock query_stock_industry,observation,medium
MEMBERSHIP_e2859b4aa3590b33ece1,CNINFO_ORG_gssz0000678,INDUSTRY_e7fb954d2ab5bf5bc733,2026-08-10,,2026-08-16T13:48:42+00:00,BaoStock query_stock_industry,observation,medium
MEMBERSHIP_23c9751a3f9f728a8c01,CNINFO_ORG_gssz0000679,INDUSTRY_4fb51c32200208ed64a8,2026-08-10,,2026-08-16T13:48:42+00:00,BaoStock query_stock_industry,observation,medium
MEMBERSHIP_7cf3b07b69474906325e,CNINFO_ORG_gssz0000680,INDUSTRY_3875d79da62b4dff67e8,2026-08-10,,2026-08-16T13:48:42+00:00,BaoStock query_stock_industry,observation,medium
MEMBERSHIP_b244ac4d2d13f7ec9897,CNINFO_ORG_gssz0000681,INDUSTRY_9f7679f9ad900c7a65d2,2026-08-10,,2026-08-16T13:48:42+00:00,BaoStock query_stock_industry,observation,medium
MEMBERSHIP_80f44571d41a1b5e0e6d,CNINFO_ORG_gssz0000682,INDUSTRY_fcb657f75803ca816490,2026-08-10,,2026-08-16T13:48:42+00:00,BaoStock query_stock_industry,observation,medium
MEMBERSHIP_66e1c26d059439bbf1f5,CNINFO_ORG_gssz0000683,INDUSTRY_af522b5025b7206d78cb,2026-08-10,,2026-08-16T13:48:42+00:00,BaoStock query_stock_industry,observation,medium
MEMBERSHIP_9b858ec359a0cab1657c,CNINFO_ORG_gssz0000685,INDUSTRY_7f6973b5c1a2122e9e27,2026-08-10,,2026-08-16T13:48:42+00:00,BaoStock query_stock_industry,observation,medium
MEMBERSHIP_61a82410c75f38c04895,CNINFO_ORG_gssz0000686,INDUSTRY_963e913f30a1f4833ac7,2026-08-10,,2026-08-16T13:48:42+00:00,BaoStock query_stock_industry,observation,medium
MEMBERSHIP_b5c3f25ab5b40dfa7f38,CNINFO_ORG_gssz0000688,INDUSTRY_515421a19bebcbe891cf,2026-08-10,,2026-08-16T13:48:42+00:00,BaoStock query_stock_industry,observation,medium
MEMBERSHIP_b8b9d1775760f80bb140,CNINFO_ORG_gssz0000690,INDUSTRY_f9da9c9738f21980b6d7,2026-08-10,,2026-08-16T13:48:42+00:00,BaoStock query_stock_industry,observation,medium
MEMBERSHIP_c12cf8226144ce783bf8,CNINFO_ORG_gssz0000691,INDUSTRY_af522b5025b7206d78cb,2026-08-10,,2026-08-16T13:48:42+00:00,BaoStock query_stock_industry,observation,medium
MEMBERSHIP_6004c46cde4fc59ce034,CNINFO_ORG_gssz0000692,INDUSTRY_f9da9c9738f21980b6d7,2026-08-10,,2026-08-16T13:48:42+00:00,BaoStock query_stock_industry,observation,medium
MEMBERSHIP_568eae62a9b7b9063c03,CNINFO_ORG_gssz0000695,INDUSTRY_7063d42ae24daea94a9c,2026-08-10,,2026-08-16T13:48:42+00:00,BaoStock query_stock_industry,observation,medium
MEMBERSHIP_fcf51f7cd1a7740105c4,CNINFO_ORG_gssz0000697,INDUSTRY_ad86b4a2a3856ba2d571,2026-08-10,,2026-08-16T13:48:42+00:00,BaoStock query_stock_industry,observation,medium
MEMBERSHIP_66c4dc8151c40149a156,CNINFO_ORG_gssz0000698,INDUSTRY_af522b5025b7206d78cb,2026-08-10,,2026-08-16T13:48:42+00:00,BaoStock query_stock_industry,observation,medium
MEMBERSHIP_7ee8fb3b708ea4b59a5c,CNINFO_ORG_gssz0000700,INDUSTRY_e7fb954d2ab5bf5bc733,2026-08-10,,2026-08-16T13:48:42+00:00,BaoStock query_stock_industry,observation,medium
MEMBERSHIP_83ef4696c564acbd486b,CNINFO_ORG_gssz0000701,INDUSTRY_8c865bedc2ef9574d2e5,2026-08-10,,2026-08-16T13:48:42+00:00,BaoStock query_stock_industry,observation,medium
MEMBERSHIP_422a0e7a7218ea89a199,CNINFO_ORG_gssz0000702,INDUSTRY_06f2dd83830b4e6e7446,2026-08-10,,2026-08-16T13:48:42+00:00,BaoStock query_stock_industry,observation,medium
MEMBERSHIP_e61ef49e2d2689418d10,CNINFO_ORG_gssz0000703,INDUSTRY_c6634e4fb00885448aae,2026-08-10,,2026-08-16T13:48:42+00:00,BaoStock query_stock_industry,observation,medium
MEMBERSHIP_e34eee8aed8d79406e45,CNINFO_ORG_gssz0000705,INDUSTRY_8c865bedc2ef9574d2e5,2026-08-10,,2026-08-16T13:48:42+00:00,BaoStock query_stock_industry,observation,medium
MEMBERSHIP_3a662327f5398dc32cd5,CNINFO_ORG_gssz0000707,INDUSTRY_af522b5025b7206d78cb,2026-08-10,,2026-08-16T13:48:42+00:00,BaoStock query_stock_industry,observation,medium
MEMBERSHIP_8c5714c1df9f991646b9,CNINFO_ORG_gssz0000708,INDUSTRY_f54ff34c4bdec689eff1,2026-08-10,,2026-08-16T13:48:42+00:00,BaoStock query_stock_industry,observation,medium
MEMBERSHIP_6b6ddd2c4a4c4a479bbd,CNINFO_ORG_gssz0000709,INDUSTRY_f54ff34c4bdec689eff1,2026-08-10,,2026-08-16T13:48:42+00:00,BaoStock query_stock_industry,observation,medium
MEMBERSHIP_a333d59cfacbde643ab0,CNINFO_ORG_gssz0000710,INDUSTRY_731992a46c7dd8525c17,2026-08-10,,2026-08-16T13:48:42+00:00,BaoStock query_stock_industry,observation,medium
MEMBERSHIP_df57a7ef1042fd7b8d31,CNINFO_ORG_gssz0000711,INDUSTRY_2c3b8b7969b736730fe1,2026-08-10,,2026-08-16T13:48:42+00:00,BaoStock query_stock_industry,observation,medium
MEMBERSHIP_a993cf798ef0737a7aa9,CNINFO_ORG_gssz0000712,INDUSTRY_963e913f30a1f4833ac7,2026-08-10,,2026-08-16T13:48:42+00:00,BaoStock query_stock_industry,observation,medium
MEMBERSHIP_58fe50f5f9988257bdda,CNINFO_ORG_gssz0000713,INDUSTRY_b767e92ab1f7435c1ef3,2026-08-10,,2026-08-16T13:48:42+00:00,BaoStock query_stock_industry,observation,medium
MEMBERSHIP_d7a29490077e9e45c062,CNINFO_ORG_gssz0000715,INDUSTRY_4fb51c32200208ed64a8,2026-08-10,,2026-08-16T13:48:42+00:00,BaoStock query_stock_industry,observation,medium
MEMBERSHIP_1f75022c99cea81ec10b,CNINFO_ORG_gssz0000716,INDUSTRY_34765f16a5c28d382e0e,2026-08-10,,2026-08-16T13:48:42+00:00,BaoStock query_stock_industry,observation,medium
MEMBERSHIP_5c8d52edce3eb54f396b,CNINFO_ORG_gssz0000717,INDUSTRY_f54ff34c4bdec689eff1,2026-08-10,,2026-08-16T13:48:42+00:00,BaoStock query_stock_industry,observation,medium
MEMBERSHIP_431b6a94bc6d04ca252b,CNINFO_ORG_gssz0000718,INDUSTRY_465aebe5f53921515851,2026-08-10,,2026-08-16T13:48:42+00:00,BaoStock query_stock_industry,observation,medium
MEMBERSHIP_c59d8b500de230f37b01,CNINFO_ORG_gssz0000719,INDUSTRY_979f61913dc6006fe56d,2026-08-10,,2026-08-16T13:48:42+00:00,BaoStock query_stock_industry,observation,medium
MEMBERSHIP_ec42ac29c746cfff84e2,CNINFO_ORG_gssz0000720,INDUSTRY_b90e93f47f56746b9938,2026-08-10,,2026-08-16T13:48:42+00:00,BaoStock query_stock_industry,observation,medium
MEMBERSHIP_303ce414417dc882c2d8,CNINFO_ORG_gssz0000721,INDUSTRY_fe99163509953259196a,2026-08-10,,2026-08-16T13:48:42+00:00,BaoStock query_stock_industry,observation,medium
MEMBERSHIP_9cd935265889e0da6b63,CNINFO_ORG_gssz0000722,INDUSTRY_f9da9c9738f21980b6d7,2026-08-10,,2026-08-16T13:48:42+00:00,BaoStock query_stock_industry,observation,medium
MEMBERSHIP_50551775cebeb2607108,CNINFO_ORG_gssz0000723,INDUSTRY_cfd4139bf05e5a91c076,2026-08-10,,2026-08-16T13:48:42+00:00,BaoStock query_stock_industry,observation,medium
MEMBERSHIP_a11317ff28eb4d7e607b,CNINFO_ORG_gssz0000725,INDUSTRY_90d9ee5bdc1ee446fff0,2026-08-10,,2026-08-16T13:48:42+00:00,BaoStock query_stock_industry,observation,medium
MEMBERSHIP_822b22c874876c1713f3,CNINFO_ORG_gssz0000726,INDUSTRY_a971ce8c4913016d33d1,2026-08-10,,2026-08-16T13:48:42+00:00,BaoStock query_stock_industry,observation,medium
MEMBERSHIP_7d378f624e4c089b53d9,CNINFO_ORG_gssz0000727,INDUSTRY_90d9ee5bdc1ee446fff0,2026-08-10,,2026-08-16T13:48:42+00:00,BaoStock query_stock_industry,observation,medium
MEMBERSHIP_39a5270bb1a06e8380ff,CNINFO_ORG_gssz0000728,INDUSTRY_963e913f30a1f4833ac7,2026-08-10,,2026-08-16T13:48:42+00:00,BaoStock query_stock_industry,observation,medium
MEMBERSHIP_6caf31c24962f55d9cbc,CNINFO_ORG_gssz0000729,INDUSTRY_c8598f31bb2607e3007b,2026-08-10,,2026-08-16T13:48:42+00:00,BaoStock query_stock_industry,observation,medium
MEMBERSHIP_f96dd17968b5d9c26f25,CNINFO_ORG_gssz0000731,INDUSTRY_af522b5025b7206d78cb,2026-08-10,,2026-08-16T13:48:42+00:00,BaoStock query_stock_industry,observation,medium
MEMBERSHIP_f41f3bd23f70f6fa3383,CNINFO_ORG_gssz0000733,INDUSTRY_90d9ee5bdc1ee446fff0,2026-08-10,,2026-08-16T13:48:42+00:00,BaoStock query_stock_industry,observation,medium
MEMBERSHIP_69406a7f4659323ff1e4,CNINFO_ORG_gssz0000735,INDUSTRY_9b846d32ce44d8ac60c7,2026-08-10,,2026-08-16T13:48:42+00:00,BaoStock query_stock_industry,observation,medium
MEMBERSHIP_dfab148045399ecf9e64,CNINFO_ORG_gssz0000736,INDUSTRY_465aebe5f53921515851,2026-08-10,,2026-08-16T13:48:42+00:00,BaoStock query_stock_industry,observation,medium
MEMBERSHIP_00a2e33d3141dfa631b4,CNINFO_ORG_gssz0000737,INDUSTRY_fc163d1647ca522ec4cd,2026-08-10,,2026-08-16T13:48:42+00:00,BaoStock query_stock_industry,observation,medium
MEMBERSHIP_c5e2e988d184e5b4cb27,CNINFO_ORG_gssz0000738,INDUSTRY_ad86b4a2a3856ba2d571,2026-08-10,,2026-08-16T13:48:42+00:00,BaoStock query_stock_industry,observation,medium
MEMBERSHIP_d88afcc496d7c6a096b5,CNINFO_ORG_gssz0000739,INDUSTRY_eb1bb5863556657a5ed0,2026-08-10,,2026-08-16T13:48:42+00:00,BaoStock query_stock_industry,observation,medium
MEMBERSHIP_e4cdc01c9f804d45b2a2,CNINFO_ORG_gssz0000750,INDUSTRY_963e913f30a1f4833ac7,2026-08-10,,2026-08-16T13:48:42+00:00,BaoStock query_stock_industry,observation,medium
MEMBERSHIP_08c8a899de031d02daaa,CNINFO_ORG_gssz0000751,INDUSTRY_fc163d1647ca522ec4cd,2026-08-10,,2026-08-16T13:48:42+00:00,BaoStock query_stock_industry,observation,medium
MEMBERSHIP_d5fd496a79117f697053,CNINFO_ORG_gssz0000752,INDUSTRY_c8598f31bb2607e3007b,2026-08-10,,2026-08-16T13:48:42+00:00,BaoStock query_stock_industry,observation,medium
MEMBERSHIP_a5c34505f3e582692307,CNINFO_ORG_gssz0000753,INDUSTRY_4fb51c32200208ed64a8,2026-08-10,,2026-08-16T13:48:42+00:00,BaoStock query_stock_industry,observation,medium
MEMBERSHIP_c08f6223b0d1113004b8,CNINFO_ORG_gssz0000755,INDUSTRY_78ad5e2bbce7305748bd,2026-08-10,,2026-08-16T13:48:42+00:00,BaoStock query_stock_industry,observation,medium
MEMBERSHIP_f284aee4482546be12d0,CNINFO_ORG_gssz0000756,INDUSTRY_eb1bb5863556657a5ed0,2026-08-10,,2026-08-16T13:48:42+00:00,BaoStock query_stock_industry,observation,medium
MEMBERSHIP_608a73939fadea980e39,CNINFO_ORG_gssz0000757,INDUSTRY_4fb51c32200208ed64a8,2026-08-10,,2026-08-16T13:48:42+00:00,BaoStock query_stock_industry,observation,medium
MEMBERSHIP_010172a32a624074075e,CNINFO_ORG_gssz0000758,INDUSTRY_515421a19bebcbe891cf,2026-08-10,,2026-08-16T13:48:42+00:00,BaoStock query_stock_industry,observation,medium
MEMBERSHIP_0220aee87afb0067b2ac,CNINFO_ORG_gssz0000759,INDUSTRY_4fb51c32200208ed64a8,2026-08-10,,2026-08-16T13:48:42+00:00,BaoStock query_stock_industry,observation,medium
MEMBERSHIP_0aca04a675aaddad70da,CNINFO_ORG_gssz0000761,INDUSTRY_f54ff34c4bdec689eff1,2026-08-10,,2026-08-16T13:48:42+00:00,BaoStock query_stock_industry,observation,medium
MEMBERSHIP_34fa48da495dc683ebbb,CNINFO_ORG_gssz0000762,INDUSTRY_515421a19bebcbe891cf,2026-08-10,,2026-08-16T13:48:42+00:00,BaoStock query_stock_industry,observation,medium
MEMBERSHIP_b09413bc2c12925f15f9,CNINFO_ORG_gssz0000766,INDUSTRY_eb1bb5863556657a5ed0,2026-08-10,,2026-08-16T13:48:42+00:00,BaoStock query_stock_industry,observation,medium
MEMBERSHIP_20d30ed95942a294421e,CNINFO_ORG_gssz0000767,INDUSTRY_f9da9c9738f21980b6d7,2026-08-10,,2026-08-16T13:48:42+00:00,BaoStock query_stock_industry,observation,medium
MEMBERSHIP_f42ce8952d18ae6b1a6b,CNINFO_ORG_gssz0000768,INDUSTRY_ad86b4a2a3856ba2d571,2026-08-10,,2026-08-16T13:48:42+00:00,BaoStock query_stock_industry,observation,medium
MEMBERSHIP_1e9013cd81700a8a2082,CNINFO_ORG_gssz0000776,INDUSTRY_963e913f30a1f4833ac7,2026-08-10,,2026-08-16T13:48:42+00:00,BaoStock query_stock_industry,observation,medium
MEMBERSHIP_665ae3e6c144f64223b6,CNINFO_ORG_gssz0000777,INDUSTRY_35fe091671cdb8d5f5e0,2026-08-10,,2026-08-16T13:48:42+00:00,BaoStock query_stock_industry,observation,medium
MEMBERSHIP_048d2c1a71ac3494d763,CNINFO_ORG_gssz0000778,INDUSTRY_be6d1ff74018fda3a9a4,2026-08-10,,2026-08-16T13:48:42+00:00,BaoStock query_stock_industry,observation,medium
MEMBERSHIP_103a5e0a8ff87e0e60f6,CNINFO_ORG_gssz0000779,INDUSTRY_731992a46c7dd8525c17,2026-08-10,,2026-08-16T13:48:42+00:00,BaoStock query_stock_industry,observation,medium
MEMBERSHIP_377b9a2d5b7a4d120de8,CNINFO_ORG_gssz0000782,INDUSTRY_c6634e4fb00885448aae,2026-08-10,,2026-08-16T13:48:42+00:00,BaoStock query_stock_industry,observation,medium
MEMBERSHIP_5d0682da0afa8bf4dac8,CNINFO_ORG_gssz0000783,INDUSTRY_963e913f30a1f4833ac7,2026-08-10,,2026-08-16T13:48:42+00:00,BaoStock query_stock_industry,observation,medium
MEMBERSHIP_c758b63859afa021d489,CNINFO_ORG_gssz0000785,INDUSTRY_91e10380fe1770769bdb,2026-08-10,,2026-08-16T13:48:42+00:00,BaoStock query_stock_industry,observation,medium
MEMBERSHIP_24386ba124cbe074bdde,CNINFO_ORG_gssz0000786,INDUSTRY_7063d42ae24daea94a9c,2026-08-10,,2026-08-16T13:48:42+00:00,BaoStock query_stock_industry,observation,medium
MEMBERSHIP_3125b6e9d7c80b7050b7,CNINFO_ORG_gssz0000788,INDUSTRY_eb1bb5863556657a5ed0,2026-08-10,,2026-08-16T13:48:42+00:00,BaoStock query_stock_industry,observation,medium
MEMBERSHIP_f447e14ed14fb43ba9ef,CNINFO_ORG_gssz0000789,INDUSTRY_7063d42ae24daea94a9c,2026-08-10,,2026-08-16T13:48:42+00:00,BaoStock query_stock_industry,observation,medium
MEMBERSHIP_b878e76f2051ad60c55d,CNINFO_ORG_gssz0000790,INDUSTRY_eb1bb5863556657a5ed0,2026-08-10,,2026-08-16T13:48:42+00:00,BaoStock query_stock_industry,observation,medium
MEMBERSHIP_7e8cf35684528307fed8,CNINFO_ORG_gssz0000791,INDUSTRY_f9da9c9738f21980b6d7,2026-08-10,,2026-08-16T13:48:42+00:00,BaoStock query_stock_industry,observation,medium
MEMBERSHIP_dc207972084fed4fb976,CNINFO_ORG_gssz0000792,INDUSTRY_af522b5025b7206d78cb,2026-08-10,,2026-08-16T13:48:42+00:00,BaoStock query_stock_industry,observation,medium
MEMBERSHIP_094f8900cc5c6bd06491,CNINFO_ORG_gssz0000793,INDUSTRY_979f61913dc6006fe56d,2026-08-10,,2026-08-16T13:48:42+00:00,BaoStock query_stock_industry,observation,medium
MEMBERSHIP_d4ac1d11b69649e54816,CNINFO_ORG_gssz0000795,INDUSTRY_7063d42ae24daea94a9c,2026-08-10,,2026-08-16T13:48:42+00:00,BaoStock query_stock_industry,observation,medium
MEMBERSHIP_3adad102be280c6f8ced,CNINFO_ORG_gssz0000796,INDUSTRY_91e10380fe1770769bdb,2026-08-10,,2026-08-16T13:48:42+00:00,BaoStock query_stock_industry,observation,medium
MEMBERSHIP_2da1a2502dec65bbd068,CNINFO_ORG_gssz0000797,INDUSTRY_465aebe5f53921515851,2026-08-10,,2026-08-16T13:48:42+00:00,BaoStock query_stock_industry,observation,medium
MEMBERSHIP_f7e604d7f11ad444fbd1,CNINFO_ORG_gssz0000798,INDUSTRY_9ce480240011dacb27f8,2026-08-10,,2026-08-16T13:48:42+00:00,BaoStock query_stock_industry,observation,medium
MEMBERSHIP_7c1bdd4494c00f35250d,CNINFO_ORG_gssz0000799,INDUSTRY_c8598f31bb2607e3007b,2026-08-10,,2026-08-16T13:48:42+00:00,BaoStock query_stock_industry,observation,medium
MEMBERSHIP_85f57658a17be25015cf,CNINFO_ORG_gssz0000800,INDUSTRY_e7fb954d2ab5bf5bc733,2026-08-10,,2026-08-16T13:48:42+00:00,BaoStock query_stock_industry,observation,medium
MEMBERSHIP_d9f2c44b0b9dd26f6d0d,CNINFO_ORG_gssz0000801,INDUSTRY_90d9ee5bdc1ee446fff0,2026-08-10,,2026-08-16T13:48:42+00:00,BaoStock query_stock_industry,observation,medium
MEMBERSHIP_470515a8143b0226f237,CNINFO_ORG_gssz0000802,INDUSTRY_a3b7ae0c6bfa4b2b7bfb,2026-08-10,,2026-08-16T13:48:42+00:00,BaoStock query_stock_industry,observation,medium
MEMBERSHIP_da47ea576bbf2b9648db,CNINFO_ORG_gssz0000803,INDUSTRY_ee9bbaf36a819df8934d,2026-08-10,,2026-08-16T13:48:42+00:00,BaoStock query_stock_industry,observation,medium
MEMBERSHIP_62da69be3538a76890cc,CNINFO_ORG_gssz0000807,INDUSTRY_fc163d1647ca522ec4cd,2026-08-10,,2026-08-16T13:48:42+00:00,BaoStock query_stock_industry,observation,medium
MEMBERSHIP_b6cd0cec33996a5e9f8c,CNINFO_ORG_gssz0000809,INDUSTRY_b90e93f47f56746b9938,2026-08-10,,2026-08-16T13:48:42+00:00,BaoStock query_stock_industry,observation,medium
MEMBERSHIP_cf959504f5806412aaf5,CNINFO_ORG_gssz0000810,INDUSTRY_90d9ee5bdc1ee446fff0,2026-08-10,,2026-08-16T13:48:42+00:00,BaoStock query_stock_industry,observation,medium
MEMBERSHIP_41db8018576aa39e5c9d,CNINFO_ORG_gssz0000811,INDUSTRY_35fe091671cdb8d5f5e0,2026-08-10,,2026-08-16T13:48:42+00:00,BaoStock query_stock_industry,observation,medium
MEMBERSHIP_d33f192bf4777e86cc52,CNINFO_ORG_gssz0000812,INDUSTRY_d4840241b65679c56046,2026-08-10,,2026-08-16T13:48:42+00:00,BaoStock query_stock_industry,observation,medium
MEMBERSHIP_9cec4b0eff22730fda1b,CNINFO_ORG_gssz0000813,INDUSTRY_eb1bb5863556657a5ed0,2026-08-10,,2026-08-16T13:48:42+00:00,BaoStock query_stock_industry,observation,medium
MEMBERSHIP_bc072ba31d82abe9137f,CNINFO_ORG_gssz0000815,INDUSTRY_ee7eb75e38ebcde947a9,2026-08-10,,2026-08-16T13:48:42+00:00,BaoStock query_stock_industry,observation,medium
MEMBERSHIP_4824d7b3970d0125c32a,CNINFO_ORG_gssz0000816,INDUSTRY_35fe091671cdb8d5f5e0,2026-08-10,,2026-08-16T13:48:42+00:00,BaoStock query_stock_industry,observation,medium
MEMBERSHIP_04705f2f92eecfd05731,CNINFO_ORG_gssz0000818,INDUSTRY_af522b5025b7206d78cb,2026-08-10,,2026-08-16T13:48:42+00:00,BaoStock query_stock_industry,observation,medium
MEMBERSHIP_21616e2e700a671b36e4,CNINFO_ORG_gssz0000819,INDUSTRY_cfd4139bf05e5a91c076,2026-08-10,,2026-08-16T13:48:42+00:00,BaoStock query_stock_industry,observation,medium
MEMBERSHIP_2fb56b78049e71ee7ccf,CNINFO_ORG_gssz0000820,INDUSTRY_731992a46c7dd8525c17,2026-08-10,,2026-08-16T13:48:42+00:00,BaoStock query_stock_industry,observation,medium
MEMBERSHIP_402d4b39040df230a0f9,CNINFO_ORG_gssz0000821,INDUSTRY_3875d79da62b4dff67e8,2026-08-10,,2026-08-16T13:48:42+00:00,BaoStock query_stock_industry,observation,medium
MEMBERSHIP_dbe38f8b3fc221f2da0b,CNINFO_ORG_gssz0000822,INDUSTRY_af522b5025b7206d78cb,2026-08-10,,2026-08-16T13:48:42+00:00,BaoStock query_stock_industry,observation,medium
MEMBERSHIP_3f2c741d5c1248e149f1,CNINFO_ORG_gssz0000823,INDUSTRY_90d9ee5bdc1ee446fff0,2026-08-10,,2026-08-16T13:48:42+00:00,BaoStock query_stock_industry,observation,medium
MEMBERSHIP_0d6ac158ad0f72647a5d,CNINFO_ORG_gssz0000825,INDUSTRY_f54ff34c4bdec689eff1,2026-08-10,,2026-08-16T13:48:42+00:00,BaoStock query_stock_industry,observation,medium
MEMBERSHIP_97f7c0b468b8bf5b4610,CNINFO_ORG_gssz0000826,INDUSTRY_1233924bed568c1b168b,2026-08-10,,2026-08-16T13:48:42+00:00,BaoStock query_stock_industry,observation,medium
MEMBERSHIP_2332ba468835bf21574c,CNINFO_ORG_gssz0000828,INDUSTRY_78ad5e2bbce7305748bd,2026-08-10,,2026-08-16T13:48:42+00:00,BaoStock query_stock_industry,observation,medium
MEMBERSHIP_c374c74bfdb6b3157f09,CNINFO_ORG_gssz0000829,INDUSTRY_8c865bedc2ef9574d2e5,2026-08-10,,2026-08-16T13:48:42+00:00,BaoStock query_stock_industry,observation,medium
MEMBERSHIP_a6e748472075ed84677b,CNINFO_ORG_gssz0000830,INDUSTRY_af522b5025b7206d78cb,2026-08-10,,2026-08-16T13:48:42+00:00,BaoStock query_stock_industry,observation,medium
MEMBERSHIP_44e4de91fed4735c38d8,CNINFO_ORG_gssz0000831,INDUSTRY_fc163d1647ca522ec4cd,2026-08-10,,2026-08-16T13:48:42+00:00,BaoStock query_stock_industry,observation,medium
MEMBERSHIP_650037188f7f1488c45a,CNINFO_ORG_gssz0000833,INDUSTRY_69f4e65a739a15d12412,2026-08-10,,2026-08-16T13:48:42+00:00,BaoStock query_stock_industry,observation,medium
MEMBERSHIP_13ea01af5a1ba0e91711,CNINFO_ORG_gssz0000837,INDUSTRY_35fe091671cdb8d5f5e0,2026-08-10,,2026-08-16T13:48:42+00:00,BaoStock query_stock_industry,observation,medium
MEMBERSHIP_b73a7ff0c050f303e80d,CNINFO_ORG_gssz0000838,INDUSTRY_465aebe5f53921515851,2026-08-10,,2026-08-16T13:48:42+00:00,BaoStock query_stock_industry,observation,medium
MEMBERSHIP_7e66526b8639ba49be0a,CNINFO_ORG_gssz0000839,INDUSTRY_fcb657f75803ca816490,2026-08-10,,2026-08-16T13:48:42+00:00,BaoStock query_stock_industry,observation,medium
MEMBERSHIP_6e4041649de8afbd9d63,CNINFO_ORG_gssz0000848,INDUSTRY_c8598f31bb2607e3007b,2026-08-10,,2026-08-16T13:48:42+00:00,BaoStock query_stock_industry,observation,medium
MEMBERSHIP_4bc4fced776dcad32a48,CNINFO_ORG_gssz0000850,INDUSTRY_a971ce8c4913016d33d1,2026-08-10,,2026-08-16T13:48:42+00:00,BaoStock query_stock_industry,observation,medium
MEMBERSHIP_1a9a0e453db1bf6fce80,CNINFO_ORG_gssz0000852,INDUSTRY_3875d79da62b4dff67e8,2026-08-10,,2026-08-16T13:48:42+00:00,BaoStock query_stock_industry,observation,medium
MEMBERSHIP_243c12c880e9f4d0221a,CNINFO_ORG_gssz0000856,INDUSTRY_3875d79da62b4dff67e8,2026-08-10,,2026-08-16T13:48:42+00:00,BaoStock query_stock_industry,observation,medium
MEMBERSHIP_b29e78e38c61b1679ab4,CNINFO_ORG_gssz0000858,INDUSTRY_c8598f31bb2607e3007b,2026-08-10,,2026-08-16T13:48:42+00:00,BaoStock query_stock_industry,observation,medium
MEMBERSHIP_08d8c40893f2f2306715,CNINFO_ORG_gssz0000859,INDUSTRY_b62fae243f391f69617b,2026-08-10,,2026-08-16T13:48:42+00:00,BaoStock query_stock_industry,observation,medium
MEMBERSHIP_99e73baf779aaebe2786,CNINFO_ORG_gssz0000860,INDUSTRY_c8598f31bb2607e3007b,2026-08-10,,2026-08-16T13:48:42+00:00,BaoStock query_stock_industry,observation,medium
MEMBERSHIP_02a9efc80e8c1a7e6e2d,CNINFO_ORG_gssz0000862,INDUSTRY_f9da9c9738f21980b6d7,2026-08-10,,2026-08-16T13:48:42+00:00,BaoStock query_stock_industry,observation,medium
MEMBERSHIP_16dc57db7f27a36b242f,CNINFO_ORG_gssz0000863,INDUSTRY_465aebe5f53921515851,2026-08-10,,2026-08-16T13:48:42+00:00,BaoStock query_stock_industry,observation,medium
MEMBERSHIP_f06a9cb36536074728cb,CNINFO_ORG_gssz0000868,INDUSTRY_e7fb954d2ab5bf5bc733,2026-08-10,,2026-08-16T13:48:42+00:00,BaoStock query_stock_industry,observation,medium
MEMBERSHIP_16cf5c9d3bc8ffbcdfd2,CNINFO_ORG_gssz0000869,INDUSTRY_c8598f31bb2607e3007b,2026-08-10,,2026-08-16T13:48:42+00:00,BaoStock query_stock_industry,observation,medium
MEMBERSHIP_c0fa802eec68206c6688,CNINFO_ORG_gssz0000875,INDUSTRY_f9da9c9738f21980b6d7,2026-08-10,,2026-08-16T13:48:42+00:00,BaoStock query_stock_industry,observation,medium
MEMBERSHIP_baa64d64399f92b5dba0,CNINFO_ORG_gssz0000876,INDUSTRY_06f2dd83830b4e6e7446,2026-08-10,,2026-08-16T13:48:42+00:00,BaoStock query_stock_industry,observation,medium
MEMBERSHIP_d59e1ef48c311b7b9ced,CNINFO_ORG_gssz0000877,INDUSTRY_7063d42ae24daea94a9c,2026-08-10,,2026-08-16T13:48:42+00:00,BaoStock query_stock_industry,observation,medium
MEMBERSHIP_7474220757f9ef79dac8,CNINFO_ORG_gssz0000878,INDUSTRY_fc163d1647ca522ec4cd,2026-08-10,,2026-08-16T13:48:42+00:00,BaoStock query_stock_industry,observation,medium
MEMBERSHIP_102a886835da2072fd52,CNINFO_ORG_gssz0000880,INDUSTRY_35fe091671cdb8d5f5e0,2026-08-10,,2026-08-16T13:48:42+00:00,BaoStock query_stock_industry,observation,medium
MEMBERSHIP_fcf3e62be359937aa923,CNINFO_ORG_gssz0000881,INDUSTRY_af522b5025b7206d78cb,2026-08-10,,2026-08-16T13:48:42+00:00,BaoStock query_stock_industry,observation,medium
MEMBERSHIP_25bd32b0de5c8ce55da4,CNINFO_ORG_gssz0000882,INDUSTRY_91e10380fe1770769bdb,2026-08-10,,2026-08-16T13:48:42+00:00,BaoStock query_stock_industry,observation,medium
MEMBERSHIP_e2b28df15d34faa4080f,CNINFO_ORG_gssz0000883,INDUSTRY_f9da9c9738f21980b6d7,2026-08-10,,2026-08-16T13:48:42+00:00,BaoStock query_stock_industry,observation,medium
MEMBERSHIP_e3336a91a59534812626,CNINFO_ORG_gssz0000885,INDUSTRY_ee9bbaf36a819df8934d,2026-08-10,,2026-08-16T13:48:42+00:00,BaoStock query_stock_industry,observation,medium
MEMBERSHIP_7e532ea7df5015979a72,CNINFO_ORG_gssz0000886,INDUSTRY_78ad5e2bbce7305748bd,2026-08-10,,2026-08-16T13:48:42+00:00,BaoStock query_stock_industry,observation,medium
MEMBERSHIP_a685fe4cadc9041e598d,CNINFO_ORG_gssz0000887,INDUSTRY_b62fae243f391f69617b,2026-08-10,,2026-08-16T13:48:42+00:00,BaoStock query_stock_industry,observation,medium
MEMBERSHIP_942d6405b0cbc0f9dec1,CNINFO_ORG_gssz0000888,INDUSTRY_1233924bed568c1b168b,2026-08-10,,2026-08-16T13:48:42+00:00,BaoStock query_stock_industry,observation,medium
MEMBERSHIP_1875fee85ea9798cdfb2,CNINFO_ORG_gssz0000889,INDUSTRY_fcb657f75803ca816490,2026-08-10,,2026-08-16T13:48:42+00:00,BaoStock query_stock_industry,observation,medium
MEMBERSHIP_075788198a5f6128576a,CNINFO_ORG_gssz0000890,INDUSTRY_be6d1ff74018fda3a9a4,2026-08-10,,2026-08-16T13:48:42+00:00,BaoStock query_stock_industry,observation,medium
MEMBERSHIP_eca3392d6d6ffe9229bf,CNINFO_ORG_gssz0000892,INDUSTRY_a3b7ae0c6bfa4b2b7bfb,2026-08-10,,2026-08-16T13:48:42+00:00,BaoStock query_stock_industry,observation,medium
MEMBERSHIP_2adaa41a6853b496e0cd,CNINFO_ORG_gssz0000893,INDUSTRY_af522b5025b7206d78cb,2026-08-10,,2026-08-16T13:48:42+00:00,BaoStock query_stock_industry,observation,medium
MEMBERSHIP_4563dc2189fae090e502,CNINFO_ORG_gssz0000895,INDUSTRY_06f2dd83830b4e6e7446,2026-08-10,,2026-08-16T13:48:42+00:00,BaoStock query_stock_industry,observation,medium
MEMBERSHIP_eb848c59427a7789f01c,CNINFO_ORG_gssz0000897,INDUSTRY_465aebe5f53921515851,2026-08-10,,2026-08-16T13:48:42+00:00,BaoStock query_stock_industry,observation,medium
MEMBERSHIP_8aa0ef0f079811098427,CNINFO_ORG_gssz0000898,INDUSTRY_f54ff34c4bdec689eff1,2026-08-10,,2026-08-16T13:48:42+00:00,BaoStock query_stock_industry,observation,medium
MEMBERSHIP_9623efafe948ea49e9b7,CNINFO_ORG_gssz0000899,INDUSTRY_f9da9c9738f21980b6d7,2026-08-10,,2026-08-16T13:48:42+00:00,BaoStock query_stock_industry,observation,medium
MEMBERSHIP_015d84164aea49d42651,CNINFO_ORG_gssz0000900,INDUSTRY_78ad5e2bbce7305748bd,2026-08-10,,2026-08-16T13:48:42+00:00,BaoStock query_stock_industry,observation,medium
MEMBERSHIP_e6cda547f5e170d64060,CNINFO_ORG_gssz0000901,INDUSTRY_e7fb954d2ab5bf5bc733,2026-08-10,,2026-08-16T13:48:42+00:00,BaoStock query_stock_industry,observation,medium
MEMBERSHIP_cc70edfa021614b97e04,CNINFO_ORG_gssz0000902,INDUSTRY_af522b5025b7206d78cb,2026-08-10,,2026-08-16T13:48:42+00:00,BaoStock query_stock_industry,observation,medium
MEMBERSHIP_4bdfea169ac432c275f0,CNINFO_ORG_gssz0000903,INDUSTRY_35fe091671cdb8d5f5e0,2026-08-10,,2026-08-16T13:48:42+00:00,BaoStock query_stock_industry,observation,medium
MEMBERSHIP_8f067dcd3da0dce0b064,CNINFO_ORG_gssz0000905,INDUSTRY_8c865bedc2ef9574d2e5,2026-08-10,,2026-08-16T13:48:42+00:00,BaoStock query_stock_industry,observation,medium
MEMBERSHIP_6811eea1fdf2e351584f,CNINFO_ORG_gssz0000906,INDUSTRY_91e10380fe1770769bdb,2026-08-10,,2026-08-16T13:48:42+00:00,BaoStock query_stock_industry,observation,medium
MEMBERSHIP_8b80a79fe4821ec7dd4c,CNINFO_ORG_gssz0000908,INDUSTRY_eb1bb5863556657a5ed0,2026-08-10,,2026-08-16T13:48:42+00:00,BaoStock query_stock_industry,observation,medium
MEMBERSHIP_e358967f02cfab237c9d,CNINFO_ORG_gssz0000909,INDUSTRY_465aebe5f53921515851,2026-08-10,,2026-08-16T13:48:42+00:00,BaoStock query_stock_industry,observation,medium
MEMBERSHIP_9bba82bd6b1e0c5c5d0f,CNINFO_ORG_gssz0000910,INDUSTRY_c49db8c55c2b36c315c6,2026-08-10,,2026-08-16T13:48:42+00:00,BaoStock query_stock_industry,observation,medium
MEMBERSHIP_7cbbe78b8e8a6e0215b8,CNINFO_ORG_gssz0000911,INDUSTRY_06f2dd83830b4e6e7446,2026-08-10,,2026-08-16T13:48:42+00:00,BaoStock query_stock_industry,observation,medium
MEMBERSHIP_338f0453930dc5408a08,CNINFO_ORG_gssz0000912,INDUSTRY_af522b5025b7206d78cb,2026-08-10,,2026-08-16T13:48:42+00:00,BaoStock query_stock_industry,observation,medium
MEMBERSHIP_2c274bba1f737a98d6b9,CNINFO_ORG_gssz0000913,INDUSTRY_ad86b4a2a3856ba2d571,2026-08-10,,2026-08-16T13:48:42+00:00,BaoStock query_stock_industry,observation,medium
MEMBERSHIP_518e0e0aea4c861d315f,CNINFO_ORG_gssz0000915,INDUSTRY_eb1bb5863556657a5ed0,2026-08-10,,2026-08-16T13:48:42+00:00,BaoStock query_stock_industry,observation,medium
MEMBERSHIP_f738d6be6da223e6b0bf,CNINFO_ORG_gssz0000917,INDUSTRY_a1191d63decae1d34c73,2026-08-10,,2026-08-16T13:48:42+00:00,BaoStock query_stock_industry,observation,medium
MEMBERSHIP_20d3282c5bbe7bb9d1cd,CNINFO_ORG_gssz0000919,INDUSTRY_eb1bb5863556657a5ed0,2026-08-10,,2026-08-16T13:48:42+00:00,BaoStock query_stock_industry,observation,medium
MEMBERSHIP_8a99d624b809267c277e,CNINFO_ORG_gssz0000920,INDUSTRY_af522b5025b7206d78cb,2026-08-10,,2026-08-16T13:48:42+00:00,BaoStock query_stock_industry,observation,medium
MEMBERSHIP_717e565c8220f2b7549f,CNINFO_ORG_gssz0000921,INDUSTRY_b90e93f47f56746b9938,2026-08-10,,2026-08-16T13:48:42+00:00,BaoStock query_stock_industry,observation,medium
MEMBERSHIP_17baf49ba4d0107806a4,CNINFO_ORG_gssz0000922,INDUSTRY_b90e93f47f56746b9938,2026-08-10,,2026-08-16T13:48:42+00:00,BaoStock query_stock_industry,observation,medium
MEMBERSHIP_044fefcf0adceedf7984,CNINFO_ORG_gssz0000923,INDUSTRY_7c3681bb5aa78d36021c,2026-08-10,,2026-08-16T13:48:42+00:00,BaoStock query_stock_industry,observation,medium
MEMBERSHIP_df5af10d2620b3a07bed,CNINFO_ORG_gssz0000925,INDUSTRY_ad86b4a2a3856ba2d571,2026-08-10,,2026-08-16T13:48:42+00:00,BaoStock query_stock_industry,observation,medium
MEMBERSHIP_3b2a496007e44ca84f04,CNINFO_ORG_gssz0000926,INDUSTRY_465aebe5f53921515851,2026-08-10,,2026-08-16T13:48:42+00:00,BaoStock query_stock_industry,observation,medium
MEMBERSHIP_c7f5c8e9475ae83f5f03,CNINFO_ORG_gssz0000927,INDUSTRY_91e10380fe1770769bdb,2026-08-10,,2026-08-16T13:48:42+00:00,BaoStock query_stock_industry,observation,medium
MEMBERSHIP_0445147cd2b64032b083,CNINFO_ORG_gssz0000928,INDUSTRY_17cf2674a1f785e3272e,2026-08-10,,2026-08-16T13:48:42+00:00,BaoStock query_stock_industry,observation,medium
MEMBERSHIP_e01e360ce7b6dece2831,CNINFO_ORG_gssz0000929,INDUSTRY_c8598f31bb2607e3007b,2026-08-10,,2026-08-16T13:48:42+00:00,BaoStock query_stock_industry,observation,medium
MEMBERSHIP_527796330e4c42086cb2,CNINFO_ORG_gssz0000930,INDUSTRY_af522b5025b7206d78cb,2026-08-10,,2026-08-16T13:48:42+00:00,BaoStock query_stock_industry,observation,medium
MEMBERSHIP_adb56733cff3d5e02073,CNINFO_ORG_gssz0000931,INDUSTRY_eb1bb5863556657a5ed0,2026-08-10,,2026-08-16T13:48:42+00:00,BaoStock query_stock_industry,observation,medium
MEMBERSHIP_bd08b829231e87a57065,CNINFO_ORG_gssz0000932,INDUSTRY_f54ff34c4bdec689eff1,2026-08-10,,2026-08-16T13:48:42+00:00,BaoStock query_stock_industry,observation,medium
MEMBERSHIP_09ac020627db9e118021,CNINFO_ORG_gssz0000933,INDUSTRY_fc163d1647ca522ec4cd,2026-08-10,,2026-08-16T13:48:42+00:00,BaoStock query_stock_industry,observation,medium
MEMBERSHIP_634df5651466e9263be2,CNINFO_ORG_gssz0000935,INDUSTRY_7063d42ae24daea94a9c,2026-08-10,,2026-08-16T13:48:42+00:00,BaoStock query_stock_industry,observation,medium
MEMBERSHIP_8be2b472e3a2de7a3dd0,CNINFO_ORG_gssz0000936,INDUSTRY_c6634e4fb00885448aae,2026-08-10,,2026-08-16T13:48:42+00:00,BaoStock query_stock_industry,observation,medium
MEMBERSHIP_73b2bfff15ec192df44f,CNINFO_ORG_gssz0000937,INDUSTRY_bd64f2d1a81c9866dda4,2026-08-10,,2026-08-16T13:48:42+00:00,BaoStock query_stock_industry,observation,medium
MEMBERSHIP_7b0c67ed725c3a19ad6d,CNINFO_ORG_gssz0000938,INDUSTRY_90d9ee5bdc1ee446fff0,2026-08-10,,2026-08-16T13:48:42+00:00,BaoStock query_stock_industry,observation,medium
MEMBERSHIP_f8e03798f8ed517875bc,CNINFO_ORG_gssz0000948,INDUSTRY_fcb657f75803ca816490,2026-08-10,,2026-08-16T13:48:42+00:00,BaoStock query_stock_industry,observation,medium
MEMBERSHIP_91fadaba5ad0638b826e,CNINFO_ORG_gssz0000949,INDUSTRY_c6634e4fb00885448aae,2026-08-10,,2026-08-16T13:48:42+00:00,BaoStock query_stock_industry,observation,medium
MEMBERSHIP_14a32b73749d17e98e6c,CNINFO_ORG_gssz0000950,INDUSTRY_8c865bedc2ef9574d2e5,2026-08-10,,2026-08-16T13:48:42+00:00,BaoStock query_stock_industry,observation,medium
MEMBERSHIP_15e4ee2b09b871710233,CNINFO_ORG_gssz0000951,INDUSTRY_e7fb954d2ab5bf5bc733,2026-08-10,,2026-08-16T13:48:42+00:00,BaoStock query_stock_industry,observation,medium
MEMBERSHIP_9f1e0e2969e89c82670a,CNINFO_ORG_gssz0000952,INDUSTRY_eb1bb5863556657a5ed0,2026-08-10,,2026-08-16T13:48:42+00:00,BaoStock query_stock_industry,observation,medium
MEMBERSHIP_8d7fc9e713d5dc4c6571,CNINFO_ORG_gssz0000953,INDUSTRY_eb1bb5863556657a5ed0,2026-08-10,,2026-08-16T13:48:42+00:00,BaoStock query_stock_industry,observation,medium
MEMBERSHIP_4333023cfdfaf4adf003,CNINFO_ORG_gssz0000955,INDUSTRY_a971ce8c4913016d33d1,2026-08-10,,2026-08-16T13:48:42+00:00,BaoStock query_stock_industry,observation,medium
MEMBERSHIP_119c67baf9e387f9435e,CNINFO_ORG_gssz0000957,INDUSTRY_e7fb954d2ab5bf5bc733,2026-08-10,,2026-08-16T13:48:42+00:00,BaoStock query_stock_industry,observation,medium
MEMBERSHIP_434caf9c41edc3db67fa,CNINFO_ORG_gssz0000958,INDUSTRY_f9da9c9738f21980b6d7,2026-08-10,,2026-08-16T13:48:42+00:00,BaoStock query_stock_industry,observation,medium
MEMBERSHIP_6d59c7f16d4855282704,CNINFO_ORG_gssz0000959,INDUSTRY_f54ff34c4bdec689eff1,2026-08-10,,2026-08-16T13:48:42+00:00,BaoStock query_stock_industry,observation,medium
MEMBERSHIP_6aebee02dec21b1dbaea,CNINFO_ORG_gssz0000960,INDUSTRY_fc163d1647ca522ec4cd,2026-08-10,,2026-08-16T13:48:42+00:00,BaoStock query_stock_industry,observation,medium
MEMBERSHIP_79e6be88ffd9c7b5f964,CNINFO_ORG_gssz0000962,INDUSTRY_fc163d1647ca522ec4cd,2026-08-10,,2026-08-16T13:48:42+00:00,BaoStock query_stock_industry,observation,medium
MEMBERSHIP_884f127e761061ae68d7,CNINFO_ORG_gssz0000963,INDUSTRY_4fb51c32200208ed64a8,2026-08-10,,2026-08-16T13:48:42+00:00,BaoStock query_stock_industry,observation,medium
MEMBERSHIP_1ae5d02af304a4183944,CNINFO_ORG_gssz0000965,INDUSTRY_465aebe5f53921515851,2026-08-10,,2026-08-16T13:48:42+00:00,BaoStock query_stock_industry,observation,medium
MEMBERSHIP_1db16cc6784be3cc5586,CNINFO_ORG_gssz0000966,INDUSTRY_f9da9c9738f21980b6d7,2026-08-10,,2026-08-16T13:48:42+00:00,BaoStock query_stock_industry,observation,medium
MEMBERSHIP_be720a53fa6c0708c559,CNINFO_ORG_gssz0000967,INDUSTRY_3875d79da62b4dff67e8,2026-08-10,,2026-08-16T13:48:42+00:00,BaoStock query_stock_industry,observation,medium
MEMBERSHIP_889736f9a2412d4d516c,CNINFO_ORG_gssz0000968,INDUSTRY_6e59023629c5a35ea710,2026-08-10,,2026-08-16T13:48:42+00:00,BaoStock query_stock_industry,observation,medium
MEMBERSHIP_df114f5b48f041e673cd,CNINFO_ORG_gssz0000969,INDUSTRY_be6d1ff74018fda3a9a4,2026-08-10,,2026-08-16T13:48:42+00:00,BaoStock query_stock_industry,observation,medium
MEMBERSHIP_cd582d289c46a85779c7,CNINFO_ORG_gssz0000970,INDUSTRY_90d9ee5bdc1ee446fff0,2026-08-10,,2026-08-16T13:48:42+00:00,BaoStock query_stock_industry,observation,medium
MEMBERSHIP_4f9701f2e209dfe09028,CNINFO_ORG_gssz0000972,INDUSTRY_06f2dd83830b4e6e7446,2026-08-10,,2026-08-16T13:48:42+00:00,BaoStock query_stock_industry,observation,medium
MEMBERSHIP_e063742ad02c6229bde1,CNINFO_ORG_gssz0000973,INDUSTRY_b62fae243f391f69617b,2026-08-10,,2026-08-16T13:48:42+00:00,BaoStock query_stock_industry,observation,medium
MEMBERSHIP_10f74dbfcc309f6d0d60,CNINFO_ORG_gssz0000975,INDUSTRY_515421a19bebcbe891cf,2026-08-10,,2026-08-16T13:48:42+00:00,BaoStock query_stock_industry,observation,medium
MEMBERSHIP_f3baeb1955e86daed1c7,CNINFO_ORG_gssz0000977,INDUSTRY_90d9ee5bdc1ee446fff0,2026-08-10,,2026-08-16T13:48:42+00:00,BaoStock query_stock_industry,observation,medium
MEMBERSHIP_e254e6200184ecb9c376,CNINFO_ORG_gssz0000978,INDUSTRY_1233924bed568c1b168b,2026-08-10,,2026-08-16T13:48:42+00:00,BaoStock query_stock_industry,observation,medium
MEMBERSHIP_1956457cb1cdb8512ae3,CNINFO_ORG_gssz0000980,INDUSTRY_e7fb954d2ab5bf5bc733,2026-08-10,,2026-08-16T13:48:42+00:00,BaoStock query_stock_industry,observation,medium
MEMBERSHIP_569df312bcb45a91238a,CNINFO_ORG_gssz0000981,INDUSTRY_e7fb954d2ab5bf5bc733,2026-08-10,,2026-08-16T13:48:42+00:00,BaoStock query_stock_industry,observation,medium
MEMBERSHIP_68908dfb1cd4ead91141,CNINFO_ORG_gssz0000983,INDUSTRY_bd64f2d1a81c9866dda4,2026-08-10,,2026-08-16T13:48:42+00:00,BaoStock query_stock_industry,observation,medium
MEMBERSHIP_88dbc13a5e703e322c24,CNINFO_ORG_gssz0000985,INDUSTRY_af522b5025b7206d78cb,2026-08-10,,2026-08-16T13:48:42+00:00,BaoStock query_stock_industry,observation,medium
MEMBERSHIP_9d40f06dbf3832ef2e73,CNINFO_ORG_gssz0000987,INDUSTRY_7ee4f97d9c6b6c9f19de,2026-08-10,,2026-08-16T13:48:42+00:00,BaoStock query_stock_industry,observation,medium
MEMBERSHIP_020e204840842cb15092,CNINFO_ORG_gssz0000988,INDUSTRY_90d9ee5bdc1ee446fff0,2026-08-10,,2026-08-16T13:48:42+00:00,BaoStock query_stock_industry,observation,medium
MEMBERSHIP_bbec3e7a4027524bfbec,CNINFO_ORG_gssz0000989,INDUSTRY_eb1bb5863556657a5ed0,2026-08-10,,2026-08-16T13:48:42+00:00,BaoStock query_stock_industry,observation,medium
MEMBERSHIP_147942da532f5d86fe36,CNINFO_ORG_gssz0000990,INDUSTRY_af522b5025b7206d78cb,2026-08-10,,2026-08-16T13:48:42+00:00,BaoStock query_stock_industry,observation,medium
MEMBERSHIP_1664445df8419d41fde9,CNINFO_ORG_gssz0000993,INDUSTRY_f9da9c9738f21980b6d7,2026-08-10,,2026-08-16T13:48:42+00:00,BaoStock query_stock_industry,observation,medium
MEMBERSHIP_2331c895dc5f4f8a18a6,CNINFO_ORG_gssz0000995,INDUSTRY_c8598f31bb2607e3007b,2026-08-10,,2026-08-16T13:48:42+00:00,BaoStock query_stock_industry,observation,medium
MEMBERSHIP_bdf5516196bf9b84775c,CNINFO_ORG_gssz0000997,INDUSTRY_fcb657f75803ca816490,2026-08-10,,2026-08-16T13:48:42+00:00,BaoStock query_stock_industry,observation,medium
MEMBERSHIP_89697661d67e368b8af7,CNINFO_ORG_gssz0000998,INDUSTRY_b767e92ab1f7435c1ef3,2026-08-10,,2026-08-16T13:48:42+00:00,BaoStock query_stock_industry,observation,medium
MEMBERSHIP_6689ff508d2571933af8,CNINFO_ORG_gssz0000999,INDUSTRY_eb1bb5863556657a5ed0,2026-08-10,,2026-08-16T13:48:42+00:00,BaoStock query_stock_industry,observation,medium
MEMBERSHIP_4be8f1d240c11bcaecbc,CNINFO_ORG_9900036405,INDUSTRY_9b846d32ce44d8ac60c7,2026-08-10,,2026-08-16T13:48:42+00:00,BaoStock query_stock_industry,observation,medium
MEMBERSHIP_a5833458927d40651fba,CNINFO_ORG_gfbj0839749,INDUSTRY_05c09799f5cd1d96eaf2,2026-08-10,,2026-08-16T13:48:42+00:00,BaoStock query_stock_industry,observation,medium
MEMBERSHIP_503fd04f6ef9f9b65d1d,CNINFO_ORG_9900023231,INDUSTRY_7c3681bb5aa78d36021c,2026-08-10,,2026-08-16T13:48:42+00:00,BaoStock query_stock_industry,observation,medium
MEMBERSHIP_aeb4ed3d82e3ce09af64,CNINFO_ORG_gfbj0832659,INDUSTRY_3553a2b402e33a129417,2026-08-10,,2026-08-16T13:48:42+00:00,BaoStock query_stock_industry,observation,medium
MEMBERSHIP_306be13aeb450a9ad184,CNINFO_ORG_gfbj0870245,INDUSTRY_6dac68c9cedde793b110,2026-08-10,,2026-08-16T13:48:42+00:00,BaoStock query_stock_industry,observation,medium
MEMBERSHIP_7cc9774516bb7e4abbe3,CNINFO_ORG_9900041710,INDUSTRY_af522b5025b7206d78cb,2026-08-10,,2026-08-16T13:48:42+00:00,BaoStock query_stock_industry,observation,medium
MEMBERSHIP_44654659d4c20bde9760,CNINFO_ORG_9900023198,INDUSTRY_b90e93f47f56746b9938,2026-08-10,,2026-08-16T13:48:42+00:00,BaoStock query_stock_industry,observation,medium
MEMBERSHIP_2f9a0a82a9007f224947,CNINFO_ORG_9900041427,INDUSTRY_857cc70f4407799bbfbc,2026-08-10,,2026-08-16T13:48:42+00:00,BaoStock query_stock_industry,observation,medium
MEMBERSHIP_57aeb45666997d953430,CNINFO_ORG_9900035875,INDUSTRY_f9da9c9738f21980b6d7,2026-08-10,,2026-08-16T13:48:42+00:00,BaoStock query_stock_industry,observation,medium
MEMBERSHIP_eb7a1ea945eeb1c63ba5,CNINFO_ORG_9900041883,INDUSTRY_c49db8c55c2b36c315c6,2026-08-10,,2026-08-16T13:48:42+00:00,BaoStock query_stock_industry,observation,medium
MEMBERSHIP_8d8f2e550a182878b59a,CNINFO_ORG_nssc1000239,INDUSTRY_7063d42ae24daea94a9c,2026-08-10,,2026-08-16T13:48:42+00:00,BaoStock query_stock_industry,observation,medium
MEMBERSHIP_a24d9d81a226620ec7ee,CNINFO_ORG_nssc1000059,INDUSTRY_8ea363eb92f9e2d3a89e,2026-08-10,,2026-08-16T13:48:42+00:00,BaoStock query_stock_industry,observation,medium
MEMBERSHIP_105563ee84b86d5cb995,CNINFO_ORG_9900041525,INDUSTRY_34765f16a5c28d382e0e,2026-08-10,,2026-08-16T13:48:42+00:00,BaoStock query_stock_industry,observation,medium
MEMBERSHIP_58b962efe3bfa4b2e080,CNINFO_ORG_9900023696,INDUSTRY_7063d42ae24daea94a9c,2026-08-10,,2026-08-16T13:48:42+00:00,BaoStock query_stock_industry,observation,medium
MEMBERSHIP_71fc559e35c65fa336da,CNINFO_ORG_9900041548,INDUSTRY_af522b5025b7206d78cb,2026-08-10,,2026-08-16T13:48:42+00:00,BaoStock query_stock_industry,observation,medium
MEMBERSHIP_0a79b6fefb488e5e5e26,CNINFO_ORG_9900024906,INDUSTRY_af522b5025b7206d78cb,2026-08-10,,2026-08-16T13:48:42+00:00,BaoStock query_stock_industry,observation,medium
MEMBERSHIP_f7be4944fad9ea0b3ca7,CNINFO_ORG_gfbj0872387,INDUSTRY_34765f16a5c28d382e0e,2026-08-10,,2026-08-16T13:48:42+00:00,BaoStock query_stock_industry,observation,medium
MEMBERSHIP_2698614974878e97e3b1,CNINFO_ORG_nssc1000286,INDUSTRY_78ad5e2bbce7305748bd,2026-08-10,,2026-08-16T13:48:42+00:00,BaoStock query_stock_industry,observation,medium
MEMBERSHIP_0b4d914b3e02ac439a90,CNINFO_ORG_9900053810,INDUSTRY_be6d1ff74018fda3a9a4,2026-08-10,,2026-08-16T13:48:42+00:00,BaoStock query_stock_industry,observation,medium
MEMBERSHIP_21ba86ad5746c87d7233,CNINFO_ORG_9900052564,INDUSTRY_6dac68c9cedde793b110,2026-08-10,,2026-08-16T13:48:42+00:00,BaoStock query_stock_industry,observation,medium
MEMBERSHIP_0bb35a0631f73a1c9f43,CNINFO_ORG_9900048037,INDUSTRY_3875d79da62b4dff67e8,2026-08-10,,2026-08-16T13:48:42+00:00,BaoStock query_stock_industry,observation,medium
MEMBERSHIP_521fd575fa9ff3edd03b,CNINFO_ORG_9900048366,INDUSTRY_35fe091671cdb8d5f5e0,2026-08-10,,2026-08-16T13:48:42+00:00,BaoStock query_stock_industry,observation,medium
MEMBERSHIP_abda645100f7c3626119,CNINFO_ORG_9900052656,INDUSTRY_35fe091671cdb8d5f5e0,2026-08-10,,2026-08-16T13:48:42+00:00,BaoStock query_stock_industry,observation,medium
MEMBERSHIP_dc11f9dcb18483123a90,CNINFO_ORG_9900021964,INDUSTRY_b5ff8607e606f7dd55ba,2026-08-10,,2026-08-16T13:48:42+00:00,BaoStock query_stock_industry,observation,medium
MEMBERSHIP_c2db46bccc738812954f,CNINFO_ORG_nssc1000083,INDUSTRY_91e10380fe1770769bdb,2026-08-10,,2026-08-16T13:48:42+00:00,BaoStock query_stock_industry,observation,medium
MEMBERSHIP_a1495a160efc9290cd13,CNINFO_ORG_9900047621,INDUSTRY_90d9ee5bdc1ee446fff0,2026-08-10,,2026-08-16T13:48:42+00:00,BaoStock query_stock_industry,observation,medium
MEMBERSHIP_fb1c17b8c636035f8a8b,CNINFO_ORG_nssc1000600,INDUSTRY_1233924bed568c1b168b,2026-08-10,,2026-08-16T13:48:42+00:00,BaoStock query_stock_industry,observation,medium
MEMBERSHIP_40759274cd52dc338070,CNINFO_ORG_9900047224,INDUSTRY_af522b5025b7206d78cb,2026-08-10,,2026-08-16T13:48:42+00:00,BaoStock query_stock_industry,observation,medium
MEMBERSHIP_4a7524830a909e899486,CNINFO_ORG_9900059234,INDUSTRY_90d9ee5bdc1ee446fff0,2026-08-10,,2026-08-16T13:48:42+00:00,BaoStock query_stock_industry,observation,medium
MEMBERSHIP_e306173177ca33b2b07c,CNINFO_ORG_9900059058,INDUSTRY_b62fae243f391f69617b,2026-08-10,,2026-08-16T13:48:42+00:00,BaoStock query_stock_industry,observation,medium
MEMBERSHIP_79b007b6e8b239dac7be,CNINFO_ORG_9900046655,INDUSTRY_857cc70f4407799bbfbc,2026-08-10,,2026-08-16T13:48:42+00:00,BaoStock query_stock_industry,observation,medium
MEMBERSHIP_a12c5fd1c95f9c003352,CNINFO_ORG_9900031747,INDUSTRY_963e913f30a1f4833ac7,2026-08-10,,2026-08-16T13:48:42+00:00,BaoStock query_stock_industry,observation,medium
MEMBERSHIP_aa442ac8214ce1758394,CNINFO_ORG_9900063097,INDUSTRY_b90e93f47f56746b9938,2026-08-10,,2026-08-16T13:48:42+00:00,BaoStock query_stock_industry,observation,medium
MEMBERSHIP_d73c2220342004d69105,CNINFO_ORG_9900033230,INDUSTRY_1ed3dfcfe2bd74cd71b3,2026-08-10,,2026-08-16T13:48:42+00:00,BaoStock query_stock_industry,observation,medium
MEMBERSHIP_0aa899f9bca0d316e690,CNINFO_ORG_9900054494,INDUSTRY_be6d1ff74018fda3a9a4,2026-08-10,,2026-08-16T13:48:42+00:00,BaoStock query_stock_industry,observation,medium
MEMBERSHIP_9472728181524dd79d0c,CNINFO_ORG_9900062481,INDUSTRY_f9da9c9738f21980b6d7,2026-08-10,,2026-08-16T13:48:42+00:00,BaoStock query_stock_industry,observation,medium
MEMBERSHIP_80f4c1c2e181146cf127,CNINFO_ORG_9900052533,INDUSTRY_af522b5025b7206d78cb,2026-08-10,,2026-08-16T13:48:42+00:00,BaoStock query_stock_industry,observation,medium
MEMBERSHIP_c9f784e59ce2d23b0a47,CNINFO_ORG_9900053246,INDUSTRY_3875d79da62b4dff67e8,2026-08-10,,2026-08-16T13:48:42+00:00,BaoStock query_stock_industry,observation,medium
MEMBERSHIP_fd68c80a9e70d9e56475,CNINFO_ORG_9900062969,INDUSTRY_515421a19bebcbe891cf,2026-08-10,,2026-08-16T13:48:42+00:00,BaoStock query_stock_industry,observation,medium
MEMBERSHIP_40b29e92ae8be034f859,CNINFO_ORG_9900046967,INDUSTRY_f9da9c9738f21980b6d7,2026-08-10,,2026-08-16T13:48:42+00:00,BaoStock query_stock_industry,observation,medium
MEMBERSHIP_e22ae03c39196dc0ce34,CNINFO_ORG_gfbj0838907,INDUSTRY_b90e93f47f56746b9938,2026-08-10,,2026-08-16T13:48:42+00:00,BaoStock query_stock_industry,observation,medium
MEMBERSHIP_ff15e566bfc555305d37,CNINFO_ORG_9900046979,INDUSTRY_e7fb954d2ab5bf5bc733,2026-08-10,,2026-08-16T13:48:42+00:00,BaoStock query_stock_industry,observation,medium
MEMBERSHIP_f52ea25c4ff8a45d23b1,CNINFO_ORG_9900048786,INDUSTRY_735889820fa0518be404,2026-08-10,,2026-08-16T13:48:42+00:00,BaoStock query_stock_industry,observation,medium
MEMBERSHIP_9f6395c52d0cd3feb6d2,CNINFO_ORG_gssz0000765,INDUSTRY_90d9ee5bdc1ee446fff0,2026-08-10,,2026-08-16T13:48:42+00:00,BaoStock query_stock_industry,observation,medium
MEMBERSHIP_956433fa35db50da620c,CNINFO_ORG_nssc1000056,INDUSTRY_35fe091671cdb8d5f5e0,2026-08-10,,2026-08-16T13:48:42+00:00,BaoStock query_stock_industry,observation,medium
MEMBERSHIP_159989a807c59df9c378,CNINFO_ORG_gfbj0836724,INDUSTRY_2c3b8b7969b736730fe1,2026-08-10,,2026-08-16T13:48:42+00:00,BaoStock query_stock_industry,observation,medium
MEMBERSHIP_8ddc5fb85fd587874dd5,CNINFO_ORG_9900052541,INDUSTRY_90d9ee5bdc1ee446fff0,2026-08-10,,2026-08-16T13:48:42+00:00,BaoStock query_stock_industry,observation,medium
MEMBERSHIP_89552cd01c22bcd85502,CNINFO_ORG_gfbj0833293,INDUSTRY_a5ef4ae00fe6ee6051c6,2026-08-10,,2026-08-16T13:48:42+00:00,BaoStock query_stock_industry,observation,medium
MEMBERSHIP_a6df8831c3836e2c3664,CNINFO_ORG_gfbj0871976,INDUSTRY_e7fb954d2ab5bf5bc733,2026-08-10,,2026-08-16T13:48:42+00:00,BaoStock query_stock_industry,observation,medium
MEMBERSHIP_75e567de70718d6ab077,CNINFO_ORG_9900053342,INDUSTRY_d4840241b65679c56046,2026-08-10,,2026-08-16T13:48:42+00:00,BaoStock query_stock_industry,observation,medium
MEMBERSHIP_4628837d46e4884f33db,CNINFO_ORG_9900061069,INDUSTRY_515421a19bebcbe891cf,2026-08-10,,2026-08-16T13:48:42+00:00,BaoStock query_stock_industry,observation,medium
MEMBERSHIP_168fa2fa1cfb36d743db,CNINFO_ORG_9900048170,INDUSTRY_e7fb954d2ab5bf5bc733,2026-08-10,,2026-08-16T13:48:42+00:00,BaoStock query_stock_industry,observation,medium
MEMBERSHIP_a2137ef681e93666dcd6,CNINFO_ORG_9900048773,INDUSTRY_b90e93f47f56746b9938,2026-08-10,,2026-08-16T13:48:42+00:00,BaoStock query_stock_industry,observation,medium
MEMBERSHIP_b28d02fbf218c059765e,CNINFO_ORG_gfbj0833321,INDUSTRY_90d9ee5bdc1ee446fff0,2026-08-10,,2026-08-16T13:48:42+00:00,BaoStock query_stock_industry,observation,medium
MEMBERSHIP_e0a73373182af375a224,CNINFO_ORG_9900048369,INDUSTRY_f9da9c9738f21980b6d7,2026-08-10,,2026-08-16T13:48:42+00:00,BaoStock query_stock_industry,observation,medium
MEMBERSHIP_ec67193a87f3b7285592,CNINFO_ORG_9900054451,INDUSTRY_8c865bedc2ef9574d2e5,2026-08-10,,2026-08-16T13:48:42+00:00,BaoStock query_stock_industry,observation,medium
MEMBERSHIP_1a539e48669c6bc7c6b1,CNINFO_ORG_9900041838,INDUSTRY_35fe091671cdb8d5f5e0,2026-08-10,,2026-08-16T13:48:42+00:00,BaoStock query_stock_industry,observation,medium
MEMBERSHIP_e86ad5c62cc887a8ae33,CNINFO_ORG_9900009768,INDUSTRY_f9da9c9738f21980b6d7,2026-08-10,,2026-08-16T13:48:42+00:00,BaoStock query_stock_industry,observation,medium
MEMBERSHIP_0ba03f965044e9fc5788,CNINFO_ORG_gfbj0833138,INDUSTRY_7063d42ae24daea94a9c,2026-08-10,,2026-08-16T13:48:42+00:00,BaoStock query_stock_industry,observation,medium
MEMBERSHIP_a7b51740d601d3b756e5,CNINFO_ORG_9900047340,INDUSTRY_8c865bedc2ef9574d2e5,2026-08-10,,2026-08-16T13:48:42+00:00,BaoStock query_stock_industry,observation,medium
MEMBERSHIP_ef7a726f69f6543581f2,CNINFO_ORG_gfbj0838794,INDUSTRY_2b12590880b654376532,2026-08-10,,2026-08-16T13:48:42+00:00,BaoStock query_stock_industry,observation,medium
MEMBERSHIP_ea645287752351c11db5,CNINFO_ORG_9900048101,INDUSTRY_4b6bcfe2a650f11508e5,2026-08-10,,2026-08-16T13:48:42+00:00,BaoStock query_stock_industry,observation,medium
MEMBERSHIP_d0327fd5adff07463c41,CNINFO_ORG_9900047767,INDUSTRY_7063d42ae24daea94a9c,2026-08-10,,2026-08-16T13:48:42+00:00,BaoStock query_stock_industry,observation,medium
MEMBERSHIP_3e34192ed26387aa5d39,CNINFO_ORG_9900047779,INDUSTRY_35fe091671cdb8d5f5e0,2026-08-10,,2026-08-16T13:48:42+00:00,BaoStock query_stock_industry,observation,medium
MEMBERSHIP_df29a4d95d62f38fc0a6,CNINFO_ORG_nssc1000504,INDUSTRY_90d9ee5bdc1ee446fff0,2026-08-10,,2026-08-16T13:48:42+00:00,BaoStock query_stock_industry,observation,medium
MEMBERSHIP_33b85312adbe993346e8,CNINFO_ORG_nssc1000644,INDUSTRY_90d9ee5bdc1ee446fff0,2026-08-10,,2026-08-16T13:48:42+00:00,BaoStock query_stock_industry,observation,medium
MEMBERSHIP_43a86a9d6829c68fc50f,CNINFO_ORG_9900052515,INDUSTRY_e7fb954d2ab5bf5bc733,2026-08-10,,2026-08-16T13:48:42+00:00,BaoStock query_stock_industry,observation,medium
MEMBERSHIP_2daf257b571222fc1678,CNINFO_ORG_9900063187,INDUSTRY_a971ce8c4913016d33d1,2026-08-10,,2026-08-16T13:48:42+00:00,BaoStock query_stock_industry,observation,medium
MEMBERSHIP_7240387c95294cba15e0,CNINFO_ORG_9900038396,INDUSTRY_06f2dd83830b4e6e7446,2026-08-10,,2026-08-16T13:48:42+00:00,BaoStock query_stock_industry,observation,medium
MEMBERSHIP_35d7f35b65e37761b1ce,CNINFO_ORG_gfbj0837171,INDUSTRY_90d9ee5bdc1ee446fff0,2026-08-10,,2026-08-16T13:48:42+00:00,BaoStock query_stock_industry,observation,medium
MEMBERSHIP_6d6ffc5e95fb03872730,CNINFO_ORG_9900048764,INDUSTRY_8c865bedc2ef9574d2e5,2026-08-10,,2026-08-16T13:48:42+00:00,BaoStock query_stock_industry,observation,medium
MEMBERSHIP_41f24a18dcd8e9046d50,CNINFO_ORG_gfbj0838107,INDUSTRY_05c09799f5cd1d96eaf2,2026-08-10,,2026-08-16T13:48:42+00:00,BaoStock query_stock_industry,observation,medium
MEMBERSHIP_aa6b708294c54c6297d8,CNINFO_ORG_9900041625,INDUSTRY_34765f16a5c28d382e0e,2026-08-10,,2026-08-16T13:48:42+00:00,BaoStock query_stock_industry,observation,medium
MEMBERSHIP_4bf94e6b81e8c349c231,CNINFO_ORG_9900047223,INDUSTRY_e7fb954d2ab5bf5bc733,2026-08-10,,2026-08-16T13:48:42+00:00,BaoStock query_stock_industry,observation,medium
MEMBERSHIP_c8da389e60792a6b1c3e,CNINFO_ORG_9900047305,INDUSTRY_7063d42ae24daea94a9c,2026-08-10,,2026-08-16T13:48:42+00:00,BaoStock query_stock_industry,observation,medium
MEMBERSHIP_fc0f5aadd03ca297207c,CNINFO_ORG_9900046964,INDUSTRY_1ed3dfcfe2bd74cd71b3,2026-08-10,,2026-08-16T13:48:42+00:00,BaoStock query_stock_industry,observation,medium
MEMBERSHIP_74e272ce0de541ac6502,CNINFO_ORG_9900048581,INDUSTRY_ad86b4a2a3856ba2d571,2026-08-10,,2026-08-16T13:48:42+00:00,BaoStock query_stock_industry,observation,medium
MEMBERSHIP_a5a70af7f19ab29e57d2,CNINFO_ORG_9900048038,INDUSTRY_b62fae243f391f69617b,2026-08-10,,2026-08-16T13:48:42+00:00,BaoStock query_stock_industry,observation,medium
MEMBERSHIP_cc698029422f918b17e6,CNINFO_ORG_9900055651,INDUSTRY_b90e93f47f56746b9938,2026-08-10,,2026-08-16T13:48:42+00:00,BaoStock query_stock_industry,observation,medium
MEMBERSHIP_a71762e0372b90b1810e,CNINFO_ORG_GD081685,INDUSTRY_af522b5025b7206d78cb,2026-08-10,,2026-08-16T13:48:42+00:00,BaoStock query_stock_industry,observation,medium
MEMBERSHIP_8f61ae25c8b0f201645e,CNINFO_ORG_9900036065,INDUSTRY_a3b7ae0c6bfa4b2b7bfb,2026-08-10,,2026-08-16T13:48:42+00:00,BaoStock query_stock_industry,observation,medium
MEMBERSHIP_6349dacb657bec293e8d,CNINFO_ORG_9900047217,INDUSTRY_2b12590880b654376532,2026-08-10,,2026-08-16T13:48:42+00:00,BaoStock query_stock_industry,observation,medium
MEMBERSHIP_00f11ce14e002faf7ff3,CNINFO_ORG_9900031494,INDUSTRY_be6d1ff74018fda3a9a4,2026-08-10,,2026-08-16T13:48:42+00:00,BaoStock query_stock_industry,observation,medium
MEMBERSHIP_5faaadf9b2aed1356241,CNINFO_ORG_nssc1000548,INDUSTRY_af522b5025b7206d78cb,2026-08-10,,2026-08-16T13:48:42+00:00,BaoStock query_stock_industry,observation,medium
MEMBERSHIP_02c4282644667329f405,CNINFO_ORG_9900056879,INDUSTRY_8c865bedc2ef9574d2e5,2026-08-10,,2026-08-16T13:48:42+00:00,BaoStock query_stock_industry,observation,medium
MEMBERSHIP_ec1175e91def240e97e4,CNINFO_ORG_9900052524,INDUSTRY_3875d79da62b4dff67e8,2026-08-10,,2026-08-16T13:48:42+00:00,BaoStock query_stock_industry,observation,medium
MEMBERSHIP_e10d0a199b727deda5c7,CNINFO_ORG_9900051539,INDUSTRY_515421a19bebcbe891cf,2026-08-10,,2026-08-16T13:48:42+00:00,BaoStock query_stock_industry,observation,medium
MEMBERSHIP_bcce3da5992e931cdea3,CNINFO_ORG_9900048070,INDUSTRY_c8598f31bb2607e3007b,2026-08-10,,2026-08-16T13:48:42+00:00,BaoStock query_stock_industry,observation,medium
MEMBERSHIP_03f6d51d41be164df280,CNINFO_ORG_9900049006,INDUSTRY_90d9ee5bdc1ee446fff0,2026-08-10,,2026-08-16T13:48:42+00:00,BaoStock query_stock_industry,observation,medium
MEMBERSHIP_9761c3736a422d4b246f,CNINFO_ORG_9900056292,INDUSTRY_b62fae243f391f69617b,2026-08-10,,2026-08-16T13:48:42+00:00,BaoStock query_stock_industry,observation,medium
MEMBERSHIP_1c5af4847e8de16aa193,CNINFO_ORG_9900039470,INDUSTRY_af522b5025b7206d78cb,2026-08-10,,2026-08-16T13:48:42+00:00,BaoStock query_stock_industry,observation,medium
MEMBERSHIP_b3aceef1c01524d19bcc,CNINFO_ORG_9900056197,INDUSTRY_7063d42ae24daea94a9c,2026-08-10,,2026-08-16T13:48:42+00:00,BaoStock query_stock_industry,observation,medium
MEMBERSHIP_5198982231e0bae9c0c6,CNINFO_ORG_9900055633,INDUSTRY_3875d79da62b4dff67e8,2026-08-10,,2026-08-16T13:48:42+00:00,BaoStock query_stock_industry,observation,medium
MEMBERSHIP_e2145e21bb1f6bcb6ce7,CNINFO_ORG_9900041531,INDUSTRY_e7fb954d2ab5bf5bc733,2026-08-10,,2026-08-16T13:48:42+00:00,BaoStock query_stock_industry,observation,medium
MEMBERSHIP_40181d72d23c6ea401da,CNINFO_ORG_nssc1000728,INDUSTRY_06f2dd83830b4e6e7446,2026-08-10,,2026-08-16T13:48:42+00:00,BaoStock query_stock_industry,observation,medium
MEMBERSHIP_fa808608cd97f6d7e639,CNINFO_ORG_9900052535,INDUSTRY_eb1bb5863556657a5ed0,2026-08-10,,2026-08-16T13:48:42+00:00,BaoStock query_stock_industry,observation,medium
MEMBERSHIP_6c6fc5d9ed088c12242b,CNINFO_ORG_9900046506,INDUSTRY_b62fae243f391f69617b,2026-08-10,,2026-08-16T13:48:42+00:00,BaoStock query_stock_industry,observation,medium
MEMBERSHIP_287ba44f857f0d6eeaef,CNINFO_ORG_9900046531,INDUSTRY_af522b5025b7206d78cb,2026-08-10,,2026-08-16T13:48:42+00:00,BaoStock query_stock_industry,observation,medium
MEMBERSHIP_ebc9c4a6c30e1ce5f251,CNINFO_ORG_9900051389,INDUSTRY_90d9ee5bdc1ee446fff0,2026-08-10,,2026-08-16T13:48:42+00:00,BaoStock query_stock_industry,observation,medium
MEMBERSHIP_d3689d8fa555318e60e8,CNINFO_ORG_gfbj0835359,INDUSTRY_f9da9c9738f21980b6d7,2026-08-10,,2026-08-16T13:48:42+00:00,BaoStock query_stock_industry,observation,medium
MEMBERSHIP_fe0b4d5846fdb4aa7472,CNINFO_ORG_9900023839,INDUSTRY_b62fae243f391f69617b,2026-08-10,,2026-08-16T13:48:42+00:00,BaoStock query_stock_industry,observation,medium
MEMBERSHIP_2628c662e02a7317513d,CNINFO_ORG_9900048085,INDUSTRY_35fe091671cdb8d5f5e0,2026-08-10,,2026-08-16T13:48:42+00:00,BaoStock query_stock_industry,observation,medium
MEMBERSHIP_dcf3fa0b6570c063576f,CNINFO_ORG_9900041935,INDUSTRY_35fe091671cdb8d5f5e0,2026-08-10,,2026-08-16T13:48:42+00:00,BaoStock query_stock_industry,observation,medium
MEMBERSHIP_b74d347d54bf0016d5de,CNINFO_ORG_9900048378,INDUSTRY_b90e93f47f56746b9938,2026-08-10,,2026-08-16T13:48:42+00:00,BaoStock query_stock_industry,observation,medium
MEMBERSHIP_4224e62c6ac523e0a9fe,CNINFO_ORG_9900053816,INDUSTRY_7063d42ae24daea94a9c,2026-08-10,,2026-08-16T13:48:42+00:00,BaoStock query_stock_industry,observation,medium
MEMBERSHIP_14fb22144ee0e8caca59,CNINFO_ORG_9900056877,INDUSTRY_b90e93f47f56746b9938,2026-08-10,,2026-08-16T13:48:42+00:00,BaoStock query_stock_industry,observation,medium
MEMBERSHIP_bfe92a9a44c003f12314,CNINFO_ORG_gfbj0831427,INDUSTRY_90d9ee5bdc1ee446fff0,2026-08-10,,2026-08-16T13:48:42+00:00,BaoStock query_stock_industry,observation,medium
MEMBERSHIP_62a75e4c8522c9d9ede6,CNINFO_ORG_9900046622,INDUSTRY_90d9ee5bdc1ee446fff0,2026-08-10,,2026-08-16T13:48:42+00:00,BaoStock query_stock_industry,observation,medium
MEMBERSHIP_e38714aa68247fb3c498,CNINFO_ORG_gfbj0831908,INDUSTRY_3e41c6b832b570c4f5d1,2026-08-10,,2026-08-16T13:48:42+00:00,BaoStock query_stock_industry,observation,medium
MEMBERSHIP_8cd283d87133754aef52,CNINFO_ORG_9900057395,INDUSTRY_aff052295ad57fe9c64a,2026-08-10,,2026-08-16T13:48:42+00:00,BaoStock query_stock_industry,observation,medium
MEMBERSHIP_813a0ccb37b3963e5739,CNINFO_ORG_9900063182,INDUSTRY_b90e93f47f56746b9938,2026-08-10,,2026-08-16T13:48:42+00:00,BaoStock query_stock_industry,observation,medium
MEMBERSHIP_1e4744eeabdebfaa2198,CNINFO_ORG_9900041590,INDUSTRY_3875d79da62b4dff67e8,2026-08-10,,2026-08-16T13:48:42+00:00,BaoStock query_stock_industry,observation,medium
MEMBERSHIP_429582f0db7d37537acf,CNINFO_ORG_9900052711,INDUSTRY_731992a46c7dd8525c17,2026-08-10,,2026-08-16T13:48:42+00:00,BaoStock query_stock_industry,observation,medium
MEMBERSHIP_87e4f0de8be424587ff0,CNINFO_ORG_9900048755,INDUSTRY_90d9ee5bdc1ee446fff0,2026-08-10,,2026-08-16T13:48:42+00:00,BaoStock query_stock_industry,observation,medium
MEMBERSHIP_0c79cdbae5ddd45c4d68,CNINFO_ORG_9900048604,INDUSTRY_3875d79da62b4dff67e8,2026-08-10,,2026-08-16T13:48:42+00:00,BaoStock query_stock_industry,observation,medium
MEMBERSHIP_45abf955c7ccad69790e,CNINFO_ORG_gssz0001696,INDUSTRY_35fe091671cdb8d5f5e0,2026-08-10,,2026-08-16T13:48:42+00:00,BaoStock query_stock_industry,observation,medium
MEMBERSHIP_b60b6004cfe628ba0d80,CNINFO_ORG_gssz0000022,INDUSTRY_3553a2b402e33a129417,2026-08-10,,2026-08-16T13:48:42+00:00,BaoStock query_stock_industry,observation,medium
MEMBERSHIP_b7a61f89de27f769b314,CNINFO_ORG_gssz0001896,INDUSTRY_f9da9c9738f21980b6d7,2026-08-10,,2026-08-16T13:48:42+00:00,BaoStock query_stock_industry,observation,medium
MEMBERSHIP_9d643d8b8c641d590d74,CNINFO_ORG_gssz0000043,INDUSTRY_465aebe5f53921515851,2026-08-10,,2026-08-16T13:48:42+00:00,BaoStock query_stock_industry,observation,medium
MEMBERSHIP_c9b997b2c129cf4d1602,CNINFO_ORG_GD008065,INDUSTRY_78ad5e2bbce7305748bd,2026-08-10,,2026-08-16T13:48:42+00:00,BaoStock query_stock_industry,observation,medium
MEMBERSHIP_5314ab6eda0f8928deeb,CNINFO_ORG_GD014107,INDUSTRY_465aebe5f53921515851,2026-08-10,,2026-08-16T13:48:42+00:00,BaoStock query_stock_industry,observation,medium
MEMBERSHIP_6fd4adbf290d432ba34d,CNINFO_ORG_gssz0002001,INDUSTRY_eb1bb5863556657a5ed0,2026-08-10,,2026-08-16T13:48:42+00:00,BaoStock query_stock_industry,observation,medium
MEMBERSHIP_9f74071227eac3724943,CNINFO_ORG_gssz0002003,INDUSTRY_857cc70f4407799bbfbc,2026-08-10,,2026-08-16T13:48:42+00:00,BaoStock query_stock_industry,observation,medium
MEMBERSHIP_e2d9ecab5a17cf6ee469,CNINFO_ORG_gssz0002004,INDUSTRY_af522b5025b7206d78cb,2026-08-10,,2026-08-16T13:48:42+00:00,BaoStock query_stock_industry,observation,medium
MEMBERSHIP_b5d777743ff74b02388d,CNINFO_ORG_gssz0002005,INDUSTRY_b90e93f47f56746b9938,2026-08-10,,2026-08-16T13:48:42+00:00,BaoStock query_stock_industry,observation,medium
MEMBERSHIP_f11dfe3da92a85df1bee,CNINFO_ORG_gssz0002006,INDUSTRY_3875d79da62b4dff67e8,2026-08-10,,2026-08-16T13:48:42+00:00,BaoStock query_stock_industry,observation,medium
MEMBERSHIP_aab6d9027c07934b3e1b,CNINFO_ORG_gssz0002007,INDUSTRY_eb1bb5863556657a5ed0,2026-08-10,,2026-08-16T13:48:42+00:00,BaoStock query_stock_industry,observation,medium
MEMBERSHIP_8551a4d8b90d46aaa15c,CNINFO_ORG_gssz0002008,INDUSTRY_3875d79da62b4dff67e8,2026-08-10,,2026-08-16T13:48:42+00:00,BaoStock query_stock_industry,observation,medium
MEMBERSHIP_bec017d63553e69b948f,CNINFO_ORG_gssz0002009,INDUSTRY_3875d79da62b4dff67e8,2026-08-10,,2026-08-16T13:48:42+00:00,BaoStock query_stock_industry,observation,medium
MEMBERSHIP_a06717850e8c5d469612,CNINFO_ORG_gssz0002010,INDUSTRY_91e10380fe1770769bdb,2026-08-10,,2026-08-16T13:48:42+00:00,BaoStock query_stock_industry,observation,medium
MEMBERSHIP_cec7dab61958364cbf6f,CNINFO_ORG_gssz0002011,INDUSTRY_35fe091671cdb8d5f5e0,2026-08-10,,2026-08-16T13:48:42+00:00,BaoStock query_stock_industry,observation,medium
MEMBERSHIP_78223580eec22ffa9832,CNINFO_ORG_gssz0002012,INDUSTRY_ee7eb75e38ebcde947a9,2026-08-10,,2026-08-16T13:48:42+00:00,BaoStock query_stock_industry,observation,medium
MEMBERSHIP_96d86504a3dccdd44762,CNINFO_ORG_gssz0002014,INDUSTRY_b62fae243f391f69617b,2026-08-10,,2026-08-16T13:48:42+00:00,BaoStock query_stock_industry,observation,medium
MEMBERSHIP_f2bc4787f9062b87fc80,CNINFO_ORG_gssz0002015,INDUSTRY_f9da9c9738f21980b6d7,2026-08-10,,2026-08-16T13:48:42+00:00,BaoStock query_stock_industry,observation,medium
MEMBERSHIP_32249f4babed98d06f58,CNINFO_ORG_gssz0002016,INDUSTRY_465aebe5f53921515851,2026-08-10,,2026-08-16T13:48:42+00:00,BaoStock query_stock_industry,observation,medium
MEMBERSHIP_71dea045ec4e3235a3eb,CNINFO_ORG_gssz0002017,INDUSTRY_90d9ee5bdc1ee446fff0,2026-08-10,,2026-08-16T13:48:42+00:00,BaoStock query_stock_industry,observation,medium
MEMBERSHIP_35696573bb04b01a0b2e,CNINFO_ORG_gssz0002019,INDUSTRY_eb1bb5863556657a5ed0,2026-08-10,,2026-08-16T13:48:42+00:00,BaoStock query_stock_industry,observation,medium
MEMBERSHIP_7c2e96eb8b4041b8a05c,CNINFO_ORG_gssz0002020,INDUSTRY_eb1bb5863556657a5ed0,2026-08-10,,2026-08-16T13:48:42+00:00,BaoStock query_stock_industry,observation,medium
MEMBERSHIP_926977fedf9d9e3bacf1,CNINFO_ORG_gssz0002021,INDUSTRY_3875d79da62b4dff67e8,2026-08-10,,2026-08-16T13:48:42+00:00,BaoStock query_stock_industry,observation,medium
MEMBERSHIP_5a4e1bf8a88b78f6c840,CNINFO_ORG_gssz0002022,INDUSTRY_eb1bb5863556657a5ed0,2026-08-10,,2026-08-16T13:48:42+00:00,BaoStock query_stock_industry,observation,medium
MEMBERSHIP_c8555489d1be8a2e5300,CNINFO_ORG_gssz0002023,INDUSTRY_a5ef4ae00fe6ee6051c6,2026-08-10,,2026-08-16T13:48:42+00:00,BaoStock query_stock_industry,observation,medium
MEMBERSHIP_304cba0bc901f0862510,CNINFO_ORG_gssz0002024,INDUSTRY_4fb51c32200208ed64a8,2026-08-10,,2026-08-16T13:48:42+00:00,BaoStock query_stock_industry,observation,medium
MEMBERSHIP_dc3de09fbad042422950,CNINFO_ORG_gssz0002025,INDUSTRY_90d9ee5bdc1ee446fff0,2026-08-10,,2026-08-16T13:48:42+00:00,BaoStock query_stock_industry,observation,medium
MEMBERSHIP_7ed3a42be39c04c2ad9f,CNINFO_ORG_gssz0002026,INDUSTRY_b90e93f47f56746b9938,2026-08-10,,2026-08-16T13:48:42+00:00,BaoStock query_stock_industry,observation,medium
MEMBERSHIP_efcdeeb925d39887ee84,CNINFO_ORG_gssz0002027,INDUSTRY_91e10380fe1770769bdb,2026-08-10,,2026-08-16T13:48:42+00:00,BaoStock query_stock_industry,observation,medium
MEMBERSHIP_84de9a9a051e357689a1,CNINFO_ORG_gssz0002028,INDUSTRY_b90e93f47f56746b9938,2026-08-10,,2026-08-16T13:48:42+00:00,BaoStock query_stock_industry,observation,medium
MEMBERSHIP_0ac98d754debca734c65,CNINFO_ORG_gssz0002029,INDUSTRY_857cc70f4407799bbfbc,2026-08-10,,2026-08-16T13:48:42+00:00,BaoStock query_stock_industry,observation,medium
MEMBERSHIP_3f6b2fb24e98b678caad,CNINFO_ORG_gssz0002030,INDUSTRY_eb1bb5863556657a5ed0,2026-08-10,,2026-08-16T13:48:42+00:00,BaoStock query_stock_industry,observation,medium
MEMBERSHIP_381090a98035c5790d06,CNINFO_ORG_gssz0002031,INDUSTRY_3875d79da62b4dff67e8,2026-08-10,,2026-08-16T13:48:42+00:00,BaoStock query_stock_industry,observation,medium
MEMBERSHIP_e7a0f32c68f8145352ee,CNINFO_ORG_gssz0002032,INDUSTRY_b90e93f47f56746b9938,2026-08-10,,2026-08-16T13:48:42+00:00,BaoStock query_stock_industry,observation,medium
MEMBERSHIP_c2942f889505570ebb30,CNINFO_ORG_gssz0002033,INDUSTRY_1233924bed568c1b168b,2026-08-10,,2026-08-16T13:48:42+00:00,BaoStock query_stock_industry,observation,medium
MEMBERSHIP_13e45fd41a51c1020d64,CNINFO_ORG_gssz0002034,INDUSTRY_f9da9c9738f21980b6d7,2026-08-10,,2026-08-16T13:48:42+00:00,BaoStock query_stock_industry,observation,medium
MEMBERSHIP_3c82f8e601f1e9162d48,CNINFO_ORG_gssz0002035,INDUSTRY_b90e93f47f56746b9938,2026-08-10,,2026-08-16T13:48:42+00:00,BaoStock query_stock_industry,observation,medium
MEMBERSHIP_d9f785ec311556e58486,CNINFO_ORG_gssz0002036,INDUSTRY_90d9ee5bdc1ee446fff0,2026-08-10,,2026-08-16T13:48:42+00:00,BaoStock query_stock_industry,observation,medium
MEMBERSHIP_ab01bdd26be7571aca73,CNINFO_ORG_gssz0002037,INDUSTRY_af522b5025b7206d78cb,2026-08-10,,2026-08-16T13:48:42+00:00,BaoStock query_stock_industry,observation,medium
MEMBERSHIP_b552f0547e85c3d805db,CNINFO_ORG_gssz0002038,INDUSTRY_eb1bb5863556657a5ed0,2026-08-10,,2026-08-16T13:48:42+00:00,BaoStock query_stock_industry,observation,medium
MEMBERSHIP_ce02cff69fbd427a114f,CNINFO_ORG_gssz0002039,INDUSTRY_f9da9c9738f21980b6d7,2026-08-10,,2026-08-16T13:48:42+00:00,BaoStock query_stock_industry,observation,medium
MEMBERSHIP_4baa7210fdcc46ae7f62,CNINFO_ORG_gssz0002040,INDUSTRY_3553a2b402e33a129417,2026-08-10,,2026-08-16T13:48:42+00:00,BaoStock query_stock_industry,observation,medium
MEMBERSHIP_1fe46c598093aa4231cc,CNINFO_ORG_gssz0002041,INDUSTRY_b767e92ab1f7435c1ef3,2026-08-10,,2026-08-16T13:48:42+00:00,BaoStock query_stock_industry,observation,medium
MEMBERSHIP_10e4469b6044c45a2bb4,CNINFO_ORG_gssz0002042,INDUSTRY_a971ce8c4913016d33d1,2026-08-10,,2026-08-16T13:48:42+00:00,BaoStock query_stock_industry,observation,medium
MEMBERSHIP_114497eec1964925b595,CNINFO_ORG_gssz0002043,INDUSTRY_c49db8c55c2b36c315c6,2026-08-10,,2026-08-16T13:48:42+00:00,BaoStock query_stock_industry,observation,medium
MEMBERSHIP_b0015774bd5c2bb95845,CNINFO_ORG_gssz0002044,INDUSTRY_dfb3dd085310dba8a2e0,2026-08-10,,2026-08-16T13:48:42+00:00,BaoStock query_stock_industry,observation,medium
MEMBERSHIP_3984f0df00a4e4e55c97,CNINFO_ORG_gssz0002045,INDUSTRY_90d9ee5bdc1ee446fff0,2026-08-10,,2026-08-16T13:48:42+00:00,BaoStock query_stock_industry,observation,medium
MEMBERSHIP_87212eb0116a15a85a4d,CNINFO_ORG_gssz0002046,INDUSTRY_35fe091671cdb8d5f5e0,2026-08-10,,2026-08-16T13:48:42+00:00,BaoStock query_stock_industry,observation,medium
MEMBERSHIP_4bf5aa7be904290c3f2d,CNINFO_ORG_gssz0002047,INDUSTRY_1395c3d9f1fe1a080e75,2026-08-10,,2026-08-16T13:48:42+00:00,BaoStock query_stock_industry,observation,medium
MEMBERSHIP_adff7a3cf0c2ea993dd8,CNINFO_ORG_gssz0002048,INDUSTRY_e7fb954d2ab5bf5bc733,2026-08-10,,2026-08-16T13:48:42+00:00,BaoStock query_stock_industry,observation,medium
MEMBERSHIP_97235fc9086a486c541b,CNINFO_ORG_gssz0002049,INDUSTRY_90d9ee5bdc1ee446fff0,2026-08-10,,2026-08-16T13:48:42+00:00,BaoStock query_stock_industry,observation,medium
MEMBERSHIP_8f0d192b8f20284f0d93,CNINFO_ORG_gssz0002050,INDUSTRY_35fe091671cdb8d5f5e0,2026-08-10,,2026-08-16T13:48:42+00:00,BaoStock query_stock_industry,observation,medium
MEMBERSHIP_ce7c2fcc277b6c5c9220,CNINFO_ORG_gssz0002051,INDUSTRY_17cf2674a1f785e3272e,2026-08-10,,2026-08-16T13:48:42+00:00,BaoStock query_stock_industry,observation,medium
MEMBERSHIP_eba79a41cf4decab11a2,CNINFO_ORG_gssz0002052,INDUSTRY_90d9ee5bdc1ee446fff0,2026-08-10,,2026-08-16T13:48:42+00:00,BaoStock query_stock_industry,observation,medium
MEMBERSHIP_2dc05de344e40a3bbd81,CNINFO_ORG_gssz0002053,INDUSTRY_f9da9c9738f21980b6d7,2026-08-10,,2026-08-16T13:48:42+00:00,BaoStock query_stock_industry,observation,medium
MEMBERSHIP_1ba00f7c3df18d05d5bc,CNINFO_ORG_9900000062,INDUSTRY_af522b5025b7206d78cb,2026-08-10,,2026-08-16T13:48:42+00:00,BaoStock query_stock_industry,observation,medium
MEMBERSHIP_5e91bccb5f43e318fb6d,CNINFO_ORG_9900000123,INDUSTRY_90d9ee5bdc1ee446fff0,2026-08-10,,2026-08-16T13:48:42+00:00,BaoStock query_stock_industry,observation,medium
MEMBERSHIP_58719e833b9904cee3b2,CNINFO_ORG_9900000141,INDUSTRY_b90e93f47f56746b9938,2026-08-10,,2026-08-16T13:48:42+00:00,BaoStock query_stock_industry,observation,medium
MEMBERSHIP_05b9a05a5c51e2ffd231,CNINFO_ORG_9900000181,INDUSTRY_af522b5025b7206d78cb,2026-08-10,,2026-08-16T13:48:42+00:00,BaoStock query_stock_industry,observation,medium
MEMBERSHIP_70519e7a149546ac44cd,CNINFO_ORG_9900000201,INDUSTRY_735889820fa0518be404,2026-08-10,,2026-08-16T13:48:42+00:00,BaoStock query_stock_industry,observation,medium
MEMBERSHIP_6cdf872a470c441c5d23,CNINFO_ORG_9900000241,INDUSTRY_1233924bed568c1b168b,2026-08-10,,2026-08-16T13:48:42+00:00,BaoStock query_stock_industry,observation,medium
MEMBERSHIP_eecf55a3bdbbff772db4,CNINFO_ORG_9900000281,INDUSTRY_17cf2674a1f785e3272e,2026-08-10,,2026-08-16T13:48:42+00:00,BaoStock query_stock_industry,observation,medium
MEMBERSHIP_271fd8de4498c3132304,CNINFO_ORG_9900000341,INDUSTRY_17cf2674a1f785e3272e,2026-08-10,,2026-08-16T13:48:42+00:00,BaoStock query_stock_industry,observation,medium
MEMBERSHIP_0aec808a669c3033ce9b,CNINFO_ORG_9900000362,INDUSTRY_17cf2674a1f785e3272e,2026-08-10,,2026-08-16T13:48:42+00:00,BaoStock query_stock_industry,observation,medium
MEMBERSHIP_552a4ef33e01368309f2,CNINFO_ORG_9900000382,INDUSTRY_fcb657f75803ca816490,2026-08-10,,2026-08-16T13:48:42+00:00,BaoStock query_stock_industry,observation,medium
MEMBERSHIP_a7ec668db7ee6cda8cd3,CNINFO_ORG_9900000404,INDUSTRY_c6634e4fb00885448aae,2026-08-10,,2026-08-16T13:48:42+00:00,BaoStock query_stock_industry,observation,medium
MEMBERSHIP_c6c61ad879750c0137af,CNINFO_ORG_9900000405,INDUSTRY_fcb657f75803ca816490,2026-08-10,,2026-08-16T13:48:42+00:00,BaoStock query_stock_industry,observation,medium
MEMBERSHIP_57c9e97e80be85ea5a39,CNINFO_ORG_9900000421,INDUSTRY_7063d42ae24daea94a9c,2026-08-10,,2026-08-16T13:48:42+00:00,BaoStock query_stock_industry,observation,medium
MEMBERSHIP_f3c62b1c3852b7edcbb2,CNINFO_ORG_9900000601,INDUSTRY_ee7eb75e38ebcde947a9,2026-08-10,,2026-08-16T13:48:42+00:00,BaoStock query_stock_industry,observation,medium
MEMBERSHIP_bb99263b52c8d88ef1f5,CNINFO_ORG_9900000622,INDUSTRY_af522b5025b7206d78cb,2026-08-10,,2026-08-16T13:48:42+00:00,BaoStock query_stock_industry,observation,medium
MEMBERSHIP_ebc85b6f0a8b384b37ed,CNINFO_ORG_9900000781,INDUSTRY_9ce480240011dacb27f8,2026-08-10,,2026-08-16T13:48:42+00:00,BaoStock query_stock_industry,observation,medium
MEMBERSHIP_49b3458a6f620c36ca9b,CNINFO_ORG_9900000881,INDUSTRY_8c865bedc2ef9574d2e5,2026-08-10,,2026-08-16T13:48:42+00:00,BaoStock query_stock_industry,observation,medium
MEMBERSHIP_ac1a6c5b0b85afe707d0,CNINFO_ORG_9900000961,INDUSTRY_3875d79da62b4dff67e8,2026-08-10,,2026-08-16T13:48:42+00:00,BaoStock query_stock_industry,observation,medium
MEMBERSHIP_171c733a095fbd650155,CNINFO_ORG_9900001001,INDUSTRY_b90e93f47f56746b9938,2026-08-10,,2026-08-16T13:48:42+00:00,BaoStock query_stock_industry,observation,medium
MEMBERSHIP_62e7db200cf9824432ca,CNINFO_ORG_9900001101,INDUSTRY_f54ff34c4bdec689eff1,2026-08-10,,2026-08-16T13:48:42+00:00,BaoStock query_stock_industry,observation,medium
MEMBERSHIP_02cca6e3372a7f8a4ba1,CNINFO_ORG_9900001102,INDUSTRY_b90e93f47f56746b9938,2026-08-10,,2026-08-16T13:48:42+00:00,BaoStock query_stock_industry,observation,medium
MEMBERSHIP_95c4fc2a29a02d1845c2,CNINFO_ORG_9900001222,INDUSTRY_90d9ee5bdc1ee446fff0,2026-08-10,,2026-08-16T13:48:42+00:00,BaoStock query_stock_industry,observation,medium
MEMBERSHIP_69b4574acde3b45f9dd6,CNINFO_ORG_9900001223,INDUSTRY_ee7eb75e38ebcde947a9,2026-08-10,,2026-08-16T13:48:42+00:00,BaoStock query_stock_industry,observation,medium
MEMBERSHIP_6fa253abb6dfa9fba36b,CNINFO_ORG_9900001221,INDUSTRY_90d9ee5bdc1ee446fff0,2026-08-10,,2026-08-16T13:48:42+00:00,BaoStock query_stock_industry,observation,medium
MEMBERSHIP_d9befedddf1530cb9ff6,CNINFO_ORG_9900001282,INDUSTRY_7063d42ae24daea94a9c,2026-08-10,,2026-08-16T13:48:42+00:00,BaoStock query_stock_industry,observation,medium
MEMBERSHIP_a1adebaa7ff4f828ba11,CNINFO_ORG_9900001283,INDUSTRY_1395c3d9f1fe1a080e75,2026-08-10,,2026-08-16T13:48:42+00:00,BaoStock query_stock_industry,observation,medium
MEMBERSHIP_cb0dcaf5af1122a1d27d,CNINFO_ORG_9900001284,INDUSTRY_eb1bb5863556657a5ed0,2026-08-10,,2026-08-16T13:48:42+00:00,BaoStock query_stock_industry,observation,medium
MEMBERSHIP_4fca04d1c07814acf1de,CNINFO_ORG_9900001342,INDUSTRY_a971ce8c4913016d33d1,2026-08-10,,2026-08-16T13:48:42+00:00,BaoStock query_stock_industry,observation,medium
MEMBERSHIP_c73c427e6d97909b9da6,CNINFO_ORG_9900001343,INDUSTRY_be6d1ff74018fda3a9a4,2026-08-10,,2026-08-16T13:48:42+00:00,BaoStock query_stock_industry,observation,medium
MEMBERSHIP_1cbe0b23326fd42b6383,CNINFO_ORG_9900001341,INDUSTRY_e7fb954d2ab5bf5bc733,2026-08-10,,2026-08-16T13:48:42+00:00,BaoStock query_stock_industry,observation,medium
MEMBERSHIP_2ec27581e568ae65cc6b,CNINFO_ORG_9900001344,INDUSTRY_9ce480240011dacb27f8,2026-08-10,,2026-08-16T13:48:42+00:00,BaoStock query_stock_industry,observation,medium
MEMBERSHIP_bffa269ee7a124d29d8f,CNINFO_ORG_9900001422,INDUSTRY_7063d42ae24daea94a9c,2026-08-10,,2026-08-16T13:48:42+00:00,BaoStock query_stock_industry,observation,medium
MEMBERSHIP_0db7fb0c473f36922845,CNINFO_ORG_9900001461,INDUSTRY_b90e93f47f56746b9938,2026-08-10,,2026-08-16T13:48:42+00:00,BaoStock query_stock_industry,observation,medium
MEMBERSHIP_69c1381699440883666e,CNINFO_ORG_9900001462,INDUSTRY_8c865bedc2ef9574d2e5,2026-08-10,,2026-08-16T13:48:42+00:00,BaoStock query_stock_industry,observation,medium
MEMBERSHIP_e23456bef96ec36abf5d,CNINFO_ORG_9900001463,INDUSTRY_af522b5025b7206d78cb,2026-08-10,,2026-08-16T13:48:42+00:00,BaoStock query_stock_industry,observation,medium
MEMBERSHIP_9aefe482a14a8d81f675,CNINFO_ORG_9900001583,INDUSTRY_fcb657f75803ca816490,2026-08-10,,2026-08-16T13:48:42+00:00,BaoStock query_stock_industry,observation,medium
MEMBERSHIP_3717ec373a1a1ab90fcb,CNINFO_ORG_9900001581,INDUSTRY_af522b5025b7206d78cb,2026-08-10,,2026-08-16T13:48:42+00:00,BaoStock query_stock_industry,observation,medium
MEMBERSHIP_cea9c18fc2d954b1eb64,CNINFO_ORG_9900001582,INDUSTRY_9f7679f9ad900c7a65d2,2026-08-10,,2026-08-16T13:48:42+00:00,BaoStock query_stock_industry,observation,medium
MEMBERSHIP_bc1c8a1c473a02a1ca9b,CNINFO_ORG_9900001622,INDUSTRY_af522b5025b7206d78cb,2026-08-10,,2026-08-16T13:48:42+00:00,BaoStock query_stock_industry,observation,medium
MEMBERSHIP_52d7a09f5b776360368f,CNINFO_ORG_9900001621,INDUSTRY_3875d79da62b4dff67e8,2026-08-10,,2026-08-16T13:48:42+00:00,BaoStock query_stock_industry,observation,medium
MEMBERSHIP_c7209670d4111b3970da,CNINFO_ORG_9900001623,INDUSTRY_6dac68c9cedde793b110,2026-08-10,,2026-08-16T13:48:42+00:00,BaoStock query_stock_industry,observation,medium
MEMBERSHIP_ee9a5904e358e0a327b1,CNINFO_ORG_9900001661,INDUSTRY_eb1bb5863556657a5ed0,2026-08-10,,2026-08-16T13:48:42+00:00,BaoStock query_stock_industry,observation,medium
MEMBERSHIP_766eca202661a0de38f8,CNINFO_ORG_9900001641,INDUSTRY_06f2dd83830b4e6e7446,2026-08-10,,2026-08-16T13:48:42+00:00,BaoStock query_stock_industry,observation,medium
MEMBERSHIP_461cb20c1faefee66307,CNINFO_ORG_9900001761,INDUSTRY_e7fb954d2ab5bf5bc733,2026-08-10,,2026-08-16T13:48:42+00:00,BaoStock query_stock_industry,observation,medium
MEMBERSHIP_b49241b5bd5fe932bf1c,CNINFO_ORG_9900001762,INDUSTRY_eb1bb5863556657a5ed0,2026-08-10,,2026-08-16T13:48:42+00:00,BaoStock query_stock_industry,observation,medium
MEMBERSHIP_f9bca6efdf67f6ad8889,CNINFO_ORG_9900001821,INDUSTRY_4b6bcfe2a650f11508e5,2026-08-10,,2026-08-16T13:48:42+00:00,BaoStock query_stock_industry,observation,medium
MEMBERSHIP_1ef0d7ead9be4a7090c9,CNINFO_ORG_9900001841,INDUSTRY_90d9ee5bdc1ee446fff0,2026-08-10,,2026-08-16T13:48:42+00:00,BaoStock query_stock_industry,observation,medium
MEMBERSHIP_541b7cd725d8959b2e5e,CNINFO_ORG_9900001922,INDUSTRY_ad86b4a2a3856ba2d571,2026-08-10,,2026-08-16T13:48:42+00:00,BaoStock query_stock_industry,observation,medium
MEMBERSHIP_17ddd63404de5472031c,CNINFO_ORG_9900001921,INDUSTRY_90d9ee5bdc1ee446fff0,2026-08-10,,2026-08-16T13:48:42+00:00,BaoStock query_stock_industry,observation,medium
MEMBERSHIP_cfc2289e46f6e97296a0,CNINFO_ORG_9900002001,INDUSTRY_eb1bb5863556657a5ed0,2026-08-10,,2026-08-16T13:48:42+00:00,BaoStock query_stock_industry,observation,medium
MEMBERSHIP_f2ba43ba37643ec07bbe,CNINFO_ORG_9900002002,INDUSTRY_b62fae243f391f69617b,2026-08-10,,2026-08-16T13:48:42+00:00,BaoStock query_stock_industry,observation,medium
MEMBERSHIP_a492638ffd06e1c9d090,CNINFO_ORG_9900002009,INDUSTRY_af522b5025b7206d78cb,2026-08-10,,2026-08-16T13:48:42+00:00,BaoStock query_stock_industry,observation,medium
MEMBERSHIP_c6602653c8d406d06dd6,CNINFO_ORG_9900002010,INDUSTRY_f54ff34c4bdec689eff1,2026-08-10,,2026-08-16T13:48:42+00:00,BaoStock query_stock_industry,observation,medium
MEMBERSHIP_864b79bb9413369f3b0d,CNINFO_ORG_9900002021,INDUSTRY_3875d79da62b4dff67e8,2026-08-10,,2026-08-16T13:48:42+00:00,BaoStock query_stock_industry,observation,medium
MEMBERSHIP_a24e8b479f7354dc44ed,CNINFO_ORG_9900002121,INDUSTRY_b90e93f47f56746b9938,2026-08-10,,2026-08-16T13:48:42+00:00,BaoStock query_stock_industry,observation,medium
MEMBERSHIP_304dbdbe6568ed0f8af4,CNINFO_ORG_9900002161,INDUSTRY_fc163d1647ca522ec4cd,2026-08-10,,2026-08-16T13:48:42+00:00,BaoStock query_stock_industry,observation,medium
MEMBERSHIP_caff69a1f6881f0c7fc3,CNINFO_ORG_9900002162,INDUSTRY_91e10380fe1770769bdb,2026-08-10,,2026-08-16T13:48:42+00:00,BaoStock query_stock_industry,observation,medium
MEMBERSHIP_a30e39421c6b4ccb634b,CNINFO_ORG_9900002183,INDUSTRY_17cf2674a1f785e3272e,2026-08-10,,2026-08-16T13:48:42+00:00,BaoStock query_stock_industry,observation,medium
MEMBERSHIP_e6779fceeae7767c679a,CNINFO_ORG_9900002186,INDUSTRY_d4840241b65679c56046,2026-08-10,,2026-08-16T13:48:42+00:00,BaoStock query_stock_industry,observation,medium
MEMBERSHIP_5e8fdfb756fa7d45de85,CNINFO_ORG_9900002188,INDUSTRY_90d9ee5bdc1ee446fff0,2026-08-10,,2026-08-16T13:48:42+00:00,BaoStock query_stock_industry,observation,medium
MEMBERSHIP_b5a4b3eebc93dcf34f95,CNINFO_ORG_9900002261,INDUSTRY_75157574f5864bd79d04,2026-08-10,,2026-08-16T13:48:42+00:00,BaoStock query_stock_industry,observation,medium
MEMBERSHIP_0669ea349f22c023b6c4,CNINFO_ORG_9900002262,INDUSTRY_735889820fa0518be404,2026-08-10,,2026-08-16T13:48:42+00:00,BaoStock query_stock_industry,observation,medium
MEMBERSHIP_92b9acc226991d966864,CNINFO_ORG_9900002421,INDUSTRY_35fe091671cdb8d5f5e0,2026-08-10,,2026-08-16T13:48:42+00:00,BaoStock query_stock_industry,observation,medium
MEMBERSHIP_abd9da25150e7679e9cc,CNINFO_ORG_9900002422,INDUSTRY_fcb657f75803ca816490,2026-08-10,,2026-08-16T13:48:42+00:00,BaoStock query_stock_industry,observation,medium
MEMBERSHIP_52b465e10507ff6ecebf,CNINFO_ORG_9900002441,INDUSTRY_9b846d32ce44d8ac60c7,2026-08-10,,2026-08-16T13:48:42+00:00,BaoStock query_stock_industry,observation,medium
MEMBERSHIP_6609731da46e53ae05f6,CNINFO_ORG_9900002442,INDUSTRY_af522b5025b7206d78cb,2026-08-10,,2026-08-16T13:48:42+00:00,BaoStock query_stock_industry,observation,medium
MEMBERSHIP_0fe02363ae68053e9244,CNINFO_ORG_9900002661,INDUSTRY_e7fb954d2ab5bf5bc733,2026-08-10,,2026-08-16T13:48:42+00:00,BaoStock query_stock_industry,observation,medium
MEMBERSHIP_192e7a2212efa632df8c,CNINFO_ORG_9900002701,INDUSTRY_91e10380fe1770769bdb,2026-08-10,,2026-08-16T13:48:42+00:00,BaoStock query_stock_industry,observation,medium
MEMBERSHIP_0806df57368d15d7822b,CNINFO_ORG_9900002704,INDUSTRY_bd64f2d1a81c9866dda4,2026-08-10,,2026-08-16T13:48:42+00:00,BaoStock query_stock_industry,observation,medium
MEMBERSHIP_a836922ba114bcacf9cf,CNINFO_ORG_9900002703,INDUSTRY_b90e93f47f56746b9938,2026-08-10,,2026-08-16T13:48:42+00:00,BaoStock query_stock_industry,observation,medium
MEMBERSHIP_152f936a2e365eb57dd1,CNINFO_ORG_9900002702,INDUSTRY_90d9ee5bdc1ee446fff0,2026-08-10,,2026-08-16T13:48:42+00:00,BaoStock query_stock_industry,observation,medium
MEMBERSHIP_9abbeec5e33b304c1f89,CNINFO_ORG_9900002724,INDUSTRY_91e10380fe1770769bdb,2026-08-10,,2026-08-16T13:48:42+00:00,BaoStock query_stock_industry,observation,medium
MEMBERSHIP_506da05573108d188bd0,CNINFO_ORG_9900002723,INDUSTRY_be6d1ff74018fda3a9a4,2026-08-10,,2026-08-16T13:48:42+00:00,BaoStock query_stock_industry,observation,medium
MEMBERSHIP_80bb06f2176c039acb71,CNINFO_ORG_9900002761,INDUSTRY_465aebe5f53921515851,2026-08-10,,2026-08-16T13:48:42+00:00,BaoStock query_stock_industry,observation,medium
MEMBERSHIP_0af89a40d1d9b7a81897,CNINFO_ORG_9900002821,INDUSTRY_90d9ee5bdc1ee446fff0,2026-08-10,,2026-08-16T13:48:42+00:00,BaoStock query_stock_industry,observation,medium
MEMBERSHIP_7ea6bd84b15d8639732e,CNINFO_ORG_9900002861,INDUSTRY_be6d1ff74018fda3a9a4,2026-08-10,,2026-08-16T13:48:42+00:00,BaoStock query_stock_industry,observation,medium
MEMBERSHIP_dc7b302847b8d319e955,CNINFO_ORG_9900003061,INDUSTRY_af522b5025b7206d78cb,2026-08-10,,2026-08-16T13:48:42+00:00,BaoStock query_stock_industry,observation,medium
MEMBERSHIP_9f378b356395da28caf0,CNINFO_ORG_9900003141,INDUSTRY_b90e93f47f56746b9938,2026-08-10,,2026-08-16T13:48:42+00:00,BaoStock query_stock_industry,observation,medium
MEMBERSHIP_53da4c9e68d7094b7320,CNINFO_ORG_9900003163,INDUSTRY_90d9ee5bdc1ee446fff0,2026-08-10,,2026-08-16T13:48:42+00:00,BaoStock query_stock_industry,observation,medium
MEMBERSHIP_bd97c6e7176b40209c1a,CNINFO_ORG_9900003222,INDUSTRY_b90e93f47f56746b9938,2026-08-10,,2026-08-16T13:48:42+00:00,BaoStock query_stock_industry,observation,medium
MEMBERSHIP_40602ba61cec52c11a5b,CNINFO_ORG_9900003261,INDUSTRY_17cf2674a1f785e3272e,2026-08-10,,2026-08-16T13:48:42+00:00,BaoStock query_stock_industry,observation,medium
MEMBERSHIP_535f7c63104d853ce24e,CNINFO_ORG_9900003282,INDUSTRY_b90e93f47f56746b9938,2026-08-10,,2026-08-16T13:48:42+00:00,BaoStock query_stock_industry,observation,medium
MEMBERSHIP_ea69a4f305d207ce9bc1,CNINFO_ORG_9900003281,INDUSTRY_b5ff8607e606f7dd55ba,2026-08-10,,2026-08-16T13:48:42+00:00,BaoStock query_stock_industry,observation,medium
MEMBERSHIP_4c409f7f370288593f1c,CNINFO_ORG_9900003341,INDUSTRY_a971ce8c4913016d33d1,2026-08-10,,2026-08-16T13:48:42+00:00,BaoStock query_stock_industry,observation,medium
MEMBERSHIP_09ab2534f028c20604f1,CNINFO_ORG_9900003342,INDUSTRY_af522b5025b7206d78cb,2026-08-10,,2026-08-16T13:48:42+00:00,BaoStock query_stock_industry,observation,medium
MEMBERSHIP_0b0da9d796536b9056e1,CNINFO_ORG_9900003361,INDUSTRY_465aebe5f53921515851,2026-08-10,,2026-08-16T13:48:42+00:00,BaoStock query_stock_industry,observation,medium
MEMBERSHIP_1711a7d074657409e36d,CNINFO_ORG_9900003401,INDUSTRY_fcb657f75803ca816490,2026-08-10,,2026-08-16T13:48:42+00:00,BaoStock query_stock_industry,observation,medium
MEMBERSHIP_c93751dd3d171be8d65b,CNINFO_ORG_9900003403,INDUSTRY_fc163d1647ca522ec4cd,2026-08-10,,2026-08-16T13:48:42+00:00,BaoStock query_stock_industry,observation,medium
MEMBERSHIP_98538cb9805d33318f27,CNINFO_ORG_9900003402,INDUSTRY_b90e93f47f56746b9938,2026-08-10,,2026-08-16T13:48:42+00:00,BaoStock query_stock_industry,observation,medium
MEMBERSHIP_3aab0b003553eb9f646c,CNINFO_ORG_9900003421,INDUSTRY_90d9ee5bdc1ee446fff0,2026-08-10,,2026-08-16T13:48:42+00:00,BaoStock query_stock_industry,observation,medium
MEMBERSHIP_d4a7d797f06054297010,CNINFO_ORG_9900003423,INDUSTRY_90d9ee5bdc1ee446fff0,2026-08-10,,2026-08-16T13:48:42+00:00,BaoStock query_stock_industry,observation,medium
MEMBERSHIP_772ef2f26e3dafbed272,CNINFO_ORG_9900003424,INDUSTRY_fcb657f75803ca816490,2026-08-10,,2026-08-16T13:48:42+00:00,BaoStock query_stock_industry,observation,medium
MEMBERSHIP_cc7e71070930dc1ebd3b,CNINFO_ORG_9900003429,INDUSTRY_857cc70f4407799bbfbc,2026-08-10,,2026-08-16T13:48:42+00:00,BaoStock query_stock_industry,observation,medium
MEMBERSHIP_828e0964f531903c8774,CNINFO_ORG_9900003428,INDUSTRY_515421a19bebcbe891cf,2026-08-10,,2026-08-16T13:48:42+00:00,BaoStock query_stock_industry,observation,medium
MEMBERSHIP_090c6a7d0738c5077562,CNINFO_ORG_9900003427,INDUSTRY_90d9ee5bdc1ee446fff0,2026-08-10,,2026-08-16T13:48:42+00:00,BaoStock query_stock_industry,observation,medium
MEMBERSHIP_c1ab23916a4f364c50a7,CNINFO_ORG_9900003434,INDUSTRY_9b846d32ce44d8ac60c7,2026-08-10,,2026-08-16T13:48:42+00:00,BaoStock query_stock_industry,observation,medium
MEMBERSHIP_d945d09a33998db2cc54,CNINFO_ORG_9900003433,INDUSTRY_35fe091671cdb8d5f5e0,2026-08-10,,2026-08-16T13:48:42+00:00,BaoStock query_stock_industry,observation,medium
MEMBERSHIP_edb268f28160e82dcb62,CNINFO_ORG_9900003435,INDUSTRY_1233924bed568c1b168b,2026-08-10,,2026-08-16T13:48:42+00:00,BaoStock query_stock_industry,observation,medium
MEMBERSHIP_fa8571d671afac06412d,CNINFO_ORG_9900003441,INDUSTRY_fc163d1647ca522ec4cd,2026-08-10,,2026-08-16T13:48:42+00:00,BaoStock query_stock_industry,observation,medium
MEMBERSHIP_63328a603e8aa17992fd,CNINFO_ORG_9900003442,INDUSTRY_90d9ee5bdc1ee446fff0,2026-08-10,,2026-08-16T13:48:42+00:00,BaoStock query_stock_industry,observation,medium
MEMBERSHIP_a26cc7e1d61610de0349,CNINFO_ORG_9900003445,INDUSTRY_7063d42ae24daea94a9c,2026-08-10,,2026-08-16T13:48:42+00:00,BaoStock query_stock_industry,observation,medium
MEMBERSHIP_dd3775f1c2f3efe3dd41,CNINFO_ORG_9900003444,INDUSTRY_1395c3d9f1fe1a080e75,2026-08-10,,2026-08-16T13:48:42+00:00,BaoStock query_stock_industry,observation,medium
MEMBERSHIP_4f7da06727cfcab9360d,CNINFO_ORG_9900003443,INDUSTRY_35fe091671cdb8d5f5e0,2026-08-10,,2026-08-16T13:48:42+00:00,BaoStock query_stock_industry,observation,medium
MEMBERSHIP_b826405e09e364319a6c,CNINFO_ORG_9900003521,INDUSTRY_af522b5025b7206d78cb,2026-08-10,,2026-08-16T13:48:42+00:00,BaoStock query_stock_industry,observation,medium
MEMBERSHIP_b7a7e627baf10d3e0c51,CNINFO_ORG_9900003561,INDUSTRY_eb1bb5863556657a5ed0,2026-08-10,,2026-08-16T13:48:42+00:00,BaoStock query_stock_industry,observation,medium
MEMBERSHIP_5c8c7ebfde4f01094149,CNINFO_ORG_9900003562,INDUSTRY_fc163d1647ca522ec4cd,2026-08-10,,2026-08-16T13:48:42+00:00,BaoStock query_stock_industry,observation,medium
MEMBERSHIP_bdfe0c68e649d15b39dc,CNINFO_ORG_9900003601,INDUSTRY_b90e93f47f56746b9938,2026-08-10,,2026-08-16T13:48:42+00:00,BaoStock query_stock_industry,observation,medium
MEMBERSHIP_510904488603e44335b7,CNINFO_ORG_9900003602,INDUSTRY_b90e93f47f56746b9938,2026-08-10,,2026-08-16T13:48:42+00:00,BaoStock query_stock_industry,observation,medium
MEMBERSHIP_ea1e962a13dcd5304cc5,CNINFO_ORG_9900003603,INDUSTRY_af522b5025b7206d78cb,2026-08-10,,2026-08-16T13:48:42+00:00,BaoStock query_stock_industry,observation,medium
MEMBERSHIP_430082b8ed8c608efda4,CNINFO_ORG_9900003622,INDUSTRY_fc163d1647ca522ec4cd,2026-08-10,,2026-08-16T13:48:42+00:00,BaoStock query_stock_industry,observation,medium
MEMBERSHIP_ebd974223d97f97573be,CNINFO_ORG_9900003621,INDUSTRY_dfb3dd085310dba8a2e0,2026-08-10,,2026-08-16T13:48:42+00:00,BaoStock query_stock_industry,observation,medium
MEMBERSHIP_424209d870b83fe11109,CNINFO_ORG_9900003664,INDUSTRY_dfb3dd085310dba8a2e0,2026-08-10,,2026-08-16T13:48:42+00:00,BaoStock query_stock_industry,observation,medium
MEMBERSHIP_96889c85b9c60b3b6bc9,CNINFO_ORG_9900003663,INDUSTRY_9f7679f9ad900c7a65d2,2026-08-10,,2026-08-16T13:48:42+00:00,BaoStock query_stock_industry,observation,medium
MEMBERSHIP_346a22c551343ed02db2,CNINFO_ORG_9900003698,INDUSTRY_735889820fa0518be404,2026-08-10,,2026-08-16T13:48:42+00:00,BaoStock query_stock_industry,observation,medium
MEMBERSHIP_77c7057233c67026aa3d,CNINFO_ORG_9900003697,INDUSTRY_fc163d1647ca522ec4cd,2026-08-10,,2026-08-16T13:48:42+00:00,BaoStock query_stock_industry,observation,medium
MEMBERSHIP_80a6017203d4e19bdeff,CNINFO_ORG_9900003781,INDUSTRY_3875d79da62b4dff67e8,2026-08-10,,2026-08-16T13:48:42+00:00,BaoStock query_stock_industry,observation,medium
MEMBERSHIP_0a654a7f7c634c8b8711,CNINFO_ORG_9900003782,INDUSTRY_fcb657f75803ca816490,2026-08-10,,2026-08-16T13:48:42+00:00,BaoStock query_stock_industry,observation,medium
MEMBERSHIP_992926f10b8fdaf07e7a,CNINFO_ORG_9900003783,INDUSTRY_90d9ee5bdc1ee446fff0,2026-08-10,,2026-08-16T13:48:42+00:00,BaoStock query_stock_industry,observation,medium
MEMBERSHIP_d0c8154a3d3c5baf171c,CNINFO_ORG_9900003822,INDUSTRY_90d9ee5bdc1ee446fff0,2026-08-10,,2026-08-16T13:48:42+00:00,BaoStock query_stock_industry,observation,medium
MEMBERSHIP_2e07dacdbc2235369f8d,CNINFO_ORG_9900003823,INDUSTRY_91e10380fe1770769bdb,2026-08-10,,2026-08-16T13:48:42+00:00,BaoStock query_stock_industry,observation,medium
MEMBERSHIP_37564c10d8586ba4c3eb,CNINFO_ORG_9900003827,INDUSTRY_fc163d1647ca522ec4cd,2026-08-10,,2026-08-16T13:48:42+00:00,BaoStock query_stock_industry,observation,medium
MEMBERSHIP_b7a9c4023a65aba5bb4a,CNINFO_ORG_9900003828,INDUSTRY_91e10380fe1770769bdb,2026-08-10,,2026-08-16T13:48:42+00:00,BaoStock query_stock_industry,observation,medium
MEMBERSHIP_d6fd49b9931ad44d85e2,CNINFO_ORG_9900003861,INDUSTRY_b90e93f47f56746b9938,2026-08-10,,2026-08-16T13:48:42+00:00,BaoStock query_stock_industry,observation,medium
MEMBERSHIP_8dfc6ded51751a25555a,CNINFO_ORG_9900003862,INDUSTRY_90d9ee5bdc1ee446fff0,2026-08-10,,2026-08-16T13:48:42+00:00,BaoStock query_stock_industry,observation,medium
MEMBERSHIP_ca0ed6c818d4cd05f642,CNINFO_ORG_9900003863,INDUSTRY_fe99163509953259196a,2026-08-10,,2026-08-16T13:48:42+00:00,BaoStock query_stock_industry,observation,medium
MEMBERSHIP_3383af8a4aaccdb20526,CNINFO_ORG_9900003881,INDUSTRY_4fb51c32200208ed64a8,2026-08-10,,2026-08-16T13:48:42+00:00,BaoStock query_stock_industry,observation,medium
MEMBERSHIP_61f2aa9ccf744d8d90bd,CNINFO_ORG_9900003882,INDUSTRY_465aebe5f53921515851,2026-08-10,,2026-08-16T13:48:42+00:00,BaoStock query_stock_industry,observation,medium
MEMBERSHIP_c3e333c9be80820bebe3,CNINFO_ORG_9900003902,INDUSTRY_90d9ee5bdc1ee446fff0,2026-08-10,,2026-08-16T13:48:42+00:00,BaoStock query_stock_industry,observation,medium
MEMBERSHIP_6f90492c2d1d63c0a73a,CNINFO_ORG_9900003903,INDUSTRY_e7fb954d2ab5bf5bc733,2026-08-10,,2026-08-16T13:48:42+00:00,BaoStock query_stock_industry,observation,medium
MEMBERSHIP_e4ce27449a5a4d7f5b18,CNINFO_ORG_9900003910,INDUSTRY_d4840241b65679c56046,2026-08-10,,2026-08-16T13:48:42+00:00,BaoStock query_stock_industry,observation,medium
MEMBERSHIP_3003d18c2331824a6385,CNINFO_ORG_9900003921,INDUSTRY_515421a19bebcbe891cf,2026-08-10,,2026-08-16T13:48:42+00:00,BaoStock query_stock_industry,observation,medium
MEMBERSHIP_be3df7ece69612e3a661,CNINFO_ORG_9900003911,INDUSTRY_857cc70f4407799bbfbc,2026-08-10,,2026-08-16T13:48:42+00:00,BaoStock query_stock_industry,observation,medium
MEMBERSHIP_ccaa034d2b6d53717d5d,CNINFO_ORG_9900003908,INDUSTRY_90d9ee5bdc1ee446fff0,2026-08-10,,2026-08-16T13:48:42+00:00,BaoStock query_stock_industry,observation,medium
MEMBERSHIP_078af0a7833604ca0dd3,CNINFO_ORG_9900003909,INDUSTRY_9f7679f9ad900c7a65d2,2026-08-10,,2026-08-16T13:48:42+00:00,BaoStock query_stock_industry,observation,medium
MEMBERSHIP_8a4704a2d0cc7e77cc5f,CNINFO_ORG_9900003913,INDUSTRY_b90e93f47f56746b9938,2026-08-10,,2026-08-16T13:48:42+00:00,BaoStock query_stock_industry,observation,medium
MEMBERSHIP_55e490d64adbb63c4d41,CNINFO_ORG_9900003915,INDUSTRY_fcb657f75803ca816490,2026-08-10,,2026-08-16T13:48:42+00:00,BaoStock query_stock_industry,observation,medium
MEMBERSHIP_0ea79693fdbf23a5dbef,CNINFO_ORG_9900003905,INDUSTRY_eb1bb5863556657a5ed0,2026-08-10,,2026-08-16T13:48:42+00:00,BaoStock query_stock_industry,observation,medium
MEMBERSHIP_c7c0b3e13b7f3b8bf7de,CNINFO_ORG_9900003906,INDUSTRY_90d9ee5bdc1ee446fff0,2026-08-10,,2026-08-16T13:48:42+00:00,BaoStock query_stock_industry,observation,medium
MEMBERSHIP_c45c6b4a63625df24f99,CNINFO_ORG_9900003907,INDUSTRY_17cf2674a1f785e3272e,2026-08-10,,2026-08-16T13:48:42+00:00,BaoStock query_stock_industry,observation,medium
MEMBERSHIP_c51e2411ba649ed4df58,CNINFO_ORG_9900003944,INDUSTRY_7063d42ae24daea94a9c,2026-08-10,,2026-08-16T13:48:42+00:00,BaoStock query_stock_industry,observation,medium
MEMBERSHIP_34771598aa3a35c082df,CNINFO_ORG_9900003947,INDUSTRY_35fe091671cdb8d5f5e0,2026-08-10,,2026-08-16T13:48:42+00:00,BaoStock query_stock_industry,observation,medium
MEMBERSHIP_75ac64abf17bdda2743e,CNINFO_ORG_9900003945,INDUSTRY_fc163d1647ca522ec4cd,2026-08-10,,2026-08-16T13:48:42+00:00,BaoStock query_stock_industry,observation,medium
MEMBERSHIP_a881720c4d793509f58f,CNINFO_ORG_9900004001,INDUSTRY_35fe091671cdb8d5f5e0,2026-08-10,,2026-08-16T13:48:42+00:00,BaoStock query_stock_industry,observation,medium
MEMBERSHIP_7c5ac259248021750c5f,CNINFO_ORG_9900004002,INDUSTRY_7063d42ae24daea94a9c,2026-08-10,,2026-08-16T13:48:42+00:00,BaoStock query_stock_industry,observation,medium
MEMBERSHIP_3182be19b80356aa5f55,CNINFO_ORG_9900004023,INDUSTRY_c6634e4fb00885448aae,2026-08-10,,2026-08-16T13:48:42+00:00,BaoStock query_stock_industry,observation,medium
MEMBERSHIP_7f80cad27313e3a7b2e1,CNINFO_ORG_9900004022,INDUSTRY_93d93f4712457bea147b,2026-08-10,,2026-08-16T13:48:42+00:00,BaoStock query_stock_industry,observation,medium
MEMBERSHIP_ce95007fe729110a1633,CNINFO_ORG_9900003912,INDUSTRY_465aebe5f53921515851,2026-08-10,,2026-08-16T13:48:42+00:00,BaoStock query_stock_industry,observation,medium
MEMBERSHIP_0f524364226bec8b46f9,CNINFO_ORG_9900004041,INDUSTRY_3875d79da62b4dff67e8,2026-08-10,,2026-08-16T13:48:42+00:00,BaoStock query_stock_industry,observation,medium
MEMBERSHIP_ddc5119080e54f2ea632,CNINFO_ORG_9900004061,INDUSTRY_91e10380fe1770769bdb,2026-08-10,,2026-08-16T13:48:42+00:00,BaoStock query_stock_industry,observation,medium
MEMBERSHIP_319bbb4dedf0c007b67c,CNINFO_ORG_9900004082,INDUSTRY_af522b5025b7206d78cb,2026-08-10,,2026-08-16T13:48:42+00:00,BaoStock query_stock_industry,observation,medium
MEMBERSHIP_393b1a99a915b2f5d5e5,CNINFO_ORG_9900004142,INDUSTRY_fcb657f75803ca816490,2026-08-10,,2026-08-16T13:48:42+00:00,BaoStock query_stock_industry,observation,medium
MEMBERSHIP_9534dcd465b24d3aa137,CNINFO_ORG_9900004184,INDUSTRY_90d9ee5bdc1ee446fff0,2026-08-10,,2026-08-16T13:48:42+00:00,BaoStock query_stock_industry,observation,medium
MEMBERSHIP_a2a4462e165512baa040,CNINFO_ORG_9900004201,INDUSTRY_90d9ee5bdc1ee446fff0,2026-08-10,,2026-08-16T13:48:42+00:00,BaoStock query_stock_industry,observation,medium
MEMBERSHIP_51549ac1cd13ff0eb582,CNINFO_ORG_9900004141,INDUSTRY_af522b5025b7206d78cb,2026-08-10,,2026-08-16T13:48:42+00:00,BaoStock query_stock_industry,observation,medium
MEMBERSHIP_b4a47ff28b912a4926f6,CNINFO_ORG_9900004261,INDUSTRY_34765f16a5c28d382e0e,2026-08-10,,2026-08-16T13:48:42+00:00,BaoStock query_stock_industry,observation,medium
MEMBERSHIP_1ccaba874204cda92bb4,CNINFO_ORG_9900004262,INDUSTRY_90d9ee5bdc1ee446fff0,2026-08-10,,2026-08-16T13:48:42+00:00,BaoStock query_stock_industry,observation,medium
MEMBERSHIP_15f65b83759a70b6713d,CNINFO_ORG_9900004281,INDUSTRY_b90e93f47f56746b9938,2026-08-10,,2026-08-16T13:48:42+00:00,BaoStock query_stock_industry,observation,medium
MEMBERSHIP_231b2ee33a41f9a8e3ba,CNINFO_ORG_9900004301,INDUSTRY_dfb3dd085310dba8a2e0,2026-08-10,,2026-08-16T13:48:42+00:00,BaoStock query_stock_industry,observation,medium
MEMBERSHIP_835dba0e27ae764f1dcd,CNINFO_ORG_9900004342,INDUSTRY_8c865bedc2ef9574d2e5,2026-08-10,,2026-08-16T13:48:42+00:00,BaoStock query_stock_industry,observation,medium
MEMBERSHIP_9d9d7ad62b5253a15844,CNINFO_ORG_9900004361,INDUSTRY_90d9ee5bdc1ee446fff0,2026-08-10,,2026-08-16T13:48:42+00:00,BaoStock query_stock_industry,observation,medium
MEMBERSHIP_ff361dc4006e9ac07703,CNINFO_ORG_9900004462,INDUSTRY_3875d79da62b4dff67e8,2026-08-10,,2026-08-16T13:48:42+00:00,BaoStock query_stock_industry,observation,medium
MEMBERSHIP_3ce11ba65623548e1118,CNINFO_ORG_9900004521,INDUSTRY_b62fae243f391f69617b,2026-08-10,,2026-08-16T13:48:42+00:00,BaoStock query_stock_industry,observation,medium
MEMBERSHIP_917d558ec6fb84f1b2ba,CNINFO_ORG_9900004522,INDUSTRY_7063d42ae24daea94a9c,2026-08-10,,2026-08-16T13:48:42+00:00,BaoStock query_stock_industry,observation,medium
MEMBERSHIP_9475b62f60f3aff5ca8c,CNINFO_ORG_9900004543,INDUSTRY_af522b5025b7206d78cb,2026-08-10,,2026-08-16T13:48:42+00:00,BaoStock query_stock_industry,observation,medium
MEMBERSHIP_27a4490078716ac832cd,CNINFO_ORG_9900004544,INDUSTRY_b90e93f47f56746b9938,2026-08-10,,2026-08-16T13:48:42+00:00,BaoStock query_stock_industry,observation,medium
MEMBERSHIP_9350ca0cb54143c1a8d6,CNINFO_ORG_9900004545,INDUSTRY_ee7eb75e38ebcde947a9,2026-08-10,,2026-08-16T13:48:42+00:00,BaoStock query_stock_industry,observation,medium
MEMBERSHIP_33a7eda3ffa0dbb807d1,CNINFO_ORG_9900004546,INDUSTRY_d4840241b65679c56046,2026-08-10,,2026-08-16T13:48:42+00:00,BaoStock query_stock_industry,observation,medium
MEMBERSHIP_1aa46d23f6122f10a9ab,CNINFO_ORG_9900004565,INDUSTRY_fcb657f75803ca816490,2026-08-10,,2026-08-16T13:48:42+00:00,BaoStock query_stock_industry,observation,medium
MEMBERSHIP_72b9987c78be7b8f4a60,CNINFO_ORG_9900004567,INDUSTRY_fcb657f75803ca816490,2026-08-10,,2026-08-16T13:48:42+00:00,BaoStock query_stock_industry,observation,medium
MEMBERSHIP_ea8cd2ac70938ec42d31,CNINFO_ORG_9900004603,INDUSTRY_7063d42ae24daea94a9c,2026-08-10,,2026-08-16T13:48:42+00:00,BaoStock query_stock_industry,observation,medium
MEMBERSHIP_3935b23e744712e09578,CNINFO_ORG_9900004604,INDUSTRY_9b846d32ce44d8ac60c7,2026-08-10,,2026-08-16T13:48:42+00:00,BaoStock query_stock_industry,observation,medium
MEMBERSHIP_b269d83e67647e5b43ff,CNINFO_ORG_9900004605,INDUSTRY_ee7eb75e38ebcde947a9,2026-08-10,,2026-08-16T13:48:42+00:00,BaoStock query_stock_industry,observation,medium
MEMBERSHIP_864934c28ffa5f338415,CNINFO_ORG_9900004625,INDUSTRY_90d9ee5bdc1ee446fff0,2026-08-10,,2026-08-16T13:48:42+00:00,BaoStock query_stock_industry,observation,medium
MEMBERSHIP_1dc2f970ba0164a950b9,CNINFO_ORG_9900004624,INDUSTRY_fc163d1647ca522ec4cd,2026-08-10,,2026-08-16T13:48:42+00:00,BaoStock query_stock_industry,observation,medium
MEMBERSHIP_fcb137a99ca70c68416f,CNINFO_ORG_9900004647,INDUSTRY_a1191d63decae1d34c73,2026-08-10,,2026-08-16T13:48:42+00:00,BaoStock query_stock_industry,observation,medium
MEMBERSHIP_4597347570fc5e4748d3,CNINFO_ORG_9900004648,INDUSTRY_e7fb954d2ab5bf5bc733,2026-08-10,,2026-08-16T13:48:42+00:00,BaoStock query_stock_industry,observation,medium
MEMBERSHIP_1c770b8a4e7d03b105d2,CNINFO_ORG_9900004687,INDUSTRY_fc163d1647ca522ec4cd,2026-08-10,,2026-08-16T13:48:42+00:00,BaoStock query_stock_industry,observation,medium
MEMBERSHIP_83b0a40e549c9e88c350,CNINFO_ORG_9900004688,INDUSTRY_90d9ee5bdc1ee446fff0,2026-08-10,,2026-08-16T13:48:42+00:00,BaoStock query_stock_industry,observation,medium
MEMBERSHIP_4b299815984291f2d1dc,CNINFO_ORG_9900004732,INDUSTRY_b90e93f47f56746b9938,2026-08-10,,2026-08-16T13:48:42+00:00,BaoStock query_stock_industry,observation,medium
MEMBERSHIP_5c1ba693ad7f0d3194e4,CNINFO_ORG_9900004731,INDUSTRY_b62fae243f391f69617b,2026-08-10,,2026-08-16T13:48:42+00:00,BaoStock query_stock_industry,observation,medium
MEMBERSHIP_a74b9bde7be2aeed177e,CNINFO_ORG_9900004730,INDUSTRY_465aebe5f53921515851,2026-08-10,,2026-08-16T13:48:42+00:00,BaoStock query_stock_industry,observation,medium
MEMBERSHIP_fc033d7d2340b04b1562,CNINFO_ORG_9900004790,INDUSTRY_b90e93f47f56746b9938,2026-08-10,,2026-08-16T13:48:42+00:00,BaoStock query_stock_industry,observation,medium
MEMBERSHIP_431fa4a486c74870ad68,CNINFO_ORG_9900004810,INDUSTRY_af522b5025b7206d78cb,2026-08-10,,2026-08-16T13:48:42+00:00,BaoStock query_stock_industry,observation,medium
MEMBERSHIP_856ee298a0595cf763bb,CNINFO_ORG_9900004830,INDUSTRY_ee7eb75e38ebcde947a9,2026-08-10,,2026-08-16T13:48:42+00:00,BaoStock query_stock_industry,observation,medium
MEMBERSHIP_30eeaa9a4b9e49d9f036,CNINFO_ORG_9900004870,INDUSTRY_35fe091671cdb8d5f5e0,2026-08-10,,2026-08-16T13:48:42+00:00,BaoStock query_stock_industry,observation,medium
MEMBERSHIP_4225d66b91b64ca2f3d3,CNINFO_ORG_9900004896,INDUSTRY_b90e93f47f56746b9938,2026-08-10,,2026-08-16T13:48:42+00:00,BaoStock query_stock_industry,observation,medium
MEMBERSHIP_dcbf00c7a8a16115c74c,CNINFO_ORG_9900004895,INDUSTRY_af522b5025b7206d78cb,2026-08-10,,2026-08-16T13:48:42+00:00,BaoStock query_stock_industry,observation,medium
MEMBERSHIP_f165aee043f1fb1ed7e0,CNINFO_ORG_9900004894,INDUSTRY_4fb51c32200208ed64a8,2026-08-10,,2026-08-16T13:48:42+00:00,BaoStock query_stock_industry,observation,medium
MEMBERSHIP_97c096be15ec132d5b37,CNINFO_ORG_9900004910,INDUSTRY_eb1bb5863556657a5ed0,2026-08-10,,2026-08-16T13:48:42+00:00,BaoStock query_stock_industry,observation,medium
MEMBERSHIP_ccb87f924b0d6e8e0cb2,CNINFO_ORG_9900004911,INDUSTRY_fcb657f75803ca816490,2026-08-10,,2026-08-16T13:48:42+00:00,BaoStock query_stock_industry,observation,medium
MEMBERSHIP_f0d8abd2777e660ca377,CNINFO_ORG_9900004933,INDUSTRY_c6634e4fb00885448aae,2026-08-10,,2026-08-16T13:48:42+00:00,BaoStock query_stock_industry,observation,medium
MEMBERSHIP_d51a3471f7eaeeb86401,CNINFO_ORG_9900004932,INDUSTRY_35fe091671cdb8d5f5e0,2026-08-10,,2026-08-16T13:48:42+00:00,BaoStock query_stock_industry,observation,medium
MEMBERSHIP_f01b7e56515f1b42b20c,CNINFO_ORG_9900004931,INDUSTRY_f9da9c9738f21980b6d7,2026-08-10,,2026-08-16T13:48:42+00:00,BaoStock query_stock_industry,observation,medium
MEMBERSHIP_52ac967764beb188eb92,CNINFO_ORG_9900004975,INDUSTRY_af522b5025b7206d78cb,2026-08-10,,2026-08-16T13:48:42+00:00,BaoStock query_stock_industry,observation,medium
MEMBERSHIP_9caa26361b2fd1c1e7ca,CNINFO_ORG_9900004996,INDUSTRY_2b12590880b654376532,2026-08-10,,2026-08-16T13:48:42+00:00,BaoStock query_stock_industry,observation,medium
MEMBERSHIP_06f7872d771bcba8a27e,CNINFO_ORG_9900005034,INDUSTRY_fcb657f75803ca816490,2026-08-10,,2026-08-16T13:48:42+00:00,BaoStock query_stock_industry,observation,medium
MEMBERSHIP_780a6a0b948cb6f301c6,CNINFO_ORG_9900005035,INDUSTRY_eb1bb5863556657a5ed0,2026-08-10,,2026-08-16T13:48:42+00:00,BaoStock query_stock_industry,observation,medium
MEMBERSHIP_e53a08a00b71b0975fc0,CNINFO_ORG_9900005061,INDUSTRY_b62fae243f391f69617b,2026-08-10,,2026-08-16T13:48:42+00:00,BaoStock query_stock_industry,observation,medium
MEMBERSHIP_fd3efe602338c36159d2,CNINFO_ORG_9900005062,INDUSTRY_9f7679f9ad900c7a65d2,2026-08-10,,2026-08-16T13:48:42+00:00,BaoStock query_stock_industry,observation,medium
MEMBERSHIP_3bdcee0a09741a448f60,CNINFO_ORG_9900005074,INDUSTRY_e7fb954d2ab5bf5bc733,2026-08-10,,2026-08-16T13:48:42+00:00,BaoStock query_stock_industry,observation,medium
MEMBERSHIP_6de1170099f8155a3d36,CNINFO_ORG_9900005075,INDUSTRY_ee9bbaf36a819df8934d,2026-08-10,,2026-08-16T13:48:42+00:00,BaoStock query_stock_industry,observation,medium
MEMBERSHIP_b6961ae85a270f33b390,CNINFO_ORG_9900005096,INDUSTRY_2b12590880b654376532,2026-08-10,,2026-08-16T13:48:42+00:00,BaoStock query_stock_industry,observation,medium
MEMBERSHIP_670345345349855e80ec,CNINFO_ORG_9900005097,INDUSTRY_fcb657f75803ca816490,2026-08-10,,2026-08-16T13:48:42+00:00,BaoStock query_stock_industry,observation,medium
MEMBERSHIP_803ef153cbb1e54cff0f,CNINFO_ORG_9900005143,INDUSTRY_857cc70f4407799bbfbc,2026-08-10,,2026-08-16T13:48:42+00:00,BaoStock query_stock_industry,observation,medium
MEMBERSHIP_94cf5618bbd7a55a6cbe,CNINFO_ORG_9900005198,INDUSTRY_b90e93f47f56746b9938,2026-08-10,,2026-08-16T13:48:42+00:00,BaoStock query_stock_industry,observation,medium
MEMBERSHIP_8dbbe9441bbeeb0fedf4,CNINFO_ORG_9900005238,INDUSTRY_7063d42ae24daea94a9c,2026-08-10,,2026-08-16T13:48:42+00:00,BaoStock query_stock_industry,observation,medium
MEMBERSHIP_e6e88e578b854443f6d2,CNINFO_ORG_9900005281,INDUSTRY_35fe091671cdb8d5f5e0,2026-08-10,,2026-08-16T13:48:42+00:00,BaoStock query_stock_industry,observation,medium
MEMBERSHIP_d685614e2cbd86ea1c26,CNINFO_ORG_9900005282,INDUSTRY_90d9ee5bdc1ee446fff0,2026-08-10,,2026-08-16T13:48:42+00:00,BaoStock query_stock_industry,observation,medium
MEMBERSHIP_19ef1855b27996e59240,CNINFO_ORG_9900005320,INDUSTRY_af522b5025b7206d78cb,2026-08-10,,2026-08-16T13:48:42+00:00,BaoStock query_stock_industry,observation,medium
MEMBERSHIP_c85597ae354200b3eec6,CNINFO_ORG_9900007027,INDUSTRY_eb1bb5863556657a5ed0,2026-08-10,,2026-08-16T13:48:42+00:00,BaoStock query_stock_industry,observation,medium
MEMBERSHIP_7cfa2834816b553a8f84,CNINFO_ORG_9900007107,INDUSTRY_b90e93f47f56746b9938,2026-08-10,,2026-08-16T13:48:42+00:00,BaoStock query_stock_industry,observation,medium
MEMBERSHIP_e34bdc43c845e7136755,CNINFO_ORG_9900007247,INDUSTRY_4fb51c32200208ed64a8,2026-08-10,,2026-08-16T13:48:42+00:00,BaoStock query_stock_industry,observation,medium
MEMBERSHIP_d2b2c00b1f2abb7fbca9,CNINFO_ORG_9900007787,INDUSTRY_3875d79da62b4dff67e8,2026-08-10,,2026-08-16T13:48:42+00:00,BaoStock query_stock_industry,observation,medium
MEMBERSHIP_9ef98ca660bda5f1017d,CNINFO_ORG_9900000821,INDUSTRY_fcb657f75803ca816490,2026-08-10,,2026-08-16T13:48:42+00:00,BaoStock query_stock_industry,observation,medium
MEMBERSHIP_446d189c0e2cdc8ed137,CNINFO_ORG_9900007888,INDUSTRY_90d9ee5bdc1ee446fff0,2026-08-10,,2026-08-16T13:48:42+00:00,BaoStock query_stock_industry,observation,medium
MEMBERSHIP_173891e11bdb10d40ee1,CNINFO_ORG_9900007908,INDUSTRY_7063d42ae24daea94a9c,2026-08-10,,2026-08-16T13:48:42+00:00,BaoStock query_stock_industry,observation,medium
MEMBERSHIP_7ea6bd3c66ca9a11d8e0,CNINFO_ORG_9900007907,INDUSTRY_e7fb954d2ab5bf5bc733,2026-08-10,,2026-08-16T13:48:42+00:00,BaoStock query_stock_industry,observation,medium
MEMBERSHIP_fea886e97d988bd9a03e,CNINFO_ORG_9900007913,INDUSTRY_e7fb954d2ab5bf5bc733,2026-08-10,,2026-08-16T13:48:42+00:00,BaoStock query_stock_industry,observation,medium
MEMBERSHIP_d73da9ff806c4541c9c9,CNINFO_ORG_9900007914,INDUSTRY_465aebe5f53921515851,2026-08-10,,2026-08-16T13:48:42+00:00,BaoStock query_stock_industry,observation,medium
MEMBERSHIP_c23045b9d3c8be58a1d2,CNINFO_ORG_9900007927,INDUSTRY_06f2dd83830b4e6e7446,2026-08-10,,2026-08-16T13:48:42+00:00,BaoStock query_stock_industry,observation,medium
MEMBERSHIP_c2c6bdd3112730d1508e,CNINFO_ORG_9900007928,INDUSTRY_eb1bb5863556657a5ed0,2026-08-10,,2026-08-16T13:48:42+00:00,BaoStock query_stock_industry,observation,medium
MEMBERSHIP_15e815c1115473f470d7,CNINFO_ORG_9900007948,INDUSTRY_90d9ee5bdc1ee446fff0,2026-08-10,,2026-08-16T13:48:42+00:00,BaoStock query_stock_industry,observation,medium
MEMBERSHIP_3f6640a6e84dcf0bc054,CNINFO_ORG_9900007968,INDUSTRY_b90e93f47f56746b9938,2026-08-10,,2026-08-16T13:48:42+00:00,BaoStock query_stock_industry,observation,medium
MEMBERSHIP_dc6e4e02935bccbb5dc8,CNINFO_ORG_9900007969,INDUSTRY_9f7679f9ad900c7a65d2,2026-08-10,,2026-08-16T13:48:42+00:00,BaoStock query_stock_industry,observation,medium
MEMBERSHIP_20d5096d17ec4838d350,CNINFO_ORG_9900007988,INDUSTRY_4b6bcfe2a650f11508e5,2026-08-10,,2026-08-16T13:48:42+00:00,BaoStock query_stock_industry,observation,medium
MEMBERSHIP_bbd95f20b876d41c1a50,CNINFO_ORG_9900008009,INDUSTRY_a971ce8c4913016d33d1,2026-08-10,,2026-08-16T13:48:42+00:00,BaoStock query_stock_industry,observation,medium
MEMBERSHIP_360e3d3c234a3d4c6808,CNINFO_ORG_9900008010,INDUSTRY_eb1bb5863556657a5ed0,2026-08-10,,2026-08-16T13:48:42+00:00,BaoStock query_stock_industry,observation,medium
MEMBERSHIP_d5180a5043b160ba4cf1,CNINFO_ORG_9900008168,INDUSTRY_fc163d1647ca522ec4cd,2026-08-10,,2026-08-16T13:48:42+00:00,BaoStock query_stock_industry,observation,medium
MEMBERSHIP_626320af3004e6028377,CNINFO_ORG_9900008169,INDUSTRY_b90e93f47f56746b9938,2026-08-10,,2026-08-16T13:48:42+00:00,BaoStock query_stock_industry,observation,medium
MEMBERSHIP_cf9e21b44f30053fe275,CNINFO_ORG_9900008207,INDUSTRY_be6d1ff74018fda3a9a4,2026-08-10,,2026-08-16T13:48:42+00:00,BaoStock query_stock_industry,observation,medium
MEMBERSHIP_81e56e26a303cb18c495,CNINFO_ORG_9900008208,INDUSTRY_b90e93f47f56746b9938,2026-08-10,,2026-08-16T13:48:42+00:00,BaoStock query_stock_industry,observation,medium
MEMBERSHIP_614efea805159e57d9c0,CNINFO_ORG_9900008409,INDUSTRY_06f2dd83830b4e6e7446,2026-08-10,,2026-08-16T13:48:42+00:00,BaoStock query_stock_industry,observation,medium
MEMBERSHIP_6b3dc56ac4a1c41b0fc0,CNINFO_ORG_9900008410,INDUSTRY_b90e93f47f56746b9938,2026-08-10,,2026-08-16T13:48:42+00:00,BaoStock query_stock_industry,observation,medium
MEMBERSHIP_10523359a4ff7daec973,CNINFO_ORG_9900008467,INDUSTRY_4b6bcfe2a650f11508e5,2026-08-10,,2026-08-16T13:48:42+00:00,BaoStock query_stock_industry,observation,medium
MEMBERSHIP_088db36e25eba01f0b64,CNINFO_ORG_9900008615,INDUSTRY_7063d42ae24daea94a9c,2026-08-10,,2026-08-16T13:48:42+00:00,BaoStock query_stock_industry,observation,medium
MEMBERSHIP_8367f3b0cf07033140e7,CNINFO_ORG_9900008616,INDUSTRY_ee7eb75e38ebcde947a9,2026-08-10,,2026-08-16T13:48:42+00:00,BaoStock query_stock_industry,observation,medium
MEMBERSHIP_258c813809b5fac9f224,CNINFO_ORG_9900008689,INDUSTRY_c8598f31bb2607e3007b,2026-08-10,,2026-08-16T13:48:42+00:00,BaoStock query_stock_industry,observation,medium
MEMBERSHIP_99cef93dd41ca4f7723f,CNINFO_ORG_9900008690,INDUSTRY_465aebe5f53921515851,2026-08-10,,2026-08-16T13:48:42+00:00,BaoStock query_stock_industry,observation,medium
MEMBERSHIP_265053763a44f16827cf,CNINFO_ORG_9900008769,INDUSTRY_fe99163509953259196a,2026-08-10,,2026-08-16T13:48:42+00:00,BaoStock query_stock_industry,observation,medium
MEMBERSHIP_48ee383e7709f53290b6,CNINFO_ORG_9900008770,INDUSTRY_17cf2674a1f785e3272e,2026-08-10,,2026-08-16T13:48:42+00:00,BaoStock query_stock_industry,observation,medium
MEMBERSHIP_ac8043b5b2bf885b5b8a,CNINFO_ORG_9900008969,INDUSTRY_b90e93f47f56746b9938,2026-08-10,,2026-08-16T13:48:42+00:00,BaoStock query_stock_industry,observation,medium
MEMBERSHIP_b84be701c3f3f2d23743,CNINFO_ORG_9900009031,INDUSTRY_f9da9c9738f21980b6d7,2026-08-10,,2026-08-16T13:48:42+00:00,BaoStock query_stock_industry,observation,medium
MEMBERSHIP_a8beb7a61b90e813a648,CNINFO_ORG_9900009032,INDUSTRY_06f2dd83830b4e6e7446,2026-08-10,,2026-08-16T13:48:42+00:00,BaoStock query_stock_industry,observation,medium
MEMBERSHIP_b6f93f2e45c287a23cf5,CNINFO_ORG_9900009110,INDUSTRY_af522b5025b7206d78cb,2026-08-10,,2026-08-16T13:48:42+00:00,BaoStock query_stock_industry,observation,medium
MEMBERSHIP_5f967336fa38eb0989db,CNINFO_ORG_9900009111,INDUSTRY_90d9ee5bdc1ee446fff0,2026-08-10,,2026-08-16T13:48:42+00:00,BaoStock query_stock_industry,observation,medium
MEMBERSHIP_963348348cbf8eb52f35,CNINFO_ORG_9900009112,INDUSTRY_465aebe5f53921515851,2026-08-10,,2026-08-16T13:48:42+00:00,BaoStock query_stock_industry,observation,medium
MEMBERSHIP_628fa1f14cfe04a1e8cc,CNINFO_ORG_9900009170,INDUSTRY_9f7679f9ad900c7a65d2,2026-08-10,,2026-08-16T13:48:42+00:00,BaoStock query_stock_industry,observation,medium
MEMBERSHIP_c9fa3ce5e36d3c976603,CNINFO_ORG_9900009171,INDUSTRY_fcb657f75803ca816490,2026-08-10,,2026-08-16T13:48:42+00:00,BaoStock query_stock_industry,observation,medium
MEMBERSHIP_f5f56ac694cfdd5856f2,CNINFO_ORG_9900009189,INDUSTRY_eb1bb5863556657a5ed0,2026-08-10,,2026-08-16T13:48:42+00:00,BaoStock query_stock_industry,observation,medium
MEMBERSHIP_2deef5ed78d8f71314b4,CNINFO_ORG_9900009190,INDUSTRY_be6d1ff74018fda3a9a4,2026-08-10,,2026-08-16T13:48:42+00:00,BaoStock query_stock_industry,observation,medium
MEMBERSHIP_e8ce8dc6fea583bcfd97,CNINFO_ORG_9900009191,INDUSTRY_af522b5025b7206d78cb,2026-08-10,,2026-08-16T13:48:42+00:00,BaoStock query_stock_industry,observation,medium
MEMBERSHIP_25064df32bda281e5be2,CNINFO_ORG_9900009333,INDUSTRY_3553a2b402e33a129417,2026-08-10,,2026-08-16T13:48:42+00:00,BaoStock query_stock_industry,observation,medium
MEMBERSHIP_682744af2924fc05515e,CNINFO_ORG_9900009334,INDUSTRY_9b846d32ce44d8ac60c7,2026-08-10,,2026-08-16T13:48:42+00:00,BaoStock query_stock_industry,observation,medium
MEMBERSHIP_12fbe48d4a8aefb4652e,CNINFO_ORG_9900009448,INDUSTRY_fcb657f75803ca816490,2026-08-10,,2026-08-16T13:48:42+00:00,BaoStock query_stock_industry,observation,medium
MEMBERSHIP_4cb07c67ff90bb41d661,CNINFO_ORG_9900009449,INDUSTRY_1395c3d9f1fe1a080e75,2026-08-10,,2026-08-16T13:48:42+00:00,BaoStock query_stock_industry,observation,medium
MEMBERSHIP_c7eaf016e790b32afb8d,CNINFO_ORG_9900009450,INDUSTRY_b62fae243f391f69617b,2026-08-10,,2026-08-16T13:48:42+00:00,BaoStock query_stock_industry,observation,medium
MEMBERSHIP_0b43841f6a922d71141c,CNINFO_ORG_9900009510,INDUSTRY_af522b5025b7206d78cb,2026-08-10,,2026-08-16T13:48:42+00:00,BaoStock query_stock_industry,observation,medium
MEMBERSHIP_ee608f395f3a6d2567e4,CNINFO_ORG_9900009727,INDUSTRY_a971ce8c4913016d33d1,2026-08-10,,2026-08-16T13:48:42+00:00,BaoStock query_stock_industry,observation,medium
MEMBERSHIP_c3ee0a94d5cb2cc989f2,CNINFO_ORG_9900009728,INDUSTRY_e7fb954d2ab5bf5bc733,2026-08-10,,2026-08-16T13:48:42+00:00,BaoStock query_stock_industry,observation,medium
MEMBERSHIP_da32844ce60920df01dd,CNINFO_ORG_9900009827,INDUSTRY_34765f16a5c28d382e0e,2026-08-10,,2026-08-16T13:48:42+00:00,BaoStock query_stock_industry,observation,medium
MEMBERSHIP_95d3761a315da927769c,CNINFO_ORG_9900009828,INDUSTRY_06f2dd83830b4e6e7446,2026-08-10,,2026-08-16T13:48:42+00:00,BaoStock query_stock_industry,observation,medium
MEMBERSHIP_5cd03710ffeeacaf0d9d,CNINFO_ORG_9900009829,INDUSTRY_fcb657f75803ca816490,2026-08-10,,2026-08-16T13:48:42+00:00,BaoStock query_stock_industry,observation,medium
MEMBERSHIP_61a38e828df25affd787,CNINFO_ORG_9900009947,INDUSTRY_eb1bb5863556657a5ed0,2026-08-10,,2026-08-16T13:48:42+00:00,BaoStock query_stock_industry,observation,medium
MEMBERSHIP_93eb711b31eb242ceb96,CNINFO_ORG_9900009948,INDUSTRY_fc163d1647ca522ec4cd,2026-08-10,,2026-08-16T13:48:42+00:00,BaoStock query_stock_industry,observation,medium
MEMBERSHIP_f1e041d22dffee9f3dbd,CNINFO_ORG_9900010031,INDUSTRY_b90e93f47f56746b9938,2026-08-10,,2026-08-16T13:48:42+00:00,BaoStock query_stock_industry,observation,medium
MEMBERSHIP_6a5d0417cd3d61776136,CNINFO_ORG_9900010032,INDUSTRY_b90e93f47f56746b9938,2026-08-10,,2026-08-16T13:48:42+00:00,BaoStock query_stock_industry,observation,medium
MEMBERSHIP_fc6086524243883bc718,CNINFO_ORG_9900010087,INDUSTRY_3875d79da62b4dff67e8,2026-08-10,,2026-08-16T13:48:42+00:00,BaoStock query_stock_industry,observation,medium
MEMBERSHIP_bba0d383379735244276,CNINFO_ORG_9900010088,INDUSTRY_735889820fa0518be404,2026-08-10,,2026-08-16T13:48:42+00:00,BaoStock query_stock_industry,observation,medium
MEMBERSHIP_421637ca508f6352e9e9,CNINFO_ORG_9900010251,INDUSTRY_b90e93f47f56746b9938,2026-08-10,,2026-08-16T13:48:42+00:00,BaoStock query_stock_industry,observation,medium
MEMBERSHIP_88b8564722ca13ef92bb,CNINFO_ORG_9900010252,INDUSTRY_2c3b8b7969b736730fe1,2026-08-10,,2026-08-16T13:48:42+00:00,BaoStock query_stock_industry,observation,medium
MEMBERSHIP_7459af80d91b3acb72bc,CNINFO_ORG_9900010327,INDUSTRY_be6d1ff74018fda3a9a4,2026-08-10,,2026-08-16T13:48:42+00:00,BaoStock query_stock_industry,observation,medium
MEMBERSHIP_5af86e59a746352bc282,CNINFO_ORG_9900010328,INDUSTRY_a3b7ae0c6bfa4b2b7bfb,2026-08-10,,2026-08-16T13:48:42+00:00,BaoStock query_stock_industry,observation,medium
MEMBERSHIP_3e18ebb4e9f3b1549f0b,CNINFO_ORG_9900010329,INDUSTRY_91e10380fe1770769bdb,2026-08-10,,2026-08-16T13:48:42+00:00,BaoStock query_stock_industry,observation,medium
MEMBERSHIP_962789367fed10d16c0c,CNINFO_ORG_9900010347,INDUSTRY_4b6bcfe2a650f11508e5,2026-08-10,,2026-08-16T13:48:42+00:00,BaoStock query_stock_industry,observation,medium
MEMBERSHIP_a587daf8c25b8a0dda7c,CNINFO_ORG_9900010348,INDUSTRY_b90e93f47f56746b9938,2026-08-10,,2026-08-16T13:48:42+00:00,BaoStock query_stock_industry,observation,medium
MEMBERSHIP_5da18fdc5bbf1ffe08e9,CNINFO_ORG_9900010349,INDUSTRY_35fe091671cdb8d5f5e0,2026-08-10,,2026-08-16T13:48:42+00:00,BaoStock query_stock_industry,observation,medium
MEMBERSHIP_8915d57baa5c6477f319,CNINFO_ORG_9900010387,INDUSTRY_4b6bcfe2a650f11508e5,2026-08-10,,2026-08-16T13:48:42+00:00,BaoStock query_stock_industry,observation,medium
MEMBERSHIP_b70a9a94690044f26ad7,CNINFO_ORG_9900010389,INDUSTRY_eb1bb5863556657a5ed0,2026-08-10,,2026-08-16T13:48:42+00:00,BaoStock query_stock_industry,observation,medium
MEMBERSHIP_304ea74f60b8ec743f0e,CNINFO_ORG_9900010388,INDUSTRY_b90e93f47f56746b9938,2026-08-10,,2026-08-16T13:48:42+00:00,BaoStock query_stock_industry,observation,medium
MEMBERSHIP_ad961cab5377ff244f0e,CNINFO_ORG_9900010447,INDUSTRY_90d9ee5bdc1ee446fff0,2026-08-10,,2026-08-16T13:48:42+00:00,BaoStock query_stock_industry,observation,medium
MEMBERSHIP_c343cd9fe75ed6ba9b93,CNINFO_ORG_9900010448,INDUSTRY_75157574f5864bd79d04,2026-08-10,,2026-08-16T13:48:42+00:00,BaoStock query_stock_industry,observation,medium
MEMBERSHIP_d9623617313346c56652,CNINFO_ORG_9900010449,INDUSTRY_3875d79da62b4dff67e8,2026-08-10,,2026-08-16T13:48:42+00:00,BaoStock query_stock_industry,observation,medium
MEMBERSHIP_9f0185a294a206f4d1d6,CNINFO_ORG_9900010489,INDUSTRY_9f7679f9ad900c7a65d2,2026-08-10,,2026-08-16T13:48:42+00:00,BaoStock query_stock_industry,observation,medium
MEMBERSHIP_c3f6b24cf6e5c33f6ebe,CNINFO_ORG_9900010490,INDUSTRY_e7fb954d2ab5bf5bc733,2026-08-10,,2026-08-16T13:48:42+00:00,BaoStock query_stock_industry,observation,medium
MEMBERSHIP_c5b37c10925aee643ef8,CNINFO_ORG_9900010491,INDUSTRY_4fb51c32200208ed64a8,2026-08-10,,2026-08-16T13:48:42+00:00,BaoStock query_stock_industry,observation,medium
MEMBERSHIP_ab0b194cd82183b368cd,CNINFO_ORG_9900010527,INDUSTRY_78ad5e2bbce7305748bd,2026-08-10,,2026-08-16T13:48:42+00:00,BaoStock query_stock_industry,observation,medium
MEMBERSHIP_7ec5ccd9c52a84b501b1,CNINFO_ORG_9900010528,INDUSTRY_b90e93f47f56746b9938,2026-08-10,,2026-08-16T13:48:42+00:00,BaoStock query_stock_industry,observation,medium
MEMBERSHIP_296f3b3e3c277174a80b,CNINFO_ORG_9900010767,INDUSTRY_af522b5025b7206d78cb,2026-08-10,,2026-08-16T13:48:42+00:00,BaoStock query_stock_industry,observation,medium
MEMBERSHIP_c63c02840e2e4b92c1ed,CNINFO_ORG_9900010768,INDUSTRY_af522b5025b7206d78cb,2026-08-10,,2026-08-16T13:48:42+00:00,BaoStock query_stock_industry,observation,medium
MEMBERSHIP_39e4bfd1818437ac6ce9,CNINFO_ORG_9900010769,INDUSTRY_90d9ee5bdc1ee446fff0,2026-08-10,,2026-08-16T13:48:42+00:00,BaoStock query_stock_industry,observation,medium
MEMBERSHIP_68160923e952e86a9817,CNINFO_ORG_9900010847,INDUSTRY_e7fb954d2ab5bf5bc733,2026-08-10,,2026-08-16T13:48:42+00:00,BaoStock query_stock_industry,observation,medium
MEMBERSHIP_2752b11b617a6a630b8c,CNINFO_ORG_9900010848,INDUSTRY_b90e93f47f56746b9938,2026-08-10,,2026-08-16T13:48:42+00:00,BaoStock query_stock_industry,observation,medium
MEMBERSHIP_52f96ffae3209f62f8d8,CNINFO_ORG_9900010849,INDUSTRY_eb1bb5863556657a5ed0,2026-08-10,,2026-08-16T13:48:42+00:00,BaoStock query_stock_industry,observation,medium
MEMBERSHIP_15fd84466c9259f8c3e4,CNINFO_ORG_9900010927,INDUSTRY_3875d79da62b4dff67e8,2026-08-10,,2026-08-16T13:48:42+00:00,BaoStock query_stock_industry,observation,medium
MEMBERSHIP_3046a993fcaea42a85ce,CNINFO_ORG_9900010928,INDUSTRY_35fe091671cdb8d5f5e0,2026-08-10,,2026-08-16T13:48:42+00:00,BaoStock query_stock_industry,observation,medium
MEMBERSHIP_a816502a0eaadc997093,CNINFO_ORG_9900010929,INDUSTRY_fcb657f75803ca816490,2026-08-10,,2026-08-16T13:48:42+00:00,BaoStock query_stock_industry,observation,medium
MEMBERSHIP_270955656c7af069d66f,CNINFO_ORG_9900011030,INDUSTRY_90d9ee5bdc1ee446fff0,2026-08-10,,2026-08-16T13:48:42+00:00,BaoStock query_stock_industry,observation,medium
MEMBERSHIP_298683f5b021633318f1,CNINFO_ORG_9900011032,INDUSTRY_eb1bb5863556657a5ed0,2026-08-10,,2026-08-16T13:48:42+00:00,BaoStock query_stock_industry,observation,medium
MEMBERSHIP_9117e71218ff78cc600f,CNINFO_ORG_9900006137,INDUSTRY_3875d79da62b4dff67e8,2026-08-10,,2026-08-16T13:48:42+00:00,BaoStock query_stock_industry,observation,medium
MEMBERSHIP_8a6218a0da2c9f229f6a,CNINFO_ORG_9900011087,INDUSTRY_b62fae243f391f69617b,2026-08-10,,2026-08-16T13:48:42+00:00,BaoStock query_stock_industry,observation,medium
MEMBERSHIP_42ccb896a2c70063727d,CNINFO_ORG_9900011088,INDUSTRY_fcb657f75803ca816490,2026-08-10,,2026-08-16T13:48:42+00:00,BaoStock query_stock_industry,observation,medium
MEMBERSHIP_2b8e1d2ee09fa4d048ff,CNINFO_ORG_9900011089,INDUSTRY_be6d1ff74018fda3a9a4,2026-08-10,,2026-08-16T13:48:42+00:00,BaoStock query_stock_industry,observation,medium
MEMBERSHIP_8d41e5152ecc2e3613b7,CNINFO_ORG_9900011247,INDUSTRY_1395c3d9f1fe1a080e75,2026-08-10,,2026-08-16T13:48:42+00:00,BaoStock query_stock_industry,observation,medium
MEMBERSHIP_76915b51b3eec04f035a,CNINFO_ORG_9900011249,INDUSTRY_90d9ee5bdc1ee446fff0,2026-08-10,,2026-08-16T13:48:42+00:00,BaoStock query_stock_industry,observation,medium
MEMBERSHIP_9bc80007f5ba0b962f4b,CNINFO_ORG_9900011248,INDUSTRY_cfd4139bf05e5a91c076,2026-08-10,,2026-08-16T13:48:42+00:00,BaoStock query_stock_industry,observation,medium
MEMBERSHIP_cc93fe645c2e44e56a6c,CNINFO_ORG_9900011447,INDUSTRY_fc163d1647ca522ec4cd,2026-08-10,,2026-08-16T13:48:42+00:00,BaoStock query_stock_industry,observation,medium
MEMBERSHIP_8814b4b916d2144abb78,CNINFO_ORG_9900011448,INDUSTRY_fc163d1647ca522ec4cd,2026-08-10,,2026-08-16T13:48:42+00:00,BaoStock query_stock_industry,observation,medium
MEMBERSHIP_909bba14399ef1e75370,CNINFO_ORG_9900011449,INDUSTRY_fcb657f75803ca816490,2026-08-10,,2026-08-16T13:48:42+00:00,BaoStock query_stock_industry,observation,medium
MEMBERSHIP_ec75df9e84233f7282cd,CNINFO_ORG_9900011547,INDUSTRY_b62fae243f391f69617b,2026-08-10,,2026-08-16T13:48:42+00:00,BaoStock query_stock_industry,observation,medium
MEMBERSHIP_6850aead73bddad93f57,CNINFO_ORG_9900011548,INDUSTRY_b62fae243f391f69617b,2026-08-10,,2026-08-16T13:48:42+00:00,BaoStock query_stock_industry,observation,medium
MEMBERSHIP_a0e46e832ff4a282c94c,CNINFO_ORG_9900011549,INDUSTRY_90d9ee5bdc1ee446fff0,2026-08-10,,2026-08-16T13:48:42+00:00,BaoStock query_stock_industry,observation,medium
MEMBERSHIP_60921df9f53dc846cdd5,CNINFO_ORG_9900011647,INDUSTRY_90d9ee5bdc1ee446fff0,2026-08-10,,2026-08-16T13:48:42+00:00,BaoStock query_stock_industry,observation,medium
MEMBERSHIP_8b036be3448d17679c1f,CNINFO_ORG_9900011648,INDUSTRY_06f2dd83830b4e6e7446,2026-08-10,,2026-08-16T13:48:42+00:00,BaoStock query_stock_industry,observation,medium
MEMBERSHIP_d619f304077211f54cc2,CNINFO_ORG_9900011649,INDUSTRY_af522b5025b7206d78cb,2026-08-10,,2026-08-16T13:48:42+00:00,BaoStock query_stock_industry,observation,medium
MEMBERSHIP_8d81377db3ed3f7f9bd4,CNINFO_ORG_9900011728,INDUSTRY_90d9ee5bdc1ee446fff0,2026-08-10,,2026-08-16T13:48:42+00:00,BaoStock query_stock_industry,observation,medium
MEMBERSHIP_3ee91fb4ccae875c993b,CNINFO_ORG_9900011729,INDUSTRY_90d9ee5bdc1ee446fff0,2026-08-10,,2026-08-16T13:48:42+00:00,BaoStock query_stock_industry,observation,medium
MEMBERSHIP_e3d856840e926b102adb,CNINFO_ORG_9900011727,INDUSTRY_ad86b4a2a3856ba2d571,2026-08-10,,2026-08-16T13:48:42+00:00,BaoStock query_stock_industry,observation,medium
MEMBERSHIP_e5cf1aaf6638dcdb64a6,CNINFO_ORG_9900011847,INDUSTRY_8c865bedc2ef9574d2e5,2026-08-10,,2026-08-16T13:48:42+00:00,BaoStock query_stock_industry,observation,medium
MEMBERSHIP_4ae8d4aadb8afb67ee40,CNINFO_ORG_9900011848,INDUSTRY_af522b5025b7206d78cb,2026-08-10,,2026-08-16T13:48:42+00:00,BaoStock query_stock_industry,observation,medium
MEMBERSHIP_b055180c79b223df3726,CNINFO_ORG_9900012090,INDUSTRY_7063d42ae24daea94a9c,2026-08-10,,2026-08-16T13:48:42+00:00,BaoStock query_stock_industry,observation,medium
MEMBERSHIP_70defbdcbb9fdd4bcae2,CNINFO_ORG_9900012091,INDUSTRY_eb1bb5863556657a5ed0,2026-08-10,,2026-08-16T13:48:42+00:00,BaoStock query_stock_industry,observation,medium
MEMBERSHIP_52781e5a60bd30d3cfd0,CNINFO_ORG_9900012092,INDUSTRY_a971ce8c4913016d33d1,2026-08-10,,2026-08-16T13:48:42+00:00,BaoStock query_stock_industry,observation,medium
MEMBERSHIP_9f493a220403227e20f5,CNINFO_ORG_9900012130,INDUSTRY_b62fae243f391f69617b,2026-08-10,,2026-08-16T13:48:42+00:00,BaoStock query_stock_industry,observation,medium
MEMBERSHIP_651a29587fb4534e2b80,CNINFO_ORG_9900012131,INDUSTRY_90d9ee5bdc1ee446fff0,2026-08-10,,2026-08-16T13:48:42+00:00,BaoStock query_stock_industry,observation,medium
MEMBERSHIP_5de72f82a1ae3c8757a9,CNINFO_ORG_9900012129,INDUSTRY_a971ce8c4913016d33d1,2026-08-10,,2026-08-16T13:48:42+00:00,BaoStock query_stock_industry,observation,medium
MEMBERSHIP_0cee3762f933911b7e39,CNINFO_ORG_9900012290,INDUSTRY_af522b5025b7206d78cb,2026-08-10,,2026-08-16T13:48:42+00:00,BaoStock query_stock_industry,observation,medium
MEMBERSHIP_2f15e8166d179095d79d,CNINFO_ORG_9900012288,INDUSTRY_eb1bb5863556657a5ed0,2026-08-10,,2026-08-16T13:48:42+00:00,BaoStock query_stock_industry,observation,medium
MEMBERSHIP_076fcb4c39ea99344c00,CNINFO_ORG_9900012289,INDUSTRY_91e10380fe1770769bdb,2026-08-10,,2026-08-16T13:48:42+00:00,BaoStock query_stock_industry,observation,medium
MEMBERSHIP_fab8a3d3e676c5a9210d,CNINFO_ORG_9900012287,INDUSTRY_fcb657f75803ca816490,2026-08-10,,2026-08-16T13:48:42+00:00,BaoStock query_stock_industry,observation,medium
MEMBERSHIP_7a1cfb57e0605e727bb6,CNINFO_ORG_9900012348,INDUSTRY_90d9ee5bdc1ee446fff0,2026-08-10,,2026-08-16T13:48:42+00:00,BaoStock query_stock_industry,observation,medium
MEMBERSHIP_8a091eb5f77da8a08436,CNINFO_ORG_9900012349,INDUSTRY_be6d1ff74018fda3a9a4,2026-08-10,,2026-08-16T13:48:42+00:00,BaoStock query_stock_industry,observation,medium
MEMBERSHIP_f0002d0ebbd8c43b6c41,CNINFO_ORG_9900012350,INDUSTRY_857cc70f4407799bbfbc,2026-08-10,,2026-08-16T13:48:42+00:00,BaoStock query_stock_industry,observation,medium
MEMBERSHIP_c57ec6cf4d901cf96beb,CNINFO_ORG_9900012447,INDUSTRY_fcb657f75803ca816490,2026-08-10,,2026-08-16T13:48:42+00:00,BaoStock query_stock_industry,observation,medium
MEMBERSHIP_603a18c6c17cc151cb55,CNINFO_ORG_9900012448,INDUSTRY_e7fb954d2ab5bf5bc733,2026-08-10,,2026-08-16T13:48:42+00:00,BaoStock query_stock_industry,observation,medium
MEMBERSHIP_e80335ed125f3eba6ffa,CNINFO_ORG_9900012449,INDUSTRY_af522b5025b7206d78cb,2026-08-10,,2026-08-16T13:48:42+00:00,BaoStock query_stock_industry,observation,medium
MEMBERSHIP_a5da2f4e954e3a6fcc69,CNINFO_ORG_9900012450,INDUSTRY_af522b5025b7206d78cb,2026-08-10,,2026-08-16T13:48:42+00:00,BaoStock query_stock_industry,observation,medium
MEMBERSHIP_f74e2848df872c41d406,CNINFO_ORG_9900012610,INDUSTRY_af522b5025b7206d78cb,2026-08-10,,2026-08-16T13:48:42+00:00,BaoStock query_stock_industry,observation,medium
MEMBERSHIP_e20b4be1cdc7d727d6bd,CNINFO_ORG_9900012609,INDUSTRY_fcb657f75803ca816490,2026-08-10,,2026-08-16T13:48:42+00:00,BaoStock query_stock_industry,observation,medium
MEMBERSHIP_af97771742c738ca42e5,CNINFO_ORG_9900012608,INDUSTRY_eb1bb5863556657a5ed0,2026-08-10,,2026-08-16T13:48:42+00:00,BaoStock query_stock_industry,observation,medium
MEMBERSHIP_ffcf5610fa32304fa81e,CNINFO_ORG_9900012690,INDUSTRY_90d9ee5bdc1ee446fff0,2026-08-10,,2026-08-16T13:48:42+00:00,BaoStock query_stock_industry,observation,medium
MEMBERSHIP_f4c48eed1994a998543a,CNINFO_ORG_9900012687,INDUSTRY_90d9ee5bdc1ee446fff0,2026-08-10,,2026-08-16T13:48:42+00:00,BaoStock query_stock_industry,observation,medium
MEMBERSHIP_d926fa7042128fa43993,CNINFO_ORG_9900012688,INDUSTRY_90d9ee5bdc1ee446fff0,2026-08-10,,2026-08-16T13:48:42+00:00,BaoStock query_stock_industry,observation,medium
MEMBERSHIP_ea447a310108b3801a84,CNINFO_ORG_9900012689,INDUSTRY_8c865bedc2ef9574d2e5,2026-08-10,,2026-08-16T13:48:42+00:00,BaoStock query_stock_industry,observation,medium
MEMBERSHIP_11ffe5c1c112c29781e5,CNINFO_ORG_9900012728,INDUSTRY_35fe091671cdb8d5f5e0,2026-08-10,,2026-08-16T13:48:42+00:00,BaoStock query_stock_industry,observation,medium
MEMBERSHIP_5c4c64c393b7515d1e2d,CNINFO_ORG_9900012729,INDUSTRY_4fb51c32200208ed64a8,2026-08-10,,2026-08-16T13:48:42+00:00,BaoStock query_stock_industry,observation,medium
MEMBERSHIP_9fafccb6d2ff3631ebc4,CNINFO_ORG_9900012730,INDUSTRY_b62fae243f391f69617b,2026-08-10,,2026-08-16T13:48:42+00:00,BaoStock query_stock_industry,observation,medium
MEMBERSHIP_ed951f756a98dfa7d2e9,CNINFO_ORG_9900012787,INDUSTRY_fcb657f75803ca816490,2026-08-10,,2026-08-16T13:48:42+00:00,BaoStock query_stock_industry,observation,medium
MEMBERSHIP_3d49e6f3946771a1d2b4,CNINFO_ORG_9900012788,INDUSTRY_eb1bb5863556657a5ed0,2026-08-10,,2026-08-16T13:48:42+00:00,BaoStock query_stock_industry,observation,medium
MEMBERSHIP_5c38787c2238cd13aac1,CNINFO_ORG_9900012789,INDUSTRY_91664492bd91e0beb541,2026-08-10,,2026-08-16T13:48:42+00:00,BaoStock query_stock_industry,observation,medium
MEMBERSHIP_95885fb67419a02f7a05,CNINFO_ORG_9900012790,INDUSTRY_eb1bb5863556657a5ed0,2026-08-10,,2026-08-16T13:48:42+00:00,BaoStock query_stock_industry,observation,medium
MEMBERSHIP_2df6f4e197a50bb90b6c,CNINFO_ORG_9900012831,INDUSTRY_9f7679f9ad900c7a65d2,2026-08-10,,2026-08-16T13:48:42+00:00,BaoStock query_stock_industry,observation,medium
MEMBERSHIP_a87a6d39249abd6cf54a,CNINFO_ORG_9900012832,INDUSTRY_90d9ee5bdc1ee446fff0,2026-08-10,,2026-08-16T13:48:42+00:00,BaoStock query_stock_industry,observation,medium
MEMBERSHIP_c850f6347eaf38b60c0f,CNINFO_ORG_9900012833,INDUSTRY_c6634e4fb00885448aae,2026-08-10,,2026-08-16T13:48:42+00:00,BaoStock query_stock_industry,observation,medium
MEMBERSHIP_abe33dbba685374950ab,CNINFO_ORG_9900012834,INDUSTRY_fc163d1647ca522ec4cd,2026-08-10,,2026-08-16T13:48:42+00:00,BaoStock query_stock_industry,observation,medium
MEMBERSHIP_208e5826ab9dbb7cd611,CNINFO_ORG_9900012873,INDUSTRY_90d9ee5bdc1ee446fff0,2026-08-10,,2026-08-16T13:48:42+00:00,BaoStock query_stock_industry,observation,medium
MEMBERSHIP_bc7b26d464affd0ccc5f,CNINFO_ORG_9900012874,INDUSTRY_3875d79da62b4dff67e8,2026-08-10,,2026-08-16T13:48:42+00:00,BaoStock query_stock_industry,observation,medium
MEMBERSHIP_af4461abda8498c21849,CNINFO_ORG_9900012875,INDUSTRY_17cf2674a1f785e3272e,2026-08-10,,2026-08-16T13:48:42+00:00,BaoStock query_stock_industry,observation,medium
MEMBERSHIP_b121ae6c567bcc848985,CNINFO_ORG_9900012876,INDUSTRY_3875d79da62b4dff67e8,2026-08-10,,2026-08-16T13:48:42+00:00,BaoStock query_stock_industry,observation,medium
MEMBERSHIP_766a13463d048b17f62f,CNINFO_ORG_9900012932,INDUSTRY_e7fb954d2ab5bf5bc733,2026-08-10,,2026-08-16T13:48:42+00:00,BaoStock query_stock_industry,observation,medium
MEMBERSHIP_ea0b21df2dafe5cc63fd,CNINFO_ORG_9900012934,INDUSTRY_90d9ee5bdc1ee446fff0,2026-08-10,,2026-08-16T13:48:42+00:00,BaoStock query_stock_industry,observation,medium
MEMBERSHIP_69a4c4829b1932961ff7,CNINFO_ORG_9900012988,INDUSTRY_eb1bb5863556657a5ed0,2026-08-10,,2026-08-16T13:48:42+00:00,BaoStock query_stock_industry,observation,medium
MEMBERSHIP_ca2da723ae6e58315392,CNINFO_ORG_9900012990,INDUSTRY_35fe091671cdb8d5f5e0,2026-08-10,,2026-08-16T13:48:42+00:00,BaoStock query_stock_industry,observation,medium
MEMBERSHIP_f106b3c89e579c1e4056,CNINFO_ORG_9900012989,INDUSTRY_fcb657f75803ca816490,2026-08-10,,2026-08-16T13:48:42+00:00,BaoStock query_stock_industry,observation,medium
MEMBERSHIP_d04e387227fa15334a57,CNINFO_ORG_9900013207,INDUSTRY_af522b5025b7206d78cb,2026-08-10,,2026-08-16T13:48:42+00:00,BaoStock query_stock_industry,observation,medium
MEMBERSHIP_d9f9d634732243c55a9e,CNINFO_ORG_9900013208,INDUSTRY_8c865bedc2ef9574d2e5,2026-08-10,,2026-08-16T13:48:42+00:00,BaoStock query_stock_industry,observation,medium
MEMBERSHIP_069b0e522c1c4fae4921,CNINFO_ORG_9900013209,INDUSTRY_af522b5025b7206d78cb,2026-08-10,,2026-08-16T13:48:42+00:00,BaoStock query_stock_industry,observation,medium
MEMBERSHIP_9e49a25214c687b08df1,CNINFO_ORG_9900013210,INDUSTRY_be6d1ff74018fda3a9a4,2026-08-10,,2026-08-16T13:48:42+00:00,BaoStock query_stock_industry,observation,medium
MEMBERSHIP_a432fe9b8d849623d17a,CNINFO_ORG_9900013367,INDUSTRY_be6d1ff74018fda3a9a4,2026-08-10,,2026-08-16T13:48:42+00:00,BaoStock query_stock_industry,observation,medium
MEMBERSHIP_1f3abe88565da4e8b000,CNINFO_ORG_9900013368,INDUSTRY_be6d1ff74018fda3a9a4,2026-08-10,,2026-08-16T13:48:42+00:00,BaoStock query_stock_industry,observation,medium
MEMBERSHIP_74a609e14ca350210313,CNINFO_ORG_9900013369,INDUSTRY_90d9ee5bdc1ee446fff0,2026-08-10,,2026-08-16T13:48:42+00:00,BaoStock query_stock_industry,observation,medium
MEMBERSHIP_6eee673b5c5d1d09b2f5,CNINFO_ORG_9900013432,INDUSTRY_e7fb954d2ab5bf5bc733,2026-08-10,,2026-08-16T13:48:42+00:00,BaoStock query_stock_industry,observation,medium
MEMBERSHIP_d928ded1075dcb8103c2,CNINFO_ORG_9900013434,INDUSTRY_90d9ee5bdc1ee446fff0,2026-08-10,,2026-08-16T13:48:42+00:00,BaoStock query_stock_industry,observation,medium
MEMBERSHIP_327b95a5e715a7f22303,CNINFO_ORG_9900013507,INDUSTRY_b90e93f47f56746b9938,2026-08-10,,2026-08-16T13:48:42+00:00,BaoStock query_stock_industry,observation,medium
MEMBERSHIP_75dd514e5c688ca1c4f8,CNINFO_ORG_9900013508,INDUSTRY_b90e93f47f56746b9938,2026-08-10,,2026-08-16T13:48:42+00:00,BaoStock query_stock_industry,observation,medium
MEMBERSHIP_8fb4e7708da96cfc8549,CNINFO_ORG_9900013509,INDUSTRY_af522b5025b7206d78cb,2026-08-10,,2026-08-16T13:48:42+00:00,BaoStock query_stock_industry,observation,medium
MEMBERSHIP_56db6213683e177ac307,CNINFO_ORG_9900013510,INDUSTRY_e7fb954d2ab5bf5bc733,2026-08-10,,2026-08-16T13:48:42+00:00,BaoStock query_stock_industry,observation,medium
MEMBERSHIP_2669cc0dacb440b385c6,CNINFO_ORG_9900013692,INDUSTRY_af522b5025b7206d78cb,2026-08-10,,2026-08-16T13:48:42+00:00,BaoStock query_stock_industry,observation,medium
MEMBERSHIP_b0ad85c21065a8bc78bc,CNINFO_ORG_9900013691,INDUSTRY_90d9ee5bdc1ee446fff0,2026-08-10,,2026-08-16T13:48:42+00:00,BaoStock query_stock_industry,observation,medium
MEMBERSHIP_d072068138f562023b26,CNINFO_ORG_9900013690,INDUSTRY_7063d42ae24daea94a9c,2026-08-10,,2026-08-16T13:48:42+00:00,BaoStock query_stock_industry,observation,medium
MEMBERSHIP_ff28b4bc4641bcdd021d,CNINFO_ORG_9900013789,INDUSTRY_9b846d32ce44d8ac60c7,2026-08-10,,2026-08-16T13:48:42+00:00,BaoStock query_stock_industry,observation,medium
MEMBERSHIP_dcd54e5e1d0cabf5f12b,CNINFO_ORG_9900013788,INDUSTRY_b90e93f47f56746b9938,2026-08-10,,2026-08-16T13:48:42+00:00,BaoStock query_stock_industry,observation,medium
MEMBERSHIP_ee2a421858260f8b1ff4,CNINFO_ORG_9900013787,INDUSTRY_fc163d1647ca522ec4cd,2026-08-10,,2026-08-16T13:48:42+00:00,BaoStock query_stock_industry,observation,medium
MEMBERSHIP_3cd234790fd49db94ad5,CNINFO_ORG_9900011107,INDUSTRY_c8598f31bb2607e3007b,2026-08-10,,2026-08-16T13:48:42+00:00,BaoStock query_stock_industry,observation,medium
MEMBERSHIP_c341ea79174513685c62,CNINFO_ORG_9900013928,INDUSTRY_8c865bedc2ef9574d2e5,2026-08-10,,2026-08-16T13:48:42+00:00,BaoStock query_stock_industry,observation,medium
MEMBERSHIP_e86c3b5950d7803917dd,CNINFO_ORG_9900013929,INDUSTRY_90d9ee5bdc1ee446fff0,2026-08-10,,2026-08-16T13:48:42+00:00,BaoStock query_stock_industry,observation,medium
MEMBERSHIP_834e5f270efd59e0a95c,CNINFO_ORG_9900014188,INDUSTRY_90d9ee5bdc1ee446fff0,2026-08-10,,2026-08-16T13:48:42+00:00,BaoStock query_stock_industry,observation,medium
MEMBERSHIP_58eda4676d626b0ecc96,CNINFO_ORG_9900014189,INDUSTRY_fc163d1647ca522ec4cd,2026-08-10,,2026-08-16T13:48:42+00:00,BaoStock query_stock_industry,observation,medium
MEMBERSHIP_d047365f88eb8c978854,CNINFO_ORG_9900014250,INDUSTRY_9f7679f9ad900c7a65d2,2026-08-10,,2026-08-16T13:48:42+00:00,BaoStock query_stock_industry,observation,medium
MEMBERSHIP_aedea99debf595f74a3e,CNINFO_ORG_9900014251,INDUSTRY_75157574f5864bd79d04,2026-08-10,,2026-08-16T13:48:42+00:00,BaoStock query_stock_industry,observation,medium
MEMBERSHIP_6a736ff248cc60ce5447,CNINFO_ORG_9900014267,INDUSTRY_af522b5025b7206d78cb,2026-08-10,,2026-08-16T13:48:42+00:00,BaoStock query_stock_industry,observation,medium
MEMBERSHIP_6f8a2ae66d7abd106714,CNINFO_ORG_9900014252,INDUSTRY_af522b5025b7206d78cb,2026-08-10,,2026-08-16T13:48:42+00:00,BaoStock query_stock_industry,observation,medium
MEMBERSHIP_e5bbe92d6caaca52ab94,CNINFO_ORG_9900014367,INDUSTRY_b90e93f47f56746b9938,2026-08-10,,2026-08-16T13:48:42+00:00,BaoStock query_stock_industry,observation,medium
MEMBERSHIP_16a353a532171924cdb2,CNINFO_ORG_9900014368,INDUSTRY_e7fb954d2ab5bf5bc733,2026-08-10,,2026-08-16T13:48:42+00:00,BaoStock query_stock_industry,observation,medium
MEMBERSHIP_21b3b61170f65f0c60f9,CNINFO_ORG_9900014447,INDUSTRY_fcb657f75803ca816490,2026-08-10,,2026-08-16T13:48:42+00:00,BaoStock query_stock_industry,observation,medium
MEMBERSHIP_4cda036d5a57acd94ebf,CNINFO_ORG_9900014448,INDUSTRY_90d9ee5bdc1ee446fff0,2026-08-10,,2026-08-16T13:48:42+00:00,BaoStock query_stock_industry,observation,medium
MEMBERSHIP_dab606738ef670cb45d4,CNINFO_ORG_9900014449,INDUSTRY_af522b5025b7206d78cb,2026-08-10,,2026-08-16T13:48:42+00:00,BaoStock query_stock_industry,observation,medium
MEMBERSHIP_bae89ca2a8f49cf03177,CNINFO_ORG_9900014607,INDUSTRY_be6d1ff74018fda3a9a4,2026-08-10,,2026-08-16T13:48:42+00:00,BaoStock query_stock_industry,observation,medium
MEMBERSHIP_b37f8def68b2a8ea968c,CNINFO_ORG_9900014608,INDUSTRY_f9da9c9738f21980b6d7,2026-08-10,,2026-08-16T13:48:42+00:00,BaoStock query_stock_industry,observation,medium
MEMBERSHIP_a8e55bc26cea8a246621,CNINFO_ORG_9900014609,INDUSTRY_35fe091671cdb8d5f5e0,2026-08-10,,2026-08-16T13:48:42+00:00,BaoStock query_stock_industry,observation,medium
MEMBERSHIP_f9e3c9e92d78bae6e025,CNINFO_ORG_9900014610,INDUSTRY_34765f16a5c28d382e0e,2026-08-10,,2026-08-16T13:48:42+00:00,BaoStock query_stock_industry,observation,medium
MEMBERSHIP_f8b70b4f36067971037b,CNINFO_ORG_9900014775,INDUSTRY_1395c3d9f1fe1a080e75,2026-08-10,,2026-08-16T13:48:42+00:00,BaoStock query_stock_industry,observation,medium
MEMBERSHIP_9d73032d13ec69f3a6c8,CNINFO_ORG_9900014776,INDUSTRY_35fe091671cdb8d5f5e0,2026-08-10,,2026-08-16T13:48:42+00:00,BaoStock query_stock_industry,observation,medium
MEMBERSHIP_77fded750bea8f0b134f,CNINFO_ORG_9900014777,INDUSTRY_90d9ee5bdc1ee446fff0,2026-08-10,,2026-08-16T13:48:42+00:00,BaoStock query_stock_industry,observation,medium
MEMBERSHIP_2e5b062b4f5ea0e5db83,CNINFO_ORG_9900014994,INDUSTRY_91e10380fe1770769bdb,2026-08-10,,2026-08-16T13:48:42+00:00,BaoStock query_stock_industry,observation,medium
MEMBERSHIP_a1afae1cb959c333897d,CNINFO_ORG_9900014995,INDUSTRY_857cc70f4407799bbfbc,2026-08-10,,2026-08-16T13:48:42+00:00,BaoStock query_stock_industry,observation,medium
MEMBERSHIP_7e8c03475e0ebced47c6,CNINFO_ORG_9900014996,INDUSTRY_be6d1ff74018fda3a9a4,2026-08-10,,2026-08-16T13:48:42+00:00,BaoStock query_stock_industry,observation,medium
MEMBERSHIP_e7fad8f476b28d66cb7d,CNINFO_ORG_9900015174,INDUSTRY_e7fb954d2ab5bf5bc733,2026-08-10,,2026-08-16T13:48:42+00:00,BaoStock query_stock_industry,observation,medium
MEMBERSHIP_e37e5e4d96211c1d59b4,CNINFO_ORG_9900015175,INDUSTRY_1ed3dfcfe2bd74cd71b3,2026-08-10,,2026-08-16T13:48:42+00:00,BaoStock query_stock_industry,observation,medium
MEMBERSHIP_3d562cb0e2723601beba,CNINFO_ORG_gshk0000568,INDUSTRY_3875d79da62b4dff67e8,2026-08-10,,2026-08-16T13:48:42+00:00,BaoStock query_stock_industry,observation,medium
MEMBERSHIP_ff424f3cb02fbb260e3d,CNINFO_ORG_9900015177,INDUSTRY_b90e93f47f56746b9938,2026-08-10,,2026-08-16T13:48:42+00:00,BaoStock query_stock_industry,observation,medium
MEMBERSHIP_97be55bfcff93658d4cd,CNINFO_ORG_9900015501,INDUSTRY_80c8af8374922c2e32d6,2026-08-10,,2026-08-16T13:48:42+00:00,BaoStock query_stock_industry,observation,medium
MEMBERSHIP_8f468c8f5eca16c21c3b,CNINFO_ORG_9900015502,INDUSTRY_af522b5025b7206d78cb,2026-08-10,,2026-08-16T13:48:42+00:00,BaoStock query_stock_industry,observation,medium
MEMBERSHIP_e2c73e516eb9d12464b7,CNINFO_ORG_9900015503,INDUSTRY_3e41c6b832b570c4f5d1,2026-08-10,,2026-08-16T13:48:42+00:00,BaoStock query_stock_industry,observation,medium
MEMBERSHIP_b0e1896b8e92eefad82a,CNINFO_ORG_9900015504,INDUSTRY_34765f16a5c28d382e0e,2026-08-10,,2026-08-16T13:48:42+00:00,BaoStock query_stock_industry,observation,medium
MEMBERSHIP_7bd20ea63405aeb083f2,CNINFO_ORG_9900015672,INDUSTRY_af522b5025b7206d78cb,2026-08-10,,2026-08-16T13:48:42+00:00,BaoStock query_stock_industry,observation,medium
MEMBERSHIP_a7c2b3279e4e97ec81d6,CNINFO_ORG_9900015673,INDUSTRY_fc163d1647ca522ec4cd,2026-08-10,,2026-08-16T13:48:42+00:00,BaoStock query_stock_industry,observation,medium
MEMBERSHIP_488df32f34dc9e151e40,CNINFO_ORG_9900015674,INDUSTRY_b90e93f47f56746b9938,2026-08-10,,2026-08-16T13:48:42+00:00,BaoStock query_stock_industry,observation,medium
MEMBERSHIP_514e46db40c48ff789aa,CNINFO_ORG_qsgn0000279,INDUSTRY_963e913f30a1f4833ac7,2026-08-10,,2026-08-16T13:48:42+00:00,BaoStock query_stock_industry,observation,medium
MEMBERSHIP_0ba1601a3b7f9d5dba52,CNINFO_ORG_9900015790,INDUSTRY_fc163d1647ca522ec4cd,2026-08-10,,2026-08-16T13:48:42+00:00,BaoStock query_stock_industry,observation,medium
MEMBERSHIP_d1a6e7ba5498dc8bb860,CNINFO_ORG_9900015881,INDUSTRY_b90e93f47f56746b9938,2026-08-10,,2026-08-16T13:48:42+00:00,BaoStock query_stock_industry,observation,medium
MEMBERSHIP_b1862a7f707d41413e2a,CNINFO_ORG_9900015937,INDUSTRY_34765f16a5c28d382e0e,2026-08-10,,2026-08-16T13:48:42+00:00,BaoStock query_stock_industry,observation,medium
MEMBERSHIP_afdbb8f0fde1979c8fd5,CNINFO_ORG_9900015938,INDUSTRY_b90e93f47f56746b9938,2026-08-10,,2026-08-16T13:48:42+00:00,BaoStock query_stock_industry,observation,medium
MEMBERSHIP_c0223a5f42693c2dc032,CNINFO_ORG_9900015998,INDUSTRY_e7fb954d2ab5bf5bc733,2026-08-10,,2026-08-16T13:48:42+00:00,BaoStock query_stock_industry,observation,medium
MEMBERSHIP_abd488a9a93d459c2b5a,CNINFO_ORG_9900015999,INDUSTRY_ee7eb75e38ebcde947a9,2026-08-10,,2026-08-16T13:48:42+00:00,BaoStock query_stock_industry,observation,medium
MEMBERSHIP_34c495ce5043fb77bf2a,CNINFO_ORG_9900016127,INDUSTRY_90d9ee5bdc1ee446fff0,2026-08-10,,2026-08-16T13:48:42+00:00,BaoStock query_stock_industry,observation,medium
MEMBERSHIP_6b0a71c1fdf10369bb8b,CNINFO_ORG_9900016128,INDUSTRY_b90e93f47f56746b9938,2026-08-10,,2026-08-16T13:48:42+00:00,BaoStock query_stock_industry,observation,medium
MEMBERSHIP_f8cc37f71cf1988785f5,CNINFO_ORG_9900016129,INDUSTRY_be6d1ff74018fda3a9a4,2026-08-10,,2026-08-16T13:48:42+00:00,BaoStock query_stock_industry,observation,medium
MEMBERSHIP_01898c7e01634ab5aff0,CNINFO_ORG_9900016130,INDUSTRY_06f2dd83830b4e6e7446,2026-08-10,,2026-08-16T13:48:42+00:00,BaoStock query_stock_industry,observation,medium
MEMBERSHIP_f1aa11e24e38a0e48c73,CNINFO_ORG_9900016207,INDUSTRY_a971ce8c4913016d33d1,2026-08-10,,2026-08-16T13:48:42+00:00,BaoStock query_stock_industry,observation,medium
MEMBERSHIP_e3b669d2ff71d327a597,CNINFO_ORG_9900016208,INDUSTRY_9f7679f9ad900c7a65d2,2026-08-10,,2026-08-16T13:48:42+00:00,BaoStock query_stock_industry,observation,medium
MEMBERSHIP_f9d243e3b638ac8ff057,CNINFO_ORG_9900016209,INDUSTRY_b90e93f47f56746b9938,2026-08-10,,2026-08-16T13:48:42+00:00,BaoStock query_stock_industry,observation,medium
MEMBERSHIP_6380346ef79e6fadde24,CNINFO_ORG_9900016210,INDUSTRY_90d9ee5bdc1ee446fff0,2026-08-10,,2026-08-16T13:48:42+00:00,BaoStock query_stock_industry,observation,medium
MEMBERSHIP_d1d4e68091bba970b01d,CNINFO_ORG_9900016327,INDUSTRY_35fe091671cdb8d5f5e0,2026-08-10,,2026-08-16T13:48:42+00:00,BaoStock query_stock_industry,observation,medium
MEMBERSHIP_53f4ec77a313af6cd6e9,CNINFO_ORG_9900016328,INDUSTRY_ee7eb75e38ebcde947a9,2026-08-10,,2026-08-16T13:48:42+00:00,BaoStock query_stock_industry,observation,medium
MEMBERSHIP_3113071f1ee3154cbcbc,CNINFO_ORG_9900016329,INDUSTRY_b62fae243f391f69617b,2026-08-10,,2026-08-16T13:48:42+00:00,BaoStock query_stock_industry,observation,medium
MEMBERSHIP_39f48e3dc8ecfdf23095,CNINFO_ORG_9900016330,INDUSTRY_35fe091671cdb8d5f5e0,2026-08-10,,2026-08-16T13:48:42+00:00,BaoStock query_stock_industry,observation,medium
MEMBERSHIP_40a007669ef47d866645,CNINFO_ORG_9900016430,INDUSTRY_dfb3dd085310dba8a2e0,2026-08-10,,2026-08-16T13:48:42+00:00,BaoStock query_stock_industry,observation,medium
MEMBERSHIP_ace27e0c7e7163ec5d4e,CNINFO_ORG_9900016432,INDUSTRY_3875d79da62b4dff67e8,2026-08-10,,2026-08-16T13:48:42+00:00,BaoStock query_stock_industry,observation,medium
MEMBERSHIP_fa21d722a0c820ae697e,CNINFO_ORG_9900016567,INDUSTRY_35fe091671cdb8d5f5e0,2026-08-10,,2026-08-16T13:48:42+00:00,BaoStock query_stock_industry,observation,medium
MEMBERSHIP_b4d69ac65eaf80cde1dc,CNINFO_ORG_9900016568,INDUSTRY_90d9ee5bdc1ee446fff0,2026-08-10,,2026-08-16T13:48:42+00:00,BaoStock query_stock_industry,observation,medium
MEMBERSHIP_6eb14939de3015de7868,CNINFO_ORG_9900006138,INDUSTRY_35fe091671cdb8d5f5e0,2026-08-10,,2026-08-16T13:48:42+00:00,BaoStock query_stock_industry,observation,medium
MEMBERSHIP_a5fe2de1a2190f22020a,CNINFO_ORG_9900016747,INDUSTRY_be6d1ff74018fda3a9a4,2026-08-10,,2026-08-16T13:48:42+00:00,BaoStock query_stock_industry,observation,medium
MEMBERSHIP_9b4ceabd93dd03c969f2,CNINFO_ORG_9900016748,INDUSTRY_b90e93f47f56746b9938,2026-08-10,,2026-08-16T13:48:42+00:00,BaoStock query_stock_industry,observation,medium
MEMBERSHIP_065f9c2fbba327dc5c54,CNINFO_ORG_9900016749,INDUSTRY_fc163d1647ca522ec4cd,2026-08-10,,2026-08-16T13:48:42+00:00,BaoStock query_stock_industry,observation,medium
MEMBERSHIP_26c59c6d431ea94004cd,CNINFO_ORG_9900016750,INDUSTRY_b90e93f47f56746b9938,2026-08-10,,2026-08-16T13:48:42+00:00,BaoStock query_stock_industry,observation,medium
MEMBERSHIP_e71a389d4d50b4f8301d,CNINFO_ORG_9900016928,INDUSTRY_35fe091671cdb8d5f5e0,2026-08-10,,2026-08-16T13:48:42+00:00,BaoStock query_stock_industry,observation,medium
MEMBERSHIP_a23585f9b94def8fe833,CNINFO_ORG_9900016930,INDUSTRY_3875d79da62b4dff67e8,2026-08-10,,2026-08-16T13:48:42+00:00,BaoStock query_stock_industry,observation,medium
MEMBERSHIP_3560c32a16d8aeab5b77,CNINFO_ORG_9900016931,INDUSTRY_e7fb954d2ab5bf5bc733,2026-08-10,,2026-08-16T13:48:42+00:00,BaoStock query_stock_industry,observation,medium
MEMBERSHIP_5d0de56682d2a8fa4f2e,CNINFO_ORG_9900016929,INDUSTRY_e7fb954d2ab5bf5bc733,2026-08-10,,2026-08-16T13:48:42+00:00,BaoStock query_stock_industry,observation,medium
MEMBERSHIP_e0a7b37030df7e270bf2,CNINFO_ORG_9900017115,INDUSTRY_af522b5025b7206d78cb,2026-08-10,,2026-08-16T13:48:42+00:00,BaoStock query_stock_industry,observation,medium
MEMBERSHIP_b0a54637d902d5819a48,CNINFO_ORG_9900017116,INDUSTRY_af522b5025b7206d78cb,2026-08-10,,2026-08-16T13:48:42+00:00,BaoStock query_stock_industry,observation,medium
MEMBERSHIP_decb657e1f624d7a7178,CNINFO_ORG_9900017117,INDUSTRY_fc163d1647ca522ec4cd,2026-08-10,,2026-08-16T13:48:42+00:00,BaoStock query_stock_industry,observation,medium
MEMBERSHIP_7a9f9c9349c6ac738f3f,CNINFO_ORG_9900017118,INDUSTRY_be6d1ff74018fda3a9a4,2026-08-10,,2026-08-16T13:48:42+00:00,BaoStock query_stock_industry,observation,medium
MEMBERSHIP_5d124191558d9e4bab3f,CNINFO_ORG_9900017427,INDUSTRY_17cf2674a1f785e3272e,2026-08-10,,2026-08-16T13:48:42+00:00,BaoStock query_stock_industry,observation,medium
MEMBERSHIP_694e0896c21e0cf448e6,CNINFO_ORG_9900017428,INDUSTRY_b90e93f47f56746b9938,2026-08-10,,2026-08-16T13:48:42+00:00,BaoStock query_stock_industry,observation,medium
MEMBERSHIP_5eae3402fd1a58dd52f4,CNINFO_ORG_9900017429,INDUSTRY_fcb657f75803ca816490,2026-08-10,,2026-08-16T13:48:42+00:00,BaoStock query_stock_industry,observation,medium
MEMBERSHIP_91e9bc7795a9e5b3060f,CNINFO_ORG_9900017607,INDUSTRY_af522b5025b7206d78cb,2026-08-10,,2026-08-16T13:48:42+00:00,BaoStock query_stock_industry,observation,medium
MEMBERSHIP_3e54e1f18acd7e707397,CNINFO_ORG_9900017608,INDUSTRY_735889820fa0518be404,2026-08-10,,2026-08-16T13:48:42+00:00,BaoStock query_stock_industry,observation,medium
MEMBERSHIP_f8ed554a413f962dd1bf,CNINFO_ORG_9900017828,INDUSTRY_be6d1ff74018fda3a9a4,2026-08-10,,2026-08-16T13:48:42+00:00,BaoStock query_stock_industry,observation,medium
MEMBERSHIP_63a28963d0e24854eea9,CNINFO_ORG_9900017829,INDUSTRY_06f2dd83830b4e6e7446,2026-08-10,,2026-08-16T13:48:42+00:00,BaoStock query_stock_industry,observation,medium
MEMBERSHIP_1475195066409ad68450,CNINFO_ORG_9900017827,INDUSTRY_ee9bbaf36a819df8934d,2026-08-10,,2026-08-16T13:48:42+00:00,BaoStock query_stock_industry,observation,medium
MEMBERSHIP_2292869377b17e98a5ea,CNINFO_ORG_9900017830,INDUSTRY_eb1bb5863556657a5ed0,2026-08-10,,2026-08-16T13:48:42+00:00,BaoStock query_stock_industry,observation,medium
MEMBERSHIP_69eaba84257d9864e88b,CNINFO_ORG_9900018063,INDUSTRY_3875d79da62b4dff67e8,2026-08-10,,2026-08-16T13:48:42+00:00,BaoStock query_stock_industry,observation,medium
MEMBERSHIP_880b7d95138c053a970b,CNINFO_ORG_9900018064,INDUSTRY_90d9ee5bdc1ee446fff0,2026-08-10,,2026-08-16T13:48:42+00:00,BaoStock query_stock_industry,observation,medium
MEMBERSHIP_558b7b8d1f9b5637a580,CNINFO_ORG_9900018065,INDUSTRY_e7fb954d2ab5bf5bc733,2026-08-10,,2026-08-16T13:48:42+00:00,BaoStock query_stock_industry,observation,medium
MEMBERSHIP_7ef9db51fc2246ac32eb,CNINFO_ORG_9900018066,INDUSTRY_93d93f4712457bea147b,2026-08-10,,2026-08-16T13:48:42+00:00,BaoStock query_stock_industry,observation,medium
MEMBERSHIP_54044a120058744b182e,CNINFO_ORG_9900018279,INDUSTRY_9f7679f9ad900c7a65d2,2026-08-10,,2026-08-16T13:48:42+00:00,BaoStock query_stock_industry,observation,medium
MEMBERSHIP_d24f77803b590acbec52,CNINFO_ORG_9900018282,INDUSTRY_4fb51c32200208ed64a8,2026-08-10,,2026-08-16T13:48:42+00:00,BaoStock query_stock_industry,observation,medium
MEMBERSHIP_e8c1a4aba00117de0b34,CNINFO_ORG_9900018281,INDUSTRY_06f2dd83830b4e6e7446,2026-08-10,,2026-08-16T13:48:42+00:00,BaoStock query_stock_industry,observation,medium
MEMBERSHIP_47301478581200a8c3da,CNINFO_ORG_9900018280,INDUSTRY_9f7679f9ad900c7a65d2,2026-08-10,,2026-08-16T13:48:42+00:00,BaoStock query_stock_industry,observation,medium
MEMBERSHIP_04e8d1ba564fb5832c33,CNINFO_ORG_9900018387,INDUSTRY_35fe091671cdb8d5f5e0,2026-08-10,,2026-08-16T13:48:42+00:00,BaoStock query_stock_industry,observation,medium
MEMBERSHIP_97e426f1dc5ae2e768ce,CNINFO_ORG_9900018388,INDUSTRY_b90e93f47f56746b9938,2026-08-10,,2026-08-16T13:48:42+00:00,BaoStock query_stock_industry,observation,medium
MEMBERSHIP_a97075ca166eeff4f6e0,CNINFO_ORG_9900018389,INDUSTRY_4fb51c32200208ed64a8,2026-08-10,,2026-08-16T13:48:42+00:00,BaoStock query_stock_industry,observation,medium
MEMBERSHIP_d672de96f60508e1abbe,CNINFO_ORG_9900018667,INDUSTRY_eb1bb5863556657a5ed0,2026-08-10,,2026-08-16T13:48:42+00:00,BaoStock query_stock_industry,observation,medium
MEMBERSHIP_dde7e130b4f4fde3f8fc,CNINFO_ORG_9900018668,INDUSTRY_857cc70f4407799bbfbc,2026-08-10,,2026-08-16T13:48:42+00:00,BaoStock query_stock_industry,observation,medium
MEMBERSHIP_1190ed27a756a3d68e26,CNINFO_ORG_9900018669,INDUSTRY_3875d79da62b4dff67e8,2026-08-10,,2026-08-16T13:48:42+00:00,BaoStock query_stock_industry,observation,medium
MEMBERSHIP_03bd4082ef516180827a,CNINFO_ORG_9900018830,INDUSTRY_ee7eb75e38ebcde947a9,2026-08-10,,2026-08-16T13:48:42+00:00,BaoStock query_stock_industry,observation,medium
MEMBERSHIP_d9b4415c0b69aa7cc179,CNINFO_ORG_9900018831,INDUSTRY_eb1bb5863556657a5ed0,2026-08-10,,2026-08-16T13:48:42+00:00,BaoStock query_stock_industry,observation,medium
MEMBERSHIP_845f8ecbd6871f87457a,CNINFO_ORG_9900018892,INDUSTRY_06f2dd83830b4e6e7446,2026-08-10,,2026-08-16T13:48:42+00:00,BaoStock query_stock_industry,observation,medium
MEMBERSHIP_b83115eb9d177943cad9,CNINFO_ORG_9900018893,INDUSTRY_c8598f31bb2607e3007b,2026-08-10,,2026-08-16T13:48:42+00:00,BaoStock query_stock_industry,observation,medium
MEMBERSHIP_86fc6ebc887769615df9,CNINFO_ORG_9900019034,INDUSTRY_857cc70f4407799bbfbc,2026-08-10,,2026-08-16T13:48:42+00:00,BaoStock query_stock_industry,observation,medium
MEMBERSHIP_dcc11d9cdc0fc43fd291,CNINFO_ORG_9900019035,INDUSTRY_34765f16a5c28d382e0e,2026-08-10,,2026-08-16T13:48:42+00:00,BaoStock query_stock_industry,observation,medium
MEMBERSHIP_6561e4e73cde36b1bd1a,CNINFO_ORG_9900019036,INDUSTRY_7063d42ae24daea94a9c,2026-08-10,,2026-08-16T13:48:42+00:00,BaoStock query_stock_industry,observation,medium
MEMBERSHIP_68499c1db7880124350f,CNINFO_ORG_9900019037,INDUSTRY_1ed3dfcfe2bd74cd71b3,2026-08-10,,2026-08-16T13:48:42+00:00,BaoStock query_stock_industry,observation,medium
MEMBERSHIP_5c5efca94bbe34fadbfc,CNINFO_ORG_9900019152,INDUSTRY_ee9bbaf36a819df8934d,2026-08-10,,2026-08-16T13:48:42+00:00,BaoStock query_stock_industry,observation,medium
MEMBERSHIP_4c0f09a8d6b5200bd2ae,CNINFO_ORG_9900019212,INDUSTRY_4b6bcfe2a650f11508e5,2026-08-10,,2026-08-16T13:48:42+00:00,BaoStock query_stock_industry,observation,medium
MEMBERSHIP_e35d6983642c3721e47f,CNINFO_ORG_9900019213,INDUSTRY_8c865bedc2ef9574d2e5,2026-08-10,,2026-08-16T13:48:42+00:00,BaoStock query_stock_industry,observation,medium
MEMBERSHIP_d83b9819003063dd4266,CNINFO_ORG_9900019312,INDUSTRY_b90e93f47f56746b9938,2026-08-10,,2026-08-16T13:48:42+00:00,BaoStock query_stock_industry,observation,medium
MEMBERSHIP_2986b84b7a8ba018608d,CNINFO_ORG_9900019313,INDUSTRY_90d9ee5bdc1ee446fff0,2026-08-10,,2026-08-16T13:48:42+00:00,BaoStock query_stock_industry,observation,medium
MEMBERSHIP_7f702aa2b95c13019348,CNINFO_ORG_9900019314,INDUSTRY_fc163d1647ca522ec4cd,2026-08-10,,2026-08-16T13:48:42+00:00,BaoStock query_stock_industry,observation,medium
MEMBERSHIP_11d853aa254e17d0ab2d,CNINFO_ORG_9900019410,INDUSTRY_90d9ee5bdc1ee446fff0,2026-08-10,,2026-08-16T13:48:42+00:00,BaoStock query_stock_industry,observation,medium
MEMBERSHIP_b139b6b00a0e34d991dd,CNINFO_ORG_9900019411,INDUSTRY_b90e93f47f56746b9938,2026-08-10,,2026-08-16T13:48:42+00:00,BaoStock query_stock_industry,observation,medium
MEMBERSHIP_63469ee3ed3ac8867f1d,CNINFO_ORG_9900019530,INDUSTRY_eb1bb5863556657a5ed0,2026-08-10,,2026-08-16T13:48:42+00:00,BaoStock query_stock_industry,observation,medium
MEMBERSHIP_7f4a7da0c751fd62a45e,CNINFO_ORG_9900019704,INDUSTRY_06f2dd83830b4e6e7446,2026-08-10,,2026-08-16T13:48:42+00:00,BaoStock query_stock_industry,observation,medium
MEMBERSHIP_7356f23c95e22993c3d9,CNINFO_ORG_9900019838,INDUSTRY_90d9ee5bdc1ee446fff0,2026-08-10,,2026-08-16T13:48:42+00:00,BaoStock query_stock_industry,observation,medium
MEMBERSHIP_513ca68351851549577a,CNINFO_ORG_9900019958,INDUSTRY_af522b5025b7206d78cb,2026-08-10,,2026-08-16T13:48:42+00:00,BaoStock query_stock_industry,observation,medium
MEMBERSHIP_0b3974ef0a13630511e3,CNINFO_ORG_9900019959,INDUSTRY_b62fae243f391f69617b,2026-08-10,,2026-08-16T13:48:42+00:00,BaoStock query_stock_industry,observation,medium
MEMBERSHIP_f36b089cb9a337dd112c,CNINFO_ORG_9900019960,INDUSTRY_17cf2674a1f785e3272e,2026-08-10,,2026-08-16T13:48:42+00:00,BaoStock query_stock_industry,observation,medium
MEMBERSHIP_2f0eab86447557b940ee,CNINFO_ORG_9900020087,INDUSTRY_90d9ee5bdc1ee446fff0,2026-08-10,,2026-08-16T13:48:42+00:00,BaoStock query_stock_industry,observation,medium
MEMBERSHIP_650c2dce2bb9e9f9961c,CNINFO_ORG_9900020088,INDUSTRY_af522b5025b7206d78cb,2026-08-10,,2026-08-16T13:48:42+00:00,BaoStock query_stock_industry,observation,medium
MEMBERSHIP_ef32156ac6c13a5a55df,CNINFO_ORG_9900020089,INDUSTRY_8c865bedc2ef9574d2e5,2026-08-10,,2026-08-16T13:48:42+00:00,BaoStock query_stock_industry,observation,medium
MEMBERSHIP_4ad6839591f533b94e34,CNINFO_ORG_9900020090,INDUSTRY_e7fb954d2ab5bf5bc733,2026-08-10,,2026-08-16T13:48:42+00:00,BaoStock query_stock_industry,observation,medium
MEMBERSHIP_72e4000a715106fda6ee,CNINFO_ORG_9900009048,INDUSTRY_af522b5025b7206d78cb,2026-08-10,,2026-08-16T13:48:42+00:00,BaoStock query_stock_industry,observation,medium
MEMBERSHIP_e73f203ce06a11daf734,CNINFO_ORG_9900020254,INDUSTRY_e7fb954d2ab5bf5bc733,2026-08-10,,2026-08-16T13:48:42+00:00,BaoStock query_stock_industry,observation,medium
MEMBERSHIP_1b57933a70d4353d0766,CNINFO_ORG_9900020387,INDUSTRY_e7fb954d2ab5bf5bc733,2026-08-10,,2026-08-16T13:48:42+00:00,BaoStock query_stock_industry,observation,medium
MEMBERSHIP_258929cb1fc498a10b64,CNINFO_ORG_gshk0001211,INDUSTRY_e7fb954d2ab5bf5bc733,2026-08-10,,2026-08-16T13:48:42+00:00,BaoStock query_stock_industry,observation,medium
MEMBERSHIP_431418561ab08afecc5d,CNINFO_ORG_9900020389,INDUSTRY_3875d79da62b4dff67e8,2026-08-10,,2026-08-16T13:48:42+00:00,BaoStock query_stock_industry,observation,medium
MEMBERSHIP_f2b98e58759a3c138ef3,CNINFO_ORG_9900020487,INDUSTRY_7063d42ae24daea94a9c,2026-08-10,,2026-08-16T13:48:42+00:00,BaoStock query_stock_industry,observation,medium
MEMBERSHIP_bb1aa961f01814a28310,CNINFO_ORG_9900020703,INDUSTRY_34765f16a5c28d382e0e,2026-08-10,,2026-08-16T13:48:42+00:00,BaoStock query_stock_industry,observation,medium
MEMBERSHIP_ac64df26569294c76362,CNINFO_ORG_9900020704,INDUSTRY_35fe091671cdb8d5f5e0,2026-08-10,,2026-08-16T13:48:42+00:00,BaoStock query_stock_industry,observation,medium
MEMBERSHIP_34839a652a442a9647be,CNINFO_ORG_9900020847,INDUSTRY_d4840241b65679c56046,2026-08-10,,2026-08-16T13:48:42+00:00,BaoStock query_stock_industry,observation,medium
MEMBERSHIP_fdeec1bd18a3d8ed502d,CNINFO_ORG_9900020848,INDUSTRY_90d9ee5bdc1ee446fff0,2026-08-10,,2026-08-16T13:48:42+00:00,BaoStock query_stock_industry,observation,medium
MEMBERSHIP_4ebc7938b91e2883200d,CNINFO_ORG_9900020849,INDUSTRY_af522b5025b7206d78cb,2026-08-10,,2026-08-16T13:48:42+00:00,BaoStock query_stock_industry,observation,medium
MEMBERSHIP_d30e3d74dab979a866c2,CNINFO_ORG_9900021007,INDUSTRY_9f7679f9ad900c7a65d2,2026-08-10,,2026-08-16T13:48:42+00:00,BaoStock query_stock_industry,observation,medium
MEMBERSHIP_49d9a0f35539ea4d3c92,CNINFO_ORG_9900021072,INDUSTRY_eb1bb5863556657a5ed0,2026-08-10,,2026-08-16T13:48:42+00:00,BaoStock query_stock_industry,observation,medium
MEMBERSHIP_b8fbc1846a93f9bc17c0,CNINFO_ORG_9900021171,INDUSTRY_9f7679f9ad900c7a65d2,2026-08-10,,2026-08-16T13:48:42+00:00,BaoStock query_stock_industry,observation,medium
MEMBERSHIP_89781d697cb028143edc,CNINFO_ORG_9900021172,INDUSTRY_b90e93f47f56746b9938,2026-08-10,,2026-08-16T13:48:42+00:00,BaoStock query_stock_industry,observation,medium
MEMBERSHIP_aec1ed2c62d80d179097,CNINFO_ORG_9900021221,INDUSTRY_c8bacf718e8395c6b293,2026-08-10,,2026-08-16T13:48:42+00:00,BaoStock query_stock_industry,observation,medium
MEMBERSHIP_a38a00f92e8d445f9b67,CNINFO_ORG_9900021237,INDUSTRY_f9da9c9738f21980b6d7,2026-08-10,,2026-08-16T13:48:42+00:00,BaoStock query_stock_industry,observation,medium
MEMBERSHIP_747c3e4fcf09a590f559,CNINFO_ORG_9900021238,INDUSTRY_fcb657f75803ca816490,2026-08-10,,2026-08-16T13:48:42+00:00,BaoStock query_stock_industry,observation,medium
MEMBERSHIP_6a8ef643624d5625f8df,CNINFO_ORG_9900021298,INDUSTRY_3875d79da62b4dff67e8,2026-08-10,,2026-08-16T13:48:42+00:00,BaoStock query_stock_industry,observation,medium
MEMBERSHIP_3cf630159691642ef545,CNINFO_ORG_9900021326,INDUSTRY_857cc70f4407799bbfbc,2026-08-10,,2026-08-16T13:48:42+00:00,BaoStock query_stock_industry,observation,medium
MEMBERSHIP_e78144747f8daf28b12c,CNINFO_ORG_9900021350,INDUSTRY_3875d79da62b4dff67e8,2026-08-10,,2026-08-16T13:48:42+00:00,BaoStock query_stock_industry,observation,medium
MEMBERSHIP_f8ced0bed7528bbe8251,CNINFO_ORG_9900021412,INDUSTRY_b90e93f47f56746b9938,2026-08-10,,2026-08-16T13:48:42+00:00,BaoStock query_stock_industry,observation,medium
MEMBERSHIP_23a33b22ec213cabe628,CNINFO_ORG_9900021413,INDUSTRY_be6d1ff74018fda3a9a4,2026-08-10,,2026-08-16T13:48:42+00:00,BaoStock query_stock_industry,observation,medium
MEMBERSHIP_0f9248fc9a15bab54ffd,CNINFO_ORG_9900021434,INDUSTRY_ee9bbaf36a819df8934d,2026-08-10,,2026-08-16T13:48:42+00:00,BaoStock query_stock_industry,observation,medium
MEMBERSHIP_7597a99aea1d35b3bb49,CNINFO_ORG_9900021430,INDUSTRY_b90e93f47f56746b9938,2026-08-10,,2026-08-16T13:48:42+00:00,BaoStock query_stock_industry,observation,medium
MEMBERSHIP_ce5a82a3b440198c71ac,CNINFO_ORG_9900021475,INDUSTRY_1395c3d9f1fe1a080e75,2026-08-10,,2026-08-16T13:48:42+00:00,BaoStock query_stock_industry,observation,medium
MEMBERSHIP_e43f492f65bf15cae47d,CNINFO_ORG_9900021500,INDUSTRY_dfb3dd085310dba8a2e0,2026-08-10,,2026-08-16T13:48:42+00:00,BaoStock query_stock_industry,observation,medium
MEMBERSHIP_1cca051d76404350d324,CNINFO_ORG_9900021501,INDUSTRY_7063d42ae24daea94a9c,2026-08-10,,2026-08-16T13:48:42+00:00,BaoStock query_stock_industry,observation,medium
MEMBERSHIP_725d749b4d64351fad81,CNINFO_ORG_9900021520,INDUSTRY_9f7679f9ad900c7a65d2,2026-08-10,,2026-08-16T13:48:42+00:00,BaoStock query_stock_industry,observation,medium
MEMBERSHIP_62f097f02ef66de8ef91,CNINFO_ORG_9900021556,INDUSTRY_ad86b4a2a3856ba2d571,2026-08-10,,2026-08-16T13:48:42+00:00,BaoStock query_stock_industry,observation,medium
MEMBERSHIP_9ba2139a49792c01ef04,CNINFO_ORG_9900021528,INDUSTRY_34765f16a5c28d382e0e,2026-08-10,,2026-08-16T13:48:42+00:00,BaoStock query_stock_industry,observation,medium
MEMBERSHIP_56162f7eb7fdb8b43519,CNINFO_ORG_9900021537,INDUSTRY_1233924bed568c1b168b,2026-08-10,,2026-08-16T13:48:42+00:00,BaoStock query_stock_industry,observation,medium
MEMBERSHIP_caef15179546d3fe7d27,CNINFO_ORG_9900021545,INDUSTRY_17cf2674a1f785e3272e,2026-08-10,,2026-08-16T13:48:42+00:00,BaoStock query_stock_industry,observation,medium
MEMBERSHIP_501efb27a65f73bbb43c,CNINFO_ORG_9900021552,INDUSTRY_93d93f4712457bea147b,2026-08-10,,2026-08-16T13:48:42+00:00,BaoStock query_stock_industry,observation,medium
MEMBERSHIP_ad37bbacafcee940b59b,CNINFO_ORG_9900021630,INDUSTRY_35fe091671cdb8d5f5e0,2026-08-10,,2026-08-16T13:48:42+00:00,BaoStock query_stock_industry,observation,medium
MEMBERSHIP_77e15d6d5bc4ed5bed54,CNINFO_ORG_9900021631,INDUSTRY_c49db8c55c2b36c315c6,2026-08-10,,2026-08-16T13:48:42+00:00,BaoStock query_stock_industry,observation,medium
MEMBERSHIP_582886eded0e8c6e2a4b,CNINFO_ORG_9900021691,INDUSTRY_af522b5025b7206d78cb,2026-08-10,,2026-08-16T13:48:42+00:00,BaoStock query_stock_industry,observation,medium
MEMBERSHIP_71a27189e2d2842e05e3,CNINFO_ORG_9900021749,INDUSTRY_35fe091671cdb8d5f5e0,2026-08-10,,2026-08-16T13:48:42+00:00,BaoStock query_stock_industry,observation,medium
MEMBERSHIP_9da4ab3d92b0909b4603,CNINFO_ORG_9900021794,INDUSTRY_857cc70f4407799bbfbc,2026-08-10,,2026-08-16T13:48:42+00:00,BaoStock query_stock_industry,observation,medium
MEMBERSHIP_06689ab0703829620897,CNINFO_ORG_9900021759,INDUSTRY_90d9ee5bdc1ee446fff0,2026-08-10,,2026-08-16T13:48:42+00:00,BaoStock query_stock_industry,observation,medium
MEMBERSHIP_a3e582b97abe16113819,CNINFO_ORG_9900021766,INDUSTRY_90d9ee5bdc1ee446fff0,2026-08-10,,2026-08-16T13:48:42+00:00,BaoStock query_stock_industry,observation,medium
MEMBERSHIP_232674e5899005206af4,CNINFO_ORG_9900021767,INDUSTRY_af522b5025b7206d78cb,2026-08-10,,2026-08-16T13:48:42+00:00,BaoStock query_stock_industry,observation,medium
MEMBERSHIP_374823e9a4191ccd5a73,CNINFO_ORG_9900021768,INDUSTRY_b90e93f47f56746b9938,2026-08-10,,2026-08-16T13:48:42+00:00,BaoStock query_stock_industry,observation,medium
MEMBERSHIP_2bb0f58f1c96d5a1f332,CNINFO_ORG_9900021772,INDUSTRY_35fe091671cdb8d5f5e0,2026-08-10,,2026-08-16T13:48:42+00:00,BaoStock query_stock_industry,observation,medium
MEMBERSHIP_b62ff7328b0440919b56,CNINFO_ORG_9900021795,INDUSTRY_4fb51c32200208ed64a8,2026-08-10,,2026-08-16T13:48:42+00:00,BaoStock query_stock_industry,observation,medium
MEMBERSHIP_17ba60622655e4e0b337,CNINFO_ORG_9900021802,INDUSTRY_b62fae243f391f69617b,2026-08-10,,2026-08-16T13:48:42+00:00,BaoStock query_stock_industry,observation,medium
MEMBERSHIP_22d5f95126f723824eda,CNINFO_ORG_9900021847,INDUSTRY_fcb657f75803ca816490,2026-08-10,,2026-08-16T13:48:42+00:00,BaoStock query_stock_industry,observation,medium
MEMBERSHIP_bc8d66173759771f7980,CNINFO_ORG_9900021848,INDUSTRY_af522b5025b7206d78cb,2026-08-10,,2026-08-16T13:48:42+00:00,BaoStock query_stock_industry,observation,medium
MEMBERSHIP_adc3453cce7c32bd866f,CNINFO_ORG_9900021870,INDUSTRY_eb1bb5863556657a5ed0,2026-08-10,,2026-08-16T13:48:42+00:00,BaoStock query_stock_industry,observation,medium
MEMBERSHIP_bd907d63c57275da66bc,CNINFO_ORG_9900021858,INDUSTRY_2c3b8b7969b736730fe1,2026-08-10,,2026-08-16T13:48:42+00:00,BaoStock query_stock_industry,observation,medium
MEMBERSHIP_99dd03d96d376792bd99,CNINFO_ORG_9900021859,INDUSTRY_c8598f31bb2607e3007b,2026-08-10,,2026-08-16T13:48:42+00:00,BaoStock query_stock_industry,observation,medium
MEMBERSHIP_928ed9042fc7ab6e00c3,CNINFO_ORG_9900021885,INDUSTRY_7ee4f97d9c6b6c9f19de,2026-08-10,,2026-08-16T13:48:42+00:00,BaoStock query_stock_industry,observation,medium
MEMBERSHIP_b3ece7ca5c3a30d5bdb8,CNINFO_ORG_9900021886,INDUSTRY_af522b5025b7206d78cb,2026-08-10,,2026-08-16T13:48:42+00:00,BaoStock query_stock_industry,observation,medium
MEMBERSHIP_7827bb81786b7cb5bcd8,CNINFO_ORG_9900021913,INDUSTRY_fcb657f75803ca816490,2026-08-10,,2026-08-16T13:48:42+00:00,BaoStock query_stock_industry,observation,medium
MEMBERSHIP_febedc59a34ca2c32e40,CNINFO_ORG_9900021914,INDUSTRY_34765f16a5c28d382e0e,2026-08-10,,2026-08-16T13:48:42+00:00,BaoStock query_stock_industry,observation,medium
MEMBERSHIP_45ae8fc9749b038b3056,CNINFO_ORG_9900021920,INDUSTRY_3875d79da62b4dff67e8,2026-08-10,,2026-08-16T13:48:42+00:00,BaoStock query_stock_industry,observation,medium
MEMBERSHIP_f5fb41dba6b7deb76c17,CNINFO_ORG_9900021982,INDUSTRY_be6d1ff74018fda3a9a4,2026-08-10,,2026-08-16T13:48:42+00:00,BaoStock query_stock_industry,observation,medium
MEMBERSHIP_f4da5c9fecd16ad76fce,CNINFO_ORG_9900021961,INDUSTRY_eb1bb5863556657a5ed0,2026-08-10,,2026-08-16T13:48:42+00:00,BaoStock query_stock_industry,observation,medium
MEMBERSHIP_e17d379456ef2b47c183,CNINFO_ORG_9900022054,INDUSTRY_91e10380fe1770769bdb,2026-08-10,,2026-08-16T13:48:42+00:00,BaoStock query_stock_industry,observation,medium
MEMBERSHIP_3a85fc924d09d279659a,CNINFO_ORG_9900022079,INDUSTRY_90d9ee5bdc1ee446fff0,2026-08-10,,2026-08-16T13:48:42+00:00,BaoStock query_stock_industry,observation,medium
MEMBERSHIP_c29d98ae8adbf1340b1a,CNINFO_ORG_9900022094,INDUSTRY_857cc70f4407799bbfbc,2026-08-10,,2026-08-16T13:48:42+00:00,BaoStock query_stock_industry,observation,medium
MEMBERSHIP_4f4063dc6ffae9ca69fa,CNINFO_ORG_9900022100,INDUSTRY_fcb657f75803ca816490,2026-08-10,,2026-08-16T13:48:42+00:00,BaoStock query_stock_industry,observation,medium
MEMBERSHIP_8e0fb5cf5d3001247e5f,CNINFO_ORG_9900022113,INDUSTRY_735889820fa0518be404,2026-08-10,,2026-08-16T13:48:42+00:00,BaoStock query_stock_industry,observation,medium
MEMBERSHIP_3c22d8a25f779820e51e,CNINFO_ORG_9900022143,INDUSTRY_c8bacf718e8395c6b293,2026-08-10,,2026-08-16T13:48:42+00:00,BaoStock query_stock_industry,observation,medium
MEMBERSHIP_728f18cf9328d559aa60,CNINFO_ORG_9900022169,INDUSTRY_90d9ee5bdc1ee446fff0,2026-08-10,,2026-08-16T13:48:42+00:00,BaoStock query_stock_industry,observation,medium
MEMBERSHIP_dda73c78e17d4ed88b5c,CNINFO_ORG_9900022153,INDUSTRY_34765f16a5c28d382e0e,2026-08-10,,2026-08-16T13:48:42+00:00,BaoStock query_stock_industry,observation,medium
MEMBERSHIP_233d1f466bb38e700d97,CNINFO_ORG_9900022144,INDUSTRY_e7fb954d2ab5bf5bc733,2026-08-10,,2026-08-16T13:48:42+00:00,BaoStock query_stock_industry,observation,medium
MEMBERSHIP_07326e99248c71789261,CNINFO_ORG_9900022158,INDUSTRY_17cf2674a1f785e3272e,2026-08-10,,2026-08-16T13:48:42+00:00,BaoStock query_stock_industry,observation,medium
MEMBERSHIP_d7a7c597bb883bcac688,CNINFO_ORG_9900022159,INDUSTRY_e7fb954d2ab5bf5bc733,2026-08-10,,2026-08-16T13:48:42+00:00,BaoStock query_stock_industry,observation,medium
MEMBERSHIP_ce85ab4d5df86cf43437,CNINFO_ORG_9900022216,INDUSTRY_af522b5025b7206d78cb,2026-08-10,,2026-08-16T13:48:42+00:00,BaoStock query_stock_industry,observation,medium
MEMBERSHIP_09e5c085938d9359dd3b,CNINFO_ORG_9900022274,INDUSTRY_fc163d1647ca522ec4cd,2026-08-10,,2026-08-16T13:48:42+00:00,BaoStock query_stock_industry,observation,medium
MEMBERSHIP_bfcb1b0fd26ef4231e61,CNINFO_ORG_9900022336,INDUSTRY_b90e93f47f56746b9938,2026-08-10,,2026-08-16T13:48:42+00:00,BaoStock query_stock_industry,observation,medium
MEMBERSHIP_1cdcd4ec891016c5dabb,CNINFO_ORG_9900022368,INDUSTRY_af522b5025b7206d78cb,2026-08-10,,2026-08-16T13:48:42+00:00,BaoStock query_stock_industry,observation,medium
MEMBERSHIP_814f22787b437793bc4e,CNINFO_ORG_9900022401,INDUSTRY_963e913f30a1f4833ac7,2026-08-10,,2026-08-16T13:48:42+00:00,BaoStock query_stock_industry,observation,medium
MEMBERSHIP_2a033ee856e8c124b5bd,CNINFO_ORG_9900022509,INDUSTRY_7063d42ae24daea94a9c,2026-08-10,,2026-08-16T13:48:42+00:00,BaoStock query_stock_industry,observation,medium
MEMBERSHIP_9c9f7ed20af15d97bc0a,CNINFO_ORG_gshk0008230,INDUSTRY_2c3b8b7969b736730fe1,2026-08-10,,2026-08-16T13:48:42+00:00,BaoStock query_stock_industry,observation,medium
MEMBERSHIP_c0d70016ab6a8b2d8af2,CNINFO_ORG_qsgn0000644,INDUSTRY_963e913f30a1f4833ac7,2026-08-10,,2026-08-16T13:48:42+00:00,BaoStock query_stock_industry,observation,medium
MEMBERSHIP_156ea32d3a801c960f6a,CNINFO_ORG_9900022573,INDUSTRY_3e41c6b832b570c4f5d1,2026-08-10,,2026-08-16T13:48:42+00:00,BaoStock query_stock_industry,observation,medium
MEMBERSHIP_48588920beb1813afe1b,CNINFO_ORG_9900022707,INDUSTRY_eb1bb5863556657a5ed0,2026-08-10,,2026-08-16T13:48:42+00:00,BaoStock query_stock_industry,observation,medium
MEMBERSHIP_5108eea33e5f059bc533,CNINFO_ORG_9900022708,INDUSTRY_b62fae243f391f69617b,2026-08-10,,2026-08-16T13:48:42+00:00,BaoStock query_stock_industry,observation,medium
MEMBERSHIP_4c49dc45ada8ec9fa018,CNINFO_ORG_9900022709,INDUSTRY_b90e93f47f56746b9938,2026-08-10,,2026-08-16T13:48:42+00:00,BaoStock query_stock_industry,observation,medium
MEMBERSHIP_ebc1f50a053942722eda,CNINFO_ORG_9900022739,INDUSTRY_4b6bcfe2a650f11508e5,2026-08-10,,2026-08-16T13:48:42+00:00,BaoStock query_stock_industry,observation,medium
MEMBERSHIP_715b76a312d494f5adfa,CNINFO_ORG_9900022738,INDUSTRY_bee9571cb6d947de577f,2026-08-10,,2026-08-16T13:48:42+00:00,BaoStock query_stock_industry,observation,medium
MEMBERSHIP_9a351e64219122d26696,CNINFO_ORG_9900022749,INDUSTRY_90d9ee5bdc1ee446fff0,2026-08-10,,2026-08-16T13:48:42+00:00,BaoStock query_stock_industry,observation,medium
MEMBERSHIP_68bc1d4ba7caa91be394,CNINFO_ORG_9900022781,INDUSTRY_78ad5e2bbce7305748bd,2026-08-10,,2026-08-16T13:48:42+00:00,BaoStock query_stock_industry,observation,medium
MEMBERSHIP_121c8673724d28762914,CNINFO_ORG_9900006140,INDUSTRY_93d93f4712457bea147b,2026-08-10,,2026-08-16T13:48:42+00:00,BaoStock query_stock_industry,observation,medium
MEMBERSHIP_c939dc8f276b5496c864,CNINFO_ORG_9900022782,INDUSTRY_35fe091671cdb8d5f5e0,2026-08-10,,2026-08-16T13:48:42+00:00,BaoStock query_stock_industry,observation,medium
MEMBERSHIP_8a4cd2466fa1f8643c06,CNINFO_ORG_9900022841,INDUSTRY_35fe091671cdb8d5f5e0,2026-08-10,,2026-08-16T13:48:42+00:00,BaoStock query_stock_industry,observation,medium
MEMBERSHIP_f848d646e51307e8f0c6,CNINFO_ORG_9900022920,INDUSTRY_857cc70f4407799bbfbc,2026-08-10,,2026-08-16T13:48:42+00:00,BaoStock query_stock_industry,observation,medium
MEMBERSHIP_71765dca1ac6624a5b8f,CNINFO_ORG_9900023128,INDUSTRY_eb1bb5863556657a5ed0,2026-08-10,,2026-08-16T13:48:42+00:00,BaoStock query_stock_industry,observation,medium
MEMBERSHIP_1c72c25b5aca60807b37,CNINFO_ORG_9900022993,INDUSTRY_35fe091671cdb8d5f5e0,2026-08-10,,2026-08-16T13:48:42+00:00,BaoStock query_stock_industry,observation,medium
MEMBERSHIP_7e3e8c19cc9fbdcace10,CNINFO_ORG_9900023234,INDUSTRY_3875d79da62b4dff67e8,2026-08-10,,2026-08-16T13:48:42+00:00,BaoStock query_stock_industry,observation,medium
MEMBERSHIP_82b3de09a15e27fa9a49,CNINFO_ORG_9900023236,INDUSTRY_3875d79da62b4dff67e8,2026-08-10,,2026-08-16T13:48:42+00:00,BaoStock query_stock_industry,observation,medium
MEMBERSHIP_382bb6ce0557d225175d,CNINFO_ORG_9900023230,INDUSTRY_b90e93f47f56746b9938,2026-08-10,,2026-08-16T13:48:42+00:00,BaoStock query_stock_industry,observation,medium
MEMBERSHIP_b9a2d187a1e46faee63b,CNINFO_ORG_9900022952,INDUSTRY_eb1bb5863556657a5ed0,2026-08-10,,2026-08-16T13:48:42+00:00,BaoStock query_stock_industry,observation,medium
MEMBERSHIP_2e549727302e1f490daf,CNINFO_ORG_9900023214,INDUSTRY_b62fae243f391f69617b,2026-08-10,,2026-08-16T13:48:42+00:00,BaoStock query_stock_industry,observation,medium
MEMBERSHIP_9dfca7e2ed5db060be16,CNINFO_ORG_9900023215,INDUSTRY_06f2dd83830b4e6e7446,2026-08-10,,2026-08-16T13:48:42+00:00,BaoStock query_stock_industry,observation,medium
MEMBERSHIP_cc0362bd50aa62d10c31,CNINFO_ORG_9900023143,INDUSTRY_06f2dd83830b4e6e7446,2026-08-10,,2026-08-16T13:48:42+00:00,BaoStock query_stock_industry,observation,medium
MEMBERSHIP_8e30ffa1b9a3faca6d07,CNINFO_ORG_9900023218,INDUSTRY_4fb51c32200208ed64a8,2026-08-10,,2026-08-16T13:48:42+00:00,BaoStock query_stock_industry,observation,medium
MEMBERSHIP_f4341b3e560dc3138fa2,CNINFO_ORG_9900023192,INDUSTRY_35fe091671cdb8d5f5e0,2026-08-10,,2026-08-16T13:48:42+00:00,BaoStock query_stock_industry,observation,medium
MEMBERSHIP_36d0e88e775b4a192cc6,CNINFO_ORG_9900023125,INDUSTRY_2b12590880b654376532,2026-08-10,,2026-08-16T13:48:42+00:00,BaoStock query_stock_industry,observation,medium
MEMBERSHIP_055a98a151879fd28c70,CNINFO_ORG_9900023208,INDUSTRY_be6d1ff74018fda3a9a4,2026-08-10,,2026-08-16T13:48:42+00:00,BaoStock query_stock_industry,observation,medium
MEMBERSHIP_ed7ae00689dab3d46697,CNINFO_ORG_9900023240,INDUSTRY_06f2dd83830b4e6e7446,2026-08-10,,2026-08-16T13:48:42+00:00,BaoStock query_stock_industry,observation,medium
MEMBERSHIP_7fe6dd8cb001ea2223bf,CNINFO_ORG_gshk0008331,INDUSTRY_e7fb954d2ab5bf5bc733,2026-08-10,,2026-08-16T13:48:42+00:00,BaoStock query_stock_industry,observation,medium
MEMBERSHIP_08af803541a9eb783da2,CNINFO_ORG_9900023005,INDUSTRY_b90e93f47f56746b9938,2026-08-10,,2026-08-16T13:48:42+00:00,BaoStock query_stock_industry,observation,medium
MEMBERSHIP_22977e16fabe4b0adfe8,CNINFO_ORG_9900023117,INDUSTRY_b90e93f47f56746b9938,2026-08-10,,2026-08-16T13:48:42+00:00,BaoStock query_stock_industry,observation,medium
MEMBERSHIP_b06d96d735ffefd14f5c,CNINFO_ORG_9900023126,INDUSTRY_91e10380fe1770769bdb,2026-08-10,,2026-08-16T13:48:42+00:00,BaoStock query_stock_industry,observation,medium
MEMBERSHIP_dd79fba886a92ef04835,CNINFO_ORG_9900023255,INDUSTRY_e7fb954d2ab5bf5bc733,2026-08-10,,2026-08-16T13:48:42+00:00,BaoStock query_stock_industry,observation,medium
MEMBERSHIP_9615cc638d903b4f4d4d,CNINFO_ORG_9900022986,INDUSTRY_90d9ee5bdc1ee446fff0,2026-08-10,,2026-08-16T13:48:42+00:00,BaoStock query_stock_industry,observation,medium
MEMBERSHIP_4128680bab43442cec73,CNINFO_ORG_9900022963,INDUSTRY_91e10380fe1770769bdb,2026-08-10,,2026-08-16T13:48:42+00:00,BaoStock query_stock_industry,observation,medium
MEMBERSHIP_8e5d6867032bd9828d10,CNINFO_ORG_9900022996,INDUSTRY_1395c3d9f1fe1a080e75,2026-08-10,,2026-08-16T13:48:42+00:00,BaoStock query_stock_industry,observation,medium
MEMBERSHIP_4eaea86a4dad9b9a7934,CNINFO_ORG_9900022995,INDUSTRY_9b846d32ce44d8ac60c7,2026-08-10,,2026-08-16T13:48:42+00:00,BaoStock query_stock_industry,observation,medium
MEMBERSHIP_ac0e781af1efc1a587da,CNINFO_ORG_9900023194,INDUSTRY_e7fb954d2ab5bf5bc733,2026-08-10,,2026-08-16T13:48:42+00:00,BaoStock query_stock_industry,observation,medium
MEMBERSHIP_987f297de241105e30fb,CNINFO_ORG_9900023224,INDUSTRY_fc163d1647ca522ec4cd,2026-08-10,,2026-08-16T13:48:42+00:00,BaoStock query_stock_industry,observation,medium
MEMBERSHIP_5e416cfeee2a48c53139,CNINFO_ORG_9900023171,INDUSTRY_ee9bbaf36a819df8934d,2026-08-10,,2026-08-16T13:48:42+00:00,BaoStock query_stock_industry,observation,medium
MEMBERSHIP_5825cf517556d88077ae,CNINFO_ORG_9900022985,INDUSTRY_6dac68c9cedde793b110,2026-08-10,,2026-08-16T13:48:42+00:00,BaoStock query_stock_industry,observation,medium
MEMBERSHIP_eaa9fc1b1e99ab96b56e,CNINFO_ORG_9900023119,INDUSTRY_34765f16a5c28d382e0e,2026-08-10,,2026-08-16T13:48:42+00:00,BaoStock query_stock_industry,observation,medium
MEMBERSHIP_ecb554397f557d10cb1b,CNINFO_ORG_9900023233,INDUSTRY_4b6bcfe2a650f11508e5,2026-08-10,,2026-08-16T13:48:42+00:00,BaoStock query_stock_industry,observation,medium
MEMBERSHIP_6619fd4c4a2238c76c8e,CNINFO_ORG_9900023197,INDUSTRY_be6d1ff74018fda3a9a4,2026-08-10,,2026-08-16T13:48:42+00:00,BaoStock query_stock_industry,observation,medium
MEMBERSHIP_89651df36adb3d7ee038,CNINFO_ORG_9900027909,INDUSTRY_b90e93f47f56746b9938,2026-08-10,,2026-08-16T13:48:42+00:00,BaoStock query_stock_industry,observation,medium
MEMBERSHIP_47f35f1e17f327d9c352,CNINFO_ORG_9900023121,INDUSTRY_b90e93f47f56746b9938,2026-08-10,,2026-08-16T13:48:42+00:00,BaoStock query_stock_industry,observation,medium
MEMBERSHIP_3e28a50099a653dbc0b1,CNINFO_ORG_9900023238,INDUSTRY_e7fb954d2ab5bf5bc733,2026-08-10,,2026-08-16T13:48:42+00:00,BaoStock query_stock_industry,observation,medium
MEMBERSHIP_1c4a985fa72f832adfce,CNINFO_ORG_9900023003,INDUSTRY_06f2dd83830b4e6e7446,2026-08-10,,2026-08-16T13:48:42+00:00,BaoStock query_stock_industry,observation,medium
MEMBERSHIP_4f5f5a75e37c44c958fa,CNINFO_ORG_9900023195,INDUSTRY_4fb51c32200208ed64a8,2026-08-10,,2026-08-16T13:48:42+00:00,BaoStock query_stock_industry,observation,medium
MEMBERSHIP_30cce5e633c9407a01c6,CNINFO_ORG_9900023186,INDUSTRY_eb1bb5863556657a5ed0,2026-08-10,,2026-08-16T13:48:42+00:00,BaoStock query_stock_industry,observation,medium
MEMBERSHIP_28fed277f0748adfbbe8,CNINFO_ORG_9900023135,INDUSTRY_90d9ee5bdc1ee446fff0,2026-08-10,,2026-08-16T13:48:42+00:00,BaoStock query_stock_industry,observation,medium
MEMBERSHIP_5e5d5c0c2fb38c54954c,CNINFO_ORG_9900023237,INDUSTRY_3875d79da62b4dff67e8,2026-08-10,,2026-08-16T13:48:42+00:00,BaoStock query_stock_industry,observation,medium
MEMBERSHIP_b9516c4282a819c6b5e8,CNINFO_ORG_9900022974,INDUSTRY_4b6bcfe2a650f11508e5,2026-08-10,,2026-08-16T13:48:42+00:00,BaoStock query_stock_industry,observation,medium
MEMBERSHIP_fbfa856f932efd41d647,CNINFO_ORG_9900022959,INDUSTRY_34765f16a5c28d382e0e,2026-08-10,,2026-08-16T13:48:42+00:00,BaoStock query_stock_industry,observation,medium
MEMBERSHIP_8de4a0a121d19899aa67,CNINFO_ORG_9900023165,INDUSTRY_b90e93f47f56746b9938,2026-08-10,,2026-08-16T13:48:42+00:00,BaoStock query_stock_industry,observation,medium
MEMBERSHIP_388a9a6a03cac8141fdb,CNINFO_ORG_9900022967,INDUSTRY_af522b5025b7206d78cb,2026-08-10,,2026-08-16T13:48:42+00:00,BaoStock query_stock_industry,observation,medium
MEMBERSHIP_427ffb626abee969beaf,CNINFO_ORG_9900023181,INDUSTRY_b62fae243f391f69617b,2026-08-10,,2026-08-16T13:48:42+00:00,BaoStock query_stock_industry,observation,medium
MEMBERSHIP_37daebff1a4dcb993e35,CNINFO_ORG_9900004734,INDUSTRY_963e913f30a1f4833ac7,2026-08-10,,2026-08-16T13:48:42+00:00,BaoStock query_stock_industry,observation,medium
MEMBERSHIP_07a293f3fd867abb418d,CNINFO_ORG_9900023185,INDUSTRY_eb1bb5863556657a5ed0,2026-08-10,,2026-08-16T13:48:42+00:00,BaoStock query_stock_industry,observation,medium
MEMBERSHIP_19285fddfb4a8a3fd179,CNINFO_ORG_9900015289,INDUSTRY_fc163d1647ca522ec4cd,2026-08-10,,2026-08-16T13:48:42+00:00,BaoStock query_stock_industry,observation,medium
MEMBERSHIP_df5edbe665b615c002b7,CNINFO_ORG_9900022983,INDUSTRY_a3b7ae0c6bfa4b2b7bfb,2026-08-10,,2026-08-16T13:48:42+00:00,BaoStock query_stock_industry,observation,medium
MEMBERSHIP_668fd94e0cb68684387d,CNINFO_ORG_9900023101,INDUSTRY_90d9ee5bdc1ee446fff0,2026-08-10,,2026-08-16T13:48:42+00:00,BaoStock query_stock_industry,observation,medium
MEMBERSHIP_c762aed200cde1f4c665,CNINFO_ORG_9900022970,INDUSTRY_7063d42ae24daea94a9c,2026-08-10,,2026-08-16T13:48:42+00:00,BaoStock query_stock_industry,observation,medium
MEMBERSHIP_2f0812a67528a9be3681,CNINFO_ORG_9900023252,INDUSTRY_be6d1ff74018fda3a9a4,2026-08-10,,2026-08-16T13:48:42+00:00,BaoStock query_stock_industry,observation,medium
MEMBERSHIP_8c6109eb37be6b2e9493,CNINFO_ORG_9900023188,INDUSTRY_b90e93f47f56746b9938,2026-08-10,,2026-08-16T13:48:42+00:00,BaoStock query_stock_industry,observation,medium
MEMBERSHIP_2c0ede5e0d694aff2fd0,CNINFO_ORG_9900023137,INDUSTRY_06f2dd83830b4e6e7446,2026-08-10,,2026-08-16T13:48:42+00:00,BaoStock query_stock_industry,observation,medium
MEMBERSHIP_5cc62589c0e02a264d30,CNINFO_ORG_9900022936,INDUSTRY_35fe091671cdb8d5f5e0,2026-08-10,,2026-08-16T13:48:42+00:00,BaoStock query_stock_industry,observation,medium
MEMBERSHIP_091b89d61db9b1159827,CNINFO_ORG_9900023138,INDUSTRY_af522b5025b7206d78cb,2026-08-10,,2026-08-16T13:48:42+00:00,BaoStock query_stock_industry,observation,medium
MEMBERSHIP_ec6d4255384ebd965f15,CNINFO_ORG_9900023788,INDUSTRY_af522b5025b7206d78cb,2026-08-10,,2026-08-16T13:48:42+00:00,BaoStock query_stock_industry,observation,medium
MEMBERSHIP_5b9c2bf10373e60e71ce,CNINFO_ORG_9900022981,INDUSTRY_be6d1ff74018fda3a9a4,2026-08-10,,2026-08-16T13:48:42+00:00,BaoStock query_stock_industry,observation,medium
MEMBERSHIP_bda43d161454842a46cc,CNINFO_ORG_9900022937,INDUSTRY_af522b5025b7206d78cb,2026-08-10,,2026-08-16T13:48:42+00:00,BaoStock query_stock_industry,observation,medium
MEMBERSHIP_d0fe91e99ff0b8e81937,CNINFO_ORG_9900022950,INDUSTRY_eb1bb5863556657a5ed0,2026-08-10,,2026-08-16T13:48:42+00:00,BaoStock query_stock_industry,observation,medium
MEMBERSHIP_49a6b502f713bb2904a6,CNINFO_ORG_9900022998,INDUSTRY_fc163d1647ca522ec4cd,2026-08-10,,2026-08-16T13:48:42+00:00,BaoStock query_stock_industry,observation,medium
MEMBERSHIP_dd359308138563c68e8b,CNINFO_ORG_9900023647,INDUSTRY_3875d79da62b4dff67e8,2026-08-10,,2026-08-16T13:48:42+00:00,BaoStock query_stock_industry,observation,medium
MEMBERSHIP_25c95b014ec0e6a80a3e,CNINFO_ORG_9900023652,INDUSTRY_8c865bedc2ef9574d2e5,2026-08-10,,2026-08-16T13:48:42+00:00,BaoStock query_stock_industry,observation,medium
MEMBERSHIP_242fcb73c6d493ec804d,CNINFO_ORG_9900023778,INDUSTRY_af522b5025b7206d78cb,2026-08-10,,2026-08-16T13:48:42+00:00,BaoStock query_stock_industry,observation,medium
MEMBERSHIP_359c61bba802121c41a9,CNINFO_ORG_9900023679,INDUSTRY_be6d1ff74018fda3a9a4,2026-08-10,,2026-08-16T13:48:42+00:00,BaoStock query_stock_industry,observation,medium
MEMBERSHIP_801bdbac17077edc6089,CNINFO_ORG_9900023671,INDUSTRY_17cf2674a1f785e3272e,2026-08-10,,2026-08-16T13:48:42+00:00,BaoStock query_stock_industry,observation,medium
MEMBERSHIP_732acfc3610c316a334d,CNINFO_ORG_9900023705,INDUSTRY_857cc70f4407799bbfbc,2026-08-10,,2026-08-16T13:48:42+00:00,BaoStock query_stock_industry,observation,medium
MEMBERSHIP_6382248fda64d1d31f8d,CNINFO_ORG_9900023669,INDUSTRY_857cc70f4407799bbfbc,2026-08-10,,2026-08-16T13:48:42+00:00,BaoStock query_stock_industry,observation,medium
MEMBERSHIP_a91bdb4743652934cac9,CNINFO_ORG_9900023682,INDUSTRY_e7fb954d2ab5bf5bc733,2026-08-10,,2026-08-16T13:48:42+00:00,BaoStock query_stock_industry,observation,medium
MEMBERSHIP_ebb1163c16f402103c59,CNINFO_ORG_9900023703,INDUSTRY_90d9ee5bdc1ee446fff0,2026-08-10,,2026-08-16T13:48:42+00:00,BaoStock query_stock_industry,observation,medium
MEMBERSHIP_eae4393df217b1e9ee85,CNINFO_ORG_9900023515,INDUSTRY_735889820fa0518be404,2026-08-10,,2026-08-16T13:48:42+00:00,BaoStock query_stock_industry,observation,medium
MEMBERSHIP_9fe8188013a9e4b363c5,CNINFO_ORG_9900023787,INDUSTRY_b62fae243f391f69617b,2026-08-10,,2026-08-16T13:48:42+00:00,BaoStock query_stock_industry,observation,medium
MEMBERSHIP_9f71077d589ba628afb6,CNINFO_ORG_9900023993,INDUSTRY_91e10380fe1770769bdb,2026-08-10,,2026-08-16T13:48:42+00:00,BaoStock query_stock_industry,observation,medium
MEMBERSHIP_9860b1660d9b1f653488,CNINFO_ORG_9900023511,INDUSTRY_fcb657f75803ca816490,2026-08-10,,2026-08-16T13:48:42+00:00,BaoStock query_stock_industry,observation,medium
MEMBERSHIP_6f9eba8e41b9ae999cc6,CNINFO_ORG_9900024538,INDUSTRY_f8cb7f30edbaa3a4825a,2026-08-10,,2026-08-16T13:48:42+00:00,BaoStock query_stock_industry,observation,medium
MEMBERSHIP_36cbbbf1984f2617af7c,CNINFO_ORG_9900022951,INDUSTRY_eb1bb5863556657a5ed0,2026-08-10,,2026-08-16T13:48:42+00:00,BaoStock query_stock_industry,observation,medium
MEMBERSHIP_df4d13bc3f1689a905fc,CNINFO_ORG_9900030589,INDUSTRY_35fe091671cdb8d5f5e0,2026-08-10,,2026-08-16T13:48:42+00:00,BaoStock query_stock_industry,observation,medium
MEMBERSHIP_41721913d576cc45e09f,CNINFO_ORG_9900023734,INDUSTRY_17cf2674a1f785e3272e,2026-08-10,,2026-08-16T13:48:42+00:00,BaoStock query_stock_industry,observation,medium
MEMBERSHIP_0c4c19d2d44d3e7410dd,CNINFO_ORG_9900023743,INDUSTRY_fcb657f75803ca816490,2026-08-10,,2026-08-16T13:48:42+00:00,BaoStock query_stock_industry,observation,medium
MEMBERSHIP_a7253fc1704766887185,CNINFO_ORG_9900023987,INDUSTRY_cfd4139bf05e5a91c076,2026-08-10,,2026-08-16T13:48:42+00:00,BaoStock query_stock_industry,observation,medium
MEMBERSHIP_cdcccdddc87f38388ccf,CNINFO_ORG_9900023448,INDUSTRY_3875d79da62b4dff67e8,2026-08-10,,2026-08-16T13:48:42+00:00,BaoStock query_stock_industry,observation,medium
MEMBERSHIP_1de9c4ff7898bda06b11,CNINFO_ORG_9900023789,INDUSTRY_4fb51c32200208ed64a8,2026-08-10,,2026-08-16T13:48:42+00:00,BaoStock query_stock_industry,observation,medium
MEMBERSHIP_a60677ffa5746bca7c35,CNINFO_ORG_9900023239,INDUSTRY_90d9ee5bdc1ee446fff0,2026-08-10,,2026-08-16T13:48:42+00:00,BaoStock query_stock_industry,observation,medium
MEMBERSHIP_4f65700176fffa83b15d,CNINFO_ORG_9900022957,INDUSTRY_af522b5025b7206d78cb,2026-08-10,,2026-08-16T13:48:42+00:00,BaoStock query_stock_industry,observation,medium
MEMBERSHIP_a90fa48cdffeedab3cd4,CNINFO_ORG_9900023763,INDUSTRY_7063d42ae24daea94a9c,2026-08-10,,2026-08-16T13:48:42+00:00,BaoStock query_stock_industry,observation,medium
MEMBERSHIP_e906e18664159c2cbde6,CNINFO_ORG_9900023708,INDUSTRY_3875d79da62b4dff67e8,2026-08-10,,2026-08-16T13:48:42+00:00,BaoStock query_stock_industry,observation,medium
MEMBERSHIP_41d6c4f5780da2f07d17,CNINFO_ORG_9900026421,INDUSTRY_be6d1ff74018fda3a9a4,2026-08-10,,2026-08-16T13:48:42+00:00,BaoStock query_stock_industry,observation,medium
MEMBERSHIP_3e5b84542dadc2a4ab3b,CNINFO_ORG_9900023613,INDUSTRY_8c865bedc2ef9574d2e5,2026-08-10,,2026-08-16T13:48:42+00:00,BaoStock query_stock_industry,observation,medium
MEMBERSHIP_73bf5c156bc07ae0e251,CNINFO_ORG_9900026451,INDUSTRY_1395c3d9f1fe1a080e75,2026-08-10,,2026-08-16T13:48:42+00:00,BaoStock query_stock_industry,observation,medium
MEMBERSHIP_97f78aa8f0a58c25ea1e,CNINFO_ORG_9900024907,INDUSTRY_b62fae243f391f69617b,2026-08-10,,2026-08-16T13:48:42+00:00,BaoStock query_stock_industry,observation,medium
MEMBERSHIP_9c233c9cb8f5dedb7447,CNINFO_ORG_9900023709,INDUSTRY_be6d1ff74018fda3a9a4,2026-08-10,,2026-08-16T13:48:42+00:00,BaoStock query_stock_industry,observation,medium
MEMBERSHIP_a488f94d7b483d0b5eb1,CNINFO_ORG_9900023217,INDUSTRY_90d9ee5bdc1ee446fff0,2026-08-10,,2026-08-16T13:48:42+00:00,BaoStock query_stock_industry,observation,medium
MEMBERSHIP_47a7e2cbe9d640611dee,CNINFO_ORG_9900026645,INDUSTRY_eb1bb5863556657a5ed0,2026-08-10,,2026-08-16T13:48:42+00:00,BaoStock query_stock_industry,observation,medium
MEMBERSHIP_4f5f81824dc136487a65,CNINFO_ORG_9900026670,INDUSTRY_35fe091671cdb8d5f5e0,2026-08-10,,2026-08-16T13:48:42+00:00,BaoStock query_stock_industry,observation,medium
MEMBERSHIP_30f5fb1008965175f986,CNINFO_ORG_9900026564,INDUSTRY_90d9ee5bdc1ee446fff0,2026-08-10,,2026-08-16T13:48:42+00:00,BaoStock query_stock_industry,observation,medium
MEMBERSHIP_8a669fa3e9532494ac97,CNINFO_ORG_qsgn0000069,INDUSTRY_963e913f30a1f4833ac7,2026-08-10,,2026-08-16T13:48:42+00:00,BaoStock query_stock_industry,observation,medium
MEMBERSHIP_951d3b2bea7d3b688ed7,CNINFO_ORG_9900023663,INDUSTRY_7063d42ae24daea94a9c,2026-08-10,,2026-08-16T13:48:42+00:00,BaoStock query_stock_industry,observation,medium
MEMBERSHIP_cc849d4c944bd8918161,CNINFO_ORG_9900023953,INDUSTRY_ee7eb75e38ebcde947a9,2026-08-10,,2026-08-16T13:48:42+00:00,BaoStock query_stock_industry,observation,medium
MEMBERSHIP_c701d98d8f38f7a7a123,CNINFO_ORG_9900026802,INDUSTRY_78ad5e2bbce7305748bd,2026-08-10,,2026-08-16T13:48:42+00:00,BaoStock query_stock_industry,observation,medium
MEMBERSHIP_8089e59ccaf71f35536d,CNINFO_ORG_9900026210,INDUSTRY_b90e93f47f56746b9938,2026-08-10,,2026-08-16T13:48:42+00:00,BaoStock query_stock_industry,observation,medium
MEMBERSHIP_88d99978601ae23a6f03,CNINFO_ORG_9900024761,INDUSTRY_af522b5025b7206d78cb,2026-08-10,,2026-08-16T13:48:42+00:00,BaoStock query_stock_industry,observation,medium
MEMBERSHIP_965ded69be706468ba67,CNINFO_ORG_9900026644,INDUSTRY_4fb51c32200208ed64a8,2026-08-10,,2026-08-16T13:48:42+00:00,BaoStock query_stock_industry,observation,medium
MEMBERSHIP_cf909b58c5af03f0e25f,CNINFO_ORG_9900023727,INDUSTRY_90d9ee5bdc1ee446fff0,2026-08-10,,2026-08-16T13:48:42+00:00,BaoStock query_stock_industry,observation,medium
MEMBERSHIP_f5767892660f77440beb,CNINFO_ORG_9900024944,INDUSTRY_90d9ee5bdc1ee446fff0,2026-08-10,,2026-08-16T13:48:42+00:00,BaoStock query_stock_industry,observation,medium
MEMBERSHIP_ea623375120e4f4e02fd,CNINFO_ORG_9900022947,INDUSTRY_b5ff8607e606f7dd55ba,2026-08-10,,2026-08-16T13:48:42+00:00,BaoStock query_stock_industry,observation,medium
MEMBERSHIP_1df42077df13dcfd09b0,CNINFO_ORG_9900026563,INDUSTRY_af522b5025b7206d78cb,2026-08-10,,2026-08-16T13:48:42+00:00,BaoStock query_stock_industry,observation,medium
MEMBERSHIP_c37636cf836466f1ec39,CNINFO_ORG_9900026449,INDUSTRY_af522b5025b7206d78cb,2026-08-10,,2026-08-16T13:48:42+00:00,BaoStock query_stock_industry,observation,medium
MEMBERSHIP_b39bcc1acddfbcfa067f,CNINFO_ORG_9900026798,INDUSTRY_731992a46c7dd8525c17,2026-08-10,,2026-08-16T13:48:42+00:00,BaoStock query_stock_industry,observation,medium
MEMBERSHIP_f535bdbfa15c897f76f9,CNINFO_ORG_9900026450,INDUSTRY_b62fae243f391f69617b,2026-08-10,,2026-08-16T13:48:42+00:00,BaoStock query_stock_industry,observation,medium
MEMBERSHIP_c1cbf542b1beb87b1fa2,CNINFO_ORG_9900026536,INDUSTRY_90d9ee5bdc1ee446fff0,2026-08-10,,2026-08-16T13:48:42+00:00,BaoStock query_stock_industry,observation,medium
MEMBERSHIP_4e8eeebf6071ab4bd385,CNINFO_ORG_9900023139,INDUSTRY_90d9ee5bdc1ee446fff0,2026-08-10,,2026-08-16T13:48:42+00:00,BaoStock query_stock_industry,observation,medium
MEMBERSHIP_f48980d5cb366891ca02,CNINFO_ORG_9900026779,INDUSTRY_35fe091671cdb8d5f5e0,2026-08-10,,2026-08-16T13:48:42+00:00,BaoStock query_stock_industry,observation,medium
MEMBERSHIP_ded0d7ad990b01bdd334,CNINFO_ORG_9900026805,INDUSTRY_eb1bb5863556657a5ed0,2026-08-10,,2026-08-16T13:48:42+00:00,BaoStock query_stock_industry,observation,medium
MEMBERSHIP_e2604c5a4775b99ab14d,CNINFO_ORG_9900026774,INDUSTRY_91e10380fe1770769bdb,2026-08-10,,2026-08-16T13:48:42+00:00,BaoStock query_stock_industry,observation,medium
MEMBERSHIP_b1e48454277eccd3e893,CNINFO_ORG_9900024446,INDUSTRY_8c865bedc2ef9574d2e5,2026-08-10,,2026-08-16T13:48:42+00:00,BaoStock query_stock_industry,observation,medium
MEMBERSHIP_a3c660fc2f3db47d5aa4,CNINFO_ORG_9900027320,INDUSTRY_34765f16a5c28d382e0e,2026-08-10,,2026-08-16T13:48:42+00:00,BaoStock query_stock_industry,observation,medium
MEMBERSHIP_c0358ef1d68ea9229b24,CNINFO_ORG_9900026806,INDUSTRY_eb1bb5863556657a5ed0,2026-08-10,,2026-08-16T13:48:42+00:00,BaoStock query_stock_industry,observation,medium
MEMBERSHIP_9c6cc9470eb16ca93db5,CNINFO_ORG_9900027671,INDUSTRY_1395c3d9f1fe1a080e75,2026-08-10,,2026-08-16T13:48:42+00:00,BaoStock query_stock_industry,observation,medium
MEMBERSHIP_e06835ed4acdb0b43bd7,CNINFO_ORG_9900028776,INDUSTRY_b90e93f47f56746b9938,2026-08-10,,2026-08-16T13:48:42+00:00,BaoStock query_stock_industry,observation,medium
MEMBERSHIP_a3029fbe7209cc18df77,CNINFO_ORG_9900029032,INDUSTRY_e7fb954d2ab5bf5bc733,2026-08-10,,2026-08-16T13:48:42+00:00,BaoStock query_stock_industry,observation,medium
MEMBERSHIP_421edba28cac0bfc6961,CNINFO_ORG_9900028910,INDUSTRY_b62fae243f391f69617b,2026-08-10,,2026-08-16T13:48:42+00:00,BaoStock query_stock_industry,observation,medium
MEMBERSHIP_d847e48f1f2786da636d,CNINFO_ORG_9900032175,INDUSTRY_eb1bb5863556657a5ed0,2026-08-10,,2026-08-16T13:48:42+00:00,BaoStock query_stock_industry,observation,medium
MEMBERSHIP_c8b5041303c8fc9b2160,CNINFO_ORG_9900031912,INDUSTRY_af522b5025b7206d78cb,2026-08-10,,2026-08-16T13:48:42+00:00,BaoStock query_stock_industry,observation,medium
MEMBERSHIP_767e260b9b1bb6349679,CNINFO_ORG_9900028824,INDUSTRY_93d93f4712457bea147b,2026-08-10,,2026-08-16T13:48:42+00:00,BaoStock query_stock_industry,observation,medium
MEMBERSHIP_6492910b35e5a460fb20,CNINFO_ORG_9900028875,INDUSTRY_ad86b4a2a3856ba2d571,2026-08-10,,2026-08-16T13:48:42+00:00,BaoStock query_stock_industry,observation,medium
MEMBERSHIP_4394dd3c37fb42175763,CNINFO_ORG_9900023978,INDUSTRY_1395c3d9f1fe1a080e75,2026-08-10,,2026-08-16T13:48:42+00:00,BaoStock query_stock_industry,observation,medium
MEMBERSHIP_66a556a8fc41ed72a2f8,CNINFO_ORG_9900029473,INDUSTRY_ee7eb75e38ebcde947a9,2026-08-10,,2026-08-16T13:48:42+00:00,BaoStock query_stock_industry,observation,medium
MEMBERSHIP_7f9418fa0b006e42eb8f,CNINFO_ORG_9900026776,INDUSTRY_857cc70f4407799bbfbc,2026-08-10,,2026-08-16T13:48:42+00:00,BaoStock query_stock_industry,observation,medium
MEMBERSHIP_b3e2c416749b38a621be,CNINFO_ORG_9900029438,INDUSTRY_3875d79da62b4dff67e8,2026-08-10,,2026-08-16T13:48:42+00:00,BaoStock query_stock_industry,observation,medium
MEMBERSHIP_5e356d45fd25f441e625,CNINFO_ORG_9900028957,INDUSTRY_90d9ee5bdc1ee446fff0,2026-08-10,,2026-08-16T13:48:42+00:00,BaoStock query_stock_industry,observation,medium
MEMBERSHIP_95c9928291f99a3f6aa9,CNINFO_ORG_GD030325,INDUSTRY_d4840241b65679c56046,2026-08-10,,2026-08-16T13:48:42+00:00,BaoStock query_stock_industry,observation,medium
MEMBERSHIP_4239c28609d5ef8f4e6c,CNINFO_ORG_9900029666,INDUSTRY_3875d79da62b4dff67e8,2026-08-10,,2026-08-16T13:48:42+00:00,BaoStock query_stock_industry,observation,medium
MEMBERSHIP_9c0819c319073b0a3023,CNINFO_ORG_9900022768,INDUSTRY_b62fae243f391f69617b,2026-08-10,,2026-08-16T13:48:42+00:00,BaoStock query_stock_industry,observation,medium
MEMBERSHIP_a2cfd3b4a6da63743dd4,CNINFO_ORG_9900022943,INDUSTRY_b5ff8607e606f7dd55ba,2026-08-10,,2026-08-16T13:48:42+00:00,BaoStock query_stock_industry,observation,medium
MEMBERSHIP_bbc9f26b05d533919122,CNINFO_ORG_9900023469,INDUSTRY_06f2dd83830b4e6e7446,2026-08-10,,2026-08-16T13:48:42+00:00,BaoStock query_stock_industry,observation,medium
MEMBERSHIP_5278fb3dd6e3d24c608a,CNINFO_ORG_9900029752,INDUSTRY_90d9ee5bdc1ee446fff0,2026-08-10,,2026-08-16T13:48:42+00:00,BaoStock query_stock_industry,observation,medium
MEMBERSHIP_a50b6d5d42d20bcc203b,CNINFO_ORG_9900029049,INDUSTRY_fc163d1647ca522ec4cd,2026-08-10,,2026-08-16T13:48:42+00:00,BaoStock query_stock_industry,observation,medium
MEMBERSHIP_0111dc74d0f15041e206,CNINFO_ORG_9900023212,INDUSTRY_35fe091671cdb8d5f5e0,2026-08-10,,2026-08-16T13:48:42+00:00,BaoStock query_stock_industry,observation,medium
MEMBERSHIP_94518fe95ce2b0c0e2bb,CNINFO_ORG_9900029474,INDUSTRY_90d9ee5bdc1ee446fff0,2026-08-10,,2026-08-16T13:48:42+00:00,BaoStock query_stock_industry,observation,medium
MEMBERSHIP_fbc977bc44375d61dfd7,CNINFO_ORG_9900030302,INDUSTRY_be6d1ff74018fda3a9a4,2026-08-10,,2026-08-16T13:48:42+00:00,BaoStock query_stock_industry,observation,medium
MEMBERSHIP_dbf96533464cd3664194,CNINFO_ORG_9900030301,INDUSTRY_34765f16a5c28d382e0e,2026-08-10,,2026-08-16T13:48:42+00:00,BaoStock query_stock_industry,observation,medium
MEMBERSHIP_02d43be83a75462b5dbf,CNINFO_ORG_9900029751,INDUSTRY_90d9ee5bdc1ee446fff0,2026-08-10,,2026-08-16T13:48:42+00:00,BaoStock query_stock_industry,observation,medium
MEMBERSHIP_5af54b21567af284248f,CNINFO_ORG_9900033359,INDUSTRY_735889820fa0518be404,2026-08-10,,2026-08-16T13:48:42+00:00,BaoStock query_stock_industry,observation,medium
MEMBERSHIP_7dba64c18124b5dff213,CNINFO_ORG_9900029916,INDUSTRY_be6d1ff74018fda3a9a4,2026-08-10,,2026-08-16T13:48:42+00:00,BaoStock query_stock_industry,observation,medium
MEMBERSHIP_f16a01d85510e2500260,CNINFO_ORG_9900023251,INDUSTRY_b90e93f47f56746b9938,2026-08-10,,2026-08-16T13:48:42+00:00,BaoStock query_stock_industry,observation,medium
MEMBERSHIP_73c4c0d1b22988d21773,CNINFO_ORG_9900030528,INDUSTRY_06f2dd83830b4e6e7446,2026-08-10,,2026-08-16T13:48:42+00:00,BaoStock query_stock_industry,observation,medium
MEMBERSHIP_bf57334546d19fa16801,CNINFO_ORG_9900030400,INDUSTRY_1ed3dfcfe2bd74cd71b3,2026-08-10,,2026-08-16T13:48:42+00:00,BaoStock query_stock_industry,observation,medium
MEMBERSHIP_33cbf9a9e25b928f37c3,CNINFO_ORG_9900030092,INDUSTRY_90d9ee5bdc1ee446fff0,2026-08-10,,2026-08-16T13:48:42+00:00,BaoStock query_stock_industry,observation,medium
MEMBERSHIP_c42345a68e889cadaa02,CNINFO_ORG_9900028823,INDUSTRY_1395c3d9f1fe1a080e75,2026-08-10,,2026-08-16T13:48:42+00:00,BaoStock query_stock_industry,observation,medium
MEMBERSHIP_410d4cb59f328f99609f,CNINFO_ORG_9900029748,INDUSTRY_735889820fa0518be404,2026-08-10,,2026-08-16T13:48:42+00:00,BaoStock query_stock_industry,observation,medium
MEMBERSHIP_1867c20c99a75fffcbce,CNINFO_ORG_9900029827,INDUSTRY_a235e1f3ff04f36f606b,2026-08-10,,2026-08-16T13:48:42+00:00,BaoStock query_stock_industry,observation,medium
MEMBERSHIP_a7de9d78dc4171215dfa,CNINFO_ORG_9900030782,INDUSTRY_90d9ee5bdc1ee446fff0,2026-08-10,,2026-08-16T13:48:42+00:00,BaoStock query_stock_industry,observation,medium
MEMBERSHIP_92c6d9cfeeba3a3881f8,CNINFO_ORG_9900023097,INDUSTRY_b90e93f47f56746b9938,2026-08-10,,2026-08-16T13:48:42+00:00,BaoStock query_stock_industry,observation,medium
MEMBERSHIP_53a19ff227b86eeb5401,CNINFO_ORG_9900029915,INDUSTRY_90d9ee5bdc1ee446fff0,2026-08-10,,2026-08-16T13:48:42+00:00,BaoStock query_stock_industry,observation,medium
MEMBERSHIP_ff362b13a0528b42b73a,CNINFO_ORG_9900030606,INDUSTRY_4b6bcfe2a650f11508e5,2026-08-10,,2026-08-16T13:48:42+00:00,BaoStock query_stock_industry,observation,medium
MEMBERSHIP_a227554a0280eb194f35,CNINFO_ORG_9900030825,INDUSTRY_e7fb954d2ab5bf5bc733,2026-08-10,,2026-08-16T13:48:42+00:00,BaoStock query_stock_industry,observation,medium
MEMBERSHIP_712c1f529d3684b6ac73,CNINFO_ORG_9900034531,INDUSTRY_eb1bb5863556657a5ed0,2026-08-10,,2026-08-16T13:48:42+00:00,BaoStock query_stock_industry,observation,medium
MEMBERSHIP_17090c8f974b0d62d57e,CNINFO_ORG_9900029046,INDUSTRY_b90e93f47f56746b9938,2026-08-10,,2026-08-16T13:48:42+00:00,BaoStock query_stock_industry,observation,medium
MEMBERSHIP_766261a277f1c58db9de,CNINFO_ORG_9900031481,INDUSTRY_90d9ee5bdc1ee446fff0,2026-08-10,,2026-08-16T13:48:42+00:00,BaoStock query_stock_industry,observation,medium
MEMBERSHIP_de215e62cee773be05ee,CNINFO_ORG_9900029978,INDUSTRY_8c865bedc2ef9574d2e5,2026-08-10,,2026-08-16T13:48:42+00:00,BaoStock query_stock_industry,observation,medium
MEMBERSHIP_7f9ba22a511263739010,CNINFO_ORG_9900030698,INDUSTRY_eb1bb5863556657a5ed0,2026-08-10,,2026-08-16T13:48:42+00:00,BaoStock query_stock_industry,observation,medium
MEMBERSHIP_2fa40bb76cd3b19c9c3d,CNINFO_ORG_9900030824,INDUSTRY_90d9ee5bdc1ee446fff0,2026-08-10,,2026-08-16T13:48:42+00:00,BaoStock query_stock_industry,observation,medium
MEMBERSHIP_10dad9c2994c76349d43,CNINFO_ORG_9900030780,INDUSTRY_e7fb954d2ab5bf5bc733,2026-08-10,,2026-08-16T13:48:42+00:00,BaoStock query_stock_industry,observation,medium
MEMBERSHIP_4bbeb9f0bfc5d41f2cab,CNINFO_ORG_9900030830,INDUSTRY_35fe091671cdb8d5f5e0,2026-08-10,,2026-08-16T13:48:42+00:00,BaoStock query_stock_industry,observation,medium
MEMBERSHIP_114825025f284b36380b,CNINFO_ORG_9900030826,INDUSTRY_eb1bb5863556657a5ed0,2026-08-10,,2026-08-16T13:48:42+00:00,BaoStock query_stock_industry,observation,medium
MEMBERSHIP_c10971a522cedf63fa2b,CNINFO_ORG_9900023814,INDUSTRY_eb1bb5863556657a5ed0,2026-08-10,,2026-08-16T13:48:42+00:00,BaoStock query_stock_industry,observation,medium
MEMBERSHIP_bc9d1149c68a42d69807,CNINFO_ORG_9900030588,INDUSTRY_857cc70f4407799bbfbc,2026-08-10,,2026-08-16T13:48:42+00:00,BaoStock query_stock_industry,observation,medium
MEMBERSHIP_1a0ccd784021302c83bb,CNINFO_ORG_9900030828,INDUSTRY_90d9ee5bdc1ee446fff0,2026-08-10,,2026-08-16T13:48:42+00:00,BaoStock query_stock_industry,observation,medium
MEMBERSHIP_0472ae0c72a46aac1c92,CNINFO_ORG_9900031501,INDUSTRY_35fe091671cdb8d5f5e0,2026-08-10,,2026-08-16T13:48:42+00:00,BaoStock query_stock_industry,observation,medium
MEMBERSHIP_5b570028a579bae13fdf,CNINFO_ORG_9900030663,INDUSTRY_91e10380fe1770769bdb,2026-08-10,,2026-08-16T13:48:42+00:00,BaoStock query_stock_industry,observation,medium
MEMBERSHIP_5cb3e17795a66dd3b97a,CNINFO_ORG_9900031441,INDUSTRY_b90e93f47f56746b9938,2026-08-10,,2026-08-16T13:48:42+00:00,BaoStock query_stock_industry,observation,medium
MEMBERSHIP_38047ddf20dca3b6171a,CNINFO_ORG_9900031439,INDUSTRY_eb1bb5863556657a5ed0,2026-08-10,,2026-08-16T13:48:42+00:00,BaoStock query_stock_industry,observation,medium
MEMBERSHIP_8a844f492976efc9c529,CNINFO_ORG_9900032572,INDUSTRY_90d9ee5bdc1ee446fff0,2026-08-10,,2026-08-16T13:48:42+00:00,BaoStock query_stock_industry,observation,medium
MEMBERSHIP_40a417b32a98a606bcb9,CNINFO_ORG_9900030699,INDUSTRY_b90e93f47f56746b9938,2026-08-10,,2026-08-16T13:48:42+00:00,BaoStock query_stock_industry,observation,medium
MEMBERSHIP_88ce6a9b41af9acfa3d1,CNINFO_ORG_9900031776,INDUSTRY_731992a46c7dd8525c17,2026-08-10,,2026-08-16T13:48:42+00:00,BaoStock query_stock_industry,observation,medium
MEMBERSHIP_59122c9796da7cd643ba,CNINFO_ORG_9900031445,INDUSTRY_35fe091671cdb8d5f5e0,2026-08-10,,2026-08-16T13:48:42+00:00,BaoStock query_stock_industry,observation,medium
MEMBERSHIP_db1f2ec016e9cbede1d3,CNINFO_ORG_9900032561,INDUSTRY_90d9ee5bdc1ee446fff0,2026-08-10,,2026-08-16T13:48:42+00:00,BaoStock query_stock_industry,observation,medium
MEMBERSHIP_6ca2b298a28a5cbbb97f,CNINFO_ORG_9900031440,INDUSTRY_b62fae243f391f69617b,2026-08-10,,2026-08-16T13:48:42+00:00,BaoStock query_stock_industry,observation,medium
MEMBERSHIP_224bea8485137334bd1c,CNINFO_ORG_9900031819,INDUSTRY_ee9bbaf36a819df8934d,2026-08-10,,2026-08-16T13:48:42+00:00,BaoStock query_stock_industry,observation,medium
MEMBERSHIP_4bff2de54928a78a93df,CNINFO_ORG_9900032420,INDUSTRY_90d9ee5bdc1ee446fff0,2026-08-10,,2026-08-16T13:48:42+00:00,BaoStock query_stock_industry,observation,medium
MEMBERSHIP_4369ebecab12ceedb3ca,CNINFO_ORG_9900014832,INDUSTRY_91e10380fe1770769bdb,2026-08-10,,2026-08-16T13:48:42+00:00,BaoStock query_stock_industry,observation,medium
MEMBERSHIP_f4dda7c963ea9de6d096,CNINFO_ORG_9900031913,INDUSTRY_3875d79da62b4dff67e8,2026-08-10,,2026-08-16T13:48:42+00:00,BaoStock query_stock_industry,observation,medium
MEMBERSHIP_4ab8a76a61bdb911c44e,CNINFO_ORG_9900032780,INDUSTRY_06f2dd83830b4e6e7446,2026-08-10,,2026-08-16T13:48:42+00:00,BaoStock query_stock_industry,observation,medium
MEMBERSHIP_3c474564c3b074a9874f,CNINFO_ORG_9900032990,INDUSTRY_b90e93f47f56746b9938,2026-08-10,,2026-08-16T13:48:42+00:00,BaoStock query_stock_industry,observation,medium
MEMBERSHIP_03810e08d43ca1550d51,CNINFO_ORG_GD116217,INDUSTRY_f9da9c9738f21980b6d7,2026-08-10,,2026-08-16T13:48:42+00:00,BaoStock query_stock_industry,observation,medium
MEMBERSHIP_357eaa5589cfa131445e,CNINFO_ORG_9900032889,INDUSTRY_af522b5025b7206d78cb,2026-08-10,,2026-08-16T13:48:42+00:00,BaoStock query_stock_industry,observation,medium
MEMBERSHIP_18efca082d5711a2c965,CNINFO_ORG_9900033209,INDUSTRY_35fe091671cdb8d5f5e0,2026-08-10,,2026-08-16T13:48:42+00:00,BaoStock query_stock_industry,observation,medium
MEMBERSHIP_64b65ffe2c3d30ecfd01,CNINFO_ORG_9900032890,INDUSTRY_b90e93f47f56746b9938,2026-08-10,,2026-08-16T13:48:42+00:00,BaoStock query_stock_industry,observation,medium
MEMBERSHIP_529a7c891288c89b2a7b,CNINFO_ORG_9900033211,INDUSTRY_4b6bcfe2a650f11508e5,2026-08-10,,2026-08-16T13:48:42+00:00,BaoStock query_stock_industry,observation,medium
MEMBERSHIP_456e7adbcbd11b157d1c,CNINFO_ORG_9900031438,INDUSTRY_eb1bb5863556657a5ed0,2026-08-10,,2026-08-16T13:48:42+00:00,BaoStock query_stock_industry,observation,medium
MEMBERSHIP_a08b46b291057984898d,CNINFO_ORG_9900032888,INDUSTRY_3875d79da62b4dff67e8,2026-08-10,,2026-08-16T13:48:42+00:00,BaoStock query_stock_industry,observation,medium
MEMBERSHIP_5cbaa75fba76e6db47fc,CNINFO_ORG_9900030783,INDUSTRY_90d9ee5bdc1ee446fff0,2026-08-10,,2026-08-16T13:48:42+00:00,BaoStock query_stock_industry,observation,medium
MEMBERSHIP_20ffc1ac2eae95168dd6,CNINFO_ORG_9900033226,INDUSTRY_35fe091671cdb8d5f5e0,2026-08-10,,2026-08-16T13:48:42+00:00,BaoStock query_stock_industry,observation,medium
MEMBERSHIP_0a0d4cf210458b49854d,CNINFO_ORG_9900023145,INDUSTRY_a3b7ae0c6bfa4b2b7bfb,2026-08-10,,2026-08-16T13:48:42+00:00,BaoStock query_stock_industry,observation,medium
MEMBERSHIP_18b26366cb5a76c5c451,CNINFO_ORG_9900030637,INDUSTRY_90d9ee5bdc1ee446fff0,2026-08-10,,2026-08-16T13:48:42+00:00,BaoStock query_stock_industry,observation,medium
MEMBERSHIP_ca8fb943ce65a2ed6c15,CNINFO_ORG_9900033357,INDUSTRY_eb1bb5863556657a5ed0,2026-08-10,,2026-08-16T13:48:42+00:00,BaoStock query_stock_industry,observation,medium
MEMBERSHIP_3e1bb2160b1298e38c9a,CNINFO_ORG_9900033187,INDUSTRY_fcb657f75803ca816490,2026-08-10,,2026-08-16T13:48:42+00:00,BaoStock query_stock_industry,observation,medium
MEMBERSHIP_dc3ce424b3507cb3c05c,CNINFO_ORG_9900031818,INDUSTRY_af522b5025b7206d78cb,2026-08-10,,2026-08-16T13:48:42+00:00,BaoStock query_stock_industry,observation,medium
MEMBERSHIP_067d0742290be01fad8b,CNINFO_ORG_9900025273,INDUSTRY_34765f16a5c28d382e0e,2026-08-10,,2026-08-16T13:48:42+00:00,BaoStock query_stock_industry,observation,medium
MEMBERSHIP_789866ea7db0f8057364,CNINFO_ORG_9900023979,INDUSTRY_2b12590880b654376532,2026-08-10,,2026-08-16T13:48:42+00:00,BaoStock query_stock_industry,observation,medium
MEMBERSHIP_3b1eb475af01e6261d23,CNINFO_ORG_9900033221,INDUSTRY_fcb657f75803ca816490,2026-08-10,,2026-08-16T13:48:42+00:00,BaoStock query_stock_industry,observation,medium
MEMBERSHIP_95a832e88254c2e2b7f9,CNINFO_ORG_9900033854,INDUSTRY_90d9ee5bdc1ee446fff0,2026-08-10,,2026-08-16T13:48:42+00:00,BaoStock query_stock_industry,observation,medium
MEMBERSHIP_706d84a2cac02f7f9ddd,CNINFO_ORG_9900033856,INDUSTRY_af522b5025b7206d78cb,2026-08-10,,2026-08-16T13:48:42+00:00,BaoStock query_stock_industry,observation,medium
MEMBERSHIP_e99a20d11cc0beb625f8,CNINFO_ORG_9900022488,INDUSTRY_90d9ee5bdc1ee446fff0,2026-08-10,,2026-08-16T13:48:42+00:00,BaoStock query_stock_industry,observation,medium
MEMBERSHIP_2ae8cb71ce7a483498b3,CNINFO_ORG_9900034453,INDUSTRY_af522b5025b7206d78cb,2026-08-10,,2026-08-16T13:48:42+00:00,BaoStock query_stock_industry,observation,medium
MEMBERSHIP_3f94f557ad6a31787dbb,CNINFO_ORG_9900033052,INDUSTRY_7063d42ae24daea94a9c,2026-08-10,,2026-08-16T13:48:42+00:00,BaoStock query_stock_industry,observation,medium
MEMBERSHIP_9102bd56933fc6f61933,CNINFO_ORG_9900033207,INDUSTRY_9f7679f9ad900c7a65d2,2026-08-10,,2026-08-16T13:48:42+00:00,BaoStock query_stock_industry,observation,medium
MEMBERSHIP_469c5d326f43163b701f,CNINFO_ORG_9900032987,INDUSTRY_90d9ee5bdc1ee446fff0,2026-08-10,,2026-08-16T13:48:42+00:00,BaoStock query_stock_industry,observation,medium
MEMBERSHIP_18e0ffd4c40a8e0e45eb,CNINFO_ORG_9900033213,INDUSTRY_35fe091671cdb8d5f5e0,2026-08-10,,2026-08-16T13:48:42+00:00,BaoStock query_stock_industry,observation,medium
MEMBERSHIP_5171cb0be046861cba53,CNINFO_ORG_9900023654,INDUSTRY_b90e93f47f56746b9938,2026-08-10,,2026-08-16T13:48:42+00:00,BaoStock query_stock_industry,observation,medium
MEMBERSHIP_34107d9b2b227ed6a8b9,CNINFO_ORG_9900025272,INDUSTRY_eb1bb5863556657a5ed0,2026-08-10,,2026-08-16T13:48:42+00:00,BaoStock query_stock_industry,observation,medium
MEMBERSHIP_bafd1bb2a774664a4892,CNINFO_ORG_9900033915,INDUSTRY_90d9ee5bdc1ee446fff0,2026-08-10,,2026-08-16T13:48:42+00:00,BaoStock query_stock_industry,observation,medium
MEMBERSHIP_5d31ef7776fe92a3dbe2,CNINFO_ORG_qsgn0000140,INDUSTRY_963e913f30a1f4833ac7,2026-08-10,,2026-08-16T13:48:42+00:00,BaoStock query_stock_industry,observation,medium
MEMBERSHIP_88ebfabdc9392c938373,CNINFO_ORG_9900035338,INDUSTRY_b90e93f47f56746b9938,2026-08-10,,2026-08-16T13:48:42+00:00,BaoStock query_stock_industry,observation,medium
MEMBERSHIP_83e94a7596d60c1c712a,CNINFO_ORG_9900034642,INDUSTRY_aff052295ad57fe9c64a,2026-08-10,,2026-08-16T13:48:42+00:00,BaoStock query_stock_industry,observation,medium
MEMBERSHIP_0716068071cd2cfad5d0,CNINFO_ORG_gfbj0834571,INDUSTRY_fcb657f75803ca816490,2026-08-10,,2026-08-16T13:48:42+00:00,BaoStock query_stock_industry,observation,medium
MEMBERSHIP_3d3f1edcbedfb32b288b,CNINFO_ORG_gfbj0834337,INDUSTRY_80c8af8374922c2e32d6,2026-08-10,,2026-08-16T13:48:42+00:00,BaoStock query_stock_industry,observation,medium
MEMBERSHIP_5d53f3944a64b9e2cd82,CNINFO_ORG_9900035297,INDUSTRY_3875d79da62b4dff67e8,2026-08-10,,2026-08-16T13:48:42+00:00,BaoStock query_stock_industry,observation,medium
MEMBERSHIP_088477ce79269a45398a,CNINFO_ORG_gfbj0430591,INDUSTRY_eb1bb5863556657a5ed0,2026-08-10,,2026-08-16T13:48:42+00:00,BaoStock query_stock_industry,observation,medium
MEMBERSHIP_6dfc874243adc53f60a8,CNINFO_ORG_9900033914,INDUSTRY_ad86b4a2a3856ba2d571,2026-08-10,,2026-08-16T13:48:42+00:00,BaoStock query_stock_industry,observation,medium
MEMBERSHIP_fae6a3c127376c7d4f54,CNINFO_ORG_9900031437,INDUSTRY_90d9ee5bdc1ee446fff0,2026-08-10,,2026-08-16T13:48:42+00:00,BaoStock query_stock_industry,observation,medium
MEMBERSHIP_4240ff0a87ece366dd1e,CNINFO_ORG_9900011028,INDUSTRY_b5ff8607e606f7dd55ba,2026-08-10,,2026-08-16T13:48:42+00:00,BaoStock query_stock_industry,observation,medium
MEMBERSHIP_7acb536e23f79370b039,CNINFO_ORG_9900035540,INDUSTRY_90d9ee5bdc1ee446fff0,2026-08-10,,2026-08-16T13:48:42+00:00,BaoStock query_stock_industry,observation,medium
MEMBERSHIP_26df173de168796a352b,CNINFO_ORG_9900036236,INDUSTRY_90d9ee5bdc1ee446fff0,2026-08-10,,2026-08-16T13:48:42+00:00,BaoStock query_stock_industry,observation,medium
MEMBERSHIP_0fbe69c89b3e8a527dbc,CNINFO_ORG_qsgn0000030,INDUSTRY_963e913f30a1f4833ac7,2026-08-10,,2026-08-16T13:48:42+00:00,BaoStock query_stock_industry,observation,medium
MEMBERSHIP_dc10c18370eb5bc08671,CNINFO_ORG_9900035538,INDUSTRY_eb1bb5863556657a5ed0,2026-08-10,,2026-08-16T13:48:42+00:00,BaoStock query_stock_industry,observation,medium
MEMBERSHIP_70effa8a7130b6022403,CNINFO_ORG_9900024967,INDUSTRY_17cf2674a1f785e3272e,2026-08-10,,2026-08-16T13:48:42+00:00,BaoStock query_stock_industry,observation,medium
MEMBERSHIP_aabe4bd5ea9ead63423e,CNINFO_ORG_gfbj0831868,INDUSTRY_af522b5025b7206d78cb,2026-08-10,,2026-08-16T13:48:42+00:00,BaoStock query_stock_industry,observation,medium
MEMBERSHIP_b996b1d0fde1d241b830,CNINFO_ORG_gfbj0834124,INDUSTRY_35fe091671cdb8d5f5e0,2026-08-10,,2026-08-16T13:48:42+00:00,BaoStock query_stock_industry,observation,medium
MEMBERSHIP_07f9e1064d9e4fac86b6,CNINFO_ORG_qsgn0000869,INDUSTRY_963e913f30a1f4833ac7,2026-08-10,,2026-08-16T13:48:42+00:00,BaoStock query_stock_industry,observation,medium
MEMBERSHIP_154d6b746e692d22545a,CNINFO_ORG_9900035998,INDUSTRY_34765f16a5c28d382e0e,2026-08-10,,2026-08-16T13:48:42+00:00,BaoStock query_stock_industry,observation,medium
MEMBERSHIP_405e271461544679af85,CNINFO_ORG_9900035996,INDUSTRY_90d9ee5bdc1ee446fff0,2026-08-10,,2026-08-16T13:48:42+00:00,BaoStock query_stock_industry,observation,medium
MEMBERSHIP_28c17b9dd5ca0ec4b5d8,CNINFO_ORG_9900025494,INDUSTRY_b5ff8607e606f7dd55ba,2026-08-10,,2026-08-16T13:48:42+00:00,BaoStock query_stock_industry,observation,medium
MEMBERSHIP_1bd1ed27454c0baba704,CNINFO_ORG_gfbj0836762,INDUSTRY_731992a46c7dd8525c17,2026-08-10,,2026-08-16T13:48:42+00:00,BaoStock query_stock_industry,observation,medium
MEMBERSHIP_f303b35890135576dfdd,CNINFO_ORG_9900036281,INDUSTRY_eb1bb5863556657a5ed0,2026-08-10,,2026-08-16T13:48:42+00:00,BaoStock query_stock_industry,observation,medium
MEMBERSHIP_17d13f329a116a5ebfac,CNINFO_ORG_9900036403,INDUSTRY_d4840241b65679c56046,2026-08-10,,2026-08-16T13:48:42+00:00,BaoStock query_stock_industry,observation,medium
MEMBERSHIP_795e87792ce64cf77863,CNINFO_ORG_gfbj0832840,INDUSTRY_90d9ee5bdc1ee446fff0,2026-08-10,,2026-08-16T13:48:42+00:00,BaoStock query_stock_industry,observation,medium
MEMBERSHIP_29b8b3b6c639790fcc6d,CNINFO_ORG_9900030006,INDUSTRY_b90e93f47f56746b9938,2026-08-10,,2026-08-16T13:48:42+00:00,BaoStock query_stock_industry,observation,medium
MEMBERSHIP_52991f5687d15b3c018f,CNINFO_ORG_9900037182,INDUSTRY_90d9ee5bdc1ee446fff0,2026-08-10,,2026-08-16T13:48:42+00:00,BaoStock query_stock_industry,observation,medium
MEMBERSHIP_d3c0684276a0784a0452,CNINFO_ORG_9900036485,INDUSTRY_34765f16a5c28d382e0e,2026-08-10,,2026-08-16T13:48:42+00:00,BaoStock query_stock_industry,observation,medium
MEMBERSHIP_c3a435066eb069170ca2,CNINFO_ORG_9900036562,INDUSTRY_3875d79da62b4dff67e8,2026-08-10,,2026-08-16T13:48:42+00:00,BaoStock query_stock_industry,observation,medium
MEMBERSHIP_feaefd80a08b0962d2bd,CNINFO_ORG_9900031174,INDUSTRY_b5ff8607e606f7dd55ba,2026-08-10,,2026-08-16T13:48:42+00:00,BaoStock query_stock_industry,observation,medium
MEMBERSHIP_c90fec0f6d4e47deef81,CNINFO_ORG_9900037093,INDUSTRY_b90e93f47f56746b9938,2026-08-10,,2026-08-16T13:48:42+00:00,BaoStock query_stock_industry,observation,medium
MEMBERSHIP_01dfe51da150bf27424d,CNINFO_ORG_9900029804,INDUSTRY_90d9ee5bdc1ee446fff0,2026-08-10,,2026-08-16T13:48:42+00:00,BaoStock query_stock_industry,observation,medium
MEMBERSHIP_0e7c625082300b222b67,CNINFO_ORG_9900030586,INDUSTRY_963e913f30a1f4833ac7,2026-08-10,,2026-08-16T13:48:42+00:00,BaoStock query_stock_industry,observation,medium
MEMBERSHIP_5847ef50ad32a9180ee4,CNINFO_ORG_9900037010,INDUSTRY_90d9ee5bdc1ee446fff0,2026-08-10,,2026-08-16T13:48:42+00:00,BaoStock query_stock_industry,observation,medium
MEMBERSHIP_3277e9fd2e3a91f5fbcd,CNINFO_ORG_9900037235,INDUSTRY_1395c3d9f1fe1a080e75,2026-08-10,,2026-08-16T13:48:42+00:00,BaoStock query_stock_industry,observation,medium
MEMBERSHIP_193220fb3726666c1ed2,CNINFO_ORG_9900030905,INDUSTRY_e7fb954d2ab5bf5bc733,2026-08-10,,2026-08-16T13:48:42+00:00,BaoStock query_stock_industry,observation,medium
MEMBERSHIP_85c80256801a18864869,CNINFO_ORG_9900027389,INDUSTRY_b5ff8607e606f7dd55ba,2026-08-10,,2026-08-16T13:48:42+00:00,BaoStock query_stock_industry,observation,medium
MEMBERSHIP_b7c462628acb7109e943,CNINFO_ORG_gfbj0832462,INDUSTRY_731992a46c7dd8525c17,2026-08-10,,2026-08-16T13:48:42+00:00,BaoStock query_stock_industry,observation,medium
MEMBERSHIP_27f8187a9d7962bd40f2,CNINFO_ORG_gfbj0870776,INDUSTRY_465aebe5f53921515851,2026-08-10,,2026-08-16T13:48:42+00:00,BaoStock query_stock_industry,observation,medium
MEMBERSHIP_5c136d68e8035f964479,CNINFO_ORG_9900037304,INDUSTRY_be6d1ff74018fda3a9a4,2026-08-10,,2026-08-16T13:48:42+00:00,BaoStock query_stock_industry,observation,medium
MEMBERSHIP_8431f0bde60b86d30737,CNINFO_ORG_9900033057,INDUSTRY_fcb657f75803ca816490,2026-08-10,,2026-08-16T13:48:42+00:00,BaoStock query_stock_industry,observation,medium
MEMBERSHIP_055241c15aaa2bab350d,CNINFO_ORG_9900037686,INDUSTRY_af522b5025b7206d78cb,2026-08-10,,2026-08-16T13:48:42+00:00,BaoStock query_stock_industry,observation,medium
MEMBERSHIP_624ec43a596a58576b26,CNINFO_ORG_9900030394,INDUSTRY_90d9ee5bdc1ee446fff0,2026-08-10,,2026-08-16T13:48:42+00:00,BaoStock query_stock_industry,observation,medium
MEMBERSHIP_517281c80f0c7fe359aa,CNINFO_ORG_9900037236,INDUSTRY_1233924bed568c1b168b,2026-08-10,,2026-08-16T13:48:42+00:00,BaoStock query_stock_industry,observation,medium
MEMBERSHIP_2eafc11f33ead3001d17,CNINFO_ORG_9900038155,INDUSTRY_3875d79da62b4dff67e8,2026-08-10,,2026-08-16T13:48:42+00:00,BaoStock query_stock_industry,observation,medium
MEMBERSHIP_511821722f036b71adcc,CNINFO_ORG_9900038395,INDUSTRY_be6d1ff74018fda3a9a4,2026-08-10,,2026-08-16T13:48:42+00:00,BaoStock query_stock_industry,observation,medium
MEMBERSHIP_7404e5266669ffd3927f,CNINFO_ORG_9900037750,INDUSTRY_90d9ee5bdc1ee446fff0,2026-08-10,,2026-08-16T13:48:42+00:00,BaoStock query_stock_industry,observation,medium
MEMBERSHIP_d96a1e5db380859773cb,CNINFO_ORG_9900034946,INDUSTRY_515421a19bebcbe891cf,2026-08-10,,2026-08-16T13:48:42+00:00,BaoStock query_stock_industry,observation,medium
MEMBERSHIP_a5d93c9daa4b55c2c1cb,CNINFO_ORG_9900023947,INDUSTRY_735889820fa0518be404,2026-08-10,,2026-08-16T13:48:42+00:00,BaoStock query_stock_industry,observation,medium
MEMBERSHIP_59b32d0541ccdc707a34,CNINFO_ORG_9900037842,INDUSTRY_735889820fa0518be404,2026-08-10,,2026-08-16T13:48:42+00:00,BaoStock query_stock_industry,observation,medium
MEMBERSHIP_e0b66e49c5e45482649b,CNINFO_ORG_9900035176,INDUSTRY_90d9ee5bdc1ee446fff0,2026-08-10,,2026-08-16T13:48:42+00:00,BaoStock query_stock_industry,observation,medium
MEMBERSHIP_6d04fc2ad9c2e50ce5ba,CNINFO_ORG_gfbj0831102,INDUSTRY_9b846d32ce44d8ac60c7,2026-08-10,,2026-08-16T13:48:42+00:00,BaoStock query_stock_industry,observation,medium
MEMBERSHIP_e9a2c9d09a0976d3103f,CNINFO_ORG_9900038397,INDUSTRY_90d9ee5bdc1ee446fff0,2026-08-10,,2026-08-16T13:48:42+00:00,BaoStock query_stock_industry,observation,medium
MEMBERSHIP_e3d5a2739114258919bd,CNINFO_ORG_9900037009,INDUSTRY_b62fae243f391f69617b,2026-08-10,,2026-08-16T13:48:42+00:00,BaoStock query_stock_industry,observation,medium
MEMBERSHIP_5eb9d3a46271fa7a4e15,CNINFO_ORG_9900038313,INDUSTRY_ad86b4a2a3856ba2d571,2026-08-10,,2026-08-16T13:48:42+00:00,BaoStock query_stock_industry,observation,medium
MEMBERSHIP_52984a79aafd7651b142,CNINFO_ORG_9900039828,INDUSTRY_af522b5025b7206d78cb,2026-08-10,,2026-08-16T13:48:42+00:00,BaoStock query_stock_industry,observation,medium
MEMBERSHIP_25eef162d725e8ab7a49,CNINFO_ORG_9900038942,INDUSTRY_fcb657f75803ca816490,2026-08-10,,2026-08-16T13:48:42+00:00,BaoStock query_stock_industry,observation,medium
MEMBERSHIP_e1c6361cb5c20a790819,CNINFO_ORG_9900039755,INDUSTRY_fc163d1647ca522ec4cd,2026-08-10,,2026-08-16T13:48:42+00:00,BaoStock query_stock_industry,observation,medium
MEMBERSHIP_2abc2956cd23902c017d,CNINFO_ORG_9900034522,INDUSTRY_1395c3d9f1fe1a080e75,2026-08-10,,2026-08-16T13:48:42+00:00,BaoStock query_stock_industry,observation,medium
MEMBERSHIP_5104499d026cb88c196b,CNINFO_ORG_9900039822,INDUSTRY_fcb657f75803ca816490,2026-08-10,,2026-08-16T13:48:42+00:00,BaoStock query_stock_industry,observation,medium
MEMBERSHIP_432b0eb4df2854881a0c,CNINFO_ORG_9900039782,INDUSTRY_06f2dd83830b4e6e7446,2026-08-10,,2026-08-16T13:48:42+00:00,BaoStock query_stock_industry,observation,medium
MEMBERSHIP_f3561093883f358865dc,CNINFO_ORG_9900035527,INDUSTRY_90d9ee5bdc1ee446fff0,2026-08-10,,2026-08-16T13:48:42+00:00,BaoStock query_stock_industry,observation,medium
MEMBERSHIP_57059144ea1e5ae05749,CNINFO_ORG_9900038941,INDUSTRY_90d9ee5bdc1ee446fff0,2026-08-10,,2026-08-16T13:48:42+00:00,BaoStock query_stock_industry,observation,medium
MEMBERSHIP_e41cfdf0a2255adee2be,CNINFO_ORG_9900034850,INDUSTRY_91e10380fe1770769bdb,2026-08-10,,2026-08-16T13:48:42+00:00,BaoStock query_stock_industry,observation,medium
MEMBERSHIP_ed4145de79d15f914531,CNINFO_ORG_gfbj0833081,INDUSTRY_2c3b8b7969b736730fe1,2026-08-10,,2026-08-16T13:48:42+00:00,BaoStock query_stock_industry,observation,medium
MEMBERSHIP_851022b5c5f08e7c235a,CNINFO_ORG_gfbj0837440,INDUSTRY_3875d79da62b4dff67e8,2026-08-10,,2026-08-16T13:48:42+00:00,BaoStock query_stock_industry,observation,medium
MEMBERSHIP_796c00eb8062b2cdb973,CNINFO_ORG_9900039845,INDUSTRY_c6634e4fb00885448aae,2026-08-10,,2026-08-16T13:48:42+00:00,BaoStock query_stock_industry,observation,medium
MEMBERSHIP_6fa05c64c23a734c4a40,CNINFO_ORG_9900033717,INDUSTRY_4fb51c32200208ed64a8,2026-08-10,,2026-08-16T13:48:42+00:00,BaoStock query_stock_industry,observation,medium
MEMBERSHIP_c0745c0fe4c0ce154153,CNINFO_ORG_9900039825,INDUSTRY_06f2dd83830b4e6e7446,2026-08-10,,2026-08-16T13:48:42+00:00,BaoStock query_stock_industry,observation,medium
MEMBERSHIP_12b4b11bd78da2d07a06,CNINFO_ORG_gfbj0835524,INDUSTRY_17cf2674a1f785e3272e,2026-08-10,,2026-08-16T13:48:42+00:00,BaoStock query_stock_industry,observation,medium
MEMBERSHIP_14df21f2f758a32acd93,CNINFO_ORG_9900030582,INDUSTRY_af522b5025b7206d78cb,2026-08-10,,2026-08-16T13:48:42+00:00,BaoStock query_stock_industry,observation,medium
MEMBERSHIP_836d131890845630754c,CNINFO_ORG_gfbj0836099,INDUSTRY_d4840241b65679c56046,2026-08-10,,2026-08-16T13:48:42+00:00,BaoStock query_stock_industry,observation,medium
MEMBERSHIP_1525298be65dc985eafe,CNINFO_ORG_9900036362,INDUSTRY_fcb657f75803ca816490,2026-08-10,,2026-08-16T13:48:42+00:00,BaoStock query_stock_industry,observation,medium
MEMBERSHIP_49ebdfe2f06248e888f3,CNINFO_ORG_9900039784,INDUSTRY_fcb657f75803ca816490,2026-08-10,,2026-08-16T13:48:42+00:00,BaoStock query_stock_industry,observation,medium
MEMBERSHIP_181f154abd930b4c4956,CNINFO_ORG_9900032173,INDUSTRY_ee7eb75e38ebcde947a9,2026-08-10,,2026-08-16T13:48:42+00:00,BaoStock query_stock_industry,observation,medium
MEMBERSHIP_c6b0b2fddbd4e8b48731,CNINFO_ORG_9900039727,INDUSTRY_fcb657f75803ca816490,2026-08-10,,2026-08-16T13:48:42+00:00,BaoStock query_stock_industry,observation,medium
MEMBERSHIP_852a324e4d0ef28c0b6c,CNINFO_ORG_9900038903,INDUSTRY_731992a46c7dd8525c17,2026-08-10,,2026-08-16T13:48:42+00:00,BaoStock query_stock_industry,observation,medium
MEMBERSHIP_532e88c01f99fc45c24a,CNINFO_ORG_9900039724,INDUSTRY_ad86b4a2a3856ba2d571,2026-08-10,,2026-08-16T13:48:42+00:00,BaoStock query_stock_industry,observation,medium
MEMBERSHIP_07f61d2bac59baa1747d,CNINFO_ORG_gfbj0834647,INDUSTRY_9f7679f9ad900c7a65d2,2026-08-10,,2026-08-16T13:48:42+00:00,BaoStock query_stock_industry,observation,medium
MEMBERSHIP_2f2ae0c5570d89adb323,CNINFO_ORG_9900039851,INDUSTRY_b62fae243f391f69617b,2026-08-10,,2026-08-16T13:48:42+00:00,BaoStock query_stock_industry,observation,medium
MEMBERSHIP_4c90aeec7a08d208b3a6,CNINFO_ORG_9900035896,INDUSTRY_7063d42ae24daea94a9c,2026-08-10,,2026-08-16T13:48:42+00:00,BaoStock query_stock_industry,observation,medium
MEMBERSHIP_02759bfbe30f1f0355d5,CNINFO_ORG_9900039775,INDUSTRY_731992a46c7dd8525c17,2026-08-10,,2026-08-16T13:48:42+00:00,BaoStock query_stock_industry,observation,medium
MEMBERSHIP_db29ec88afadee084674,CNINFO_ORG_gfbj0835229,INDUSTRY_90d9ee5bdc1ee446fff0,2026-08-10,,2026-08-16T13:48:42+00:00,BaoStock query_stock_industry,observation,medium
MEMBERSHIP_8f8f3b810d264ad868a5,CNINFO_ORG_9900028775,INDUSTRY_857cc70f4407799bbfbc,2026-08-10,,2026-08-16T13:48:42+00:00,BaoStock query_stock_industry,observation,medium
MEMBERSHIP_d76a3b366f37984ba016,CNINFO_ORG_gfbj0837112,INDUSTRY_af522b5025b7206d78cb,2026-08-10,,2026-08-16T13:48:42+00:00,BaoStock query_stock_industry,observation,medium
MEMBERSHIP_3713eef2cf1584613183,CNINFO_ORG_9900039757,INDUSTRY_b62fae243f391f69617b,2026-08-10,,2026-08-16T13:48:42+00:00,BaoStock query_stock_industry,observation,medium
MEMBERSHIP_5ce0fb98bc34bccae55f,CNINFO_ORG_9900039765,INDUSTRY_90d9ee5bdc1ee446fff0,2026-08-10,,2026-08-16T13:48:42+00:00,BaoStock query_stock_industry,observation,medium
MEMBERSHIP_4878ad71a8c7bbcafb25,CNINFO_ORG_9900030695,INDUSTRY_eb1bb5863556657a5ed0,2026-08-10,,2026-08-16T13:48:42+00:00,BaoStock query_stock_industry,observation,medium
MEMBERSHIP_41bb73430d251b13f85e,CNINFO_ORG_9900039718,INDUSTRY_b90e93f47f56746b9938,2026-08-10,,2026-08-16T13:48:42+00:00,BaoStock query_stock_industry,observation,medium
MEMBERSHIP_243602748666c49296c5,CNINFO_ORG_9900039749,INDUSTRY_af522b5025b7206d78cb,2026-08-10,,2026-08-16T13:48:42+00:00,BaoStock query_stock_industry,observation,medium
MEMBERSHIP_6943586691b1869ce9c4,CNINFO_ORG_GD005978,INDUSTRY_b90e93f47f56746b9938,2026-08-10,,2026-08-16T13:48:42+00:00,BaoStock query_stock_industry,observation,medium
MEMBERSHIP_616dd9f1c5336276f56b,CNINFO_ORG_9900030867,INDUSTRY_35fe091671cdb8d5f5e0,2026-08-10,,2026-08-16T13:48:42+00:00,BaoStock query_stock_industry,observation,medium
MEMBERSHIP_808598b083d4afcecfc6,CNINFO_ORG_gfbj0831214,INDUSTRY_90d9ee5bdc1ee446fff0,2026-08-10,,2026-08-16T13:48:42+00:00,BaoStock query_stock_industry,observation,medium
MEMBERSHIP_b109b07253045086da8a,CNINFO_ORG_9900039712,INDUSTRY_ee9bbaf36a819df8934d,2026-08-10,,2026-08-16T13:48:42+00:00,BaoStock query_stock_industry,observation,medium
MEMBERSHIP_151621be09436f68ab1a,CNINFO_ORG_9900039781,INDUSTRY_90d9ee5bdc1ee446fff0,2026-08-10,,2026-08-16T13:48:42+00:00,BaoStock query_stock_industry,observation,medium
MEMBERSHIP_b1b605b1c4ef7d74604d,CNINFO_ORG_9900039732,INDUSTRY_fcb657f75803ca816490,2026-08-10,,2026-08-16T13:48:42+00:00,BaoStock query_stock_industry,observation,medium
MEMBERSHIP_e82618aa53017380bc6f,CNINFO_ORG_gfbj0836494,INDUSTRY_06f2dd83830b4e6e7446,2026-08-10,,2026-08-16T13:48:42+00:00,BaoStock query_stock_industry,observation,medium
MEMBERSHIP_4ce4ae9d141351e2661c,CNINFO_ORG_9900040654,INDUSTRY_90d9ee5bdc1ee446fff0,2026-08-10,,2026-08-16T13:48:42+00:00,BaoStock query_stock_industry,observation,medium
MEMBERSHIP_5d3f4acda7703a93c509,CNINFO_ORG_gfbj0839976,INDUSTRY_c8bacf718e8395c6b293,2026-08-10,,2026-08-16T13:48:42+00:00,BaoStock query_stock_industry,observation,medium
MEMBERSHIP_eb587cb6ac159b737a6e,CNINFO_ORG_9900033053,INDUSTRY_35fe091671cdb8d5f5e0,2026-08-10,,2026-08-16T13:48:42+00:00,BaoStock query_stock_industry,observation,medium
MEMBERSHIP_996b8babf36b3747e675,CNINFO_ORG_nssc1000233,INDUSTRY_19bc5eab15217aa93ba8,2026-08-10,,2026-08-16T13:48:42+00:00,BaoStock query_stock_industry,observation,medium
MEMBERSHIP_d30069b2f156d4bfb663,CNINFO_ORG_9900023478,INDUSTRY_3875d79da62b4dff67e8,2026-08-10,,2026-08-16T13:48:42+00:00,BaoStock query_stock_industry,observation,medium
MEMBERSHIP_d16f20fb0f82ba96a4b5,CNINFO_ORG_9900041435,INDUSTRY_7063d42ae24daea94a9c,2026-08-10,,2026-08-16T13:48:42+00:00,BaoStock query_stock_industry,observation,medium
MEMBERSHIP_32e4b531f4a47f68fdd2,CNINFO_ORG_9900041546,INDUSTRY_fc163d1647ca522ec4cd,2026-08-10,,2026-08-16T13:48:42+00:00,BaoStock query_stock_industry,observation,medium
MEMBERSHIP_8c50a8f31697035ea175,CNINFO_ORG_gfbj0836242,INDUSTRY_7f6973b5c1a2122e9e27,2026-08-10,,2026-08-16T13:48:42+00:00,BaoStock query_stock_industry,observation,medium
MEMBERSHIP_375646b4db7512f808e6,CNINFO_ORG_9900041451,INDUSTRY_90d9ee5bdc1ee446fff0,2026-08-10,,2026-08-16T13:48:42+00:00,BaoStock query_stock_industry,observation,medium
MEMBERSHIP_c2b8cc3020695fcc5bc1,CNINFO_ORG_9900030776,INDUSTRY_a971ce8c4913016d33d1,2026-08-10,,2026-08-16T13:48:42+00:00,BaoStock query_stock_industry,observation,medium
MEMBERSHIP_97870f98ad2b7c80cbe7,CNINFO_ORG_gfbj0871103,INDUSTRY_af522b5025b7206d78cb,2026-08-10,,2026-08-16T13:48:42+00:00,BaoStock query_stock_industry,observation,medium
MEMBERSHIP_485222e08825e9cbcb64,CNINFO_ORG_9900037303,INDUSTRY_be6d1ff74018fda3a9a4,2026-08-10,,2026-08-16T13:48:42+00:00,BaoStock query_stock_industry,observation,medium
MEMBERSHIP_a2b64f4566776dfe68ef,CNINFO_ORG_9900027002,INDUSTRY_f9da9c9738f21980b6d7,2026-08-10,,2026-08-16T13:48:42+00:00,BaoStock query_stock_industry,observation,medium
MEMBERSHIP_e1c618d49f04d3cd631b,CNINFO_ORG_9900008270,INDUSTRY_b90e93f47f56746b9938,2026-08-10,,2026-08-16T13:48:42+00:00,BaoStock query_stock_industry,observation,medium
MEMBERSHIP_a825c6e7e3e35cc390e9,CNINFO_ORG_9900008268,INDUSTRY_9f7679f9ad900c7a65d2,2026-08-10,,2026-08-16T13:48:42+00:00,BaoStock query_stock_industry,observation,medium
MEMBERSHIP_77893f3c0e1fe52670a1,CNINFO_ORG_9900008269,INDUSTRY_3875d79da62b4dff67e8,2026-08-10,,2026-08-16T13:48:42+00:00,BaoStock query_stock_industry,observation,medium
MEMBERSHIP_e67e776cde48843df913,CNINFO_ORG_9900008272,INDUSTRY_35fe091671cdb8d5f5e0,2026-08-10,,2026-08-16T13:48:42+00:00,BaoStock query_stock_industry,observation,medium
MEMBERSHIP_9968d928564c84921df6,CNINFO_ORG_9900008308,INDUSTRY_857cc70f4407799bbfbc,2026-08-10,,2026-08-16T13:48:42+00:00,BaoStock query_stock_industry,observation,medium
MEMBERSHIP_4c03d74f7ee83fc223bf,CNINFO_ORG_9900008273,INDUSTRY_eb1bb5863556657a5ed0,2026-08-10,,2026-08-16T13:48:42+00:00,BaoStock query_stock_industry,observation,medium
MEMBERSHIP_ae527d1787b4f0857944,CNINFO_ORG_9900008312,INDUSTRY_fcb657f75803ca816490,2026-08-10,,2026-08-16T13:48:42+00:00,BaoStock query_stock_industry,observation,medium
MEMBERSHIP_b21fd41f2267a27a9539,CNINFO_ORG_9900008271,INDUSTRY_ad86b4a2a3856ba2d571,2026-08-10,,2026-08-16T13:48:42+00:00,BaoStock query_stock_industry,observation,medium
MEMBERSHIP_3438308d69f050796c62,CNINFO_ORG_9900008310,INDUSTRY_eb1bb5863556657a5ed0,2026-08-10,,2026-08-16T13:48:42+00:00,BaoStock query_stock_industry,observation,medium
MEMBERSHIP_bdb36472e6a7497c94b9,CNINFO_ORG_9900008267,INDUSTRY_fcb657f75803ca816490,2026-08-10,,2026-08-16T13:48:42+00:00,BaoStock query_stock_industry,observation,medium
MEMBERSHIP_91f26818f64302e63b0e,CNINFO_ORG_9900008309,INDUSTRY_ad86b4a2a3856ba2d571,2026-08-10,,2026-08-16T13:48:42+00:00,BaoStock query_stock_industry,observation,medium
MEMBERSHIP_3cd52e1aeda42567cffa,CNINFO_ORG_9900008369,INDUSTRY_731992a46c7dd8525c17,2026-08-10,,2026-08-16T13:48:42+00:00,BaoStock query_stock_industry,observation,medium
MEMBERSHIP_abbcad4ef389cd985c23,CNINFO_ORG_9900008307,INDUSTRY_80c8af8374922c2e32d6,2026-08-10,,2026-08-16T13:48:42+00:00,BaoStock query_stock_industry,observation,medium
MEMBERSHIP_f5bc6234184f728a24b0,CNINFO_ORG_9900008311,INDUSTRY_b90e93f47f56746b9938,2026-08-10,,2026-08-16T13:48:42+00:00,BaoStock query_stock_industry,observation,medium
MEMBERSHIP_d2d65429bb7fdb0f87fd,CNINFO_ORG_9900008390,INDUSTRY_dfb3dd085310dba8a2e0,2026-08-10,,2026-08-16T13:48:42+00:00,BaoStock query_stock_industry,observation,medium
MEMBERSHIP_c854b4b326d8f9644e0c,CNINFO_ORG_9900000621,INDUSTRY_eb1bb5863556657a5ed0,2026-08-10,,2026-08-16T13:48:42+00:00,BaoStock query_stock_industry,observation,medium
MEMBERSHIP_5255e6ed3ead7e9d2a9e,CNINFO_ORG_9900008387,INDUSTRY_fcb657f75803ca816490,2026-08-10,,2026-08-16T13:48:42+00:00,BaoStock query_stock_industry,observation,medium
MEMBERSHIP_531daa30634198c56cdb,CNINFO_ORG_9900008370,INDUSTRY_b90e93f47f56746b9938,2026-08-10,,2026-08-16T13:48:42+00:00,BaoStock query_stock_industry,observation,medium
MEMBERSHIP_5406c1314eec01312865,CNINFO_ORG_9900008407,INDUSTRY_af522b5025b7206d78cb,2026-08-10,,2026-08-16T13:48:42+00:00,BaoStock query_stock_industry,observation,medium
MEMBERSHIP_8e47df391ed8755230e1,CNINFO_ORG_9900008408,INDUSTRY_fcb657f75803ca816490,2026-08-10,,2026-08-16T13:48:42+00:00,BaoStock query_stock_industry,observation,medium
MEMBERSHIP_9aceae902fed4b199397,CNINFO_ORG_9900008415,INDUSTRY_c54d6305ab09fdcbf8d5,2026-08-10,,2026-08-16T13:48:42+00:00,BaoStock query_stock_industry,observation,medium
MEMBERSHIP_32ca265d6bf884a487a2,CNINFO_ORG_9900008412,INDUSTRY_8c865bedc2ef9574d2e5,2026-08-10,,2026-08-16T13:48:42+00:00,BaoStock query_stock_industry,observation,medium
MEMBERSHIP_883de0154739edd20768,CNINFO_ORG_9900004062,INDUSTRY_35fe091671cdb8d5f5e0,2026-08-10,,2026-08-16T13:48:42+00:00,BaoStock query_stock_industry,observation,medium
MEMBERSHIP_9937507b861bae3c3771,CNINFO_ORG_9900008487,INDUSTRY_fcb657f75803ca816490,2026-08-10,,2026-08-16T13:48:42+00:00,BaoStock query_stock_industry,observation,medium
MEMBERSHIP_ac3e25320f7fadee8000,CNINFO_ORG_9900008489,INDUSTRY_eb1bb5863556657a5ed0,2026-08-10,,2026-08-16T13:48:42+00:00,BaoStock query_stock_industry,observation,medium
MEMBERSHIP_47efdb37e0a5bb060048,CNINFO_ORG_9900008488,INDUSTRY_a3b7ae0c6bfa4b2b7bfb,2026-08-10,,2026-08-16T13:48:42+00:00,BaoStock query_stock_industry,observation,medium
MEMBERSHIP_292cee147a6298009825,CNINFO_ORG_9900009147,INDUSTRY_3875d79da62b4dff67e8,2026-08-10,,2026-08-16T13:48:42+00:00,BaoStock query_stock_industry,observation,medium
MEMBERSHIP_9a1f7bb288ad26914a1b,CNINFO_ORG_9900008828,INDUSTRY_9f7679f9ad900c7a65d2,2026-08-10,,2026-08-16T13:48:42+00:00,BaoStock query_stock_industry,observation,medium
MEMBERSHIP_d399d6fa79b9ed10557b,CNINFO_ORG_9900009027,INDUSTRY_b90e93f47f56746b9938,2026-08-10,,2026-08-16T13:48:42+00:00,BaoStock query_stock_industry,observation,medium
MEMBERSHIP_b7928fe09a9017e73108,CNINFO_ORG_9900008416,INDUSTRY_7ee4f97d9c6b6c9f19de,2026-08-10,,2026-08-16T13:48:42+00:00,BaoStock query_stock_industry,observation,medium
MEMBERSHIP_d869593a13ede7aed90b,CNINFO_ORG_9900009028,INDUSTRY_fc163d1647ca522ec4cd,2026-08-10,,2026-08-16T13:48:42+00:00,BaoStock query_stock_industry,observation,medium
MEMBERSHIP_b07c0f77817366cea897,CNINFO_ORG_9900009150,INDUSTRY_90d9ee5bdc1ee446fff0,2026-08-10,,2026-08-16T13:48:42+00:00,BaoStock query_stock_industry,observation,medium
MEMBERSHIP_7aa5bfe41d78e25af8c8,CNINFO_ORG_9900009148,INDUSTRY_fcb657f75803ca816490,2026-08-10,,2026-08-16T13:48:42+00:00,BaoStock query_stock_industry,observation,medium
MEMBERSHIP_420c29a6680de73d9be7,CNINFO_ORG_9900009195,INDUSTRY_90d9ee5bdc1ee446fff0,2026-08-10,,2026-08-16T13:48:42+00:00,BaoStock query_stock_industry,observation,medium
MEMBERSHIP_163e4dfe2019f2666721,CNINFO_ORG_9900009451,INDUSTRY_eb1bb5863556657a5ed0,2026-08-10,,2026-08-16T13:48:42+00:00,BaoStock query_stock_industry,observation,medium
MEMBERSHIP_6a42f784e268e9d5747e,CNINFO_ORG_9900009407,INDUSTRY_f9da9c9738f21980b6d7,2026-08-10,,2026-08-16T13:48:42+00:00,BaoStock query_stock_industry,observation,medium
MEMBERSHIP_13287ca1b97cf0677f13,CNINFO_ORG_9900009192,INDUSTRY_af522b5025b7206d78cb,2026-08-10,,2026-08-16T13:48:42+00:00,BaoStock query_stock_industry,observation,medium
MEMBERSHIP_66c9361e36029867cdc0,CNINFO_ORG_9900009590,INDUSTRY_90d9ee5bdc1ee446fff0,2026-08-10,,2026-08-16T13:48:42+00:00,BaoStock query_stock_industry,observation,medium
MEMBERSHIP_512a04c4e577719ce773,CNINFO_ORG_9900009807,INDUSTRY_9f7679f9ad900c7a65d2,2026-08-10,,2026-08-16T13:48:42+00:00,BaoStock query_stock_industry,observation,medium
MEMBERSHIP_42796277549a31e55290,CNINFO_ORG_9900009809,INDUSTRY_fcb657f75803ca816490,2026-08-10,,2026-08-16T13:48:42+00:00,BaoStock query_stock_industry,observation,medium
MEMBERSHIP_9f1bf20385a146ed5ec7,CNINFO_ORG_9900009589,INDUSTRY_90d9ee5bdc1ee446fff0,2026-08-10,,2026-08-16T13:48:42+00:00,BaoStock query_stock_industry,observation,medium
MEMBERSHIP_ba23546899cc0525e030,CNINFO_ORG_9900009808,INDUSTRY_90d9ee5bdc1ee446fff0,2026-08-10,,2026-08-16T13:48:42+00:00,BaoStock query_stock_industry,observation,medium
MEMBERSHIP_d1094675b1c41b5b2826,CNINFO_ORG_9900009587,INDUSTRY_fcb657f75803ca816490,2026-08-10,,2026-08-16T13:48:42+00:00,BaoStock query_stock_industry,observation,medium
MEMBERSHIP_3fb065e3e6c27427858c,CNINFO_ORG_9900009627,INDUSTRY_b90e93f47f56746b9938,2026-08-10,,2026-08-16T13:48:42+00:00,BaoStock query_stock_industry,observation,medium
MEMBERSHIP_4db2f372601b14eb9766,CNINFO_ORG_9900009588,INDUSTRY_3875d79da62b4dff67e8,2026-08-10,,2026-08-16T13:48:42+00:00,BaoStock query_stock_industry,observation,medium
MEMBERSHIP_79785080db8dbb37fe4b,CNINFO_ORG_9900009810,INDUSTRY_fcb657f75803ca816490,2026-08-10,,2026-08-16T13:48:42+00:00,BaoStock query_stock_industry,observation,medium
MEMBERSHIP_266c6424a26ee4d77730,CNINFO_ORG_9900009988,INDUSTRY_fcb657f75803ca816490,2026-08-10,,2026-08-16T13:48:42+00:00,BaoStock query_stock_industry,observation,medium
MEMBERSHIP_5b7f28cd7b30e16d5444,CNINFO_ORG_9900010038,INDUSTRY_9f7679f9ad900c7a65d2,2026-08-10,,2026-08-16T13:48:42+00:00,BaoStock query_stock_industry,observation,medium
MEMBERSHIP_2d6966a5c23ca7d9d6fd,CNINFO_ORG_9900010151,INDUSTRY_90d9ee5bdc1ee446fff0,2026-08-10,,2026-08-16T13:48:42+00:00,BaoStock query_stock_industry,observation,medium
MEMBERSHIP_22998f852620d032f2c0,CNINFO_ORG_9900010037,INDUSTRY_90d9ee5bdc1ee446fff0,2026-08-10,,2026-08-16T13:48:42+00:00,BaoStock query_stock_industry,observation,medium
MEMBERSHIP_fe38447830d877129f79,CNINFO_ORG_9900010149,INDUSTRY_af522b5025b7206d78cb,2026-08-10,,2026-08-16T13:48:42+00:00,BaoStock query_stock_industry,observation,medium
MEMBERSHIP_8f2f50a81f2a49cd4b39,CNINFO_ORG_9900010148,INDUSTRY_3875d79da62b4dff67e8,2026-08-10,,2026-08-16T13:48:42+00:00,BaoStock query_stock_industry,observation,medium
MEMBERSHIP_9f6c19522ebb7d48e380,CNINFO_ORG_9900010150,INDUSTRY_fc163d1647ca522ec4cd,2026-08-10,,2026-08-16T13:48:42+00:00,BaoStock query_stock_industry,observation,medium
MEMBERSHIP_e27aa1f4b91f0d515b44,CNINFO_ORG_9900010147,INDUSTRY_91e10380fe1770769bdb,2026-08-10,,2026-08-16T13:48:42+00:00,BaoStock query_stock_industry,observation,medium
MEMBERSHIP_b1df00a809bdf2bbd174,CNINFO_ORG_9900010488,INDUSTRY_963e913f30a1f4833ac7,2026-08-10,,2026-08-16T13:48:42+00:00,BaoStock query_stock_industry,observation,medium
MEMBERSHIP_6905cf48ad0ab70f9ea4,CNINFO_ORG_9900010547,INDUSTRY_91e10380fe1770769bdb,2026-08-10,,2026-08-16T13:48:42+00:00,BaoStock query_stock_industry,observation,medium
MEMBERSHIP_6b47d80acd1f5845c6a5,CNINFO_ORG_9900010588,INDUSTRY_b90e93f47f56746b9938,2026-08-10,,2026-08-16T13:48:42+00:00,BaoStock query_stock_industry,observation,medium
MEMBERSHIP_e84aa21005a05b543274,CNINFO_ORG_9900010788,INDUSTRY_91e10380fe1770769bdb,2026-08-10,,2026-08-16T13:48:42+00:00,BaoStock query_stock_industry,observation,medium
MEMBERSHIP_eb57cc39fee4d25cfcb4,CNINFO_ORG_9900010789,INDUSTRY_90d9ee5bdc1ee446fff0,2026-08-10,,2026-08-16T13:48:42+00:00,BaoStock query_stock_industry,observation,medium
MEMBERSHIP_ec9530a8e86d75fe465e,CNINFO_ORG_9900010587,INDUSTRY_735889820fa0518be404,2026-08-10,,2026-08-16T13:48:42+00:00,BaoStock query_stock_industry,observation,medium
MEMBERSHIP_667986aacb65a624c570,CNINFO_ORG_9900011367,INDUSTRY_af522b5025b7206d78cb,2026-08-10,,2026-08-16T13:48:42+00:00,BaoStock query_stock_industry,observation,medium
MEMBERSHIP_b6719e85f72ce739adc4,CNINFO_ORG_9900010793,INDUSTRY_b90e93f47f56746b9938,2026-08-10,,2026-08-16T13:48:42+00:00,BaoStock query_stock_industry,observation,medium
MEMBERSHIP_638e8a6df4fc28b707a2,CNINFO_ORG_9900011368,INDUSTRY_b90e93f47f56746b9938,2026-08-10,,2026-08-16T13:48:42+00:00,BaoStock query_stock_industry,observation,medium
MEMBERSHIP_ee15a4ad3d17a96eb2b8,CNINFO_ORG_9900011168,INDUSTRY_ee9bbaf36a819df8934d,2026-08-10,,2026-08-16T13:48:42+00:00,BaoStock query_stock_industry,observation,medium
MEMBERSHIP_bd1da4d20feeed588c7a,CNINFO_ORG_9900008389,INDUSTRY_91e10380fe1770769bdb,2026-08-10,,2026-08-16T13:48:42+00:00,BaoStock query_stock_industry,observation,medium
MEMBERSHIP_2787ef8eecbaf542538a,CNINFO_ORG_9900011371,INDUSTRY_af522b5025b7206d78cb,2026-08-10,,2026-08-16T13:48:42+00:00,BaoStock query_stock_industry,observation,medium
MEMBERSHIP_a9d91cd5d22b3e383141,CNINFO_ORG_9900011167,INDUSTRY_90d9ee5bdc1ee446fff0,2026-08-10,,2026-08-16T13:48:42+00:00,BaoStock query_stock_industry,observation,medium
MEMBERSHIP_5603ec133d3aaff86bd9,CNINFO_ORG_9900011553,INDUSTRY_fcb657f75803ca816490,2026-08-10,,2026-08-16T13:48:42+00:00,BaoStock query_stock_industry,observation,medium
MEMBERSHIP_70dcc7459d800efe85db,CNINFO_ORG_9900011507,INDUSTRY_fcb657f75803ca816490,2026-08-10,,2026-08-16T13:48:42+00:00,BaoStock query_stock_industry,observation,medium
MEMBERSHIP_ea6975e1bd94c79eb88b,CNINFO_ORG_9900011370,INDUSTRY_90d9ee5bdc1ee446fff0,2026-08-10,,2026-08-16T13:48:42+00:00,BaoStock query_stock_industry,observation,medium
MEMBERSHIP_c4ac35100d9bf9fea387,CNINFO_ORG_9900011747,INDUSTRY_90d9ee5bdc1ee446fff0,2026-08-10,,2026-08-16T13:48:42+00:00,BaoStock query_stock_industry,observation,medium
MEMBERSHIP_be17a97f004b3dfd760d,CNINFO_ORG_9900011554,INDUSTRY_90d9ee5bdc1ee446fff0,2026-08-10,,2026-08-16T13:48:42+00:00,BaoStock query_stock_industry,observation,medium
MEMBERSHIP_473b35f78c409d51eec3,CNINFO_ORG_9900011552,INDUSTRY_90d9ee5bdc1ee446fff0,2026-08-10,,2026-08-16T13:48:42+00:00,BaoStock query_stock_industry,observation,medium
MEMBERSHIP_45de83903633fd9725f9,CNINFO_ORG_9900011508,INDUSTRY_b90e93f47f56746b9938,2026-08-10,,2026-08-16T13:48:42+00:00,BaoStock query_stock_industry,observation,medium
MEMBERSHIP_28ff173fecc411eaf4ae,CNINFO_ORG_9900012108,INDUSTRY_fcb657f75803ca816490,2026-08-10,,2026-08-16T13:48:42+00:00,BaoStock query_stock_industry,observation,medium
MEMBERSHIP_10ddcd6567456e5788a9,CNINFO_ORG_9900011748,INDUSTRY_af522b5025b7206d78cb,2026-08-10,,2026-08-16T13:48:42+00:00,BaoStock query_stock_industry,observation,medium
MEMBERSHIP_c38cd48da76476fe66d5,CNINFO_ORG_9900011551,INDUSTRY_35fe091671cdb8d5f5e0,2026-08-10,,2026-08-16T13:48:42+00:00,BaoStock query_stock_industry,observation,medium
MEMBERSHIP_cbc6d7c714ad7167e54f,CNINFO_ORG_9900011850,INDUSTRY_93d93f4712457bea147b,2026-08-10,,2026-08-16T13:48:42+00:00,BaoStock query_stock_industry,observation,medium
MEMBERSHIP_40ec5c8cf5d2bde439b6,CNINFO_ORG_9900012331,INDUSTRY_fcb657f75803ca816490,2026-08-10,,2026-08-16T13:48:42+00:00,BaoStock query_stock_industry,observation,medium
MEMBERSHIP_f03f8f1bca2004d7b875,CNINFO_ORG_9900011987,INDUSTRY_eb1bb5863556657a5ed0,2026-08-10,,2026-08-16T13:48:42+00:00,BaoStock query_stock_industry,observation,medium
MEMBERSHIP_250c0bacb0526b383d5f,CNINFO_ORG_9900010589,INDUSTRY_b767e92ab1f7435c1ef3,2026-08-10,,2026-08-16T13:48:42+00:00,BaoStock query_stock_industry,observation,medium
MEMBERSHIP_dece474e34873f7ccdd6,CNINFO_ORG_9900012229,INDUSTRY_90d9ee5bdc1ee446fff0,2026-08-10,,2026-08-16T13:48:42+00:00,BaoStock query_stock_industry,observation,medium
MEMBERSHIP_a7911a87383551589a4d,CNINFO_ORG_9900012107,INDUSTRY_35fe091671cdb8d5f5e0,2026-08-10,,2026-08-16T13:48:42+00:00,BaoStock query_stock_industry,observation,medium
MEMBERSHIP_9356cf674422203387eb,CNINFO_ORG_9900012867,INDUSTRY_3875d79da62b4dff67e8,2026-08-10,,2026-08-16T13:48:42+00:00,BaoStock query_stock_industry,observation,medium
MEMBERSHIP_368bf97dd373f57d17ab,CNINFO_ORG_9900012451,INDUSTRY_b90e93f47f56746b9938,2026-08-10,,2026-08-16T13:48:42+00:00,BaoStock query_stock_industry,observation,medium
MEMBERSHIP_4ac08f54c66dcc886356,CNINFO_ORG_9900012529,INDUSTRY_06f2dd83830b4e6e7446,2026-08-10,,2026-08-16T13:48:42+00:00,BaoStock query_stock_industry,observation,medium
MEMBERSHIP_45afa0a9abfbc7aa56d2,CNINFO_ORG_9900012793,INDUSTRY_35fe091671cdb8d5f5e0,2026-08-10,,2026-08-16T13:48:42+00:00,BaoStock query_stock_industry,observation,medium
MEMBERSHIP_6c250fb9d34ebdd01c17,CNINFO_ORG_9900012227,INDUSTRY_fcb657f75803ca816490,2026-08-10,,2026-08-16T13:48:42+00:00,BaoStock query_stock_industry,observation,medium
MEMBERSHIP_065bf7a40ad1ca45b28d,CNINFO_ORG_9900012351,INDUSTRY_3875d79da62b4dff67e8,2026-08-10,,2026-08-16T13:48:42+00:00,BaoStock query_stock_industry,observation,medium
MEMBERSHIP_111ef290dd5fc0d1e52c,CNINFO_ORG_9900010590,INDUSTRY_fcb657f75803ca816490,2026-08-10,,2026-08-16T13:48:42+00:00,BaoStock query_stock_industry,observation,medium
MEMBERSHIP_b68b8d174b8d1630c686,CNINFO_ORG_9900012452,INDUSTRY_3875d79da62b4dff67e8,2026-08-10,,2026-08-16T13:48:42+00:00,BaoStock query_stock_industry,observation,medium
MEMBERSHIP_9dda3083b121da0180ab,CNINFO_ORG_9900012868,INDUSTRY_e7fb954d2ab5bf5bc733,2026-08-10,,2026-08-16T13:48:42+00:00,BaoStock query_stock_industry,observation,medium
MEMBERSHIP_2c7f96ec70ac26599556,CNINFO_ORG_9900011989,INDUSTRY_fcb657f75803ca816490,2026-08-10,,2026-08-16T13:48:42+00:00,BaoStock query_stock_industry,observation,medium
MEMBERSHIP_e35096ece30b91541b01,CNINFO_ORG_9900012935,INDUSTRY_90d9ee5bdc1ee446fff0,2026-08-10,,2026-08-16T13:48:42+00:00,BaoStock query_stock_industry,observation,medium
MEMBERSHIP_c3b9aa0df423dd7fd033,CNINFO_ORG_9900012936,INDUSTRY_2c3b8b7969b736730fe1,2026-08-10,,2026-08-16T13:48:42+00:00,BaoStock query_stock_industry,observation,medium
MEMBERSHIP_6bc1abd1a8fdec3cc888,CNINFO_ORG_9900011369,INDUSTRY_b90e93f47f56746b9938,2026-08-10,,2026-08-16T13:48:42+00:00,BaoStock query_stock_industry,observation,medium
MEMBERSHIP_50a0785c88ac1021b05e,CNINFO_ORG_9900013409,INDUSTRY_34765f16a5c28d382e0e,2026-08-10,,2026-08-16T13:48:42+00:00,BaoStock query_stock_industry,observation,medium
MEMBERSHIP_6405679746db52ce72f5,CNINFO_ORG_9900013328,INDUSTRY_af522b5025b7206d78cb,2026-08-10,,2026-08-16T13:48:42+00:00,BaoStock query_stock_industry,observation,medium
MEMBERSHIP_5d4199aa14bb59d7aa19,CNINFO_ORG_9900013441,INDUSTRY_af522b5025b7206d78cb,2026-08-10,,2026-08-16T13:48:42+00:00,BaoStock query_stock_industry,observation,medium
MEMBERSHIP_f7a2e3c3776e6a40087f,CNINFO_ORG_9900013168,INDUSTRY_eb1bb5863556657a5ed0,2026-08-10,,2026-08-16T13:48:42+00:00,BaoStock query_stock_industry,observation,medium
MEMBERSHIP_54506c5bf4a9f066c508,CNINFO_ORG_9900013440,INDUSTRY_eb1bb5863556657a5ed0,2026-08-10,,2026-08-16T13:48:42+00:00,BaoStock query_stock_industry,observation,medium
MEMBERSHIP_d7102f888cbf74861845,CNINFO_ORG_9900013371,INDUSTRY_735889820fa0518be404,2026-08-10,,2026-08-16T13:48:42+00:00,BaoStock query_stock_industry,observation,medium
MEMBERSHIP_7b66b336da15db40e514,CNINFO_ORG_9900013372,INDUSTRY_9f7679f9ad900c7a65d2,2026-08-10,,2026-08-16T13:48:42+00:00,BaoStock query_stock_industry,observation,medium
MEMBERSHIP_c027e592a59ef163301f,CNINFO_ORG_9900013488,INDUSTRY_90d9ee5bdc1ee446fff0,2026-08-10,,2026-08-16T13:48:42+00:00,BaoStock query_stock_industry,observation,medium
MEMBERSHIP_b4e1d274bd39441c3d21,CNINFO_ORG_9900013430,INDUSTRY_b90e93f47f56746b9938,2026-08-10,,2026-08-16T13:48:42+00:00,BaoStock query_stock_industry,observation,medium
MEMBERSHIP_444546a03be8ca085187,CNINFO_ORG_9900013869,INDUSTRY_eb1bb5863556657a5ed0,2026-08-10,,2026-08-16T13:48:42+00:00,BaoStock query_stock_industry,observation,medium
MEMBERSHIP_227c4db6137f1286adf1,CNINFO_ORG_9900013694,INDUSTRY_90d9ee5bdc1ee446fff0,2026-08-10,,2026-08-16T13:48:42+00:00,BaoStock query_stock_industry,observation,medium
MEMBERSHIP_ec6590e44f8f3762dd3f,CNINFO_ORG_9900013868,INDUSTRY_af522b5025b7206d78cb,2026-08-10,,2026-08-16T13:48:42+00:00,BaoStock query_stock_industry,observation,medium
MEMBERSHIP_7f1a970b7dfccfdfd173,CNINFO_ORG_9900014108,INDUSTRY_eb1bb5863556657a5ed0,2026-08-10,,2026-08-16T13:48:42+00:00,BaoStock query_stock_industry,observation,medium
MEMBERSHIP_36dbec931bfd6c58754f,CNINFO_ORG_9900014107,INDUSTRY_90d9ee5bdc1ee446fff0,2026-08-10,,2026-08-16T13:48:42+00:00,BaoStock query_stock_industry,observation,medium
MEMBERSHIP_20db9f3f975ba33fe847,CNINFO_ORG_9900012527,INDUSTRY_b90e93f47f56746b9938,2026-08-10,,2026-08-16T13:48:42+00:00,BaoStock query_stock_industry,observation,medium
MEMBERSHIP_ea59f0e521db6d79e547,CNINFO_ORG_9900013908,INDUSTRY_b90e93f47f56746b9938,2026-08-10,,2026-08-16T13:48:42+00:00,BaoStock query_stock_industry,observation,medium
MEMBERSHIP_f7090d2daa710c754c10,CNINFO_ORG_9900013087,INDUSTRY_35fe091671cdb8d5f5e0,2026-08-10,,2026-08-16T13:48:42+00:00,BaoStock query_stock_industry,observation,medium
MEMBERSHIP_8c877ff6c6452552f234,CNINFO_ORG_9900014287,INDUSTRY_90d9ee5bdc1ee446fff0,2026-08-10,,2026-08-16T13:48:42+00:00,BaoStock query_stock_industry,observation,medium
MEMBERSHIP_8d6244d1bd7f89d371a9,CNINFO_ORG_9900013693,INDUSTRY_90d9ee5bdc1ee446fff0,2026-08-10,,2026-08-16T13:48:42+00:00,BaoStock query_stock_industry,observation,medium
MEMBERSHIP_8f73d30725f9bba7b673,CNINFO_ORG_9900013429,INDUSTRY_b90e93f47f56746b9938,2026-08-10,,2026-08-16T13:48:42+00:00,BaoStock query_stock_industry,observation,medium
MEMBERSHIP_82aa2fa2b86033dd9e38,CNINFO_ORG_9900014467,INDUSTRY_3875d79da62b4dff67e8,2026-08-10,,2026-08-16T13:48:42+00:00,BaoStock query_stock_industry,observation,medium
MEMBERSHIP_866ba66490da4c7af41b,CNINFO_ORG_9900014589,INDUSTRY_8c865bedc2ef9574d2e5,2026-08-10,,2026-08-16T13:48:42+00:00,BaoStock query_stock_industry,observation,medium
MEMBERSHIP_f6d0ee14a1d77a309d12,CNINFO_ORG_9900014611,INDUSTRY_af522b5025b7206d78cb,2026-08-10,,2026-08-16T13:48:42+00:00,BaoStock query_stock_industry,observation,medium
MEMBERSHIP_d79418d0b4747e510c75,CNINFO_ORG_9900013428,INDUSTRY_a3b7ae0c6bfa4b2b7bfb,2026-08-10,,2026-08-16T13:48:42+00:00,BaoStock query_stock_industry,observation,medium
MEMBERSHIP_dfd6b79e722069db9fe9,CNINFO_ORG_9900014469,INDUSTRY_90d9ee5bdc1ee446fff0,2026-08-10,,2026-08-16T13:48:42+00:00,BaoStock query_stock_industry,observation,medium
MEMBERSHIP_7e0dcb6afd975d65c8c1,CNINFO_ORG_9900014468,INDUSTRY_cfd4139bf05e5a91c076,2026-08-10,,2026-08-16T13:48:42+00:00,BaoStock query_stock_industry,observation,medium
MEMBERSHIP_125d245971af914eb226,CNINFO_ORG_9900014767,INDUSTRY_90d9ee5bdc1ee446fff0,2026-08-10,,2026-08-16T13:48:42+00:00,BaoStock query_stock_industry,observation,medium
MEMBERSHIP_8d093b35f60fcaf325fa,CNINFO_ORG_9900014612,INDUSTRY_735889820fa0518be404,2026-08-10,,2026-08-16T13:48:42+00:00,BaoStock query_stock_industry,observation,medium
MEMBERSHIP_8c4e21995d9cad93301e,CNINFO_ORG_9900014768,INDUSTRY_06f2dd83830b4e6e7446,2026-08-10,,2026-08-16T13:48:42+00:00,BaoStock query_stock_industry,observation,medium
MEMBERSHIP_62b5e108b8504b6479da,CNINFO_ORG_9900008827,INDUSTRY_515421a19bebcbe891cf,2026-08-10,,2026-08-16T13:48:42+00:00,BaoStock query_stock_industry,observation,medium
MEMBERSHIP_57b5494e3e5db8d293b8,CNINFO_ORG_9900015168,INDUSTRY_ee9bbaf36a819df8934d,2026-08-10,,2026-08-16T13:48:42+00:00,BaoStock query_stock_industry,observation,medium
MEMBERSHIP_868730ce2ba6e764163e,CNINFO_ORG_9900015167,INDUSTRY_b90e93f47f56746b9938,2026-08-10,,2026-08-16T13:48:42+00:00,BaoStock query_stock_industry,observation,medium
MEMBERSHIP_a8b84fec15c2ac71b890,CNINFO_ORG_9900014830,INDUSTRY_eb1bb5863556657a5ed0,2026-08-10,,2026-08-16T13:48:42+00:00,BaoStock query_stock_industry,observation,medium
MEMBERSHIP_ac6fb45f604423d158ae,CNINFO_ORG_9900015468,INDUSTRY_dfb3dd085310dba8a2e0,2026-08-10,,2026-08-16T13:48:42+00:00,BaoStock query_stock_industry,observation,medium
MEMBERSHIP_7fa3a1a8ca712ec0b6f6,CNINFO_ORG_9900015467,INDUSTRY_65242cf4a739f88728f5,2026-08-10,,2026-08-16T13:48:42+00:00,BaoStock query_stock_industry,observation,medium
MEMBERSHIP_d847c21de6c16e466b2a,CNINFO_ORG_9900015667,INDUSTRY_35fe091671cdb8d5f5e0,2026-08-10,,2026-08-16T13:48:42+00:00,BaoStock query_stock_industry,observation,medium
MEMBERSHIP_c1d79a961f083a5386ff,CNINFO_ORG_9900015867,INDUSTRY_34765f16a5c28d382e0e,2026-08-10,,2026-08-16T13:48:42+00:00,BaoStock query_stock_industry,observation,medium
MEMBERSHIP_de86e6fd4255bfe9554b,CNINFO_ORG_9900015987,INDUSTRY_eb1bb5863556657a5ed0,2026-08-10,,2026-08-16T13:48:42+00:00,BaoStock query_stock_industry,observation,medium
MEMBERSHIP_cbf379513ba6a2040982,CNINFO_ORG_9900015668,INDUSTRY_979f61913dc6006fe56d,2026-08-10,,2026-08-16T13:48:42+00:00,BaoStock query_stock_industry,observation,medium
MEMBERSHIP_c322bcc086b6bb38abd1,CNINFO_ORG_9900015868,INDUSTRY_f07066d9ed35c8253165,2026-08-10,,2026-08-16T13:48:42+00:00,BaoStock query_stock_industry,observation,medium
MEMBERSHIP_86ba617cdd5c8918264b,CNINFO_ORG_gfbj0430001,INDUSTRY_fcb657f75803ca816490,2026-08-10,,2026-08-16T13:48:42+00:00,BaoStock query_stock_industry,observation,medium
MEMBERSHIP_b833fe91efc2500171ed,CNINFO_ORG_9900015940,INDUSTRY_3875d79da62b4dff67e8,2026-08-10,,2026-08-16T13:48:42+00:00,BaoStock query_stock_industry,observation,medium
MEMBERSHIP_a67a504369442cebb97e,CNINFO_ORG_9900012667,INDUSTRY_35fe091671cdb8d5f5e0,2026-08-10,,2026-08-16T13:48:42+00:00,BaoStock query_stock_industry,observation,medium
MEMBERSHIP_38bb18daee0a564b652b,CNINFO_ORG_9900015988,INDUSTRY_b90e93f47f56746b9938,2026-08-10,,2026-08-16T13:48:42+00:00,BaoStock query_stock_industry,observation,medium
MEMBERSHIP_b88bcb126bb7cdd4176e,CNINFO_ORG_9900015288,INDUSTRY_35fe091671cdb8d5f5e0,2026-08-10,,2026-08-16T13:48:42+00:00,BaoStock query_stock_industry,observation,medium
MEMBERSHIP_00dcdc709dd8257716f3,CNINFO_ORG_9900015941,INDUSTRY_90d9ee5bdc1ee446fff0,2026-08-10,,2026-08-16T13:48:42+00:00,BaoStock query_stock_industry,observation,medium
MEMBERSHIP_5d4b770345a7b5bbd2de,CNINFO_ORG_9900015787,INDUSTRY_35fe091671cdb8d5f5e0,2026-08-10,,2026-08-16T13:48:42+00:00,BaoStock query_stock_industry,observation,medium
MEMBERSHIP_9d98719ac1fe67445e24,CNINFO_ORG_9900015689,INDUSTRY_eb1bb5863556657a5ed0,2026-08-10,,2026-08-16T13:48:42+00:00,BaoStock query_stock_industry,observation,medium
MEMBERSHIP_18728fd69c2512df0194,CNINFO_ORG_9900016190,INDUSTRY_3875d79da62b4dff67e8,2026-08-10,,2026-08-16T13:48:42+00:00,BaoStock query_stock_industry,observation,medium
MEMBERSHIP_4caad5b928aeceb67946,CNINFO_ORG_9900016230,INDUSTRY_7063d42ae24daea94a9c,2026-08-10,,2026-08-16T13:48:42+00:00,BaoStock query_stock_industry,observation,medium
MEMBERSHIP_ef8a91ccbfc5d2e060a9,CNINFO_ORG_9900016049,INDUSTRY_35fe091671cdb8d5f5e0,2026-08-10,,2026-08-16T13:48:42+00:00,BaoStock query_stock_industry,observation,medium
MEMBERSHIP_35330ce7c3e4ee1f67c2,CNINFO_ORG_9900016048,INDUSTRY_90d9ee5bdc1ee446fff0,2026-08-10,,2026-08-16T13:48:42+00:00,BaoStock query_stock_industry,observation,medium
MEMBERSHIP_f43408925217a92a09b1,CNINFO_ORG_9900016229,INDUSTRY_a971ce8c4913016d33d1,2026-08-10,,2026-08-16T13:48:42+00:00,BaoStock query_stock_industry,observation,medium
MEMBERSHIP_a766019a77adf3ba4775,CNINFO_ORG_9900016228,INDUSTRY_93d93f4712457bea147b,2026-08-10,,2026-08-16T13:48:42+00:00,BaoStock query_stock_industry,observation,medium
MEMBERSHIP_f657dd8c2e78decace2b,CNINFO_ORG_9900016188,INDUSTRY_735889820fa0518be404,2026-08-10,,2026-08-16T13:48:42+00:00,BaoStock query_stock_industry,observation,medium
MEMBERSHIP_cefc29e5b474155d2643,CNINFO_ORG_9900016307,INDUSTRY_fcb657f75803ca816490,2026-08-10,,2026-08-16T13:48:42+00:00,BaoStock query_stock_industry,observation,medium
MEMBERSHIP_f8252b8792e1677d8efa,CNINFO_ORG_9900016311,INDUSTRY_fcb657f75803ca816490,2026-08-10,,2026-08-16T13:48:42+00:00,BaoStock query_stock_industry,observation,medium
MEMBERSHIP_98e14dd98e2f98e59885,CNINFO_ORG_9900015690,INDUSTRY_fcb657f75803ca816490,2026-08-10,,2026-08-16T13:48:42+00:00,BaoStock query_stock_industry,observation,medium
MEMBERSHIP_11f9786f30588da599cc,CNINFO_ORG_9900016047,INDUSTRY_b62fae243f391f69617b,2026-08-10,,2026-08-16T13:48:42+00:00,BaoStock query_stock_industry,observation,medium
MEMBERSHIP_2540f5ff4d48cc7f0188,CNINFO_ORG_9900016312,INDUSTRY_fcb657f75803ca816490,2026-08-10,,2026-08-16T13:48:42+00:00,BaoStock query_stock_industry,observation,medium
MEMBERSHIP_f0387afcf4e6f975f54c,CNINFO_ORG_9900016348,INDUSTRY_3875d79da62b4dff67e8,2026-08-10,,2026-08-16T13:48:42+00:00,BaoStock query_stock_industry,observation,medium
MEMBERSHIP_2cc340b0b022b715e3ec,CNINFO_ORG_9900016347,INDUSTRY_7f6973b5c1a2122e9e27,2026-08-10,,2026-08-16T13:48:42+00:00,BaoStock query_stock_industry,observation,medium
MEMBERSHIP_c5839d72951c47ccea07,CNINFO_ORG_9900013170,INDUSTRY_3875d79da62b4dff67e8,2026-08-10,,2026-08-16T13:48:42+00:00,BaoStock query_stock_industry,observation,medium
MEMBERSHIP_6ed4da1ab6194be1fb1d,CNINFO_ORG_9900016310,INDUSTRY_af522b5025b7206d78cb,2026-08-10,,2026-08-16T13:48:42+00:00,BaoStock query_stock_industry,observation,medium
MEMBERSHIP_da5c463ea6508c5c5678,CNINFO_ORG_9900016350,INDUSTRY_06f2dd83830b4e6e7446,2026-08-10,,2026-08-16T13:48:42+00:00,BaoStock query_stock_industry,observation,medium
MEMBERSHIP_f5d1316303593027c379,CNINFO_ORG_9900016527,INDUSTRY_e7fb954d2ab5bf5bc733,2026-08-10,,2026-08-16T13:48:42+00:00,BaoStock query_stock_industry,observation,medium
MEMBERSHIP_3eeebfce83333838c25d,CNINFO_ORG_9900016529,INDUSTRY_90d9ee5bdc1ee446fff0,2026-08-10,,2026-08-16T13:48:42+00:00,BaoStock query_stock_industry,observation,medium
MEMBERSHIP_3513e53420f05945d61e,CNINFO_ORG_9900012352,INDUSTRY_7063d42ae24daea94a9c,2026-08-10,,2026-08-16T13:48:42+00:00,BaoStock query_stock_industry,observation,medium
MEMBERSHIP_ef11462025084db77cbd,CNINFO_ORG_9900016351,INDUSTRY_b62fae243f391f69617b,2026-08-10,,2026-08-16T13:48:42+00:00,BaoStock query_stock_industry,observation,medium
MEMBERSHIP_2a8715aa671f3d9ccde9,CNINFO_ORG_9900016587,INDUSTRY_eb1bb5863556657a5ed0,2026-08-10,,2026-08-16T13:48:42+00:00,BaoStock query_stock_industry,observation,medium
MEMBERSHIP_0072731ee192b0dd22f3,CNINFO_ORG_9900016769,INDUSTRY_a3b7ae0c6bfa4b2b7bfb,2026-08-10,,2026-08-16T13:48:42+00:00,BaoStock query_stock_industry,observation,medium
MEMBERSHIP_b653978caffa47198075,CNINFO_ORG_9900016709,INDUSTRY_735889820fa0518be404,2026-08-10,,2026-08-16T13:48:42+00:00,BaoStock query_stock_industry,observation,medium
MEMBERSHIP_d6da4689fd86d5d61e54,CNINFO_ORG_9900016767,INDUSTRY_8c865bedc2ef9574d2e5,2026-08-10,,2026-08-16T13:48:42+00:00,BaoStock query_stock_industry,observation,medium
MEMBERSHIP_128bfd098b3d973825eb,CNINFO_ORG_9900017147,INDUSTRY_be6d1ff74018fda3a9a4,2026-08-10,,2026-08-16T13:48:42+00:00,BaoStock query_stock_industry,observation,medium
MEMBERSHIP_1582f5cf7dcbb872c7e1,CNINFO_ORG_9900017149,INDUSTRY_ee9bbaf36a819df8934d,2026-08-10,,2026-08-16T13:48:42+00:00,BaoStock query_stock_industry,observation,medium
MEMBERSHIP_a912b7afb956edbd6969,CNINFO_ORG_9900017110,INDUSTRY_fcb657f75803ca816490,2026-08-10,,2026-08-16T13:48:42+00:00,BaoStock query_stock_industry,observation,medium
MEMBERSHIP_9edbf85051691da5d3b4,CNINFO_ORG_9900017647,INDUSTRY_b767e92ab1f7435c1ef3,2026-08-10,,2026-08-16T13:48:42+00:00,BaoStock query_stock_industry,observation,medium
MEMBERSHIP_5edf9fecbb832e328afa,CNINFO_ORG_9900017267,INDUSTRY_ee9bbaf36a819df8934d,2026-08-10,,2026-08-16T13:48:42+00:00,BaoStock query_stock_industry,observation,medium
MEMBERSHIP_f27300bb60c2125d4e93,CNINFO_ORG_9900016189,INDUSTRY_6e59023629c5a35ea710,2026-08-10,,2026-08-16T13:48:42+00:00,BaoStock query_stock_industry,observation,medium
MEMBERSHIP_aedb7b90d7b95af55c96,CNINFO_ORG_9900017648,INDUSTRY_c8bacf718e8395c6b293,2026-08-10,,2026-08-16T13:48:42+00:00,BaoStock query_stock_industry,observation,medium
MEMBERSHIP_11ee4df68481ff7819dd,CNINFO_ORG_9900016708,INDUSTRY_35fe091671cdb8d5f5e0,2026-08-10,,2026-08-16T13:48:42+00:00,BaoStock query_stock_industry,observation,medium
MEMBERSHIP_a0b5a550db7634ad239f,CNINFO_ORG_9900016349,INDUSTRY_eb1bb5863556657a5ed0,2026-08-10,,2026-08-16T13:48:42+00:00,BaoStock query_stock_industry,observation,medium
MEMBERSHIP_494b9a4fab70350b3b93,CNINFO_ORG_9900017111,INDUSTRY_3875d79da62b4dff67e8,2026-08-10,,2026-08-16T13:48:42+00:00,BaoStock query_stock_industry,observation,medium
MEMBERSHIP_1293146e3e42201cce2d,CNINFO_ORG_9900017150,INDUSTRY_7063d42ae24daea94a9c,2026-08-10,,2026-08-16T13:48:42+00:00,BaoStock query_stock_industry,observation,medium
MEMBERSHIP_b76c15c32d0314562450,CNINFO_ORG_9900016710,INDUSTRY_ee9bbaf36a819df8934d,2026-08-10,,2026-08-16T13:48:42+00:00,BaoStock query_stock_industry,observation,medium
MEMBERSHIP_3372727879ea1a68b682,CNINFO_ORG_9900017109,INDUSTRY_b62fae243f391f69617b,2026-08-10,,2026-08-16T13:48:42+00:00,BaoStock query_stock_industry,observation,medium
MEMBERSHIP_2d0c7b8d6f10dd99138d,CNINFO_ORG_9900017848,INDUSTRY_eb1bb5863556657a5ed0,2026-08-10,,2026-08-16T13:48:42+00:00,BaoStock query_stock_industry,observation,medium
MEMBERSHIP_5497e944d86995c848a6,CNINFO_ORG_9900017847,INDUSTRY_af522b5025b7206d78cb,2026-08-10,,2026-08-16T13:48:42+00:00,BaoStock query_stock_industry,observation,medium
MEMBERSHIP_e160aaeec8046e4b9641,CNINFO_ORG_9900018727,INDUSTRY_3875d79da62b4dff67e8,2026-08-10,,2026-08-16T13:48:42+00:00,BaoStock query_stock_industry,observation,medium
MEMBERSHIP_85f22da9d1a6a66fc605,CNINFO_ORG_9900016908,INDUSTRY_735889820fa0518be404,2026-08-10,,2026-08-16T13:48:42+00:00,BaoStock query_stock_industry,observation,medium
MEMBERSHIP_fd42a7707cdd6072ec5d,CNINFO_ORG_9900017795,INDUSTRY_eb1bb5863556657a5ed0,2026-08-10,,2026-08-16T13:48:42+00:00,BaoStock query_stock_industry,observation,medium
MEMBERSHIP_ded86f3c841b2aa78472,CNINFO_ORG_9900017107,INDUSTRY_90d9ee5bdc1ee446fff0,2026-08-10,,2026-08-16T13:48:42+00:00,BaoStock query_stock_industry,observation,medium
MEMBERSHIP_1bfda86116a0d63dbc28,CNINFO_ORG_9900018889,INDUSTRY_3875d79da62b4dff67e8,2026-08-10,,2026-08-16T13:48:42+00:00,BaoStock query_stock_industry,observation,medium
MEMBERSHIP_52d21e28adc8dc2bdc2c,CNINFO_ORG_9900018948,INDUSTRY_b90e93f47f56746b9938,2026-08-10,,2026-08-16T13:48:42+00:00,BaoStock query_stock_industry,observation,medium
MEMBERSHIP_776dd6f58ad1670f88e5,CNINFO_ORG_9900018896,INDUSTRY_4fb51c32200208ed64a8,2026-08-10,,2026-08-16T13:48:42+00:00,BaoStock query_stock_industry,observation,medium
MEMBERSHIP_d96df1c49aff44796bc5,CNINFO_ORG_9900018894,INDUSTRY_3875d79da62b4dff67e8,2026-08-10,,2026-08-16T13:48:42+00:00,BaoStock query_stock_industry,observation,medium
MEMBERSHIP_27b6b18ac0269d7524c9,CNINFO_ORG_9900017649,INDUSTRY_90d9ee5bdc1ee446fff0,2026-08-10,,2026-08-16T13:48:42+00:00,BaoStock query_stock_industry,observation,medium
MEMBERSHIP_a8bb81fa235416c0758e,CNINFO_ORG_9900018955,INDUSTRY_fcb657f75803ca816490,2026-08-10,,2026-08-16T13:48:42+00:00,BaoStock query_stock_industry,observation,medium
MEMBERSHIP_2477decc1df53010f36e,CNINFO_ORG_9900003829,INDUSTRY_90d9ee5bdc1ee446fff0,2026-08-10,,2026-08-16T13:48:42+00:00,BaoStock query_stock_industry,observation,medium
MEMBERSHIP_6803f2e9b07b36e87ea3,CNINFO_ORG_9900017794,INDUSTRY_af522b5025b7206d78cb,2026-08-10,,2026-08-16T13:48:42+00:00,BaoStock query_stock_industry,observation,medium
MEMBERSHIP_db7d99f1be9f4b9b88cf,CNINFO_ORG_9900019127,INDUSTRY_731992a46c7dd8525c17,2026-08-10,,2026-08-16T13:48:42+00:00,BaoStock query_stock_industry,observation,medium
MEMBERSHIP_46f05941010316f4c952,CNINFO_ORG_9900019147,INDUSTRY_3875d79da62b4dff67e8,2026-08-10,,2026-08-16T13:48:42+00:00,BaoStock query_stock_industry,observation,medium
MEMBERSHIP_cd359d0df273608f2771,CNINFO_ORG_9900019028,INDUSTRY_b62fae243f391f69617b,2026-08-10,,2026-08-16T13:48:42+00:00,BaoStock query_stock_industry,observation,medium
MEMBERSHIP_39f9af0845d39710ef74,CNINFO_ORG_9900019130,INDUSTRY_90d9ee5bdc1ee446fff0,2026-08-10,,2026-08-16T13:48:42+00:00,BaoStock query_stock_industry,observation,medium
MEMBERSHIP_7e694f7a776e5bc1fa36,CNINFO_ORG_9900017108,INDUSTRY_90d9ee5bdc1ee446fff0,2026-08-10,,2026-08-16T13:48:42+00:00,BaoStock query_stock_industry,observation,medium
MEMBERSHIP_dc0f04c162b18f2b0c60,CNINFO_ORG_9900019167,INDUSTRY_b62fae243f391f69617b,2026-08-10,,2026-08-16T13:48:42+00:00,BaoStock query_stock_industry,observation,medium
MEMBERSHIP_bd513cadfc3158ed054a,CNINFO_ORG_9900019148,INDUSTRY_35fe091671cdb8d5f5e0,2026-08-10,,2026-08-16T13:48:42+00:00,BaoStock query_stock_industry,observation,medium
MEMBERSHIP_408ff4f6f2382a750bca,CNINFO_ORG_9900016187,INDUSTRY_90d9ee5bdc1ee446fff0,2026-08-10,,2026-08-16T13:48:42+00:00,BaoStock query_stock_industry,observation,medium
MEMBERSHIP_4cd6f84097023d6de6ee,CNINFO_ORG_9900019287,INDUSTRY_7063d42ae24daea94a9c,2026-08-10,,2026-08-16T13:48:42+00:00,BaoStock query_stock_industry,observation,medium
MEMBERSHIP_3cfedf0783c3b184d425,CNINFO_ORG_9900019128,INDUSTRY_af522b5025b7206d78cb,2026-08-10,,2026-08-16T13:48:42+00:00,BaoStock query_stock_industry,observation,medium
MEMBERSHIP_cb9ac5850b77cb00b36e,CNINFO_ORG_9900019307,INDUSTRY_91e10380fe1770769bdb,2026-08-10,,2026-08-16T13:48:42+00:00,BaoStock query_stock_industry,observation,medium
MEMBERSHIP_e80c552d4e894211c7dc,CNINFO_ORG_9900019288,INDUSTRY_90d9ee5bdc1ee446fff0,2026-08-10,,2026-08-16T13:48:42+00:00,BaoStock query_stock_industry,observation,medium
MEMBERSHIP_5dbda5559d27e06c64d7,CNINFO_ORG_9900019290,INDUSTRY_3875d79da62b4dff67e8,2026-08-10,,2026-08-16T13:48:42+00:00,BaoStock query_stock_industry,observation,medium
MEMBERSHIP_9982ad48c1d91828a943,CNINFO_ORG_9900016933,INDUSTRY_fcb657f75803ca816490,2026-08-10,,2026-08-16T13:48:42+00:00,BaoStock query_stock_industry,observation,medium
MEMBERSHIP_15f167a0918e142374c9,CNINFO_ORG_9900019371,INDUSTRY_b62fae243f391f69617b,2026-08-10,,2026-08-16T13:48:42+00:00,BaoStock query_stock_industry,observation,medium
MEMBERSHIP_62d918d95b3bfa0f5ce7,CNINFO_ORG_9900019289,INDUSTRY_fcb657f75803ca816490,2026-08-10,,2026-08-16T13:48:42+00:00,BaoStock query_stock_industry,observation,medium
MEMBERSHIP_f2f49bb721c00bbee2bc,CNINFO_ORG_9900019372,INDUSTRY_90d9ee5bdc1ee446fff0,2026-08-10,,2026-08-16T13:48:42+00:00,BaoStock query_stock_industry,observation,medium
MEMBERSHIP_25f3c37ccd79a5ac1527,CNINFO_ORG_9900019392,INDUSTRY_eb1bb5863556657a5ed0,2026-08-10,,2026-08-16T13:48:42+00:00,BaoStock query_stock_industry,observation,medium
MEMBERSHIP_14763d27e06b864d4207,CNINFO_ORG_9900019373,INDUSTRY_7063d42ae24daea94a9c,2026-08-10,,2026-08-16T13:48:42+00:00,BaoStock query_stock_industry,observation,medium
MEMBERSHIP_8ee6ce6e22e7a2abe9f3,CNINFO_ORG_9900011849,INDUSTRY_fcb657f75803ca816490,2026-08-10,,2026-08-16T13:48:42+00:00,BaoStock query_stock_industry,observation,medium
MEMBERSHIP_239b315a91252ac0423b,CNINFO_ORG_9900019391,INDUSTRY_90d9ee5bdc1ee446fff0,2026-08-10,,2026-08-16T13:48:42+00:00,BaoStock query_stock_industry,observation,medium
MEMBERSHIP_857aa92f1a5783bd7113,CNINFO_ORG_9900019390,INDUSTRY_e7fb954d2ab5bf5bc733,2026-08-10,,2026-08-16T13:48:42+00:00,BaoStock query_stock_industry,observation,medium
MEMBERSHIP_790d3097ea4d91f49d13,CNINFO_ORG_9900011950,INDUSTRY_3875d79da62b4dff67e8,2026-08-10,,2026-08-16T13:48:42+00:00,BaoStock query_stock_industry,observation,medium
MEMBERSHIP_44ad45ebae6be41137e0,CNINFO_ORG_9900019827,INDUSTRY_eb1bb5863556657a5ed0,2026-08-10,,2026-08-16T13:48:42+00:00,BaoStock query_stock_industry,observation,medium
MEMBERSHIP_b224fa66a99b21ecbc85,CNINFO_ORG_9900019310,INDUSTRY_05c09799f5cd1d96eaf2,2026-08-10,,2026-08-16T13:48:42+00:00,BaoStock query_stock_industry,observation,medium
MEMBERSHIP_89c18891ab0bb7300440,CNINFO_ORG_9900020053,INDUSTRY_90d9ee5bdc1ee446fff0,2026-08-10,,2026-08-16T13:48:42+00:00,BaoStock query_stock_industry,observation,medium
MEMBERSHIP_655ab233528b5a6fa871,CNINFO_ORG_9900020055,INDUSTRY_91e10380fe1770769bdb,2026-08-10,,2026-08-16T13:48:42+00:00,BaoStock query_stock_industry,observation,medium
MEMBERSHIP_0578866baf0d1dafaeee,CNINFO_ORG_9900020227,INDUSTRY_af522b5025b7206d78cb,2026-08-10,,2026-08-16T13:48:42+00:00,BaoStock query_stock_industry,observation,medium
MEMBERSHIP_678a77c187f9a6b7a863,CNINFO_ORG_9900020228,INDUSTRY_dfb3dd085310dba8a2e0,2026-08-10,,2026-08-16T13:48:42+00:00,BaoStock query_stock_industry,observation,medium
MEMBERSHIP_3803d5e09a547fbb0a84,CNINFO_ORG_9900012791,INDUSTRY_fcb657f75803ca816490,2026-08-10,,2026-08-16T13:48:42+00:00,BaoStock query_stock_industry,observation,medium
MEMBERSHIP_a6bb0999f8a8aa550775,CNINFO_ORG_9900020347,INDUSTRY_3875d79da62b4dff67e8,2026-08-10,,2026-08-16T13:48:42+00:00,BaoStock query_stock_industry,observation,medium
MEMBERSHIP_f8ec38ca1f8de417c6e0,CNINFO_ORG_9900009149,INDUSTRY_b90e93f47f56746b9938,2026-08-10,,2026-08-16T13:48:42+00:00,BaoStock query_stock_industry,observation,medium
MEMBERSHIP_5c9f60cefa0f576969b1,CNINFO_ORG_9900020349,INDUSTRY_fcb657f75803ca816490,2026-08-10,,2026-08-16T13:48:42+00:00,BaoStock query_stock_industry,observation,medium
MEMBERSHIP_c7f42bf5776f9dc0bca3,CNINFO_ORG_9900019309,INDUSTRY_fcb657f75803ca816490,2026-08-10,,2026-08-16T13:48:42+00:00,BaoStock query_stock_industry,observation,medium
MEMBERSHIP_79ed62e8e8794a3dc4ac,CNINFO_ORG_9900020348,INDUSTRY_fcb657f75803ca816490,2026-08-10,,2026-08-16T13:48:42+00:00,BaoStock query_stock_industry,observation,medium
MEMBERSHIP_f3f961fd8e09e60d32a0,CNINFO_ORG_9900020527,INDUSTRY_a3b7ae0c6bfa4b2b7bfb,2026-08-10,,2026-08-16T13:48:42+00:00,BaoStock query_stock_industry,observation,medium
MEMBERSHIP_1aff2edfc20e14f9d368,CNINFO_ORG_9900020809,INDUSTRY_b90e93f47f56746b9938,2026-08-10,,2026-08-16T13:48:42+00:00,BaoStock query_stock_industry,observation,medium
MEMBERSHIP_702040f4c3aebe993b8b,CNINFO_ORG_9900012530,INDUSTRY_fcb657f75803ca816490,2026-08-10,,2026-08-16T13:48:42+00:00,BaoStock query_stock_industry,observation,medium
MEMBERSHIP_93efb61621f82a26c5a9,CNINFO_ORG_9900020672,INDUSTRY_eb1bb5863556657a5ed0,2026-08-10,,2026-08-16T13:48:42+00:00,BaoStock query_stock_industry,observation,medium
MEMBERSHIP_c62b3b0cde1975d869b4,CNINFO_ORG_9900020705,INDUSTRY_eb1bb5863556657a5ed0,2026-08-10,,2026-08-16T13:48:42+00:00,BaoStock query_stock_industry,observation,medium
MEMBERSHIP_0479991750402d22e8db,CNINFO_ORG_9900020671,INDUSTRY_90d9ee5bdc1ee446fff0,2026-08-10,,2026-08-16T13:48:42+00:00,BaoStock query_stock_industry,observation,medium
MEMBERSHIP_6931862cd3f2172c1682,CNINFO_ORG_9900019129,INDUSTRY_35fe091671cdb8d5f5e0,2026-08-10,,2026-08-16T13:48:42+00:00,BaoStock query_stock_industry,observation,medium
MEMBERSHIP_8b26b525b37585967774,CNINFO_ORG_9900020054,INDUSTRY_e7fb954d2ab5bf5bc733,2026-08-10,,2026-08-16T13:48:42+00:00,BaoStock query_stock_industry,observation,medium
MEMBERSHIP_7599b13b411c51afd2a1,CNINFO_ORG_9900020968,INDUSTRY_735889820fa0518be404,2026-08-10,,2026-08-16T13:48:42+00:00,BaoStock query_stock_industry,observation,medium
MEMBERSHIP_6fc4842d99bf5996222e,CNINFO_ORG_9900020894,INDUSTRY_35fe091671cdb8d5f5e0,2026-08-10,,2026-08-16T13:48:42+00:00,BaoStock query_stock_industry,observation,medium
MEMBERSHIP_e77792d6881d9c55f34a,CNINFO_ORG_9900021099,INDUSTRY_af522b5025b7206d78cb,2026-08-10,,2026-08-16T13:48:42+00:00,BaoStock query_stock_industry,observation,medium
MEMBERSHIP_7bc9cc571e69270367cf,CNINFO_ORG_9900021174,INDUSTRY_35fe091671cdb8d5f5e0,2026-08-10,,2026-08-16T13:48:42+00:00,BaoStock query_stock_industry,observation,medium
MEMBERSHIP_a82e949a4e9ce81fc18e,CNINFO_ORG_9900010036,INDUSTRY_fcb657f75803ca816490,2026-08-10,,2026-08-16T13:48:42+00:00,BaoStock query_stock_industry,observation,medium
MEMBERSHIP_aefd60fc48f7679539ae,CNINFO_ORG_9900020970,INDUSTRY_b90e93f47f56746b9938,2026-08-10,,2026-08-16T13:48:42+00:00,BaoStock query_stock_industry,observation,medium
MEMBERSHIP_953ad4961d32c8456320,CNINFO_ORG_9900021245,INDUSTRY_ee9bbaf36a819df8934d,2026-08-10,,2026-08-16T13:48:42+00:00,BaoStock query_stock_industry,observation,medium
MEMBERSHIP_33e38c8d18e12b60a9b0,CNINFO_ORG_9900020971,INDUSTRY_eb1bb5863556657a5ed0,2026-08-10,,2026-08-16T13:48:42+00:00,BaoStock query_stock_industry,observation,medium
MEMBERSHIP_cc109e1242d4082b12e5,CNINFO_ORG_9900021173,INDUSTRY_06f2dd83830b4e6e7446,2026-08-10,,2026-08-16T13:48:42+00:00,BaoStock query_stock_industry,observation,medium
MEMBERSHIP_991b7aab8ce377506471,CNINFO_ORG_9900021097,INDUSTRY_90d9ee5bdc1ee446fff0,2026-08-10,,2026-08-16T13:48:42+00:00,BaoStock query_stock_industry,observation,medium
MEMBERSHIP_2b60e51763fe781509d7,CNINFO_ORG_9900021193,INDUSTRY_90d9ee5bdc1ee446fff0,2026-08-10,,2026-08-16T13:48:42+00:00,BaoStock query_stock_industry,observation,medium
MEMBERSHIP_5255e25de9cfaa798dfb,CNINFO_ORG_9900000661,INDUSTRY_fcb657f75803ca816490,2026-08-10,,2026-08-16T13:48:42+00:00,BaoStock query_stock_industry,observation,medium
MEMBERSHIP_52389908fabebe384d50,CNINFO_ORG_9900012230,INDUSTRY_b90e93f47f56746b9938,2026-08-10,,2026-08-16T13:48:42+00:00,BaoStock query_stock_industry,observation,medium
MEMBERSHIP_5b83c78b998e4c5f49b1,CNINFO_ORG_9900021300,INDUSTRY_b90e93f47f56746b9938,2026-08-10,,2026-08-16T13:48:42+00:00,BaoStock query_stock_industry,observation,medium
MEMBERSHIP_4ebe30a30620df486342,CNINFO_ORG_9900021354,INDUSTRY_fcb657f75803ca816490,2026-08-10,,2026-08-16T13:48:42+00:00,BaoStock query_stock_industry,observation,medium
MEMBERSHIP_5f8e9dd73fd4fe81667f,CNINFO_ORG_9900021505,INDUSTRY_3875d79da62b4dff67e8,2026-08-10,,2026-08-16T13:48:42+00:00,BaoStock query_stock_industry,observation,medium
MEMBERSHIP_ff1dbce1a5b537e34843,CNINFO_ORG_9900009987,INDUSTRY_fcb657f75803ca816490,2026-08-10,,2026-08-16T13:48:42+00:00,BaoStock query_stock_industry,observation,medium
MEMBERSHIP_691a1854fb56310247ca,CNINFO_ORG_9900021487,INDUSTRY_3875d79da62b4dff67e8,2026-08-10,,2026-08-16T13:48:42+00:00,BaoStock query_stock_industry,observation,medium
MEMBERSHIP_4655464cd3200f3731e6,CNINFO_ORG_9900021546,INDUSTRY_90d9ee5bdc1ee446fff0,2026-08-10,,2026-08-16T13:48:42+00:00,BaoStock query_stock_industry,observation,medium
MEMBERSHIP_56cda577dfbdce1256dc,CNINFO_ORG_9900021558,INDUSTRY_3875d79da62b4dff67e8,2026-08-10,,2026-08-16T13:48:42+00:00,BaoStock query_stock_industry,observation,medium
MEMBERSHIP_41df9812873c82f6e531,CNINFO_ORG_9900021355,INDUSTRY_b90e93f47f56746b9938,2026-08-10,,2026-08-16T13:48:42+00:00,BaoStock query_stock_industry,observation,medium
MEMBERSHIP_90da8d8e08c6cb587585,CNINFO_ORG_9900021076,INDUSTRY_731992a46c7dd8525c17,2026-08-10,,2026-08-16T13:48:42+00:00,BaoStock query_stock_industry,observation,medium
MEMBERSHIP_3ad0cff60647ad4cf205,CNINFO_ORG_9900021557,INDUSTRY_af522b5025b7206d78cb,2026-08-10,,2026-08-16T13:48:42+00:00,BaoStock query_stock_industry,observation,medium
MEMBERSHIP_9ddd0e3633164f4740e8,CNINFO_ORG_9900021608,INDUSTRY_735889820fa0518be404,2026-08-10,,2026-08-16T13:48:42+00:00,BaoStock query_stock_industry,observation,medium
MEMBERSHIP_8c283a9b5626c1f22bb0,CNINFO_ORG_9900021762,INDUSTRY_fcb657f75803ca816490,2026-08-10,,2026-08-16T13:48:42+00:00,BaoStock query_stock_industry,observation,medium
MEMBERSHIP_f33e52e516dc39ea8770,CNINFO_ORG_9900021632,INDUSTRY_a1191d63decae1d34c73,2026-08-10,,2026-08-16T13:48:42+00:00,BaoStock query_stock_industry,observation,medium
MEMBERSHIP_36d7c82693c17cc4447f,CNINFO_ORG_9900021798,INDUSTRY_eb1bb5863556657a5ed0,2026-08-10,,2026-08-16T13:48:42+00:00,BaoStock query_stock_industry,observation,medium
MEMBERSHIP_1857c81c4cfa802dc59f,CNINFO_ORG_9900021761,INDUSTRY_fcb657f75803ca816490,2026-08-10,,2026-08-16T13:48:42+00:00,BaoStock query_stock_industry,observation,medium
MEMBERSHIP_7f579ea4be62a1c04cf0,CNINFO_ORG_9900021817,INDUSTRY_a3b7ae0c6bfa4b2b7bfb,2026-08-10,,2026-08-16T13:48:42+00:00,BaoStock query_stock_industry,observation,medium
MEMBERSHIP_99ad242ad89d27c1e24c,CNINFO_ORG_9900021844,INDUSTRY_fcb657f75803ca816490,2026-08-10,,2026-08-16T13:48:42+00:00,BaoStock query_stock_industry,observation,medium
MEMBERSHIP_12ad31b02624a53d5f66,CNINFO_ORG_9900021519,INDUSTRY_3875d79da62b4dff67e8,2026-08-10,,2026-08-16T13:48:42+00:00,BaoStock query_stock_industry,observation,medium
MEMBERSHIP_2f713443887f0a1fe8d7,CNINFO_ORG_9900021175,INDUSTRY_eb1bb5863556657a5ed0,2026-08-10,,2026-08-16T13:48:42+00:00,BaoStock query_stock_industry,observation,medium
MEMBERSHIP_24d5994a4e9ae0541075,CNINFO_ORG_9900021607,INDUSTRY_9f7679f9ad900c7a65d2,2026-08-10,,2026-08-16T13:48:42+00:00,BaoStock query_stock_industry,observation,medium
MEMBERSHIP_3c2cac2a7ca955941944,CNINFO_ORG_9900021901,INDUSTRY_90d9ee5bdc1ee446fff0,2026-08-10,,2026-08-16T13:48:42+00:00,BaoStock query_stock_industry,observation,medium
MEMBERSHIP_d15d146789e5bdfa0df2,CNINFO_ORG_9900021769,INDUSTRY_3875d79da62b4dff67e8,2026-08-10,,2026-08-16T13:48:42+00:00,BaoStock query_stock_industry,observation,medium
MEMBERSHIP_6c1632b5983bf5a63cee,CNINFO_ORG_9900022025,INDUSTRY_9f7679f9ad900c7a65d2,2026-08-10,,2026-08-16T13:48:42+00:00,BaoStock query_stock_industry,observation,medium
MEMBERSHIP_02ffca86b841190b57f6,CNINFO_ORG_9900021956,INDUSTRY_fcb657f75803ca816490,2026-08-10,,2026-08-16T13:48:42+00:00,BaoStock query_stock_industry,observation,medium
MEMBERSHIP_116aad14e729aefab395,CNINFO_ORG_9900021902,INDUSTRY_90d9ee5bdc1ee446fff0,2026-08-10,,2026-08-16T13:48:42+00:00,BaoStock query_stock_industry,observation,medium
MEMBERSHIP_aadc3e605e0270dd22ab,CNINFO_ORG_9900022017,INDUSTRY_fcb657f75803ca816490,2026-08-10,,2026-08-16T13:48:42+00:00,BaoStock query_stock_industry,observation,medium
MEMBERSHIP_6a7d7f90d09014ccd359,CNINFO_ORG_9900021028,INDUSTRY_90d9ee5bdc1ee446fff0,2026-08-10,,2026-08-16T13:48:42+00:00,BaoStock query_stock_industry,observation,medium
MEMBERSHIP_7cba765ca0ce1fbbe819,CNINFO_ORG_9900021923,INDUSTRY_e7fb954d2ab5bf5bc733,2026-08-10,,2026-08-16T13:48:42+00:00,BaoStock query_stock_industry,observation,medium
MEMBERSHIP_fbe865b48141819c7e11,CNINFO_ORG_9900013327,INDUSTRY_b62fae243f391f69617b,2026-08-10,,2026-08-16T13:48:42+00:00,BaoStock query_stock_industry,observation,medium
MEMBERSHIP_9cdcab2202951d31458f,CNINFO_ORG_9900021922,INDUSTRY_735889820fa0518be404,2026-08-10,,2026-08-16T13:48:42+00:00,BaoStock query_stock_industry,observation,medium
MEMBERSHIP_c0b7bcea5b0cf09acdd0,CNINFO_ORG_9900021889,INDUSTRY_3875d79da62b4dff67e8,2026-08-10,,2026-08-16T13:48:42+00:00,BaoStock query_stock_industry,observation,medium
MEMBERSHIP_1d26f6df2d4740095e3a,CNINFO_ORG_9900022016,INDUSTRY_90d9ee5bdc1ee446fff0,2026-08-10,,2026-08-16T13:48:42+00:00,BaoStock query_stock_industry,observation,medium
MEMBERSHIP_c83bcae8c66b1e28746e,CNINFO_ORG_9900021892,INDUSTRY_a1191d63decae1d34c73,2026-08-10,,2026-08-16T13:48:42+00:00,BaoStock query_stock_industry,observation,medium
MEMBERSHIP_a4ebede4cfb45927b16e,CNINFO_ORG_9900022001,INDUSTRY_fcb657f75803ca816490,2026-08-10,,2026-08-16T13:48:42+00:00,BaoStock query_stock_industry,observation,medium
MEMBERSHIP_66da7cc0d134628e636c,CNINFO_ORG_9900021985,INDUSTRY_9b846d32ce44d8ac60c7,2026-08-10,,2026-08-16T13:48:42+00:00,BaoStock query_stock_industry,observation,medium
MEMBERSHIP_52a98acdca93cb13bb36,CNINFO_ORG_9900021987,INDUSTRY_3875d79da62b4dff67e8,2026-08-10,,2026-08-16T13:48:42+00:00,BaoStock query_stock_industry,observation,medium
MEMBERSHIP_71aaaf63c86879ef4991,CNINFO_ORG_9900022022,INDUSTRY_9f7679f9ad900c7a65d2,2026-08-10,,2026-08-16T13:48:42+00:00,BaoStock query_stock_industry,observation,medium
MEMBERSHIP_b4e73efc0a055bbe7f0e,CNINFO_ORG_9900022122,INDUSTRY_3875d79da62b4dff67e8,2026-08-10,,2026-08-16T13:48:42+00:00,BaoStock query_stock_industry,observation,medium
MEMBERSHIP_682405d01427e311033c,CNINFO_ORG_9900022019,INDUSTRY_b90e93f47f56746b9938,2026-08-10,,2026-08-16T13:48:42+00:00,BaoStock query_stock_industry,observation,medium
MEMBERSHIP_33fb5e921f98ea9c3ef9,CNINFO_ORG_9900002321,INDUSTRY_3875d79da62b4dff67e8,2026-08-10,,2026-08-16T13:48:42+00:00,BaoStock query_stock_industry,observation,medium
MEMBERSHIP_677dcd357f2d764ea677,CNINFO_ORG_9900022121,INDUSTRY_90d9ee5bdc1ee446fff0,2026-08-10,,2026-08-16T13:48:42+00:00,BaoStock query_stock_industry,observation,medium
MEMBERSHIP_75dabe96eadef5cd3bcc,CNINFO_ORG_9900021984,INDUSTRY_b62fae243f391f69617b,2026-08-10,,2026-08-16T13:48:42+00:00,BaoStock query_stock_industry,observation,medium
MEMBERSHIP_8d5cf4026ba3dd3879ed,CNINFO_ORG_9900012732,INDUSTRY_b62fae243f391f69617b,2026-08-10,,2026-08-16T13:48:42+00:00,BaoStock query_stock_industry,observation,medium
MEMBERSHIP_47f72884509ae2b0ccfb,CNINFO_ORG_9900022168,INDUSTRY_90d9ee5bdc1ee446fff0,2026-08-10,,2026-08-16T13:48:42+00:00,BaoStock query_stock_industry,observation,medium
MEMBERSHIP_cad4ac81b839d6f84d2e,CNINFO_ORG_9900022261,INDUSTRY_90d9ee5bdc1ee446fff0,2026-08-10,,2026-08-16T13:48:42+00:00,BaoStock query_stock_industry,observation,medium
MEMBERSHIP_81c28b7570d99f437d1e,CNINFO_ORG_9900021727,INDUSTRY_fcb657f75803ca816490,2026-08-10,,2026-08-16T13:48:42+00:00,BaoStock query_stock_industry,observation,medium
MEMBERSHIP_8ff29e48bbd3442eb7f3,CNINFO_ORG_9900021932,INDUSTRY_3875d79da62b4dff67e8,2026-08-10,,2026-08-16T13:48:42+00:00,BaoStock query_stock_industry,observation,medium
MEMBERSHIP_30b28e6eba05a3f65b43,CNINFO_ORG_9900022000,INDUSTRY_90d9ee5bdc1ee446fff0,2026-08-10,,2026-08-16T13:48:42+00:00,BaoStock query_stock_industry,observation,medium
MEMBERSHIP_24bd080ba6c2259c71ba,CNINFO_ORG_9900022217,INDUSTRY_be6d1ff74018fda3a9a4,2026-08-10,,2026-08-16T13:48:42+00:00,BaoStock query_stock_industry,observation,medium
MEMBERSHIP_98a1a03d8720d5d9c392,CNINFO_ORG_9900022023,INDUSTRY_4b6bcfe2a650f11508e5,2026-08-10,,2026-08-16T13:48:42+00:00,BaoStock query_stock_industry,observation,medium
MEMBERSHIP_4715f2a731ba0405dfc1,CNINFO_ORG_9900015287,INDUSTRY_90d9ee5bdc1ee446fff0,2026-08-10,,2026-08-16T13:48:42+00:00,BaoStock query_stock_industry,observation,medium
MEMBERSHIP_9ce4937260c46f5cd797,CNINFO_ORG_9900022218,INDUSTRY_2b12590880b654376532,2026-08-10,,2026-08-16T13:48:42+00:00,BaoStock query_stock_industry,observation,medium
MEMBERSHIP_a4cc842f3494d504c50e,CNINFO_ORG_9900022163,INDUSTRY_fcb657f75803ca816490,2026-08-10,,2026-08-16T13:48:42+00:00,BaoStock query_stock_industry,observation,medium
MEMBERSHIP_27d777cfe8ea7089893a,CNINFO_ORG_9900022175,INDUSTRY_3875d79da62b4dff67e8,2026-08-10,,2026-08-16T13:48:42+00:00,BaoStock query_stock_industry,observation,medium
MEMBERSHIP_4b1202bc619792e935db,CNINFO_ORG_9900022260,INDUSTRY_f9da9c9738f21980b6d7,2026-08-10,,2026-08-16T13:48:42+00:00,BaoStock query_stock_industry,observation,medium
MEMBERSHIP_23793bb17d6689328851,CNINFO_ORG_9900022204,INDUSTRY_fc163d1647ca522ec4cd,2026-08-10,,2026-08-16T13:48:42+00:00,BaoStock query_stock_industry,observation,medium
MEMBERSHIP_4021673f3420b9aa462b,CNINFO_ORG_9900022196,INDUSTRY_c8bacf718e8395c6b293,2026-08-10,,2026-08-16T13:48:42+00:00,BaoStock query_stock_industry,observation,medium
MEMBERSHIP_51ed0862d7e27554d4e1,CNINFO_ORG_9900022165,INDUSTRY_fcb657f75803ca816490,2026-08-10,,2026-08-16T13:48:42+00:00,BaoStock query_stock_industry,observation,medium
MEMBERSHIP_f49c9748efff01d07622,CNINFO_ORG_9900016909,INDUSTRY_90d9ee5bdc1ee446fff0,2026-08-10,,2026-08-16T13:48:42+00:00,BaoStock query_stock_industry,observation,medium
MEMBERSHIP_53bf786ee008b3893cdd,CNINFO_ORG_9900022266,INDUSTRY_735889820fa0518be404,2026-08-10,,2026-08-16T13:48:42+00:00,BaoStock query_stock_industry,observation,medium
MEMBERSHIP_2619928c2ac39b3a38e8,CNINFO_ORG_9900022155,INDUSTRY_35fe091671cdb8d5f5e0,2026-08-10,,2026-08-16T13:48:42+00:00,BaoStock query_stock_industry,observation,medium
MEMBERSHIP_0e77234de22f2c39a382,CNINFO_ORG_9900022339,INDUSTRY_af522b5025b7206d78cb,2026-08-10,,2026-08-16T13:48:42+00:00,BaoStock query_stock_industry,observation,medium
MEMBERSHIP_27342c70183d8004816e,CNINFO_ORG_9900017148,INDUSTRY_b90e93f47f56746b9938,2026-08-10,,2026-08-16T13:48:42+00:00,BaoStock query_stock_industry,observation,medium
MEMBERSHIP_891c4f29d9939f5524b1,CNINFO_ORG_9900022326,INDUSTRY_90d9ee5bdc1ee446fff0,2026-08-10,,2026-08-16T13:48:42+00:00,BaoStock query_stock_industry,observation,medium
MEMBERSHIP_409f04569c2d240362de,CNINFO_ORG_9900022262,INDUSTRY_f07066d9ed35c8253165,2026-08-10,,2026-08-16T13:48:42+00:00,BaoStock query_stock_industry,observation,medium
MEMBERSHIP_10e8de17a8cdef654bf8,CNINFO_ORG_9900022198,INDUSTRY_fcb657f75803ca816490,2026-08-10,,2026-08-16T13:48:42+00:00,BaoStock query_stock_industry,observation,medium
MEMBERSHIP_f6dbb383667c41cf18e2,CNINFO_ORG_9900022219,INDUSTRY_fcb657f75803ca816490,2026-08-10,,2026-08-16T13:48:42+00:00,BaoStock query_stock_industry,observation,medium
MEMBERSHIP_4bb312b5229c169312cc,CNINFO_ORG_9900021743,INDUSTRY_05c09799f5cd1d96eaf2,2026-08-10,,2026-08-16T13:48:42+00:00,BaoStock query_stock_industry,observation,medium
MEMBERSHIP_8edc439facf39b8c5a56,CNINFO_ORG_9900022667,INDUSTRY_90d9ee5bdc1ee446fff0,2026-08-10,,2026-08-16T13:48:42+00:00,BaoStock query_stock_industry,observation,medium
MEMBERSHIP_efa66c9c99388a13d390,CNINFO_ORG_9900022471,INDUSTRY_fcb657f75803ca816490,2026-08-10,,2026-08-16T13:48:42+00:00,BaoStock query_stock_industry,observation,medium
MEMBERSHIP_8dba9e16f48e37633c93,CNINFO_ORG_9900006124,INDUSTRY_90d9ee5bdc1ee446fff0,2026-08-10,,2026-08-16T13:48:42+00:00,BaoStock query_stock_industry,observation,medium
MEMBERSHIP_305196dd6d16e6896638,CNINFO_ORG_9900022561,INDUSTRY_735889820fa0518be404,2026-08-10,,2026-08-16T13:48:42+00:00,BaoStock query_stock_industry,observation,medium
MEMBERSHIP_f5818e9a86d860beda53,CNINFO_ORG_9900022668,INDUSTRY_ee9bbaf36a819df8934d,2026-08-10,,2026-08-16T13:48:42+00:00,BaoStock query_stock_industry,observation,medium
MEMBERSHIP_3ca2e6165f360512960f,CNINFO_ORG_9900022712,INDUSTRY_eb1bb5863556657a5ed0,2026-08-10,,2026-08-16T13:48:42+00:00,BaoStock query_stock_industry,observation,medium
MEMBERSHIP_877a804f2606c83889d0,CNINFO_ORG_9900021891,INDUSTRY_3875d79da62b4dff67e8,2026-08-10,,2026-08-16T13:48:42+00:00,BaoStock query_stock_industry,observation,medium
MEMBERSHIP_3880a8515b2878db804b,CNINFO_ORG_9900022925,INDUSTRY_c8bacf718e8395c6b293,2026-08-10,,2026-08-16T13:48:42+00:00,BaoStock query_stock_industry,observation,medium
MEMBERSHIP_dfdba8a60173cf8eecf6,CNINFO_ORG_9900022713,INDUSTRY_735889820fa0518be404,2026-08-10,,2026-08-16T13:48:42+00:00,BaoStock query_stock_industry,observation,medium
MEMBERSHIP_ae3c3faa3fd099321e5a,CNINFO_ORG_9900022740,INDUSTRY_eb1bb5863556657a5ed0,2026-08-10,,2026-08-16T13:48:42+00:00,BaoStock query_stock_industry,observation,medium
MEMBERSHIP_4847bbd8577b88c19f8f,CNINFO_ORG_9900023871,INDUSTRY_979f61913dc6006fe56d,2026-08-10,,2026-08-16T13:48:42+00:00,BaoStock query_stock_industry,observation,medium
MEMBERSHIP_098d01e5bac9d2539bac,CNINFO_ORG_9900022869,INDUSTRY_fcb657f75803ca816490,2026-08-10,,2026-08-16T13:48:42+00:00,BaoStock query_stock_industry,observation,medium
MEMBERSHIP_bb575437a38d7fdfbdf3,CNINFO_ORG_9900018728,INDUSTRY_fcb657f75803ca816490,2026-08-10,,2026-08-16T13:48:42+00:00,BaoStock query_stock_industry,observation,medium
MEMBERSHIP_8e9bc5d4a92d91b6ccae,CNINFO_ORG_9900022682,INDUSTRY_fcb657f75803ca816490,2026-08-10,,2026-08-16T13:48:42+00:00,BaoStock query_stock_industry,observation,medium
MEMBERSHIP_8b841d6d5f461600132b,CNINFO_ORG_9900022545,INDUSTRY_fcb657f75803ca816490,2026-08-10,,2026-08-16T13:48:42+00:00,BaoStock query_stock_industry,observation,medium
MEMBERSHIP_9671a2abacb498cf8f02,CNINFO_ORG_9900005183,INDUSTRY_735889820fa0518be404,2026-08-10,,2026-08-16T13:48:42+00:00,BaoStock query_stock_industry,observation,medium
MEMBERSHIP_d6304065af4277c4f88e,CNINFO_ORG_9900022429,INDUSTRY_735889820fa0518be404,2026-08-10,,2026-08-16T13:48:42+00:00,BaoStock query_stock_industry,observation,medium
MEMBERSHIP_4cd425f3149653d26ae5,CNINFO_ORG_9900022741,INDUSTRY_90d9ee5bdc1ee446fff0,2026-08-10,,2026-08-16T13:48:42+00:00,BaoStock query_stock_industry,observation,medium
MEMBERSHIP_1eb5a0028d74a30a988f,CNINFO_ORG_9900023105,INDUSTRY_7063d42ae24daea94a9c,2026-08-10,,2026-08-16T13:48:42+00:00,BaoStock query_stock_industry,observation,medium
MEMBERSHIP_c5f15343abdd21cd10b7,CNINFO_ORG_9900017650,INDUSTRY_b62fae243f391f69617b,2026-08-10,,2026-08-16T13:48:42+00:00,BaoStock query_stock_industry,observation,medium
MEMBERSHIP_c498492995039f4208c8,CNINFO_ORG_GD025312,INDUSTRY_b90e93f47f56746b9938,2026-08-10,,2026-08-16T13:48:42+00:00,BaoStock query_stock_industry,observation,medium
MEMBERSHIP_57de1bfad00663123b79,CNINFO_ORG_9900022766,INDUSTRY_fcb657f75803ca816490,2026-08-10,,2026-08-16T13:48:42+00:00,BaoStock query_stock_industry,observation,medium
MEMBERSHIP_fb153eb4cf1d952a55f4,CNINFO_ORG_9900023103,INDUSTRY_fcb657f75803ca816490,2026-08-10,,2026-08-16T13:48:42+00:00,BaoStock query_stock_industry,observation,medium
MEMBERSHIP_c9bff7ceab3319ae17c4,CNINFO_ORG_9900022857,INDUSTRY_fcb657f75803ca816490,2026-08-10,,2026-08-16T13:48:42+00:00,BaoStock query_stock_industry,observation,medium
MEMBERSHIP_6a24624e5a3bfce35d16,CNINFO_ORG_9900019308,INDUSTRY_eb1bb5863556657a5ed0,2026-08-10,,2026-08-16T13:48:42+00:00,BaoStock query_stock_industry,observation,medium
MEMBERSHIP_67a445661962b70e7619,CNINFO_ORG_9900022475,INDUSTRY_3875d79da62b4dff67e8,2026-08-10,,2026-08-16T13:48:42+00:00,BaoStock query_stock_industry,observation,medium
MEMBERSHIP_e93a8bc48e70b2e28162,CNINFO_ORG_9900022357,INDUSTRY_fcb657f75803ca816490,2026-08-10,,2026-08-16T13:48:42+00:00,BaoStock query_stock_industry,observation,medium
MEMBERSHIP_2d9708e20a4f0a4a97af,CNINFO_ORG_9900023067,INDUSTRY_731992a46c7dd8525c17,2026-08-10,,2026-08-16T13:48:42+00:00,BaoStock query_stock_industry,observation,medium
MEMBERSHIP_42e107049acde0dc264d,CNINFO_ORG_9900022798,INDUSTRY_3875d79da62b4dff67e8,2026-08-10,,2026-08-16T13:48:42+00:00,BaoStock query_stock_industry,observation,medium
MEMBERSHIP_a96d35d44dc4cee17806,CNINFO_ORG_9900023058,INDUSTRY_fcb657f75803ca816490,2026-08-10,,2026-08-16T13:48:42+00:00,BaoStock query_stock_industry,observation,medium
MEMBERSHIP_4e53c9da1cc892ff23de,CNINFO_ORG_9900023050,INDUSTRY_af522b5025b7206d78cb,2026-08-10,,2026-08-16T13:48:42+00:00,BaoStock query_stock_industry,observation,medium
MEMBERSHIP_62174606f30cd8d60d81,CNINFO_ORG_9900019671,INDUSTRY_ee9bbaf36a819df8934d,2026-08-10,,2026-08-16T13:48:42+00:00,BaoStock query_stock_industry,observation,medium
MEMBERSHIP_612cd05d6e926d651d01,CNINFO_ORG_9900022430,INDUSTRY_90d9ee5bdc1ee446fff0,2026-08-10,,2026-08-16T13:48:42+00:00,BaoStock query_stock_industry,observation,medium
MEMBERSHIP_a245c8ff7fcd3bd6109e,CNINFO_ORG_9900023045,INDUSTRY_90d9ee5bdc1ee446fff0,2026-08-10,,2026-08-16T13:48:42+00:00,BaoStock query_stock_industry,observation,medium
MEMBERSHIP_798e09cdf2d3a83a0874,CNINFO_ORG_9900023876,INDUSTRY_b90e93f47f56746b9938,2026-08-10,,2026-08-16T13:48:42+00:00,BaoStock query_stock_industry,observation,medium
MEMBERSHIP_4ed583cd49e911e549f2,CNINFO_ORG_9900023911,INDUSTRY_90d9ee5bdc1ee446fff0,2026-08-10,,2026-08-16T13:48:42+00:00,BaoStock query_stock_industry,observation,medium
MEMBERSHIP_34d339375c19d7487462,CNINFO_ORG_9900023110,INDUSTRY_7063d42ae24daea94a9c,2026-08-10,,2026-08-16T13:48:42+00:00,BaoStock query_stock_industry,observation,medium
MEMBERSHIP_0238f5f4999de6a72b29,CNINFO_ORG_9900022681,INDUSTRY_3875d79da62b4dff67e8,2026-08-10,,2026-08-16T13:48:42+00:00,BaoStock query_stock_industry,observation,medium
MEMBERSHIP_6242689bb8ad8dc8b14c,CNINFO_ORG_9900022197,INDUSTRY_90d9ee5bdc1ee446fff0,2026-08-10,,2026-08-16T13:48:42+00:00,BaoStock query_stock_industry,observation,medium
MEMBERSHIP_52b0c081fbddbce6cd02,CNINFO_ORG_9900023054,INDUSTRY_af522b5025b7206d78cb,2026-08-10,,2026-08-16T13:48:42+00:00,BaoStock query_stock_industry,observation,medium
MEMBERSHIP_1ff4818cf9a7c0958093,CNINFO_ORG_9900022924,INDUSTRY_fcb657f75803ca816490,2026-08-10,,2026-08-16T13:48:42+00:00,BaoStock query_stock_industry,observation,medium
MEMBERSHIP_9dd16fa7209cc57b0dec,CNINFO_ORG_9900022164,INDUSTRY_3875d79da62b4dff67e8,2026-08-10,,2026-08-16T13:48:42+00:00,BaoStock query_stock_industry,observation,medium
MEMBERSHIP_ef50dcc86c87e20c8152,CNINFO_ORG_9900014590,INDUSTRY_eb1bb5863556657a5ed0,2026-08-10,,2026-08-16T13:48:42+00:00,BaoStock query_stock_industry,observation,medium
MEMBERSHIP_24306544536637914746,CNINFO_ORG_9900019027,INDUSTRY_3875d79da62b4dff67e8,2026-08-10,,2026-08-16T13:48:42+00:00,BaoStock query_stock_industry,observation,medium
MEMBERSHIP_d0db2f5dd415d5b53c08,CNINFO_ORG_9900022680,INDUSTRY_b90e93f47f56746b9938,2026-08-10,,2026-08-16T13:48:42+00:00,BaoStock query_stock_industry,observation,medium
MEMBERSHIP_7d9a0b615e327dd84ea9,CNINFO_ORG_9900023849,INDUSTRY_f07066d9ed35c8253165,2026-08-10,,2026-08-16T13:48:42+00:00,BaoStock query_stock_industry,observation,medium
MEMBERSHIP_7351af72a87c94d51a58,CNINFO_ORG_9900023104,INDUSTRY_af522b5025b7206d78cb,2026-08-10,,2026-08-16T13:48:42+00:00,BaoStock query_stock_industry,observation,medium
MEMBERSHIP_7de776b0adbc1fe04867,CNINFO_ORG_9900023092,INDUSTRY_eb1bb5863556657a5ed0,2026-08-10,,2026-08-16T13:48:42+00:00,BaoStock query_stock_industry,observation,medium
MEMBERSHIP_ce5635c1f8394eb595cc,CNINFO_ORG_9900023046,INDUSTRY_ad86b4a2a3856ba2d571,2026-08-10,,2026-08-16T13:48:42+00:00,BaoStock query_stock_industry,observation,medium
MEMBERSHIP_889e5c1e5f1062c8bbff,CNINFO_ORG_9900023108,INDUSTRY_90d9ee5bdc1ee446fff0,2026-08-10,,2026-08-16T13:48:42+00:00,BaoStock query_stock_industry,observation,medium
MEMBERSHIP_9c1d2b331297a8322f52,CNINFO_ORG_9900023868,INDUSTRY_90d9ee5bdc1ee446fff0,2026-08-10,,2026-08-16T13:48:42+00:00,BaoStock query_stock_industry,observation,medium
MEMBERSHIP_a70ac06f2ef98013b359,CNINFO_ORG_9900023109,INDUSTRY_3875d79da62b4dff67e8,2026-08-10,,2026-08-16T13:48:42+00:00,BaoStock query_stock_industry,observation,medium
MEMBERSHIP_c4db311d6dfa7908f080,CNINFO_ORG_9900023879,INDUSTRY_35fe091671cdb8d5f5e0,2026-08-10,,2026-08-16T13:48:42+00:00,BaoStock query_stock_industry,observation,medium
MEMBERSHIP_ad6f8008a39dec143552,CNINFO_ORG_9900023865,INDUSTRY_3875d79da62b4dff67e8,2026-08-10,,2026-08-16T13:48:42+00:00,BaoStock query_stock_industry,observation,medium
MEMBERSHIP_7ea01ca08bd46e2b5936,CNINFO_ORG_9900023257,INDUSTRY_9f7679f9ad900c7a65d2,2026-08-10,,2026-08-16T13:48:42+00:00,BaoStock query_stock_industry,observation,medium
MEMBERSHIP_7bfde77625da8da7f8f2,CNINFO_ORG_9900023935,INDUSTRY_90d9ee5bdc1ee446fff0,2026-08-10,,2026-08-16T13:48:42+00:00,BaoStock query_stock_industry,observation,medium
MEMBERSHIP_3f712a245f6e48752960,CNINFO_ORG_9900023889,INDUSTRY_3875d79da62b4dff67e8,2026-08-10,,2026-08-16T13:48:42+00:00,BaoStock query_stock_industry,observation,medium
MEMBERSHIP_7037c1012ae186f6f4e0,CNINFO_ORG_9900023886,INDUSTRY_731992a46c7dd8525c17,2026-08-10,,2026-08-16T13:48:42+00:00,BaoStock query_stock_industry,observation,medium
MEMBERSHIP_c8fac2d89a2d1cf9d607,CNINFO_ORG_9900023874,INDUSTRY_735889820fa0518be404,2026-08-10,,2026-08-16T13:48:42+00:00,BaoStock query_stock_industry,observation,medium
MEMBERSHIP_c8093b33d07d8ddf6597,CNINFO_ORG_9900023869,INDUSTRY_9f7679f9ad900c7a65d2,2026-08-10,,2026-08-16T13:48:42+00:00,BaoStock query_stock_industry,observation,medium
MEMBERSHIP_af2276f6c1b6097f605b,CNINFO_ORG_9900022813,INDUSTRY_fcb657f75803ca816490,2026-08-10,,2026-08-16T13:48:42+00:00,BaoStock query_stock_industry,observation,medium
MEMBERSHIP_00a172c3b7d3e0266483,CNINFO_ORG_9900023896,INDUSTRY_35fe091671cdb8d5f5e0,2026-08-10,,2026-08-16T13:48:42+00:00,BaoStock query_stock_industry,observation,medium
MEMBERSHIP_aa3ae2f95f09caffe5c0,CNINFO_ORG_9900023918,INDUSTRY_35fe091671cdb8d5f5e0,2026-08-10,,2026-08-16T13:48:42+00:00,BaoStock query_stock_industry,observation,medium
MEMBERSHIP_0ec84a7457ddb4c427e7,CNINFO_ORG_9900023882,INDUSTRY_ee9bbaf36a819df8934d,2026-08-10,,2026-08-16T13:48:42+00:00,BaoStock query_stock_industry,observation,medium
MEMBERSHIP_7d2f1703f74e43f35984,CNINFO_ORG_9900028812,INDUSTRY_b90e93f47f56746b9938,2026-08-10,,2026-08-16T13:48:42+00:00,BaoStock query_stock_industry,observation,medium
MEMBERSHIP_c80fd2091b01f23567af,CNINFO_ORG_9900023797,INDUSTRY_a5ef4ae00fe6ee6051c6,2026-08-10,,2026-08-16T13:48:42+00:00,BaoStock query_stock_industry,observation,medium
MEMBERSHIP_abd368fdd2a91f846d2d,CNINFO_ORG_9900023897,INDUSTRY_3875d79da62b4dff67e8,2026-08-10,,2026-08-16T13:48:42+00:00,BaoStock query_stock_industry,observation,medium
MEMBERSHIP_14bf161a3ff13db90a54,CNINFO_ORG_9900023887,INDUSTRY_a3b7ae0c6bfa4b2b7bfb,2026-08-10,,2026-08-16T13:48:42+00:00,BaoStock query_stock_industry,observation,medium
MEMBERSHIP_3a9aa27db268aa4a930a,CNINFO_ORG_9900023902,INDUSTRY_b90e93f47f56746b9938,2026-08-10,,2026-08-16T13:48:42+00:00,BaoStock query_stock_industry,observation,medium
MEMBERSHIP_db8a0733394cb3d7a47a,CNINFO_ORG_9900023052,INDUSTRY_fc163d1647ca522ec4cd,2026-08-10,,2026-08-16T13:48:42+00:00,BaoStock query_stock_industry,observation,medium
MEMBERSHIP_7618c86f3206848c54d0,CNINFO_ORG_9900023915,INDUSTRY_af522b5025b7206d78cb,2026-08-10,,2026-08-16T13:48:42+00:00,BaoStock query_stock_industry,observation,medium
MEMBERSHIP_384adaa357b1f89ac06e,CNINFO_ORG_9900023829,INDUSTRY_3875d79da62b4dff67e8,2026-08-10,,2026-08-16T13:48:42+00:00,BaoStock query_stock_industry,observation,medium
MEMBERSHIP_6d3e0b716f3dc11090eb,CNINFO_ORG_9900023937,INDUSTRY_e7fb954d2ab5bf5bc733,2026-08-10,,2026-08-16T13:48:42+00:00,BaoStock query_stock_industry,observation,medium
MEMBERSHIP_e5da775b8030ba3d46ed,CNINFO_ORG_9900023791,INDUSTRY_90d9ee5bdc1ee446fff0,2026-08-10,,2026-08-16T13:48:42+00:00,BaoStock query_stock_industry,observation,medium
MEMBERSHIP_3c09ea77b621fb9e9c94,CNINFO_ORG_9900023892,INDUSTRY_eb1bb5863556657a5ed0,2026-08-10,,2026-08-16T13:48:42+00:00,BaoStock query_stock_industry,observation,medium
MEMBERSHIP_91201292f65c6f3f4449,CNINFO_ORG_9900023930,INDUSTRY_2b12590880b654376532,2026-08-10,,2026-08-16T13:48:42+00:00,BaoStock query_stock_industry,observation,medium
MEMBERSHIP_778e132db0cfde2855a2,CNINFO_ORG_9900023907,INDUSTRY_eb1bb5863556657a5ed0,2026-08-10,,2026-08-16T13:48:42+00:00,BaoStock query_stock_industry,observation,medium
MEMBERSHIP_147f3812a990236d99a4,CNINFO_ORG_9900023933,INDUSTRY_af522b5025b7206d78cb,2026-08-10,,2026-08-16T13:48:42+00:00,BaoStock query_stock_industry,observation,medium
MEMBERSHIP_9cf4e6392d8f7dc139b8,CNINFO_ORG_9900023793,INDUSTRY_b90e93f47f56746b9938,2026-08-10,,2026-08-16T13:48:42+00:00,BaoStock query_stock_industry,observation,medium
MEMBERSHIP_c199372745165d380a86,CNINFO_ORG_9900023817,INDUSTRY_eb1bb5863556657a5ed0,2026-08-10,,2026-08-16T13:48:42+00:00,BaoStock query_stock_industry,observation,medium
MEMBERSHIP_e2e48864ae52490d50a3,CNINFO_ORG_9900023898,INDUSTRY_fcb657f75803ca816490,2026-08-10,,2026-08-16T13:48:42+00:00,BaoStock query_stock_industry,observation,medium
MEMBERSHIP_1cbf107f32e97465af59,CNINFO_ORG_9900023845,INDUSTRY_35fe091671cdb8d5f5e0,2026-08-10,,2026-08-16T13:48:42+00:00,BaoStock query_stock_industry,observation,medium
MEMBERSHIP_3daf0165ce77c6e0d3fd,CNINFO_ORG_9900023826,INDUSTRY_fcb657f75803ca816490,2026-08-10,,2026-08-16T13:48:42+00:00,BaoStock query_stock_industry,observation,medium
MEMBERSHIP_9985f3d9628e38220c88,CNINFO_ORG_9900023888,INDUSTRY_3875d79da62b4dff67e8,2026-08-10,,2026-08-16T13:48:42+00:00,BaoStock query_stock_industry,observation,medium
MEMBERSHIP_ff77d01780fbb169f047,CNINFO_ORG_9900006164,INDUSTRY_b90e93f47f56746b9938,2026-08-10,,2026-08-16T13:48:42+00:00,BaoStock query_stock_industry,observation,medium
MEMBERSHIP_358e2d6d66c4591afc3f,CNINFO_ORG_9900005661,INDUSTRY_735889820fa0518be404,2026-08-10,,2026-08-16T13:48:42+00:00,BaoStock query_stock_industry,observation,medium
MEMBERSHIP_a72f138dbe1af24c73e5,CNINFO_ORG_9900023852,INDUSTRY_af522b5025b7206d78cb,2026-08-10,,2026-08-16T13:48:42+00:00,BaoStock query_stock_industry,observation,medium
MEMBERSHIP_8fddf28e7e2c83fa2019,CNINFO_ORG_9900023843,INDUSTRY_b90e93f47f56746b9938,2026-08-10,,2026-08-16T13:48:42+00:00,BaoStock query_stock_industry,observation,medium
MEMBERSHIP_8d5be67ef39c5a772961,CNINFO_ORG_9900023831,INDUSTRY_fcb657f75803ca816490,2026-08-10,,2026-08-16T13:48:42+00:00,BaoStock query_stock_industry,observation,medium
MEMBERSHIP_a2fecd44c87f14671d73,CNINFO_ORG_9900023931,INDUSTRY_90d9ee5bdc1ee446fff0,2026-08-10,,2026-08-16T13:48:42+00:00,BaoStock query_stock_industry,observation,medium
MEMBERSHIP_54eb10eab9d7984fe789,CNINFO_ORG_9900023846,INDUSTRY_3875d79da62b4dff67e8,2026-08-10,,2026-08-16T13:48:42+00:00,BaoStock query_stock_industry,observation,medium
MEMBERSHIP_a92b6dfb264e3753e8ec,CNINFO_ORG_9900023801,INDUSTRY_fcb657f75803ca816490,2026-08-10,,2026-08-16T13:48:42+00:00,BaoStock query_stock_industry,observation,medium
MEMBERSHIP_795c3646297cc311c121,CNINFO_ORG_9900023363,INDUSTRY_eb1bb5863556657a5ed0,2026-08-10,,2026-08-16T13:48:42+00:00,BaoStock query_stock_industry,observation,medium
MEMBERSHIP_7e5b1ad405c430d84ffd,CNINFO_ORG_9900023828,INDUSTRY_3875d79da62b4dff67e8,2026-08-10,,2026-08-16T13:48:42+00:00,BaoStock query_stock_industry,observation,medium
MEMBERSHIP_977443e749ebe9cfa635,CNINFO_ORG_9900035739,INDUSTRY_fcb657f75803ca816490,2026-08-10,,2026-08-16T13:48:42+00:00,BaoStock query_stock_industry,observation,medium
MEMBERSHIP_15e4cf746a7a516d5c2e,CNINFO_ORG_9900023941,INDUSTRY_90d9ee5bdc1ee446fff0,2026-08-10,,2026-08-16T13:48:42+00:00,BaoStock query_stock_industry,observation,medium
MEMBERSHIP_606c2e3e7e89402b9545,CNINFO_ORG_9900023823,INDUSTRY_90d9ee5bdc1ee446fff0,2026-08-10,,2026-08-16T13:48:42+00:00,BaoStock query_stock_industry,observation,medium
MEMBERSHIP_64c506e6c7933a3e1ff5,CNINFO_ORG_9900023940,INDUSTRY_3875d79da62b4dff67e8,2026-08-10,,2026-08-16T13:48:42+00:00,BaoStock query_stock_industry,observation,medium
MEMBERSHIP_f70f15097cb85f286c87,CNINFO_ORG_9900023803,INDUSTRY_90d9ee5bdc1ee446fff0,2026-08-10,,2026-08-16T13:48:42+00:00,BaoStock query_stock_industry,observation,medium
MEMBERSHIP_90f7bad1e5d171fa3d3a,CNINFO_ORG_9900023890,INDUSTRY_9f7679f9ad900c7a65d2,2026-08-10,,2026-08-16T13:48:42+00:00,BaoStock query_stock_industry,observation,medium
MEMBERSHIP_54c4377fe0850a4f105f,CNINFO_ORG_9900023837,INDUSTRY_90d9ee5bdc1ee446fff0,2026-08-10,,2026-08-16T13:48:42+00:00,BaoStock query_stock_industry,observation,medium
MEMBERSHIP_1b48bf15b37ebeaf4b7b,CNINFO_ORG_9900024049,INDUSTRY_3875d79da62b4dff67e8,2026-08-10,,2026-08-16T13:48:42+00:00,BaoStock query_stock_industry,observation,medium
MEMBERSHIP_1216a4747ff26d0b9c2c,CNINFO_ORG_9900023864,INDUSTRY_3875d79da62b4dff67e8,2026-08-10,,2026-08-16T13:48:42+00:00,BaoStock query_stock_industry,observation,medium
MEMBERSHIP_2d6b263ceae2ba2161da,CNINFO_ORG_9900024338,INDUSTRY_eb1bb5863556657a5ed0,2026-08-10,,2026-08-16T13:48:42+00:00,BaoStock query_stock_industry,observation,medium
MEMBERSHIP_edce242596c6dc47e42a,CNINFO_ORG_9900023815,INDUSTRY_4fb51c32200208ed64a8,2026-08-10,,2026-08-16T13:48:42+00:00,BaoStock query_stock_industry,observation,medium
MEMBERSHIP_d6966b3b4b1f507f46ef,CNINFO_ORG_9900023805,INDUSTRY_fcb657f75803ca816490,2026-08-10,,2026-08-16T13:48:42+00:00,BaoStock query_stock_industry,observation,medium
MEMBERSHIP_e1a00697040dd595018e,CNINFO_ORG_9900023485,INDUSTRY_735889820fa0518be404,2026-08-10,,2026-08-16T13:48:42+00:00,BaoStock query_stock_industry,observation,medium
MEMBERSHIP_015e43287d3ed423ee41,CNINFO_ORG_9900023360,INDUSTRY_9f7679f9ad900c7a65d2,2026-08-10,,2026-08-16T13:48:42+00:00,BaoStock query_stock_industry,observation,medium
MEMBERSHIP_5366f86c6dbe927efcee,CNINFO_ORG_9900024029,INDUSTRY_fcb657f75803ca816490,2026-08-10,,2026-08-16T13:48:42+00:00,BaoStock query_stock_industry,observation,medium
MEMBERSHIP_92429c2a72ca4d894f50,CNINFO_ORG_9900023352,INDUSTRY_fcb657f75803ca816490,2026-08-10,,2026-08-16T13:48:42+00:00,BaoStock query_stock_industry,observation,medium
MEMBERSHIP_39a9f37f2ed6ff90190c,CNINFO_ORG_9900023856,INDUSTRY_35fe091671cdb8d5f5e0,2026-08-10,,2026-08-16T13:48:42+00:00,BaoStock query_stock_industry,observation,medium
MEMBERSHIP_24dc99440ef40a398bdd,CNINFO_ORG_9900024541,INDUSTRY_3875d79da62b4dff67e8,2026-08-10,,2026-08-16T13:48:42+00:00,BaoStock query_stock_industry,observation,medium
MEMBERSHIP_4e26467fbf67495b8ab6,CNINFO_ORG_9900024679,INDUSTRY_3875d79da62b4dff67e8,2026-08-10,,2026-08-16T13:48:42+00:00,BaoStock query_stock_industry,observation,medium
MEMBERSHIP_439196f7a92c15941254,CNINFO_ORG_9900024764,INDUSTRY_e7fb954d2ab5bf5bc733,2026-08-10,,2026-08-16T13:48:42+00:00,BaoStock query_stock_industry,observation,medium
MEMBERSHIP_30bafce8c8645ba82014,CNINFO_ORG_9900026649,INDUSTRY_90d9ee5bdc1ee446fff0,2026-08-10,,2026-08-16T13:48:42+00:00,BaoStock query_stock_industry,observation,medium
MEMBERSHIP_4127eceeb59dbc14ce3d,CNINFO_ORG_9900023854,INDUSTRY_8c865bedc2ef9574d2e5,2026-08-10,,2026-08-16T13:48:42+00:00,BaoStock query_stock_industry,observation,medium
MEMBERSHIP_2b9ca37ec79ecda78f15,CNINFO_ORG_9900024582,INDUSTRY_90d9ee5bdc1ee446fff0,2026-08-10,,2026-08-16T13:48:42+00:00,BaoStock query_stock_industry,observation,medium
MEMBERSHIP_8870e477906750b02b9f,CNINFO_ORG_9900003695,INDUSTRY_b90e93f47f56746b9938,2026-08-10,,2026-08-16T13:48:42+00:00,BaoStock query_stock_industry,observation,medium
MEMBERSHIP_fdaaf6fe25b823e1453e,CNINFO_ORG_9900024807,INDUSTRY_b62fae243f391f69617b,2026-08-10,,2026-08-16T13:48:42+00:00,BaoStock query_stock_industry,observation,medium
MEMBERSHIP_91fe3fddd7c6ca3e2a82,CNINFO_ORG_9900023364,INDUSTRY_fcb657f75803ca816490,2026-08-10,,2026-08-16T13:48:42+00:00,BaoStock query_stock_industry,observation,medium
MEMBERSHIP_55ab7db23ea57a97c6e1,CNINFO_ORG_9900024910,INDUSTRY_3875d79da62b4dff67e8,2026-08-10,,2026-08-16T13:48:42+00:00,BaoStock query_stock_industry,observation,medium
MEMBERSHIP_94ece2f857e431ebb844,CNINFO_ORG_9900024362,INDUSTRY_af522b5025b7206d78cb,2026-08-10,,2026-08-16T13:48:42+00:00,BaoStock query_stock_industry,observation,medium
MEMBERSHIP_e8efc74e129aba56038f,CNINFO_ORG_9900024914,INDUSTRY_eb1bb5863556657a5ed0,2026-08-10,,2026-08-16T13:48:42+00:00,BaoStock query_stock_industry,observation,medium
MEMBERSHIP_1fa0d76a30bbd9c51603,CNINFO_ORG_9900021796,INDUSTRY_6e59023629c5a35ea710,2026-08-10,,2026-08-16T13:48:42+00:00,BaoStock query_stock_industry,observation,medium
MEMBERSHIP_3373fc4a4e808cb6cdb7,CNINFO_ORG_9900026650,INDUSTRY_b90e93f47f56746b9938,2026-08-10,,2026-08-16T13:48:42+00:00,BaoStock query_stock_industry,observation,medium
MEMBERSHIP_95a53b196d6fc2fd3862,CNINFO_ORG_9900024802,INDUSTRY_eb1bb5863556657a5ed0,2026-08-10,,2026-08-16T13:48:42+00:00,BaoStock query_stock_industry,observation,medium
MEMBERSHIP_6dd3d15d0e3bfb4f2206,CNINFO_ORG_9900024107,INDUSTRY_35fe091671cdb8d5f5e0,2026-08-10,,2026-08-16T13:48:42+00:00,BaoStock query_stock_industry,observation,medium
MEMBERSHIP_8e9bc76fcb0617c5dd07,CNINFO_ORG_9900023808,INDUSTRY_af522b5025b7206d78cb,2026-08-10,,2026-08-16T13:48:42+00:00,BaoStock query_stock_industry,observation,medium
MEMBERSHIP_534cef7b4de8f667c881,CNINFO_ORG_9900023926,INDUSTRY_be6d1ff74018fda3a9a4,2026-08-10,,2026-08-16T13:48:42+00:00,BaoStock query_stock_industry,observation,medium
MEMBERSHIP_2a4731bd39fefec62ff4,CNINFO_ORG_9900024135,INDUSTRY_90d9ee5bdc1ee446fff0,2026-08-10,,2026-08-16T13:48:42+00:00,BaoStock query_stock_industry,observation,medium
MEMBERSHIP_945a057885b08377575b,CNINFO_ORG_9900026569,INDUSTRY_b90e93f47f56746b9938,2026-08-10,,2026-08-16T13:48:42+00:00,BaoStock query_stock_industry,observation,medium
MEMBERSHIP_486c5794d0186d297492,CNINFO_ORG_9900026423,INDUSTRY_b90e93f47f56746b9938,2026-08-10,,2026-08-16T13:48:42+00:00,BaoStock query_stock_industry,observation,medium
MEMBERSHIP_ddb102627ce082856b53,CNINFO_ORG_9900023365,INDUSTRY_c8bacf718e8395c6b293,2026-08-10,,2026-08-16T13:48:42+00:00,BaoStock query_stock_industry,observation,medium
MEMBERSHIP_da5625fd32d8fca93256,CNINFO_ORG_9900024806,INDUSTRY_8c865bedc2ef9574d2e5,2026-08-10,,2026-08-16T13:48:42+00:00,BaoStock query_stock_industry,observation,medium
MEMBERSHIP_4a5399a506a69887f972,CNINFO_ORG_9900026456,INDUSTRY_9f7679f9ad900c7a65d2,2026-08-10,,2026-08-16T13:48:42+00:00,BaoStock query_stock_industry,observation,medium
MEMBERSHIP_ddd689212c5843ca1163,CNINFO_ORG_9900026763,INDUSTRY_fcb657f75803ca816490,2026-08-10,,2026-08-16T13:48:42+00:00,BaoStock query_stock_industry,observation,medium
MEMBERSHIP_018595c41946f347db3c,CNINFO_ORG_9900026422,INDUSTRY_eb1bb5863556657a5ed0,2026-08-10,,2026-08-16T13:48:42+00:00,BaoStock query_stock_industry,observation,medium
MEMBERSHIP_8e2005dafcd7016e8709,CNINFO_ORG_9900009247,INDUSTRY_9b846d32ce44d8ac60c7,2026-08-10,,2026-08-16T13:48:42+00:00,BaoStock query_stock_industry,observation,medium
MEMBERSHIP_9becd052e91bd031a39a,CNINFO_ORG_9900023095,INDUSTRY_b90e93f47f56746b9938,2026-08-10,,2026-08-16T13:48:42+00:00,BaoStock query_stock_industry,observation,medium
MEMBERSHIP_400745af8b9979cd7810,CNINFO_ORG_9900024909,INDUSTRY_731992a46c7dd8525c17,2026-08-10,,2026-08-16T13:48:42+00:00,BaoStock query_stock_industry,observation,medium
MEMBERSHIP_20eaaf8bfd1a9c9033de,CNINFO_ORG_9900026106,INDUSTRY_eb1bb5863556657a5ed0,2026-08-10,,2026-08-16T13:48:42+00:00,BaoStock query_stock_industry,observation,medium
MEMBERSHIP_76a6bedf2d2426c50ba7,CNINFO_ORG_9900026455,INDUSTRY_90d9ee5bdc1ee446fff0,2026-08-10,,2026-08-16T13:48:42+00:00,BaoStock query_stock_industry,observation,medium
MEMBERSHIP_96635023c01be7a8fa76,CNINFO_ORG_9900023867,INDUSTRY_35fe091671cdb8d5f5e0,2026-08-10,,2026-08-16T13:48:42+00:00,BaoStock query_stock_industry,observation,medium
MEMBERSHIP_4c2e2fe863f6641aaf42,CNINFO_ORG_9900029631,INDUSTRY_90d9ee5bdc1ee446fff0,2026-08-10,,2026-08-16T13:48:42+00:00,BaoStock query_stock_industry,observation,medium
MEMBERSHIP_6cc377a56109bc883298,CNINFO_ORG_9900024629,INDUSTRY_af522b5025b7206d78cb,2026-08-10,,2026-08-16T13:48:42+00:00,BaoStock query_stock_industry,observation,medium
MEMBERSHIP_482823c281eeb6c3f9cf,CNINFO_ORG_9900026515,INDUSTRY_1395c3d9f1fe1a080e75,2026-08-10,,2026-08-16T13:48:42+00:00,BaoStock query_stock_industry,observation,medium
MEMBERSHIP_1d04629cc4f943a8fcfe,CNINFO_ORG_9900022528,INDUSTRY_e7fb954d2ab5bf5bc733,2026-08-10,,2026-08-16T13:48:42+00:00,BaoStock query_stock_industry,observation,medium
MEMBERSHIP_dfed2f5a78cf02d71f1e,CNINFO_ORG_9900026674,INDUSTRY_735889820fa0518be404,2026-08-10,,2026-08-16T13:48:42+00:00,BaoStock query_stock_industry,observation,medium
MEMBERSHIP_3c718e9624e2cd7d66c6,CNINFO_ORG_9900025017,INDUSTRY_35fe091671cdb8d5f5e0,2026-08-10,,2026-08-16T13:48:42+00:00,BaoStock query_stock_industry,observation,medium
MEMBERSHIP_4c9b331780ac5f1f6a2b,CNINFO_ORG_9900028764,INDUSTRY_b90e93f47f56746b9938,2026-08-10,,2026-08-16T13:48:42+00:00,BaoStock query_stock_industry,observation,medium
MEMBERSHIP_bb3469af380cc45aea76,CNINFO_ORG_9900024682,INDUSTRY_f8cb7f30edbaa3a4825a,2026-08-10,,2026-08-16T13:48:42+00:00,BaoStock query_stock_industry,observation,medium
MEMBERSHIP_eeb1e8c4c31883b85a00,CNINFO_ORG_9900026539,INDUSTRY_35fe091671cdb8d5f5e0,2026-08-10,,2026-08-16T13:48:42+00:00,BaoStock query_stock_industry,observation,medium
MEMBERSHIP_8db224bdae5950091671,CNINFO_ORG_9900026672,INDUSTRY_fcb657f75803ca816490,2026-08-10,,2026-08-16T13:48:42+00:00,BaoStock query_stock_industry,observation,medium
MEMBERSHIP_0b1834ce9a2707d73ce4,CNINFO_ORG_9900031732,INDUSTRY_735889820fa0518be404,2026-08-10,,2026-08-16T13:48:42+00:00,BaoStock query_stock_industry,observation,medium
MEMBERSHIP_2fda8944355e25678af3,CNINFO_ORG_9900029006,INDUSTRY_735889820fa0518be404,2026-08-10,,2026-08-16T13:48:42+00:00,BaoStock query_stock_industry,observation,medium
MEMBERSHIP_d572a16056e98bb0b0a6,CNINFO_ORG_9900028763,INDUSTRY_90d9ee5bdc1ee446fff0,2026-08-10,,2026-08-16T13:48:42+00:00,BaoStock query_stock_industry,observation,medium
MEMBERSHIP_9a9dca3996b1d5074a30,CNINFO_ORG_9900026648,INDUSTRY_17cf2674a1f785e3272e,2026-08-10,,2026-08-16T13:48:42+00:00,BaoStock query_stock_industry,observation,medium
MEMBERSHIP_c517277aa1402cc70a11,CNINFO_ORG_9900023060,INDUSTRY_9f7679f9ad900c7a65d2,2026-08-10,,2026-08-16T13:48:42+00:00,BaoStock query_stock_industry,observation,medium
MEMBERSHIP_523986facbf0eaf9374a,CNINFO_ORG_9900026538,INDUSTRY_eb1bb5863556657a5ed0,2026-08-10,,2026-08-16T13:48:42+00:00,BaoStock query_stock_industry,observation,medium
MEMBERSHIP_80f442d3e3e16d4908e3,CNINFO_ORG_9900026812,INDUSTRY_fcb657f75803ca816490,2026-08-10,,2026-08-16T13:48:42+00:00,BaoStock query_stock_industry,observation,medium
MEMBERSHIP_0cac1402cd41f6a0f2d8,CNINFO_ORG_9900026568,INDUSTRY_3875d79da62b4dff67e8,2026-08-10,,2026-08-16T13:48:42+00:00,BaoStock query_stock_industry,observation,medium
MEMBERSHIP_8a7d5db7b83f9942b9dd,CNINFO_ORG_9900026762,INDUSTRY_af522b5025b7206d78cb,2026-08-10,,2026-08-16T13:48:42+00:00,BaoStock query_stock_industry,observation,medium
MEMBERSHIP_4fafbf4482c1939e2739,CNINFO_ORG_9900026765,INDUSTRY_fcb657f75803ca816490,2026-08-10,,2026-08-16T13:48:42+00:00,BaoStock query_stock_industry,observation,medium
MEMBERSHIP_e2390caef9f72c5b16f9,CNINFO_ORG_9900026107,INDUSTRY_fcb657f75803ca816490,2026-08-10,,2026-08-16T13:48:42+00:00,BaoStock query_stock_industry,observation,medium
MEMBERSHIP_aee73a4d88e9166aad2e,CNINFO_ORG_9900027321,INDUSTRY_3875d79da62b4dff67e8,2026-08-10,,2026-08-16T13:48:42+00:00,BaoStock query_stock_industry,observation,medium
MEMBERSHIP_e018019789452f48b35c,CNINFO_ORG_9900023929,INDUSTRY_a3b7ae0c6bfa4b2b7bfb,2026-08-10,,2026-08-16T13:48:42+00:00,BaoStock query_stock_industry,observation,medium
MEMBERSHIP_8b03231959b6d836aaa8,CNINFO_ORG_9900023090,INDUSTRY_3875d79da62b4dff67e8,2026-08-10,,2026-08-16T13:48:42+00:00,BaoStock query_stock_industry,observation,medium
MEMBERSHIP_a1d75280cc81b66f70c2,CNINFO_ORG_9900026813,INDUSTRY_b90e93f47f56746b9938,2026-08-10,,2026-08-16T13:48:42+00:00,BaoStock query_stock_industry,observation,medium
MEMBERSHIP_942b7e40b24e9175cf54,CNINFO_ORG_9900026566,INDUSTRY_90d9ee5bdc1ee446fff0,2026-08-10,,2026-08-16T13:48:42+00:00,BaoStock query_stock_industry,observation,medium
MEMBERSHIP_24ea136381b896e2969e,CNINFO_ORG_9900021797,INDUSTRY_fcb657f75803ca816490,2026-08-10,,2026-08-16T13:48:42+00:00,BaoStock query_stock_industry,observation,medium
MEMBERSHIP_d475fe4a7400712ad89d,CNINFO_ORG_9900027730,INDUSTRY_9f7679f9ad900c7a65d2,2026-08-10,,2026-08-16T13:48:42+00:00,BaoStock query_stock_industry,observation,medium
MEMBERSHIP_55f8681c8fb6cc37037f,CNINFO_ORG_9900027672,INDUSTRY_eb1bb5863556657a5ed0,2026-08-10,,2026-08-16T13:48:42+00:00,BaoStock query_stock_industry,observation,medium
MEMBERSHIP_732939db1bf2438d9042,CNINFO_ORG_9900027731,INDUSTRY_af522b5025b7206d78cb,2026-08-10,,2026-08-16T13:48:42+00:00,BaoStock query_stock_industry,observation,medium
MEMBERSHIP_1c545214ba94eac4028f,CNINFO_ORG_9900027767,INDUSTRY_17cf2674a1f785e3272e,2026-08-10,,2026-08-16T13:48:42+00:00,BaoStock query_stock_industry,observation,medium
MEMBERSHIP_7c3846451f677bbea45f,CNINFO_ORG_9900028811,INDUSTRY_af522b5025b7206d78cb,2026-08-10,,2026-08-16T13:48:42+00:00,BaoStock query_stock_industry,observation,medium
MEMBERSHIP_abc7ce6d7a7f598038d1,CNINFO_ORG_9900029011,INDUSTRY_8c865bedc2ef9574d2e5,2026-08-10,,2026-08-16T13:48:42+00:00,BaoStock query_stock_industry,observation,medium
MEMBERSHIP_25f170b23c3c94225464,CNINFO_ORG_9900026809,INDUSTRY_b62fae243f391f69617b,2026-08-10,,2026-08-16T13:48:42+00:00,BaoStock query_stock_industry,observation,medium
MEMBERSHIP_aa230bfcca1794869362,CNINFO_ORG_9900029001,INDUSTRY_35fe091671cdb8d5f5e0,2026-08-10,,2026-08-16T13:48:42+00:00,BaoStock query_stock_industry,observation,medium
MEMBERSHIP_e0b86020259a36176549,CNINFO_ORG_9900028997,INDUSTRY_fcb657f75803ca816490,2026-08-10,,2026-08-16T13:48:42+00:00,BaoStock query_stock_industry,observation,medium
MEMBERSHIP_9256ab709cee0d6fd72b,CNINFO_ORG_9900026678,INDUSTRY_fcb657f75803ca816490,2026-08-10,,2026-08-16T13:48:42+00:00,BaoStock query_stock_industry,observation,medium
MEMBERSHIP_0a042c8a7f8ce7597002,CNINFO_ORG_9900028901,INDUSTRY_90d9ee5bdc1ee446fff0,2026-08-10,,2026-08-16T13:48:42+00:00,BaoStock query_stock_industry,observation,medium
MEMBERSHIP_8f5335b8b2834a5c3b54,CNINFO_ORG_9900028900,INDUSTRY_3875d79da62b4dff67e8,2026-08-10,,2026-08-16T13:48:42+00:00,BaoStock query_stock_industry,observation,medium
MEMBERSHIP_74bec214fb4e5cda1411,CNINFO_ORG_9900022765,INDUSTRY_90d9ee5bdc1ee446fff0,2026-08-10,,2026-08-16T13:48:42+00:00,BaoStock query_stock_industry,observation,medium
MEMBERSHIP_1d68775c58764600e50c,CNINFO_ORG_9900026810,INDUSTRY_b62fae243f391f69617b,2026-08-10,,2026-08-16T13:48:42+00:00,BaoStock query_stock_industry,observation,medium
MEMBERSHIP_45d1957456062c6e2ac4,CNINFO_ORG_9900026673,INDUSTRY_90d9ee5bdc1ee446fff0,2026-08-10,,2026-08-16T13:48:42+00:00,BaoStock query_stock_industry,observation,medium
MEMBERSHIP_ed53b898144d17872b44,CNINFO_ORG_9900026811,INDUSTRY_3875d79da62b4dff67e8,2026-08-10,,2026-08-16T13:48:42+00:00,BaoStock query_stock_industry,observation,medium
MEMBERSHIP_76769c1b5b445ef12a4d,CNINFO_ORG_9900029014,INDUSTRY_fcb657f75803ca816490,2026-08-10,,2026-08-16T13:48:42+00:00,BaoStock query_stock_industry,observation,medium
MEMBERSHIP_ff2e372b0f0f0ee9817f,CNINFO_ORG_9900029010,INDUSTRY_35fe091671cdb8d5f5e0,2026-08-10,,2026-08-16T13:48:42+00:00,BaoStock query_stock_industry,observation,medium
MEMBERSHIP_279bb3212e881696d60d,CNINFO_ORG_9900023891,INDUSTRY_90d9ee5bdc1ee446fff0,2026-08-10,,2026-08-16T13:48:42+00:00,BaoStock query_stock_industry,observation,medium
MEMBERSHIP_898f9885832e4a4568fc,CNINFO_ORG_9900029003,INDUSTRY_735889820fa0518be404,2026-08-10,,2026-08-16T13:48:42+00:00,BaoStock query_stock_industry,observation,medium
MEMBERSHIP_3c6be6f9715f339c9fc5,CNINFO_ORG_9900031832,INDUSTRY_7063d42ae24daea94a9c,2026-08-10,,2026-08-16T13:48:42+00:00,BaoStock query_stock_industry,observation,medium
MEMBERSHIP_3afa6afe5516c0a96089,CNINFO_ORG_9900026764,INDUSTRY_90d9ee5bdc1ee446fff0,2026-08-10,,2026-08-16T13:48:42+00:00,BaoStock query_stock_industry,observation,medium
MEMBERSHIP_31f1fff2f478233846d9,CNINFO_ORG_9900029012,INDUSTRY_fcb657f75803ca816490,2026-08-10,,2026-08-16T13:48:42+00:00,BaoStock query_stock_industry,observation,medium
MEMBERSHIP_3402faa78cb5dcae2690,CNINFO_ORG_9900029233,INDUSTRY_3875d79da62b4dff67e8,2026-08-10,,2026-08-16T13:48:42+00:00,BaoStock query_stock_industry,observation,medium
MEMBERSHIP_7e109c52f299b4f866fe,CNINFO_ORG_9900028999,INDUSTRY_eb1bb5863556657a5ed0,2026-08-10,,2026-08-16T13:48:42+00:00,BaoStock query_stock_industry,observation,medium
MEMBERSHIP_60ca04c381a1f3ca771d,CNINFO_ORG_9900027322,INDUSTRY_fcb657f75803ca816490,2026-08-10,,2026-08-16T13:48:42+00:00,BaoStock query_stock_industry,observation,medium
MEMBERSHIP_c68dbda842b5696122ad,CNINFO_ORG_9900029016,INDUSTRY_fcb657f75803ca816490,2026-08-10,,2026-08-16T13:48:42+00:00,BaoStock query_stock_industry,observation,medium
MEMBERSHIP_9b3e4e5f9d22f6aa3e30,CNINFO_ORG_9900029015,INDUSTRY_fcb657f75803ca816490,2026-08-10,,2026-08-16T13:48:42+00:00,BaoStock query_stock_industry,observation,medium
MEMBERSHIP_335b75e3d972f0593814,CNINFO_ORG_9900029471,INDUSTRY_3875d79da62b4dff67e8,2026-08-10,,2026-08-16T13:48:42+00:00,BaoStock query_stock_industry,observation,medium
MEMBERSHIP_2f9a1ff553179b9ebb0b,CNINFO_ORG_9900029382,INDUSTRY_90d9ee5bdc1ee446fff0,2026-08-10,,2026-08-16T13:48:42+00:00,BaoStock query_stock_industry,observation,medium
MEMBERSHIP_2a75549408f2c418c649,CNINFO_ORG_9900029017,INDUSTRY_731992a46c7dd8525c17,2026-08-10,,2026-08-16T13:48:42+00:00,BaoStock query_stock_industry,observation,medium
MEMBERSHIP_6a655dafc6f50938ad3c,CNINFO_ORG_9900029470,INDUSTRY_90d9ee5bdc1ee446fff0,2026-08-10,,2026-08-16T13:48:42+00:00,BaoStock query_stock_industry,observation,medium
MEMBERSHIP_852d43a2d66860e4d657,CNINFO_ORG_9900029668,INDUSTRY_90d9ee5bdc1ee446fff0,2026-08-10,,2026-08-16T13:48:42+00:00,BaoStock query_stock_industry,observation,medium
MEMBERSHIP_345daf3c4f3bf2a4e133,CNINFO_ORG_DR0000288,INDUSTRY_735889820fa0518be404,2026-08-10,,2026-08-16T13:48:42+00:00,BaoStock query_stock_industry,observation,medium
MEMBERSHIP_2dbb828db74b1761a12b,CNINFO_ORG_9900030366,INDUSTRY_af522b5025b7206d78cb,2026-08-10,,2026-08-16T13:48:42+00:00,BaoStock query_stock_industry,observation,medium
MEMBERSHIP_9b75f268797fe875813c,CNINFO_ORG_9900029009,INDUSTRY_b90e93f47f56746b9938,2026-08-10,,2026-08-16T13:48:42+00:00,BaoStock query_stock_industry,observation,medium
MEMBERSHIP_0f359bf3ff7fbc901291,CNINFO_ORG_9900028902,INDUSTRY_90d9ee5bdc1ee446fff0,2026-08-10,,2026-08-16T13:48:42+00:00,BaoStock query_stock_industry,observation,medium
MEMBERSHIP_ddf947c26b48d3187e0f,CNINFO_ORG_9900029947,INDUSTRY_90d9ee5bdc1ee446fff0,2026-08-10,,2026-08-16T13:48:42+00:00,BaoStock query_stock_industry,observation,medium
MEMBERSHIP_e1dc4e38c6b197770f68,CNINFO_ORG_9900028813,INDUSTRY_735889820fa0518be404,2026-08-10,,2026-08-16T13:48:42+00:00,BaoStock query_stock_industry,observation,medium
MEMBERSHIP_ae01054a3b8a852d9141,CNINFO_ORG_9900023945,INDUSTRY_eb1bb5863556657a5ed0,2026-08-10,,2026-08-16T13:48:42+00:00,BaoStock query_stock_industry,observation,medium
MEMBERSHIP_1c425d0cb4d7bef8b010,CNINFO_ORG_gfbj0831223,INDUSTRY_af522b5025b7206d78cb,2026-08-10,,2026-08-16T13:48:42+00:00,BaoStock query_stock_industry,observation,medium
MEMBERSHIP_b6c68497ec8baa947956,CNINFO_ORG_9900030080,INDUSTRY_90d9ee5bdc1ee446fff0,2026-08-10,,2026-08-16T13:48:42+00:00,BaoStock query_stock_industry,observation,medium
MEMBERSHIP_626d24f1e099b61bc256,CNINFO_ORG_9900030575,INDUSTRY_3e41c6b832b570c4f5d1,2026-08-10,,2026-08-16T13:48:42+00:00,BaoStock query_stock_industry,observation,medium
MEMBERSHIP_e99bdf1660bfc0522fdf,CNINFO_ORG_9900029948,INDUSTRY_fcb657f75803ca816490,2026-08-10,,2026-08-16T13:48:42+00:00,BaoStock query_stock_industry,observation,medium
MEMBERSHIP_7133b6231a9ec69d587f,CNINFO_ORG_9900024451,INDUSTRY_fcb657f75803ca816490,2026-08-10,,2026-08-16T13:48:42+00:00,BaoStock query_stock_industry,observation,medium
MEMBERSHIP_bd5ff508c9f1fe57fc8c,CNINFO_ORG_9900029950,INDUSTRY_e7fb954d2ab5bf5bc733,2026-08-10,,2026-08-16T13:48:42+00:00,BaoStock query_stock_industry,observation,medium
MEMBERSHIP_6c350711ea321c46ce6f,CNINFO_ORG_9900030082,INDUSTRY_90d9ee5bdc1ee446fff0,2026-08-10,,2026-08-16T13:48:42+00:00,BaoStock query_stock_industry,observation,medium
MEMBERSHIP_067489d0ddf38894c248,CNINFO_ORG_GD064603,INDUSTRY_90d9ee5bdc1ee446fff0,2026-08-10,,2026-08-16T13:48:42+00:00,BaoStock query_stock_industry,observation,medium
MEMBERSHIP_85246874a2720a6f63de,CNINFO_ORG_9900030690,INDUSTRY_eb1bb5863556657a5ed0,2026-08-10,,2026-08-16T13:48:42+00:00,BaoStock query_stock_industry,observation,medium
MEMBERSHIP_c23b13303827d650b881,CNINFO_ORG_9900030869,INDUSTRY_eb1bb5863556657a5ed0,2026-08-10,,2026-08-16T13:48:42+00:00,BaoStock query_stock_industry,observation,medium
MEMBERSHIP_a97825ff0c02ef04f765,CNINFO_ORG_9900030791,INDUSTRY_e7fb954d2ab5bf5bc733,2026-08-10,,2026-08-16T13:48:42+00:00,BaoStock query_stock_industry,observation,medium
MEMBERSHIP_8fc983bd64608428b4b3,CNINFO_ORG_9900028850,INDUSTRY_af522b5025b7206d78cb,2026-08-10,,2026-08-16T13:48:42+00:00,BaoStock query_stock_industry,observation,medium
MEMBERSHIP_188ef23793b0697f8552,CNINFO_ORG_9900029555,INDUSTRY_b62fae243f391f69617b,2026-08-10,,2026-08-16T13:48:42+00:00,BaoStock query_stock_industry,observation,medium
MEMBERSHIP_3f76eba1ff0833a9fd56,CNINFO_ORG_9900023357,INDUSTRY_fcb657f75803ca816490,2026-08-10,,2026-08-16T13:48:42+00:00,BaoStock query_stock_industry,observation,medium
MEMBERSHIP_e73885bccd3d8e1f18c8,CNINFO_ORG_9900030788,INDUSTRY_ad86b4a2a3856ba2d571,2026-08-10,,2026-08-16T13:48:42+00:00,BaoStock query_stock_industry,observation,medium
MEMBERSHIP_a2af3932307e102d3c48,CNINFO_ORG_9900030831,INDUSTRY_90d9ee5bdc1ee446fff0,2026-08-10,,2026-08-16T13:48:42+00:00,BaoStock query_stock_industry,observation,medium
MEMBERSHIP_b5365ba606fb69dbfe86,CNINFO_ORG_9900030868,INDUSTRY_3e41c6b832b570c4f5d1,2026-08-10,,2026-08-16T13:48:42+00:00,BaoStock query_stock_industry,observation,medium
MEMBERSHIP_729a4f97bd9dfadf3b7a,CNINFO_ORG_9900030303,INDUSTRY_4fb51c32200208ed64a8,2026-08-10,,2026-08-16T13:48:42+00:00,BaoStock query_stock_industry,observation,medium
MEMBERSHIP_8058248599c866f78b86,CNINFO_ORG_DR0000190,INDUSTRY_b90e93f47f56746b9938,2026-08-10,,2026-08-16T13:48:42+00:00,BaoStock query_stock_industry,observation,medium
MEMBERSHIP_0c48c0d37ab075a80ab0,CNINFO_ORG_gfbj0871452,INDUSTRY_ad86b4a2a3856ba2d571,2026-08-10,,2026-08-16T13:48:42+00:00,BaoStock query_stock_industry,observation,medium
MEMBERSHIP_600b34ade089a4ba83cf,CNINFO_ORG_9900031027,INDUSTRY_3875d79da62b4dff67e8,2026-08-10,,2026-08-16T13:48:42+00:00,BaoStock query_stock_industry,observation,medium
MEMBERSHIP_ae8595f8efe3c9e5a3ce,CNINFO_ORG_9900027552,INDUSTRY_af522b5025b7206d78cb,2026-08-10,,2026-08-16T13:48:42+00:00,BaoStock query_stock_industry,observation,medium
MEMBERSHIP_459a4473e8007a825692,CNINFO_ORG_9900030085,INDUSTRY_fcb657f75803ca816490,2026-08-10,,2026-08-16T13:48:42+00:00,BaoStock query_stock_industry,observation,medium
MEMBERSHIP_1607a682acaa49cd10bf,CNINFO_ORG_9900029946,INDUSTRY_fcb657f75803ca816490,2026-08-10,,2026-08-16T13:48:42+00:00,BaoStock query_stock_industry,observation,medium
MEMBERSHIP_0903a1585b4f90a0e058,CNINFO_ORG_9900030881,INDUSTRY_b62fae243f391f69617b,2026-08-10,,2026-08-16T13:48:42+00:00,BaoStock query_stock_industry,observation,medium
MEMBERSHIP_ef4db855fdea248c588b,CNINFO_ORG_9900028849,INDUSTRY_ad86b4a2a3856ba2d571,2026-08-10,,2026-08-16T13:48:42+00:00,BaoStock query_stock_industry,observation,medium
MEMBERSHIP_583777a3ceb1aea19954,CNINFO_ORG_9900030794,INDUSTRY_eb1bb5863556657a5ed0,2026-08-10,,2026-08-16T13:48:42+00:00,BaoStock query_stock_industry,observation,medium
MEMBERSHIP_c17571130d0f313bc78c,CNINFO_ORG_9900030885,INDUSTRY_90d9ee5bdc1ee446fff0,2026-08-10,,2026-08-16T13:48:42+00:00,BaoStock query_stock_industry,observation,medium
MEMBERSHIP_a4a7ca8013acf275b0ee,CNINFO_ORG_9900031474,INDUSTRY_fcb657f75803ca816490,2026-08-10,,2026-08-16T13:48:42+00:00,BaoStock query_stock_industry,observation,medium
MEMBERSHIP_72268530cf525c040dfb,CNINFO_ORG_9900031824,INDUSTRY_3875d79da62b4dff67e8,2026-08-10,,2026-08-16T13:48:42+00:00,BaoStock query_stock_industry,observation,medium
MEMBERSHIP_e4635db1637ee2b47f7f,CNINFO_ORG_9900030876,INDUSTRY_fcb657f75803ca816490,2026-08-10,,2026-08-16T13:48:42+00:00,BaoStock query_stock_industry,observation,medium
MEMBERSHIP_56615e827695ed508b50,CNINFO_ORG_9900029918,INDUSTRY_7063d42ae24daea94a9c,2026-08-10,,2026-08-16T13:48:42+00:00,BaoStock query_stock_industry,observation,medium
MEMBERSHIP_f466efae5ec512bbe995,CNINFO_ORG_gfbj0831535,INDUSTRY_35fe091671cdb8d5f5e0,2026-08-10,,2026-08-16T13:48:42+00:00,BaoStock query_stock_industry,observation,medium
MEMBERSHIP_236d480d6e7ce8a996a1,CNINFO_ORG_9900030871,INDUSTRY_fcb657f75803ca816490,2026-08-10,,2026-08-16T13:48:42+00:00,BaoStock query_stock_industry,observation,medium
MEMBERSHIP_b5e06738e6cb8b35928c,CNINFO_ORG_9900031449,INDUSTRY_fcb657f75803ca816490,2026-08-10,,2026-08-16T13:48:42+00:00,BaoStock query_stock_industry,observation,medium
MEMBERSHIP_0c12a888a8e2216f3110,CNINFO_ORG_9900030880,INDUSTRY_af522b5025b7206d78cb,2026-08-10,,2026-08-16T13:48:42+00:00,BaoStock query_stock_industry,observation,medium
MEMBERSHIP_442ecf64906583cc1649,CNINFO_ORG_9900031448,INDUSTRY_e7fb954d2ab5bf5bc733,2026-08-10,,2026-08-16T13:48:42+00:00,BaoStock query_stock_industry,observation,medium
MEMBERSHIP_96556a49de2fb6cbe312,CNINFO_ORG_9900030792,INDUSTRY_91e10380fe1770769bdb,2026-08-10,,2026-08-16T13:48:42+00:00,BaoStock query_stock_industry,observation,medium
MEMBERSHIP_2509e102ad577f76bb6d,CNINFO_ORG_9900030832,INDUSTRY_fcb657f75803ca816490,2026-08-10,,2026-08-16T13:48:42+00:00,BaoStock query_stock_industry,observation,medium
MEMBERSHIP_ed0a9e0013930cccc4d7,CNINFO_ORG_gfbj0837679,INDUSTRY_ee9bbaf36a819df8934d,2026-08-10,,2026-08-16T13:48:42+00:00,BaoStock query_stock_industry,observation,medium
MEMBERSHIP_c9f8b10b3bbf47a3122a,CNINFO_ORG_9900029769,INDUSTRY_90d9ee5bdc1ee446fff0,2026-08-10,,2026-08-16T13:48:42+00:00,BaoStock query_stock_industry,observation,medium
MEMBERSHIP_bda9bdd62467d50607f0,CNINFO_ORG_9900030833,INDUSTRY_1ed3dfcfe2bd74cd71b3,2026-08-10,,2026-08-16T13:48:42+00:00,BaoStock query_stock_industry,observation,medium
MEMBERSHIP_11b59a0e74bd2d91957d,CNINFO_ORG_9900030442,INDUSTRY_b90e93f47f56746b9938,2026-08-10,,2026-08-16T13:48:42+00:00,BaoStock query_stock_industry,observation,medium
MEMBERSHIP_6716b79f8b6f52b3213b,CNINFO_ORG_9900030835,INDUSTRY_fc163d1647ca522ec4cd,2026-08-10,,2026-08-16T13:48:42+00:00,BaoStock query_stock_industry,observation,medium
MEMBERSHIP_57d514f61bc4f5c4c466,CNINFO_ORG_9900029917,INDUSTRY_3875d79da62b4dff67e8,2026-08-10,,2026-08-16T13:48:42+00:00,BaoStock query_stock_industry,observation,medium
MEMBERSHIP_edb8c2c7d58cec90f10c,CNINFO_ORG_9900031456,INDUSTRY_90d9ee5bdc1ee446fff0,2026-08-10,,2026-08-16T13:48:42+00:00,BaoStock query_stock_industry,observation,medium
MEMBERSHIP_bead08d226dd3575dda9,CNINFO_ORG_9900031435,INDUSTRY_1395c3d9f1fe1a080e75,2026-08-10,,2026-08-16T13:48:42+00:00,BaoStock query_stock_industry,observation,medium
MEMBERSHIP_2b5641bb0b29ec0ad4d1,CNINFO_ORG_9900031447,INDUSTRY_4fb51c32200208ed64a8,2026-08-10,,2026-08-16T13:48:42+00:00,BaoStock query_stock_industry,observation,medium
MEMBERSHIP_57a06aeafdb515612987,CNINFO_ORG_9900023919,INDUSTRY_90d9ee5bdc1ee446fff0,2026-08-10,,2026-08-16T13:48:42+00:00,BaoStock query_stock_industry,observation,medium
MEMBERSHIP_75e4b9c42d206a01151a,CNINFO_ORG_9900035179,INDUSTRY_fcb657f75803ca816490,2026-08-10,,2026-08-16T13:48:42+00:00,BaoStock query_stock_industry,observation,medium
MEMBERSHIP_8f6077138591aaafb150,CNINFO_ORG_9900031434,INDUSTRY_b90e93f47f56746b9938,2026-08-10,,2026-08-16T13:48:42+00:00,BaoStock query_stock_industry,observation,medium
MEMBERSHIP_a5918254d8c52b0d270d,CNINFO_ORG_9900031452,INDUSTRY_b90e93f47f56746b9938,2026-08-10,,2026-08-16T13:48:42+00:00,BaoStock query_stock_industry,observation,medium
MEMBERSHIP_2ef1bcba06ac5ee97863,CNINFO_ORG_9900031443,INDUSTRY_90d9ee5bdc1ee446fff0,2026-08-10,,2026-08-16T13:48:42+00:00,BaoStock query_stock_industry,observation,medium
MEMBERSHIP_61e1f9c509dc2899ab0b,CNINFO_ORG_9900031465,INDUSTRY_90d9ee5bdc1ee446fff0,2026-08-10,,2026-08-16T13:48:42+00:00,BaoStock query_stock_industry,observation,medium
MEMBERSHIP_75ba4a67e7da911cc5e9,CNINFO_ORG_DR0000209,INDUSTRY_90d9ee5bdc1ee446fff0,2026-08-10,,2026-08-16T13:48:42+00:00,BaoStock query_stock_industry,observation,medium
MEMBERSHIP_1b0fcb8274b46c77d26e,CNINFO_ORG_9900029008,INDUSTRY_3875d79da62b4dff67e8,2026-08-10,,2026-08-16T13:48:42+00:00,BaoStock query_stock_industry,observation,medium
MEMBERSHIP_21a465a8c0a081aa8c58,CNINFO_ORG_gfbj0430568,INDUSTRY_b90e93f47f56746b9938,2026-08-10,,2026-08-16T13:48:42+00:00,BaoStock query_stock_industry,observation,medium
MEMBERSHIP_c4e63b96ccdda4af03f4,CNINFO_ORG_9900031464,INDUSTRY_3875d79da62b4dff67e8,2026-08-10,,2026-08-16T13:48:42+00:00,BaoStock query_stock_industry,observation,medium
MEMBERSHIP_f1ae6550317e28bd7b0c,CNINFO_ORG_GD126425,INDUSTRY_fcb657f75803ca816490,2026-08-10,,2026-08-16T13:48:42+00:00,BaoStock query_stock_industry,observation,medium
MEMBERSHIP_70bd6f090258427d4561,CNINFO_ORG_9900031476,INDUSTRY_731992a46c7dd8525c17,2026-08-10,,2026-08-16T13:48:42+00:00,BaoStock query_stock_industry,observation,medium
MEMBERSHIP_920bd0f33530fdd7b343,CNINFO_ORG_9900031460,INDUSTRY_eb1bb5863556657a5ed0,2026-08-10,,2026-08-16T13:48:42+00:00,BaoStock query_stock_industry,observation,medium
MEMBERSHIP_7494b712ab3fb627c79d,CNINFO_ORG_9900031475,INDUSTRY_af522b5025b7206d78cb,2026-08-10,,2026-08-16T13:48:42+00:00,BaoStock query_stock_industry,observation,medium
MEMBERSHIP_46c1092ccf809a6c25ef,CNINFO_ORG_9900030866,INDUSTRY_90d9ee5bdc1ee446fff0,2026-08-10,,2026-08-16T13:48:42+00:00,BaoStock query_stock_industry,observation,medium
MEMBERSHIP_efbb19a99c50360dfdca,CNINFO_ORG_9900030883,INDUSTRY_eb1bb5863556657a5ed0,2026-08-10,,2026-08-16T13:48:42+00:00,BaoStock query_stock_industry,observation,medium
MEMBERSHIP_2571d5b907a1116c8c8e,CNINFO_ORG_9900032563,INDUSTRY_4b6bcfe2a650f11508e5,2026-08-10,,2026-08-16T13:48:42+00:00,BaoStock query_stock_industry,observation,medium
MEMBERSHIP_e8aecb37aad08de26ec1,CNINFO_ORG_9900031823,INDUSTRY_af522b5025b7206d78cb,2026-08-10,,2026-08-16T13:48:42+00:00,BaoStock query_stock_industry,observation,medium
MEMBERSHIP_28f28a8bc45bc0d88356,CNINFO_ORG_9900031825,INDUSTRY_eb1bb5863556657a5ed0,2026-08-10,,2026-08-16T13:48:42+00:00,BaoStock query_stock_industry,observation,medium
MEMBERSHIP_ce67b33427bbe13b9559,CNINFO_ORG_9900031735,INDUSTRY_e7fb954d2ab5bf5bc733,2026-08-10,,2026-08-16T13:48:42+00:00,BaoStock query_stock_industry,observation,medium
MEMBERSHIP_5f26219e9ee0617e0fc4,CNINFO_ORG_9900023088,INDUSTRY_b62fae243f391f69617b,2026-08-10,,2026-08-16T13:48:42+00:00,BaoStock query_stock_industry,observation,medium
MEMBERSHIP_194dec3559e8d2cd1687,CNINFO_ORG_9900030870,INDUSTRY_fcb657f75803ca816490,2026-08-10,,2026-08-16T13:48:42+00:00,BaoStock query_stock_industry,observation,medium
MEMBERSHIP_7ecd107061de687b03f2,CNINFO_ORG_9900030527,INDUSTRY_90d9ee5bdc1ee446fff0,2026-08-10,,2026-08-16T13:48:42+00:00,BaoStock query_stock_industry,observation,medium
MEMBERSHIP_a4d396fca04d32876bce,CNINFO_ORG_9900031704,INDUSTRY_3875d79da62b4dff67e8,2026-08-10,,2026-08-16T13:48:42+00:00,BaoStock query_stock_industry,observation,medium
MEMBERSHIP_0de70d3a99497236afdc,CNINFO_ORG_9900023811,INDUSTRY_731992a46c7dd8525c17,2026-08-10,,2026-08-16T13:48:42+00:00,BaoStock query_stock_industry,observation,medium
MEMBERSHIP_8212508ccdd97d39b818,CNINFO_ORG_9900031733,INDUSTRY_8c865bedc2ef9574d2e5,2026-08-10,,2026-08-16T13:48:42+00:00,BaoStock query_stock_industry,observation,medium
MEMBERSHIP_81f82da94eb09b5c0bc6,CNINFO_ORG_9900031827,INDUSTRY_4b6bcfe2a650f11508e5,2026-08-10,,2026-08-16T13:48:42+00:00,BaoStock query_stock_industry,observation,medium
MEMBERSHIP_e19709068bebbc05742e,CNINFO_ORG_9900031705,INDUSTRY_e7fb954d2ab5bf5bc733,2026-08-10,,2026-08-16T13:48:42+00:00,BaoStock query_stock_industry,observation,medium
MEMBERSHIP_e8c990392c5aab1f4faa,CNINFO_ORG_9900031779,INDUSTRY_3875d79da62b4dff67e8,2026-08-10,,2026-08-16T13:48:42+00:00,BaoStock query_stock_industry,observation,medium
MEMBERSHIP_c35d5d7d767737998f41,CNINFO_ORG_gfbj0833456,INDUSTRY_979f61913dc6006fe56d,2026-08-10,,2026-08-16T13:48:42+00:00,BaoStock query_stock_industry,observation,medium
MEMBERSHIP_faacb7454c3e826bbcb2,CNINFO_ORG_9900031917,INDUSTRY_af522b5025b7206d78cb,2026-08-10,,2026-08-16T13:48:42+00:00,BaoStock query_stock_industry,observation,medium
MEMBERSHIP_0fa8244560cf28639124,CNINFO_ORG_9900032174,INDUSTRY_90d9ee5bdc1ee446fff0,2026-08-10,,2026-08-16T13:48:42+00:00,BaoStock query_stock_industry,observation,medium
MEMBERSHIP_fe1f0e0777c183fde49a,CNINFO_ORG_9900029434,INDUSTRY_90d9ee5bdc1ee446fff0,2026-08-10,,2026-08-16T13:48:42+00:00,BaoStock query_stock_industry,observation,medium
MEMBERSHIP_68af051f7115ccf9fad1,CNINFO_ORG_9900031833,INDUSTRY_a971ce8c4913016d33d1,2026-08-10,,2026-08-16T13:48:42+00:00,BaoStock query_stock_industry,observation,medium
MEMBERSHIP_69e8f810c0917fe52c80,CNINFO_ORG_9900030526,INDUSTRY_fcb657f75803ca816490,2026-08-10,,2026-08-16T13:48:42+00:00,BaoStock query_stock_industry,observation,medium
MEMBERSHIP_f609a2bfe823b93c2aaa,CNINFO_ORG_9900031916,INDUSTRY_b90e93f47f56746b9938,2026-08-10,,2026-08-16T13:48:42+00:00,BaoStock query_stock_industry,observation,medium
MEMBERSHIP_d6f0be1b1d73f70674ae,CNINFO_ORG_9900024859,INDUSTRY_90d9ee5bdc1ee446fff0,2026-08-10,,2026-08-16T13:48:42+00:00,BaoStock query_stock_industry,observation,medium
MEMBERSHIP_90bdc3674919f02d86bd,CNINFO_ORG_9900031462,INDUSTRY_91e10380fe1770769bdb,2026-08-10,,2026-08-16T13:48:42+00:00,BaoStock query_stock_industry,observation,medium
MEMBERSHIP_a137ac9a08c0d3e12eff,CNINFO_ORG_9900031461,INDUSTRY_fcb657f75803ca816490,2026-08-10,,2026-08-16T13:48:42+00:00,BaoStock query_stock_industry,observation,medium
MEMBERSHIP_1a8295a55ed5a636c946,CNINFO_ORG_9900026534,INDUSTRY_ee9bbaf36a819df8934d,2026-08-10,,2026-08-16T13:48:42+00:00,BaoStock query_stock_industry,observation,medium
MEMBERSHIP_d6c16e74944bbf72941e,CNINFO_ORG_9900026453,INDUSTRY_af522b5025b7206d78cb,2026-08-10,,2026-08-16T13:48:42+00:00,BaoStock query_stock_industry,observation,medium
MEMBERSHIP_3e4f71149c234678c8c7,CNINFO_ORG_9900031914,INDUSTRY_90d9ee5bdc1ee446fff0,2026-08-10,,2026-08-16T13:48:42+00:00,BaoStock query_stock_industry,observation,medium
MEMBERSHIP_61d21d12a1e076ffc4f4,CNINFO_ORG_9900031919,INDUSTRY_735889820fa0518be404,2026-08-10,,2026-08-16T13:48:42+00:00,BaoStock query_stock_industry,observation,medium
MEMBERSHIP_d6c9565b85b13559bca2,CNINFO_ORG_9900032805,INDUSTRY_91e10380fe1770769bdb,2026-08-10,,2026-08-16T13:48:42+00:00,BaoStock query_stock_industry,observation,medium
MEMBERSHIP_3a7136cb45f9043f9508,CNINFO_ORG_9900032803,INDUSTRY_35fe091671cdb8d5f5e0,2026-08-10,,2026-08-16T13:48:42+00:00,BaoStock query_stock_industry,observation,medium
MEMBERSHIP_b8c1d90c491961e8c1b3,CNINFO_ORG_9900031478,INDUSTRY_b90e93f47f56746b9938,2026-08-10,,2026-08-16T13:48:42+00:00,BaoStock query_stock_industry,observation,medium
MEMBERSHIP_12ebbd3f65b3b8542a6a,CNINFO_ORG_9900032359,INDUSTRY_fcb657f75803ca816490,2026-08-10,,2026-08-16T13:48:42+00:00,BaoStock query_stock_industry,observation,medium
MEMBERSHIP_f871794e286fb50ac872,CNINFO_ORG_9900032800,INDUSTRY_90d9ee5bdc1ee446fff0,2026-08-10,,2026-08-16T13:48:42+00:00,BaoStock query_stock_industry,observation,medium
MEMBERSHIP_85570ff6a077c5259b84,CNINFO_ORG_gfbj0832362,INDUSTRY_06f2dd83830b4e6e7446,2026-08-10,,2026-08-16T13:48:42+00:00,BaoStock query_stock_industry,observation,medium
MEMBERSHIP_209521aeac7b311ccc2d,CNINFO_ORG_9900034352,INDUSTRY_fcb657f75803ca816490,2026-08-10,,2026-08-16T13:48:42+00:00,BaoStock query_stock_industry,observation,medium
MEMBERSHIP_e47dd2117bc39db5dc79,CNINFO_ORG_9900030873,INDUSTRY_731992a46c7dd8525c17,2026-08-10,,2026-08-16T13:48:42+00:00,BaoStock query_stock_industry,observation,medium
MEMBERSHIP_e889946b3d18da7a88de,CNINFO_ORG_9900031781,INDUSTRY_731992a46c7dd8525c17,2026-08-10,,2026-08-16T13:48:42+00:00,BaoStock query_stock_industry,observation,medium
MEMBERSHIP_4014c077cf95fcfe1a9c,CNINFO_ORG_9900032727,INDUSTRY_b62fae243f391f69617b,2026-08-10,,2026-08-16T13:48:42+00:00,BaoStock query_stock_industry,observation,medium
MEMBERSHIP_6502481e5586407881c2,CNINFO_ORG_9900030367,INDUSTRY_fcb657f75803ca816490,2026-08-10,,2026-08-16T13:48:42+00:00,BaoStock query_stock_industry,observation,medium
MEMBERSHIP_c82e7fc8ae40d328ccc7,CNINFO_ORG_9900032991,INDUSTRY_90d9ee5bdc1ee446fff0,2026-08-10,,2026-08-16T13:48:42+00:00,BaoStock query_stock_industry,observation,medium
MEMBERSHIP_d3c69bc711a5568e6048,CNINFO_ORG_9900031828,INDUSTRY_e7fb954d2ab5bf5bc733,2026-08-10,,2026-08-16T13:48:42+00:00,BaoStock query_stock_industry,observation,medium
MEMBERSHIP_a15a11b3716b7731a883,CNINFO_ORG_9900032601,INDUSTRY_e7fb954d2ab5bf5bc733,2026-08-10,,2026-08-16T13:48:42+00:00,BaoStock query_stock_industry,observation,medium
MEMBERSHIP_d20f63c28bbacbdda223,CNINFO_ORG_9900029863,INDUSTRY_fcb657f75803ca816490,2026-08-10,,2026-08-16T13:48:42+00:00,BaoStock query_stock_industry,observation,medium
MEMBERSHIP_e8e64df9ecc5cf418979,CNINFO_ORG_9900032998,INDUSTRY_eb1bb5863556657a5ed0,2026-08-10,,2026-08-16T13:48:42+00:00,BaoStock query_stock_industry,observation,medium
MEMBERSHIP_b4c93482fc8f21fd7b2a,CNINFO_ORG_9900030081,INDUSTRY_90d9ee5bdc1ee446fff0,2026-08-10,,2026-08-16T13:48:42+00:00,BaoStock query_stock_industry,observation,medium
MEMBERSHIP_5237fa91e4cd412f8c7c,CNINFO_ORG_9900031703,INDUSTRY_eb1bb5863556657a5ed0,2026-08-10,,2026-08-16T13:48:42+00:00,BaoStock query_stock_industry,observation,medium
MEMBERSHIP_30855175f0bd9a42e573,CNINFO_ORG_9900029630,INDUSTRY_90d9ee5bdc1ee446fff0,2026-08-10,,2026-08-16T13:48:42+00:00,BaoStock query_stock_industry,observation,medium
MEMBERSHIP_dc4bf0fc1705087722c1,CNINFO_ORG_9900032994,INDUSTRY_fcb657f75803ca816490,2026-08-10,,2026-08-16T13:48:42+00:00,BaoStock query_stock_industry,observation,medium
MEMBERSHIP_b2f608ceef6b89d12f4f,CNINFO_ORG_9900032726,INDUSTRY_91e10380fe1770769bdb,2026-08-10,,2026-08-16T13:48:42+00:00,BaoStock query_stock_industry,observation,medium
MEMBERSHIP_ff9d19c7916d4b29bea0,CNINFO_ORG_9900033056,INDUSTRY_90d9ee5bdc1ee446fff0,2026-08-10,,2026-08-16T13:48:42+00:00,BaoStock query_stock_industry,observation,medium
MEMBERSHIP_387f4517bfc1bdb1b518,CNINFO_ORG_9900031822,INDUSTRY_7063d42ae24daea94a9c,2026-08-10,,2026-08-16T13:48:42+00:00,BaoStock query_stock_industry,observation,medium
MEMBERSHIP_3dec97d44f4584fcd0bb,CNINFO_ORG_9900032804,INDUSTRY_90d9ee5bdc1ee446fff0,2026-08-10,,2026-08-16T13:48:42+00:00,BaoStock query_stock_industry,observation,medium
MEMBERSHIP_3b3f0cf84dfb5c97cc54,CNINFO_ORG_9900033180,INDUSTRY_ee9bbaf36a819df8934d,2026-08-10,,2026-08-16T13:48:42+00:00,BaoStock query_stock_industry,observation,medium
MEMBERSHIP_5d5f9f82252b2ecb70ae,CNINFO_ORG_9900032564,INDUSTRY_b90e93f47f56746b9938,2026-08-10,,2026-08-16T13:48:42+00:00,BaoStock query_stock_industry,observation,medium
MEMBERSHIP_8a0c95a8a41fada285a5,CNINFO_ORG_9900035547,INDUSTRY_e7fb954d2ab5bf5bc733,2026-08-10,,2026-08-16T13:48:42+00:00,BaoStock query_stock_industry,observation,medium
MEMBERSHIP_b03f5628c5a9c3cc543b,CNINFO_ORG_9900031469,INDUSTRY_e7fb954d2ab5bf5bc733,2026-08-10,,2026-08-16T13:48:42+00:00,BaoStock query_stock_industry,observation,medium
MEMBERSHIP_d2f2218b2bc6643d1a23,CNINFO_ORG_9900033185,INDUSTRY_ad86b4a2a3856ba2d571,2026-08-10,,2026-08-16T13:48:42+00:00,BaoStock query_stock_industry,observation,medium
MEMBERSHIP_6098dbbcfc9513de8c5d,CNINFO_ORG_9900033206,INDUSTRY_fc163d1647ca522ec4cd,2026-08-10,,2026-08-16T13:48:42+00:00,BaoStock query_stock_industry,observation,medium
MEMBERSHIP_436353b81b13750a5076,CNINFO_ORG_gfbj0834864,INDUSTRY_90d9ee5bdc1ee446fff0,2026-08-10,,2026-08-16T13:48:42+00:00,BaoStock query_stock_industry,observation,medium
MEMBERSHIP_24d29c8cbbc62162fdab,CNINFO_ORG_9900031472,INDUSTRY_c6634e4fb00885448aae,2026-08-10,,2026-08-16T13:48:42+00:00,BaoStock query_stock_industry,observation,medium
MEMBERSHIP_679258b295677a0890df,CNINFO_ORG_9900031612,INDUSTRY_7063d42ae24daea94a9c,2026-08-10,,2026-08-16T13:48:42+00:00,BaoStock query_stock_industry,observation,medium
MEMBERSHIP_832c102eb8f38342bc21,CNINFO_ORG_9900031466,INDUSTRY_90d9ee5bdc1ee446fff0,2026-08-10,,2026-08-16T13:48:42+00:00,BaoStock query_stock_industry,observation,medium
MEMBERSHIP_550264e2ebd461440319,CNINFO_ORG_9900026797,INDUSTRY_eb1bb5863556657a5ed0,2026-08-10,,2026-08-16T13:48:42+00:00,BaoStock query_stock_industry,observation,medium
MEMBERSHIP_22f089e445e21041fa29,CNINFO_ORG_9900031820,INDUSTRY_4b6bcfe2a650f11508e5,2026-08-10,,2026-08-16T13:48:42+00:00,BaoStock query_stock_industry,observation,medium
MEMBERSHIP_c7852ac7b01cb7b23ecd,CNINFO_ORG_gfbj0832933,INDUSTRY_eb1bb5863556657a5ed0,2026-08-10,,2026-08-16T13:48:42+00:00,BaoStock query_stock_industry,observation,medium
MEMBERSHIP_97de1c3ad6f91c613d1a,CNINFO_ORG_9900032566,INDUSTRY_90d9ee5bdc1ee446fff0,2026-08-10,,2026-08-16T13:48:42+00:00,BaoStock query_stock_industry,observation,medium
MEMBERSHIP_1100fe6b2c67cba3c6aa,CNINFO_ORG_9900034072,INDUSTRY_3875d79da62b4dff67e8,2026-08-10,,2026-08-16T13:48:42+00:00,BaoStock query_stock_industry,observation,medium
MEMBERSHIP_791aa788dd03f4e61129,CNINFO_ORG_9900031433,INDUSTRY_90d9ee5bdc1ee446fff0,2026-08-10,,2026-08-16T13:48:42+00:00,BaoStock query_stock_industry,observation,medium
MEMBERSHIP_888852fee06477b4f334,CNINFO_ORG_9900033200,INDUSTRY_90d9ee5bdc1ee446fff0,2026-08-10,,2026-08-16T13:48:42+00:00,BaoStock query_stock_industry,observation,medium
MEMBERSHIP_fa8b2558a61266d435aa,CNINFO_ORG_gfbj0834108,INDUSTRY_90d9ee5bdc1ee446fff0,2026-08-10,,2026-08-16T13:48:42+00:00,BaoStock query_stock_industry,observation,medium
MEMBERSHIP_85108194855726eea762,CNINFO_ORG_9900034451,INDUSTRY_90d9ee5bdc1ee446fff0,2026-08-10,,2026-08-16T13:48:42+00:00,BaoStock query_stock_industry,observation,medium
MEMBERSHIP_4ef55fe267c2a510a005,CNINFO_ORG_9900032779,INDUSTRY_17cf2674a1f785e3272e,2026-08-10,,2026-08-16T13:48:42+00:00,BaoStock query_stock_industry,observation,medium
MEMBERSHIP_07487a2212825f9d0422,CNINFO_ORG_9900033220,INDUSTRY_b90e93f47f56746b9938,2026-08-10,,2026-08-16T13:48:42+00:00,BaoStock query_stock_industry,observation,medium
MEMBERSHIP_cc89dcecba69c05e83a9,CNINFO_ORG_gfbj0831517,INDUSTRY_7063d42ae24daea94a9c,2026-08-10,,2026-08-16T13:48:42+00:00,BaoStock query_stock_industry,observation,medium
MEMBERSHIP_5c6db15dfc5474ca820e,CNINFO_ORG_9900034391,INDUSTRY_b62fae243f391f69617b,2026-08-10,,2026-08-16T13:48:42+00:00,BaoStock query_stock_industry,observation,medium
MEMBERSHIP_2722e48d5e01f442822b,CNINFO_ORG_9900033198,INDUSTRY_b62fae243f391f69617b,2026-08-10,,2026-08-16T13:48:42+00:00,BaoStock query_stock_industry,observation,medium
MEMBERSHIP_c67147a70944b17465eb,CNINFO_ORG_9900023668,INDUSTRY_35fe091671cdb8d5f5e0,2026-08-10,,2026-08-16T13:48:42+00:00,BaoStock query_stock_industry,observation,medium
MEMBERSHIP_8874747819c8773d1f19,CNINFO_ORG_9900033855,INDUSTRY_ad86b4a2a3856ba2d571,2026-08-10,,2026-08-16T13:48:42+00:00,BaoStock query_stock_industry,observation,medium
MEMBERSHIP_ab7bf143dcd749715d69,CNINFO_ORG_9900033188,INDUSTRY_735889820fa0518be404,2026-08-10,,2026-08-16T13:48:42+00:00,BaoStock query_stock_industry,observation,medium
MEMBERSHIP_6e6c99eed81ed5e83799,CNINFO_ORG_gfbj0831103,INDUSTRY_af522b5025b7206d78cb,2026-08-10,,2026-08-16T13:48:42+00:00,BaoStock query_stock_industry,observation,medium
MEMBERSHIP_3889521526654615ae04,CNINFO_ORG_9900034643,INDUSTRY_6dac68c9cedde793b110,2026-08-10,,2026-08-16T13:48:42+00:00,BaoStock query_stock_industry,observation,medium
MEMBERSHIP_3a9cdfb26c44db867bda,CNINFO_ORG_9900033062,INDUSTRY_eb1bb5863556657a5ed0,2026-08-10,,2026-08-16T13:48:42+00:00,BaoStock query_stock_industry,observation,medium
MEMBERSHIP_83fa2dd8f8c724bafdbe,CNINFO_ORG_9900033073,INDUSTRY_3875d79da62b4dff67e8,2026-08-10,,2026-08-16T13:48:42+00:00,BaoStock query_stock_industry,observation,medium
MEMBERSHIP_07411f08000d28136a44,CNINFO_ORG_gfbj0837311,INDUSTRY_f07066d9ed35c8253165,2026-08-10,,2026-08-16T13:48:42+00:00,BaoStock query_stock_industry,observation,medium
MEMBERSHIP_03cd32b976591c13ce75,CNINFO_ORG_9900034073,INDUSTRY_90d9ee5bdc1ee446fff0,2026-08-10,,2026-08-16T13:48:42+00:00,BaoStock query_stock_industry,observation,medium
MEMBERSHIP_0a6ef2432da800ea10c0,CNINFO_ORG_9900034446,INDUSTRY_af522b5025b7206d78cb,2026-08-10,,2026-08-16T13:48:42+00:00,BaoStock query_stock_industry,observation,medium
MEMBERSHIP_6ace988ce0faa7529ade,CNINFO_ORG_9900034350,INDUSTRY_1ed3dfcfe2bd74cd71b3,2026-08-10,,2026-08-16T13:48:42+00:00,BaoStock query_stock_industry,observation,medium
MEMBERSHIP_10686c46b7c0c50002ab,CNINFO_ORG_9900033196,INDUSTRY_fcb657f75803ca816490,2026-08-10,,2026-08-16T13:48:42+00:00,BaoStock query_stock_industry,observation,medium
MEMBERSHIP_534d72a85be1a00b1261,CNINFO_ORG_9900034452,INDUSTRY_b62fae243f391f69617b,2026-08-10,,2026-08-16T13:48:42+00:00,BaoStock query_stock_industry,observation,medium
MEMBERSHIP_dfc25a18683c997cbfa6,CNINFO_ORG_GD120420,INDUSTRY_731992a46c7dd8525c17,2026-08-10,,2026-08-16T13:48:42+00:00,BaoStock query_stock_industry,observation,medium
MEMBERSHIP_53832443b216e2f5ce04,CNINFO_ORG_9900034561,INDUSTRY_e7fb954d2ab5bf5bc733,2026-08-10,,2026-08-16T13:48:42+00:00,BaoStock query_stock_industry,observation,medium
MEMBERSHIP_fe1ec15dc16bd678f734,CNINFO_ORG_9900034588,INDUSTRY_90d9ee5bdc1ee446fff0,2026-08-10,,2026-08-16T13:48:42+00:00,BaoStock query_stock_industry,observation,medium
MEMBERSHIP_3c758a00853127a903ab,CNINFO_ORG_gfbj0831008,INDUSTRY_8576cdebb649261b5de7,2026-08-10,,2026-08-16T13:48:42+00:00,BaoStock query_stock_industry,observation,medium
MEMBERSHIP_6f93c204834d1a9571c4,CNINFO_ORG_gfbj0833761,INDUSTRY_7063d42ae24daea94a9c,2026-08-10,,2026-08-16T13:48:42+00:00,BaoStock query_stock_industry,observation,medium
MEMBERSHIP_49a38f54b05be4119887,CNINFO_ORG_gfbj0832745,INDUSTRY_fcb657f75803ca816490,2026-08-10,,2026-08-16T13:48:42+00:00,BaoStock query_stock_industry,observation,medium
MEMBERSHIP_d368ecd4b11bd35ec2ee,CNINFO_ORG_9900035314,INDUSTRY_90d9ee5bdc1ee446fff0,2026-08-10,,2026-08-16T13:48:42+00:00,BaoStock query_stock_industry,observation,medium
MEMBERSHIP_b6466100130360e65759,CNINFO_ORG_9900035088,INDUSTRY_af522b5025b7206d78cb,2026-08-10,,2026-08-16T13:48:42+00:00,BaoStock query_stock_industry,observation,medium
MEMBERSHIP_c70f2ee963f5d4c7fdb6,CNINFO_ORG_GD165419,INDUSTRY_af522b5025b7206d78cb,2026-08-10,,2026-08-16T13:48:42+00:00,BaoStock query_stock_industry,observation,medium
MEMBERSHIP_438a6e04921ddd9b81f6,CNINFO_ORG_GD084309,INDUSTRY_90d9ee5bdc1ee446fff0,2026-08-10,,2026-08-16T13:48:42+00:00,BaoStock query_stock_industry,observation,medium
MEMBERSHIP_53ecdb303edc4c64876d,CNINFO_ORG_9900035086,INDUSTRY_e7fb954d2ab5bf5bc733,2026-08-10,,2026-08-16T13:48:42+00:00,BaoStock query_stock_industry,observation,medium
MEMBERSHIP_d8a5ac67d40c5a08c34b,CNINFO_ORG_9900023232,INDUSTRY_731992a46c7dd8525c17,2026-08-10,,2026-08-16T13:48:42+00:00,BaoStock query_stock_industry,observation,medium
MEMBERSHIP_87169e73ee47fe339e31,CNINFO_ORG_9900035528,INDUSTRY_90d9ee5bdc1ee446fff0,2026-08-10,,2026-08-16T13:48:42+00:00,BaoStock query_stock_industry,observation,medium
MEMBERSHIP_63853a89ca15131e848a,CNINFO_ORG_gfbj0835009,INDUSTRY_7063d42ae24daea94a9c,2026-08-10,,2026-08-16T13:48:42+00:00,BaoStock query_stock_industry,observation,medium
MEMBERSHIP_bffd847d42fd1aa99e19,CNINFO_ORG_9900023767,INDUSTRY_1ed3dfcfe2bd74cd71b3,2026-08-10,,2026-08-16T13:48:42+00:00,BaoStock query_stock_industry,observation,medium
MEMBERSHIP_701e84adf409b3b0eb44,CNINFO_ORG_GD165627,INDUSTRY_b90e93f47f56746b9938,2026-08-10,,2026-08-16T13:48:42+00:00,BaoStock query_stock_industry,observation,medium
MEMBERSHIP_58472c76c8d17093b218,CNINFO_ORG_9900035516,INDUSTRY_3875d79da62b4dff67e8,2026-08-10,,2026-08-16T13:48:42+00:00,BaoStock query_stock_industry,observation,medium
MEMBERSHIP_3b390c5b86c8cb2691db,CNINFO_ORG_9900035316,INDUSTRY_90d9ee5bdc1ee446fff0,2026-08-10,,2026-08-16T13:48:42+00:00,BaoStock query_stock_industry,observation,medium
MEMBERSHIP_dbd9aa9f43defa4fced9,CNINFO_ORG_9900035550,INDUSTRY_3875d79da62b4dff67e8,2026-08-10,,2026-08-16T13:48:42+00:00,BaoStock query_stock_industry,observation,medium
MEMBERSHIP_f26fe856b6f2c49483c2,CNINFO_ORG_9900023954,INDUSTRY_8c865bedc2ef9574d2e5,2026-08-10,,2026-08-16T13:48:42+00:00,BaoStock query_stock_industry,observation,medium
MEMBERSHIP_164ccfdd53ea67434890,CNINFO_ORG_9900030662,INDUSTRY_4b6bcfe2a650f11508e5,2026-08-10,,2026-08-16T13:48:42+00:00,BaoStock query_stock_industry,observation,medium
MEMBERSHIP_b5bbb2e606f98508f686,CNINFO_ORG_9900035543,INDUSTRY_3875d79da62b4dff67e8,2026-08-10,,2026-08-16T13:48:42+00:00,BaoStock query_stock_industry,observation,medium
MEMBERSHIP_0eb2a384f0c3c8970b81,CNINFO_ORG_9900033406,INDUSTRY_af522b5025b7206d78cb,2026-08-10,,2026-08-16T13:48:42+00:00,BaoStock query_stock_industry,observation,medium
MEMBERSHIP_d8aeb620b72eb0a56338,CNINFO_ORG_9900035581,INDUSTRY_f07066d9ed35c8253165,2026-08-10,,2026-08-16T13:48:42+00:00,BaoStock query_stock_industry,observation,medium
MEMBERSHIP_644922ac2ed6ceee1c09,CNINFO_ORG_9900035304,INDUSTRY_3875d79da62b4dff67e8,2026-08-10,,2026-08-16T13:48:42+00:00,BaoStock query_stock_industry,observation,medium
MEMBERSHIP_2bd2d3a537c38b822368,CNINFO_ORG_9900032565,INDUSTRY_9b846d32ce44d8ac60c7,2026-08-10,,2026-08-16T13:48:42+00:00,BaoStock query_stock_industry,observation,medium
MEMBERSHIP_5ceaa59abf5ef223e58f,CNINFO_ORG_9900036064,INDUSTRY_90d9ee5bdc1ee446fff0,2026-08-10,,2026-08-16T13:48:42+00:00,BaoStock query_stock_industry,observation,medium
MEMBERSHIP_ce795695b58f955346fb,CNINFO_ORG_gfbj0835481,INDUSTRY_b90e93f47f56746b9938,2026-08-10,,2026-08-16T13:48:42+00:00,BaoStock query_stock_industry,observation,medium
MEMBERSHIP_54f3fcd553211887537d,CNINFO_ORG_9900036557,INDUSTRY_34765f16a5c28d382e0e,2026-08-10,,2026-08-16T13:48:42+00:00,BaoStock query_stock_industry,observation,medium
MEMBERSHIP_a3fc17cea29ff9fe8205,CNINFO_ORG_9900035968,INDUSTRY_9f7679f9ad900c7a65d2,2026-08-10,,2026-08-16T13:48:42+00:00,BaoStock query_stock_industry,observation,medium
MEMBERSHIP_748d60c7c158b2d513fe,CNINFO_ORG_9900031451,INDUSTRY_b62fae243f391f69617b,2026-08-10,,2026-08-16T13:48:42+00:00,BaoStock query_stock_industry,observation,medium
MEMBERSHIP_00e7db4fe5f5d89f57c1,CNINFO_ORG_9900035552,INDUSTRY_fcb657f75803ca816490,2026-08-10,,2026-08-16T13:48:42+00:00,BaoStock query_stock_industry,observation,medium
MEMBERSHIP_5f832d1542464e6269bb,CNINFO_ORG_9900033756,INDUSTRY_90d9ee5bdc1ee446fff0,2026-08-10,,2026-08-16T13:48:42+00:00,BaoStock query_stock_industry,observation,medium
MEMBERSHIP_c20a12e3d40ad2534577,CNINFO_ORG_9900036406,INDUSTRY_a1191d63decae1d34c73,2026-08-10,,2026-08-16T13:48:42+00:00,BaoStock query_stock_industry,observation,medium
MEMBERSHIP_9c32f343af02542d336a,CNINFO_ORG_9900035296,INDUSTRY_3875d79da62b4dff67e8,2026-08-10,,2026-08-16T13:48:42+00:00,BaoStock query_stock_industry,observation,medium
MEMBERSHIP_44c554f73c10590df6be,CNINFO_ORG_9900036169,INDUSTRY_35fe091671cdb8d5f5e0,2026-08-10,,2026-08-16T13:48:42+00:00,BaoStock query_stock_industry,observation,medium
MEMBERSHIP_c440877e1107a5114074,CNINFO_ORG_9900034778,INDUSTRY_fcb657f75803ca816490,2026-08-10,,2026-08-16T13:48:42+00:00,BaoStock query_stock_industry,observation,medium
MEMBERSHIP_b60b91ece777e4f94100,CNINFO_ORG_gfbj0835686,INDUSTRY_ee9bbaf36a819df8934d,2026-08-10,,2026-08-16T13:48:42+00:00,BaoStock query_stock_industry,observation,medium
MEMBERSHIP_9ec15ae3565555030ff1,CNINFO_ORG_gfbj0836582,INDUSTRY_ad86b4a2a3856ba2d571,2026-08-10,,2026-08-16T13:48:42+00:00,BaoStock query_stock_industry,observation,medium
MEMBERSHIP_094d3cba139e3a8f5e23,CNINFO_ORG_gfbj0835053,INDUSTRY_3875d79da62b4dff67e8,2026-08-10,,2026-08-16T13:48:42+00:00,BaoStock query_stock_industry,observation,medium
MEMBERSHIP_8ac86a0089d4a5e6170f,CNINFO_ORG_9900034129,INDUSTRY_c6634e4fb00885448aae,2026-08-10,,2026-08-16T13:48:42+00:00,BaoStock query_stock_industry,observation,medium
MEMBERSHIP_b78fbb700dff488b3cec,CNINFO_ORG_9900035997,INDUSTRY_731992a46c7dd8525c17,2026-08-10,,2026-08-16T13:48:42+00:00,BaoStock query_stock_industry,observation,medium
MEMBERSHIP_e91c36d7633f48bc80ca,CNINFO_ORG_9900036484,INDUSTRY_2c3b8b7969b736730fe1,2026-08-10,,2026-08-16T13:48:42+00:00,BaoStock query_stock_industry,observation,medium
MEMBERSHIP_686d5151fc93b83ae923,CNINFO_ORG_gfbj0834574,INDUSTRY_35fe091671cdb8d5f5e0,2026-08-10,,2026-08-16T13:48:42+00:00,BaoStock query_stock_industry,observation,medium
MEMBERSHIP_5eb76368b1ffcb76d9c3,CNINFO_ORG_9900034952,INDUSTRY_91e10380fe1770769bdb,2026-08-10,,2026-08-16T13:48:42+00:00,BaoStock query_stock_industry,observation,medium
MEMBERSHIP_f489bf77b7f4714c8647,CNINFO_ORG_9900036858,INDUSTRY_90d9ee5bdc1ee446fff0,2026-08-10,,2026-08-16T13:48:42+00:00,BaoStock query_stock_industry,observation,medium
MEMBERSHIP_7248e30183d33ded551c,CNINFO_ORG_9900035084,INDUSTRY_4fb51c32200208ed64a8,2026-08-10,,2026-08-16T13:48:42+00:00,BaoStock query_stock_industry,observation,medium
MEMBERSHIP_fb867c8dd74d00eedb5b,CNINFO_ORG_9900046491,INDUSTRY_b62fae243f391f69617b,2026-08-10,,2026-08-16T13:48:42+00:00,BaoStock query_stock_industry,observation,medium
MEMBERSHIP_32b4ccb84f0e48478a23,CNINFO_ORG_9900035077,INDUSTRY_9f7679f9ad900c7a65d2,2026-08-10,,2026-08-16T13:48:42+00:00,BaoStock query_stock_industry,observation,medium
MEMBERSHIP_fc5854bdaeebe70ee1b8,CNINFO_ORG_9900023921,INDUSTRY_3875d79da62b4dff67e8,2026-08-10,,2026-08-16T13:48:42+00:00,BaoStock query_stock_industry,observation,medium
MEMBERSHIP_7168669a61cd876cb2dd,CNINFO_ORG_9900030659,INDUSTRY_90d9ee5bdc1ee446fff0,2026-08-10,,2026-08-16T13:48:42+00:00,BaoStock query_stock_industry,observation,medium
MEMBERSHIP_597a53347c6fe2029106,CNINFO_ORG_gfbj0834291,INDUSTRY_979f61913dc6006fe56d,2026-08-10,,2026-08-16T13:48:42+00:00,BaoStock query_stock_industry,observation,medium
MEMBERSHIP_2629a068f14fac056f8f,CNINFO_ORG_9900036234,INDUSTRY_fcb657f75803ca816490,2026-08-10,,2026-08-16T13:48:42+00:00,BaoStock query_stock_industry,observation,medium
MEMBERSHIP_a0dff29aa4f412853404,CNINFO_ORG_9900037092,INDUSTRY_90d9ee5bdc1ee446fff0,2026-08-10,,2026-08-16T13:48:42+00:00,BaoStock query_stock_industry,observation,medium
MEMBERSHIP_a7bdfab190f352542ec1,CNINFO_ORG_9900032360,INDUSTRY_34765f16a5c28d382e0e,2026-08-10,,2026-08-16T13:48:42+00:00,BaoStock query_stock_industry,observation,medium
MEMBERSHIP_f5ada80b2f49e0ac20a2,CNINFO_ORG_gfbj0838942,INDUSTRY_9f7679f9ad900c7a65d2,2026-08-10,,2026-08-16T13:48:42+00:00,BaoStock query_stock_industry,observation,medium
MEMBERSHIP_1e88a9856e1d7da9c295,CNINFO_ORG_9900037230,INDUSTRY_90d9ee5bdc1ee446fff0,2026-08-10,,2026-08-16T13:48:42+00:00,BaoStock query_stock_industry,observation,medium
MEMBERSHIP_509d53b7c9ae9994dff9,CNINFO_ORG_gfbj0831822,INDUSTRY_91e10380fe1770769bdb,2026-08-10,,2026-08-16T13:48:42+00:00,BaoStock query_stock_industry,observation,medium
MEMBERSHIP_adfce6b34fb57f3bbea5,CNINFO_ORG_gfbj0837938,INDUSTRY_af522b5025b7206d78cb,2026-08-10,,2026-08-16T13:48:42+00:00,BaoStock query_stock_industry,observation,medium
MEMBERSHIP_9cd4e13f149d857b0fdb,CNINFO_ORG_9900037232,INDUSTRY_731992a46c7dd8525c17,2026-08-10,,2026-08-16T13:48:42+00:00,BaoStock query_stock_industry,observation,medium
MEMBERSHIP_c319a3559c7ec02288ff,CNINFO_ORG_9900036548,INDUSTRY_af522b5025b7206d78cb,2026-08-10,,2026-08-16T13:48:42+00:00,BaoStock query_stock_industry,observation,medium
MEMBERSHIP_3948849b743dc27ab5f6,CNINFO_ORG_9900023939,INDUSTRY_735889820fa0518be404,2026-08-10,,2026-08-16T13:48:42+00:00,BaoStock query_stock_industry,observation,medium
MEMBERSHIP_ad355bcd4e250d6a0fb7,CNINFO_ORG_9900031706,INDUSTRY_af522b5025b7206d78cb,2026-08-10,,2026-08-16T13:48:42+00:00,BaoStock query_stock_industry,observation,medium
MEMBERSHIP_431aa633cfe091d00e2d,CNINFO_ORG_9900037305,INDUSTRY_90d9ee5bdc1ee446fff0,2026-08-10,,2026-08-16T13:48:42+00:00,BaoStock query_stock_industry,observation,medium
MEMBERSHIP_5811478d1ce33a94310a,CNINFO_ORG_9900002141,INDUSTRY_7ee4f97d9c6b6c9f19de,2026-08-10,,2026-08-16T13:48:42+00:00,BaoStock query_stock_industry,observation,medium
MEMBERSHIP_3ceeeb4a8d9806d487b9,CNINFO_ORG_9900041419,INDUSTRY_af522b5025b7206d78cb,2026-08-10,,2026-08-16T13:48:42+00:00,BaoStock query_stock_industry,observation,medium
MEMBERSHIP_6d7c3efa577a8ad86991,CNINFO_ORG_9900037231,INDUSTRY_91e10380fe1770769bdb,2026-08-10,,2026-08-16T13:48:42+00:00,BaoStock query_stock_industry,observation,medium
MEMBERSHIP_620d2b8dc37f585b7585,CNINFO_ORG_9900024958,INDUSTRY_b62fae243f391f69617b,2026-08-10,,2026-08-16T13:48:42+00:00,BaoStock query_stock_industry,observation,medium
MEMBERSHIP_f9c2bb0d213df8bb7499,CNINFO_ORG_gfbj0831392,INDUSTRY_90d9ee5bdc1ee446fff0,2026-08-10,,2026-08-16T13:48:42+00:00,BaoStock query_stock_industry,observation,medium
MEMBERSHIP_35bd79a35aed290dd1fb,CNINFO_ORG_9900037306,INDUSTRY_b90e93f47f56746b9938,2026-08-10,,2026-08-16T13:48:42+00:00,BaoStock query_stock_industry,observation,medium
MEMBERSHIP_0a27bf218ea19cee0f9c,CNINFO_ORG_9900037667,INDUSTRY_35fe091671cdb8d5f5e0,2026-08-10,,2026-08-16T13:48:42+00:00,BaoStock query_stock_industry,observation,medium
MEMBERSHIP_28e7bc904f10831b2a45,CNINFO_ORG_9900035078,INDUSTRY_fcb657f75803ca816490,2026-08-10,,2026-08-16T13:48:42+00:00,BaoStock query_stock_industry,observation,medium
MEMBERSHIP_5dfa2cad86c3ea0b30a0,CNINFO_ORG_9900035740,INDUSTRY_90d9ee5bdc1ee446fff0,2026-08-10,,2026-08-16T13:48:42+00:00,BaoStock query_stock_industry,observation,medium
MEMBERSHIP_df45edbd55db471af9d2,CNINFO_ORG_9900037901,INDUSTRY_3875d79da62b4dff67e8,2026-08-10,,2026-08-16T13:48:42+00:00,BaoStock query_stock_industry,observation,medium
MEMBERSHIP_485a32b862f4a5439537,CNINFO_ORG_gfbj0833327,INDUSTRY_3875d79da62b4dff67e8,2026-08-10,,2026-08-16T13:48:42+00:00,BaoStock query_stock_industry,observation,medium
MEMBERSHIP_97eecd693b4aa83a4a53,CNINFO_ORG_nssc1000554,INDUSTRY_90d9ee5bdc1ee446fff0,2026-08-10,,2026-08-16T13:48:42+00:00,BaoStock query_stock_industry,observation,medium
MEMBERSHIP_bea7d2b154bcc03761d2,CNINFO_ORG_gfbj0837848,INDUSTRY_1233924bed568c1b168b,2026-08-10,,2026-08-16T13:48:42+00:00,BaoStock query_stock_industry,observation,medium
MEMBERSHIP_efd612b011f5c941c3e4,CNINFO_ORG_9900037749,INDUSTRY_ee9bbaf36a819df8934d,2026-08-10,,2026-08-16T13:48:42+00:00,BaoStock query_stock_industry,observation,medium
MEMBERSHIP_c1d6b501588ddc46c88d,CNINFO_ORG_9900023813,INDUSTRY_35fe091671cdb8d5f5e0,2026-08-10,,2026-08-16T13:48:42+00:00,BaoStock query_stock_industry,observation,medium
MEMBERSHIP_4ef9b7314b5c4bfda6ca,CNINFO_ORG_gfbj0834947,INDUSTRY_3875d79da62b4dff67e8,2026-08-10,,2026-08-16T13:48:42+00:00,BaoStock query_stock_industry,observation,medium
MEMBERSHIP_02931a53b1839d132050,CNINFO_ORG_9900037307,INDUSTRY_a971ce8c4913016d33d1,2026-08-10,,2026-08-16T13:48:42+00:00,BaoStock query_stock_industry,observation,medium
MEMBERSHIP_af98871237b3ced7abd5,CNINFO_ORG_9900022797,INDUSTRY_b90e93f47f56746b9938,2026-08-10,,2026-08-16T13:48:42+00:00,BaoStock query_stock_industry,observation,medium
MEMBERSHIP_d285a16f1ca158e444df,CNINFO_ORG_9900037902,INDUSTRY_af522b5025b7206d78cb,2026-08-10,,2026-08-16T13:48:42+00:00,BaoStock query_stock_industry,observation,medium
MEMBERSHIP_1c2ceb340d612af42fc4,CNINFO_ORG_9900038705,INDUSTRY_90d9ee5bdc1ee446fff0,2026-08-10,,2026-08-16T13:48:42+00:00,BaoStock query_stock_industry,observation,medium
MEMBERSHIP_4263e3eefae87b5e24d2,CNINFO_ORG_9900023914,INDUSTRY_3875d79da62b4dff67e8,2026-08-10,,2026-08-16T13:48:42+00:00,BaoStock query_stock_industry,observation,medium
MEMBERSHIP_001e6395e18bd74a3a61,CNINFO_ORG_gfbj0430532,INDUSTRY_b90e93f47f56746b9938,2026-08-10,,2026-08-16T13:48:42+00:00,BaoStock query_stock_industry,observation,medium
MEMBERSHIP_db9fb8b65e22f554ae46,CNINFO_ORG_gfbj0836019,INDUSTRY_731992a46c7dd8525c17,2026-08-10,,2026-08-16T13:48:42+00:00,BaoStock query_stock_industry,observation,medium
MEMBERSHIP_f1b7899265b8cdb0a326,CNINFO_ORG_9900037871,INDUSTRY_731992a46c7dd8525c17,2026-08-10,,2026-08-16T13:48:42+00:00,BaoStock query_stock_industry,observation,medium
MEMBERSHIP_fc6b540ac9bf9984da5d,CNINFO_ORG_9900034074,INDUSTRY_b90e93f47f56746b9938,2026-08-10,,2026-08-16T13:48:42+00:00,BaoStock query_stock_industry,observation,medium
MEMBERSHIP_0a24f72774a07c3ea8b7,CNINFO_ORG_9900024208,INDUSTRY_90d9ee5bdc1ee446fff0,2026-08-10,,2026-08-16T13:48:42+00:00,BaoStock query_stock_industry,observation,medium
MEMBERSHIP_768b034a4c84113d6342,CNINFO_ORG_gfbj0832821,INDUSTRY_34765f16a5c28d382e0e,2026-08-10,,2026-08-16T13:48:42+00:00,BaoStock query_stock_industry,observation,medium
MEMBERSHIP_76b327ccc77a6f89029a,CNINFO_ORG_gfbj0834903,INDUSTRY_fcb657f75803ca816490,2026-08-10,,2026-08-16T13:48:42+00:00,BaoStock query_stock_industry,observation,medium
MEMBERSHIP_9381912f9c30988f1ba5,CNINFO_ORG_9900038312,INDUSTRY_90d9ee5bdc1ee446fff0,2026-08-10,,2026-08-16T13:48:42+00:00,BaoStock query_stock_industry,observation,medium
MEMBERSHIP_7e33a943edbc6980727e,CNINFO_ORG_9900027265,INDUSTRY_eb1bb5863556657a5ed0,2026-08-10,,2026-08-16T13:48:42+00:00,BaoStock query_stock_industry,observation,medium
MEMBERSHIP_4062ca5c9522f5236cea,CNINFO_ORG_9900038310,INDUSTRY_b90e93f47f56746b9938,2026-08-10,,2026-08-16T13:48:42+00:00,BaoStock query_stock_industry,observation,medium
MEMBERSHIP_cc8499d19f7d729d353f,CNINFO_ORG_9900046631,INDUSTRY_af522b5025b7206d78cb,2026-08-10,,2026-08-16T13:48:42+00:00,BaoStock query_stock_industry,observation,medium
MEMBERSHIP_da1b5dfd0ebbcb496251,CNINFO_ORG_9900023040,INDUSTRY_90d9ee5bdc1ee446fff0,2026-08-10,,2026-08-16T13:48:42+00:00,BaoStock query_stock_industry,observation,medium
MEMBERSHIP_a0bd291823b4dadcb874,CNINFO_ORG_gfbj0838555,INDUSTRY_3875d79da62b4dff67e8,2026-08-10,,2026-08-16T13:48:42+00:00,BaoStock query_stock_industry,observation,medium
MEMBERSHIP_4d0e53a2936fd7fa83f3,CNINFO_ORG_9900031736,INDUSTRY_3875d79da62b4dff67e8,2026-08-10,,2026-08-16T13:48:42+00:00,BaoStock query_stock_industry,observation,medium
MEMBERSHIP_122b958c0f1c25cf4235,CNINFO_ORG_gfbj0830985,INDUSTRY_35fe091671cdb8d5f5e0,2026-08-10,,2026-08-16T13:48:42+00:00,BaoStock query_stock_industry,observation,medium
MEMBERSHIP_c0de3af2cf6c9297bfc4,CNINFO_ORG_gfbj0831213,INDUSTRY_cfd4139bf05e5a91c076,2026-08-10,,2026-08-16T13:48:42+00:00,BaoStock query_stock_industry,observation,medium
MEMBERSHIP_9208fe42ef410b2c00e3,CNINFO_ORG_9900038311,INDUSTRY_857cc70f4407799bbfbc,2026-08-10,,2026-08-16T13:48:42+00:00,BaoStock query_stock_industry,observation,medium
MEMBERSHIP_b3cb6eca557f0c583a1c,CNINFO_ORG_9900038393,INDUSTRY_eb1bb5863556657a5ed0,2026-08-10,,2026-08-16T13:48:42+00:00,BaoStock query_stock_industry,observation,medium
MEMBERSHIP_c57d41fb3ffbc971c6bd,CNINFO_ORG_9900038394,INDUSTRY_90d9ee5bdc1ee446fff0,2026-08-10,,2026-08-16T13:48:42+00:00,BaoStock query_stock_industry,observation,medium
MEMBERSHIP_889510617aa4df24bc17,CNINFO_ORG_9900038940,INDUSTRY_90d9ee5bdc1ee446fff0,2026-08-10,,2026-08-16T13:48:42+00:00,BaoStock query_stock_industry,observation,medium
MEMBERSHIP_827e9c634c790f7d13b8,CNINFO_ORG_nssc1000329,INDUSTRY_731992a46c7dd8525c17,2026-08-10,,2026-08-16T13:48:42+00:00,BaoStock query_stock_industry,observation,medium
MEMBERSHIP_0036d11a48be9c3f6b1a,CNINFO_ORG_gfbj0430373,INDUSTRY_fcb657f75803ca816490,2026-08-10,,2026-08-16T13:48:42+00:00,BaoStock query_stock_industry,observation,medium
MEMBERSHIP_36f95a8c9992a0853404,CNINFO_ORG_9900013967,INDUSTRY_fcb657f75803ca816490,2026-08-10,,2026-08-16T13:48:42+00:00,BaoStock query_stock_industry,observation,medium
MEMBERSHIP_dcb16a65a29519513e86,CNINFO_ORG_9900039745,INDUSTRY_90d9ee5bdc1ee446fff0,2026-08-10,,2026-08-16T13:48:42+00:00,BaoStock query_stock_industry,observation,medium
MEMBERSHIP_5c8ba0f5f0c5e7ef897e,CNINFO_ORG_gfbj0834779,INDUSTRY_af522b5025b7206d78cb,2026-08-10,,2026-08-16T13:48:42+00:00,BaoStock query_stock_industry,observation,medium
MEMBERSHIP_1c5600828a099997a794,CNINFO_ORG_9900035518,INDUSTRY_b62fae243f391f69617b,2026-08-10,,2026-08-16T13:48:42+00:00,BaoStock query_stock_industry,observation,medium
MEMBERSHIP_1e9ca6ffcb3a4a20d673,CNINFO_ORG_9900039771,INDUSTRY_35fe091671cdb8d5f5e0,2026-08-10,,2026-08-16T13:48:42+00:00,BaoStock query_stock_industry,observation,medium
MEMBERSHIP_032b1dcb49a2f1ff127c,CNINFO_ORG_gfbj0871196,INDUSTRY_fcb657f75803ca816490,2026-08-10,,2026-08-16T13:48:42+00:00,BaoStock query_stock_industry,observation,medium
MEMBERSHIP_6e9032c31a27d090158b,CNINFO_ORG_9900039723,INDUSTRY_90d9ee5bdc1ee446fff0,2026-08-10,,2026-08-16T13:48:42+00:00,BaoStock query_stock_industry,observation,medium
MEMBERSHIP_8c910a1582ba91caf469,CNINFO_ORG_gfbj0833304,INDUSTRY_35fe091671cdb8d5f5e0,2026-08-10,,2026-08-16T13:48:42+00:00,BaoStock query_stock_industry,observation,medium
MEMBERSHIP_44a035406aa9a2f3079c,CNINFO_ORG_gfbj0833418,INDUSTRY_ee9bbaf36a819df8934d,2026-08-10,,2026-08-16T13:48:42+00:00,BaoStock query_stock_industry,observation,medium
MEMBERSHIP_003bf66354e041c4f523,CNINFO_ORG_gfbj0832729,INDUSTRY_fc163d1647ca522ec4cd,2026-08-10,,2026-08-16T13:48:42+00:00,BaoStock query_stock_industry,observation,medium
MEMBERSHIP_b42374b950ea5d8c0dc2,CNINFO_ORG_gfbj0839670,INDUSTRY_af522b5025b7206d78cb,2026-08-10,,2026-08-16T13:48:42+00:00,BaoStock query_stock_industry,observation,medium
MEMBERSHIP_bb4506ef53c399df2e31,CNINFO_ORG_9900039793,INDUSTRY_90d9ee5bdc1ee446fff0,2026-08-10,,2026-08-16T13:48:42+00:00,BaoStock query_stock_industry,observation,medium
MEMBERSHIP_181d9d844a88d2aa34a9,CNINFO_ORG_9900037808,INDUSTRY_34765f16a5c28d382e0e,2026-08-10,,2026-08-16T13:48:42+00:00,BaoStock query_stock_industry,observation,medium
MEMBERSHIP_8f6e2789e30ca97dd299,CNINFO_ORG_gfbj0832461,INDUSTRY_1233924bed568c1b168b,2026-08-10,,2026-08-16T13:48:42+00:00,BaoStock query_stock_industry,observation,medium
MEMBERSHIP_2105e42d5ca1cf6a45df,CNINFO_ORG_gfbj0835420,INDUSTRY_65242cf4a739f88728f5,2026-08-10,,2026-08-16T13:48:42+00:00,BaoStock query_stock_industry,observation,medium
MEMBERSHIP_7584ad53aaf0318671b6,CNINFO_ORG_gfbj0872859,INDUSTRY_7063d42ae24daea94a9c,2026-08-10,,2026-08-16T13:48:42+00:00,BaoStock query_stock_industry,observation,medium
MEMBERSHIP_ac536ad38292c7e9a8c7,CNINFO_ORG_GD030390,INDUSTRY_735889820fa0518be404,2026-08-10,,2026-08-16T13:48:42+00:00,BaoStock query_stock_industry,observation,medium
MEMBERSHIP_317e59bdd81d649fb9d2,CNINFO_ORG_9900039844,INDUSTRY_e7fb954d2ab5bf5bc733,2026-08-10,,2026-08-16T13:48:42+00:00,BaoStock query_stock_industry,observation,medium
MEMBERSHIP_d30429ba1616d32ad54b,CNINFO_ORG_9900041610,INDUSTRY_91e10380fe1770769bdb,2026-08-10,,2026-08-16T13:48:42+00:00,BaoStock query_stock_industry,observation,medium
MEMBERSHIP_0c3d9a8ef73f39ca798c,CNINFO_ORG_9900030463,INDUSTRY_3875d79da62b4dff67e8,2026-08-10,,2026-08-16T13:48:42+00:00,BaoStock query_stock_industry,observation,medium
MEMBERSHIP_6c9369fa75fce6100c7c,CNINFO_ORG_gfbj0839473,INDUSTRY_90d9ee5bdc1ee446fff0,2026-08-10,,2026-08-16T13:48:42+00:00,BaoStock query_stock_industry,observation,medium
MEMBERSHIP_a0cfe2bc3b45948644fa,CNINFO_ORG_9900030587,INDUSTRY_ee9bbaf36a819df8934d,2026-08-10,,2026-08-16T13:48:42+00:00,BaoStock query_stock_industry,observation,medium
MEMBERSHIP_e6dc195f68184944c390,CNINFO_ORG_9900030790,INDUSTRY_b62fae243f391f69617b,2026-08-10,,2026-08-16T13:48:42+00:00,BaoStock query_stock_industry,observation,medium
MEMBERSHIP_3291a68e29f5d2f6a3ae,CNINFO_ORG_gfbj0835604,INDUSTRY_3875d79da62b4dff67e8,2026-08-10,,2026-08-16T13:48:42+00:00,BaoStock query_stock_industry,observation,medium
MEMBERSHIP_9f48ec535f91a781a394,CNINFO_ORG_9900039796,INDUSTRY_90d9ee5bdc1ee446fff0,2026-08-10,,2026-08-16T13:48:42+00:00,BaoStock query_stock_industry,observation,medium
MEMBERSHIP_24a702609a79e609ed7d,CNINFO_ORG_9900039738,INDUSTRY_eb1bb5863556657a5ed0,2026-08-10,,2026-08-16T13:48:42+00:00,BaoStock query_stock_industry,observation,medium
MEMBERSHIP_58f7fd5b83036ac714a2,CNINFO_ORG_gfbj0835713,INDUSTRY_fcb657f75803ca816490,2026-08-10,,2026-08-16T13:48:42+00:00,BaoStock query_stock_industry,observation,medium
MEMBERSHIP_6b8e5e79ac9f70b8113f,CNINFO_ORG_9900039819,INDUSTRY_05c09799f5cd1d96eaf2,2026-08-10,,2026-08-16T13:48:42+00:00,BaoStock query_stock_industry,observation,medium
MEMBERSHIP_cd68793945b783245b5c,CNINFO_ORG_gfbj0836046,INDUSTRY_3875d79da62b4dff67e8,2026-08-10,,2026-08-16T13:48:42+00:00,BaoStock query_stock_industry,observation,medium
MEMBERSHIP_474c4948e24fa215a799,CNINFO_ORG_9900039713,INDUSTRY_c6634e4fb00885448aae,2026-08-10,,2026-08-16T13:48:42+00:00,BaoStock query_stock_industry,observation,medium
MEMBERSHIP_d49fcdbc17f84f2f7f0e,CNINFO_ORG_gfbj0835140,INDUSTRY_a971ce8c4913016d33d1,2026-08-10,,2026-08-16T13:48:42+00:00,BaoStock query_stock_industry,observation,medium
MEMBERSHIP_cec34249070d902b2cc3,CNINFO_ORG_9900033229,INDUSTRY_eb1bb5863556657a5ed0,2026-08-10,,2026-08-16T13:48:42+00:00,BaoStock query_stock_industry,observation,medium
MEMBERSHIP_d0effadf571126b57158,CNINFO_ORG_9900039862,INDUSTRY_3875d79da62b4dff67e8,2026-08-10,,2026-08-16T13:48:42+00:00,BaoStock query_stock_industry,observation,medium
MEMBERSHIP_da81f985c0af85dd6215,CNINFO_ORG_9900039789,INDUSTRY_735889820fa0518be404,2026-08-10,,2026-08-16T13:48:42+00:00,BaoStock query_stock_industry,observation,medium
MEMBERSHIP_2d5131e78901d47ff212,CNINFO_ORG_9900039841,INDUSTRY_be6d1ff74018fda3a9a4,2026-08-10,,2026-08-16T13:48:42+00:00,BaoStock query_stock_industry,observation,medium
MEMBERSHIP_9505ec9803dc0d21f37a,CNINFO_ORG_9900039802,INDUSTRY_735889820fa0518be404,2026-08-10,,2026-08-16T13:48:42+00:00,BaoStock query_stock_industry,observation,medium
MEMBERSHIP_4f132e76d8b499c8836a,CNINFO_ORG_gfbj0833229,INDUSTRY_ee7eb75e38ebcde947a9,2026-08-10,,2026-08-16T13:48:42+00:00,BaoStock query_stock_industry,observation,medium
MEMBERSHIP_57bebe6077f7776a7228,CNINFO_ORG_9900041856,INDUSTRY_90d9ee5bdc1ee446fff0,2026-08-10,,2026-08-16T13:48:42+00:00,BaoStock query_stock_industry,observation,medium
MEMBERSHIP_a7f800aecdfcc73013c9,CNINFO_ORG_9900039762,INDUSTRY_be6d1ff74018fda3a9a4,2026-08-10,,2026-08-16T13:48:42+00:00,BaoStock query_stock_industry,observation,medium
MEMBERSHIP_72062bc32e7239a4ccb1,CNINFO_ORG_9900033179,INDUSTRY_af522b5025b7206d78cb,2026-08-10,,2026-08-16T13:48:42+00:00,BaoStock query_stock_industry,observation,medium
MEMBERSHIP_2b0952dbf0152820b663,CNINFO_ORG_9900041379,INDUSTRY_731992a46c7dd8525c17,2026-08-10,,2026-08-16T13:48:42+00:00,BaoStock query_stock_industry,observation,medium
MEMBERSHIP_9c11b08cfce1adfe6e77,CNINFO_ORG_9900032418,INDUSTRY_a971ce8c4913016d33d1,2026-08-10,,2026-08-16T13:48:42+00:00,BaoStock query_stock_industry,observation,medium
MEMBERSHIP_4570c0a11119580b68b1,CNINFO_ORG_9900039716,INDUSTRY_b90e93f47f56746b9938,2026-08-10,,2026-08-16T13:48:42+00:00,BaoStock query_stock_industry,observation,medium
MEMBERSHIP_17bdb693b811f80dd96d,CNINFO_ORG_9900036058,INDUSTRY_7063d42ae24daea94a9c,2026-08-10,,2026-08-16T13:48:42+00:00,BaoStock query_stock_industry,observation,medium
MEMBERSHIP_2d843e351ffb2590f30d,CNINFO_ORG_gfbj0839598,INDUSTRY_af522b5025b7206d78cb,2026-08-10,,2026-08-16T13:48:42+00:00,BaoStock query_stock_industry,observation,medium
MEMBERSHIP_ff2e8ef91d5e9856b8ab,CNINFO_ORG_9900037903,INDUSTRY_4fb51c32200208ed64a8,2026-08-10,,2026-08-16T13:48:42+00:00,BaoStock query_stock_industry,observation,medium
MEMBERSHIP_b52514d6f0a62eb8b798,CNINFO_ORG_9900039861,INDUSTRY_e7fb954d2ab5bf5bc733,2026-08-10,,2026-08-16T13:48:42+00:00,BaoStock query_stock_industry,observation,medium
MEMBERSHIP_0a21e3892142674a116e,CNINFO_ORG_9900035559,INDUSTRY_b90e93f47f56746b9938,2026-08-10,,2026-08-16T13:48:42+00:00,BaoStock query_stock_industry,observation,medium
MEMBERSHIP_c4829118cf5970a0dc6c,CNINFO_ORG_9900026712,INDUSTRY_fcb657f75803ca816490,2026-08-10,,2026-08-16T13:48:42+00:00,BaoStock query_stock_industry,observation,medium
MEMBERSHIP_f51cd1eee85a8d097f39,CNINFO_ORG_9900035532,INDUSTRY_3875d79da62b4dff67e8,2026-08-10,,2026-08-16T13:48:42+00:00,BaoStock query_stock_industry,observation,medium
MEMBERSHIP_2189ed41c4cd19089a83,CNINFO_ORG_9900035519,INDUSTRY_735889820fa0518be404,2026-08-10,,2026-08-16T13:48:42+00:00,BaoStock query_stock_industry,observation,medium
MEMBERSHIP_43232050cda60c4c4a90,CNINFO_ORG_gfbj0832559,INDUSTRY_34765f16a5c28d382e0e,2026-08-10,,2026-08-16T13:48:42+00:00,BaoStock query_stock_industry,observation,medium
MEMBERSHIP_84b9f926ebc6c9ccfb42,CNINFO_ORG_gfbj0834957,INDUSTRY_ee9bbaf36a819df8934d,2026-08-10,,2026-08-16T13:48:42+00:00,BaoStock query_stock_industry,observation,medium
MEMBERSHIP_f5e7df08759b8d9b6986,CNINFO_ORG_9900033921,INDUSTRY_ad86b4a2a3856ba2d571,2026-08-10,,2026-08-16T13:48:42+00:00,BaoStock query_stock_industry,observation,medium
MEMBERSHIP_fa302091d87c5ad57b35,CNINFO_ORG_9900039768,INDUSTRY_731992a46c7dd8525c17,2026-08-10,,2026-08-16T13:48:42+00:00,BaoStock query_stock_industry,observation,medium
MEMBERSHIP_851f445d8a4c221e1682,CNINFO_ORG_gfbj0835486,INDUSTRY_3875d79da62b4dff67e8,2026-08-10,,2026-08-16T13:48:42+00:00,BaoStock query_stock_industry,observation,medium
MEMBERSHIP_eaa47e6b945d0fb73c30,CNINFO_ORG_9900041432,INDUSTRY_90d9ee5bdc1ee446fff0,2026-08-10,,2026-08-16T13:48:42+00:00,BaoStock query_stock_industry,observation,medium
MEMBERSHIP_2324e6cea2eedaa62301,CNINFO_ORG_gfbj0871626,INDUSTRY_35fe091671cdb8d5f5e0,2026-08-10,,2026-08-16T13:48:42+00:00,BaoStock query_stock_industry,observation,medium
MEMBERSHIP_7d3d48609aa1ce3b3060,CNINFO_ORG_9900039812,INDUSTRY_b62fae243f391f69617b,2026-08-10,,2026-08-16T13:48:42+00:00,BaoStock query_stock_industry,observation,medium
MEMBERSHIP_124f6f29268c2b853162,CNINFO_ORG_gfbj0835752,INDUSTRY_ad86b4a2a3856ba2d571,2026-08-10,,2026-08-16T13:48:42+00:00,BaoStock query_stock_industry,observation,medium
MEMBERSHIP_9dab778ba82c9e02e3df,CNINFO_ORG_9900039797,INDUSTRY_b90e93f47f56746b9938,2026-08-10,,2026-08-16T13:48:42+00:00,BaoStock query_stock_industry,observation,medium
MEMBERSHIP_9c20c159010b5d1cbd9c,CNINFO_ORG_9900039763,INDUSTRY_34765f16a5c28d382e0e,2026-08-10,,2026-08-16T13:48:42+00:00,BaoStock query_stock_industry,observation,medium
MEMBERSHIP_70cf5d13bb3f5ffae894,CNINFO_ORG_gfbj0837029,INDUSTRY_90d9ee5bdc1ee446fff0,2026-08-10,,2026-08-16T13:48:42+00:00,BaoStock query_stock_industry,observation,medium
MEMBERSHIP_d4fa61625078825809dc,CNINFO_ORG_9900039829,INDUSTRY_af522b5025b7206d78cb,2026-08-10,,2026-08-16T13:48:42+00:00,BaoStock query_stock_industry,observation,medium
MEMBERSHIP_33e15afc60041a338cb8,CNINFO_ORG_9900041909,INDUSTRY_b90e93f47f56746b9938,2026-08-10,,2026-08-16T13:48:42+00:00,BaoStock query_stock_industry,observation,medium
MEMBERSHIP_e33edacb420d255df219,CNINFO_ORG_9900036556,INDUSTRY_ee9bbaf36a819df8934d,2026-08-10,,2026-08-16T13:48:42+00:00,BaoStock query_stock_industry,observation,medium
MEMBERSHIP_74112dd48c9e67a5c68d,CNINFO_ORG_9900041896,INDUSTRY_b90e93f47f56746b9938,2026-08-10,,2026-08-16T13:48:42+00:00,BaoStock query_stock_industry,observation,medium
MEMBERSHIP_2c5fa0cb0f92f6499ca9,CNINFO_ORG_9900035512,INDUSTRY_34765f16a5c28d382e0e,2026-08-10,,2026-08-16T13:48:42+00:00,BaoStock query_stock_industry,observation,medium
MEMBERSHIP_9d8171cdd2ad87defa92,CNINFO_ORG_9900041748,INDUSTRY_90d9ee5bdc1ee446fff0,2026-08-10,,2026-08-16T13:48:42+00:00,BaoStock query_stock_industry,observation,medium
MEMBERSHIP_5be7fd60766e57a96d7d,CNINFO_ORG_9900039821,INDUSTRY_465aebe5f53921515851,2026-08-10,,2026-08-16T13:48:42+00:00,BaoStock query_stock_industry,observation,medium
MEMBERSHIP_6047ce2474d2a515c3a2,CNINFO_ORG_9900041705,INDUSTRY_a971ce8c4913016d33d1,2026-08-10,,2026-08-16T13:48:42+00:00,BaoStock query_stock_industry,observation,medium
MEMBERSHIP_fe7b656f679e4d93dc59,CNINFO_ORG_nssc1000144,INDUSTRY_90d9ee5bdc1ee446fff0,2026-08-10,,2026-08-16T13:48:42+00:00,BaoStock query_stock_industry,observation,medium
MEMBERSHIP_66a42e8b092296c04be5,CNINFO_ORG_gfbj0834600,INDUSTRY_b62fae243f391f69617b,2026-08-10,,2026-08-16T13:48:42+00:00,BaoStock query_stock_industry,observation,medium
MEMBERSHIP_3700a31d8f1a02bab1da,CNINFO_ORG_9900041810,INDUSTRY_9f7679f9ad900c7a65d2,2026-08-10,,2026-08-16T13:48:42+00:00,BaoStock query_stock_industry,observation,medium
MEMBERSHIP_699b448c8d7514170bb6,CNINFO_ORG_gfbj0833742,INDUSTRY_6dac68c9cedde793b110,2026-08-10,,2026-08-16T13:48:42+00:00,BaoStock query_stock_industry,observation,medium
MEMBERSHIP_533810d62f3b7c72696d,CNINFO_ORG_9900039740,INDUSTRY_ad86b4a2a3856ba2d571,2026-08-10,,2026-08-16T13:48:42+00:00,BaoStock query_stock_industry,observation,medium
MEMBERSHIP_ef7301045786c27cf1f4,CNINFO_ORG_gfbj0832999,INDUSTRY_fcb657f75803ca816490,2026-08-10,,2026-08-16T13:48:42+00:00,BaoStock query_stock_industry,observation,medium
MEMBERSHIP_c18d6ffef8de89a07605,CNINFO_ORG_9900039855,INDUSTRY_e7fb954d2ab5bf5bc733,2026-08-10,,2026-08-16T13:48:42+00:00,BaoStock query_stock_industry,observation,medium
MEMBERSHIP_2306cf2a1fd9407c2f04,CNINFO_ORG_9900039826,INDUSTRY_af522b5025b7206d78cb,2026-08-10,,2026-08-16T13:48:42+00:00,BaoStock query_stock_industry,observation,medium
MEMBERSHIP_d9446ff3f29dd7a72cf9,CNINFO_ORG_9900038107,INDUSTRY_731992a46c7dd8525c17,2026-08-10,,2026-08-16T13:48:42+00:00,BaoStock query_stock_industry,observation,medium
MEMBERSHIP_a1886ce9e772adebb35d,CNINFO_ORG_9900024912,INDUSTRY_ee9bbaf36a819df8934d,2026-08-10,,2026-08-16T13:48:42+00:00,BaoStock query_stock_industry,observation,medium
MEMBERSHIP_dc798f2d351f19698f2d,CNINFO_ORG_9900039852,INDUSTRY_2c3b8b7969b736730fe1,2026-08-10,,2026-08-16T13:48:42+00:00,BaoStock query_stock_industry,observation,medium
MEMBERSHIP_5dea68392045504b998a,CNINFO_ORG_9900034094,INDUSTRY_35fe091671cdb8d5f5e0,2026-08-10,,2026-08-16T13:48:42+00:00,BaoStock query_stock_industry,observation,medium
MEMBERSHIP_ccee77c63efc2b55da2b,CNINFO_ORG_9900039783,INDUSTRY_b90e93f47f56746b9938,2026-08-10,,2026-08-16T13:48:42+00:00,BaoStock query_stock_industry,observation,medium
MEMBERSHIP_5126593cf11564b6a9a7,CNINFO_ORG_9900039767,INDUSTRY_b90e93f47f56746b9938,2026-08-10,,2026-08-16T13:48:42+00:00,BaoStock query_stock_industry,observation,medium
MEMBERSHIP_7134bd91767fe4d26658,CNINFO_ORG_gfbj0831560,INDUSTRY_fcb657f75803ca816490,2026-08-10,,2026-08-16T13:48:42+00:00,BaoStock query_stock_industry,observation,medium
MEMBERSHIP_4804c4e311ffb2178e41,CNINFO_ORG_9900035165,INDUSTRY_90d9ee5bdc1ee446fff0,2026-08-10,,2026-08-16T13:48:42+00:00,BaoStock query_stock_industry,observation,medium
MEMBERSHIP_cb996fb756c5b869a89a,CNINFO_ORG_9900039717,INDUSTRY_8c865bedc2ef9574d2e5,2026-08-10,,2026-08-16T13:48:42+00:00,BaoStock query_stock_industry,observation,medium
MEMBERSHIP_407be38f1089fae1c229,CNINFO_ORG_9900029013,INDUSTRY_731992a46c7dd8525c17,2026-08-10,,2026-08-16T13:48:42+00:00,BaoStock query_stock_industry,observation,medium
MEMBERSHIP_98afbd275a6bb1eed68c,CNINFO_ORG_9900039795,INDUSTRY_90d9ee5bdc1ee446fff0,2026-08-10,,2026-08-16T13:48:42+00:00,BaoStock query_stock_industry,observation,medium
MEMBERSHIP_fe1e15e0621636c999e3,CNINFO_ORG_9900041751,INDUSTRY_90d9ee5bdc1ee446fff0,2026-08-10,,2026-08-16T13:48:42+00:00,BaoStock query_stock_industry,observation,medium
MEMBERSHIP_c29d1073725b292999d5,CNINFO_ORG_gfbj0832953,INDUSTRY_fcb657f75803ca816490,2026-08-10,,2026-08-16T13:48:42+00:00,BaoStock query_stock_industry,observation,medium
MEMBERSHIP_a4443ff3c1d546b69f52,CNINFO_ORG_9900039820,INDUSTRY_eb1bb5863556657a5ed0,2026-08-10,,2026-08-16T13:48:42+00:00,BaoStock query_stock_industry,observation,medium
MEMBERSHIP_38b6eac0d0408231efe8,CNINFO_ORG_gfbj0831475,INDUSTRY_35fe091671cdb8d5f5e0,2026-08-10,,2026-08-16T13:48:42+00:00,BaoStock query_stock_industry,observation,medium
MEMBERSHIP_a6afcc0f23e485949e79,CNINFO_ORG_9900030779,INDUSTRY_4fb51c32200208ed64a8,2026-08-10,,2026-08-16T13:48:42+00:00,BaoStock query_stock_industry,observation,medium
MEMBERSHIP_a4a4f30ce3195e9de8af,CNINFO_ORG_9900041410,INDUSTRY_be6d1ff74018fda3a9a4,2026-08-10,,2026-08-16T13:48:42+00:00,BaoStock query_stock_industry,observation,medium
MEMBERSHIP_bd1da23b8dc072d80f50,CNINFO_ORG_9900041740,INDUSTRY_91e10380fe1770769bdb,2026-08-10,,2026-08-16T13:48:42+00:00,BaoStock query_stock_industry,observation,medium
MEMBERSHIP_1d470f19d08173b78882,CNINFO_ORG_gfbj0834265,INDUSTRY_ee9bbaf36a819df8934d,2026-08-10,,2026-08-16T13:48:42+00:00,BaoStock query_stock_industry,observation,medium
MEMBERSHIP_f0f8166a4808ccb6cec6,CNINFO_ORG_9900033217,INDUSTRY_731992a46c7dd8525c17,2026-08-10,,2026-08-16T13:48:42+00:00,BaoStock query_stock_industry,observation,medium
MEMBERSHIP_58ef160347bbea737203,CNINFO_ORG_gfbj0835825,INDUSTRY_3875d79da62b4dff67e8,2026-08-10,,2026-08-16T13:48:42+00:00,BaoStock query_stock_industry,observation,medium
MEMBERSHIP_18c697e713981ae7827e,CNINFO_ORG_nssc1000354,INDUSTRY_90d9ee5bdc1ee446fff0,2026-08-10,,2026-08-16T13:48:42+00:00,BaoStock query_stock_industry,observation,medium
MEMBERSHIP_88ed1a9c000a823fd3fb,CNINFO_ORG_9900039774,INDUSTRY_a971ce8c4913016d33d1,2026-08-10,,2026-08-16T13:48:42+00:00,BaoStock query_stock_industry,observation,medium
MEMBERSHIP_809232bcf5909a492286,CNINFO_ORG_9900031708,INDUSTRY_be6d1ff74018fda3a9a4,2026-08-10,,2026-08-16T13:48:42+00:00,BaoStock query_stock_industry,observation,medium
MEMBERSHIP_c8287d2dbafabf64e376,CNINFO_ORG_9900041411,INDUSTRY_af522b5025b7206d78cb,2026-08-10,,2026-08-16T13:48:42+00:00,BaoStock query_stock_industry,observation,medium
MEMBERSHIP_2dd9f50481b886c38378,CNINFO_ORG_9900041340,INDUSTRY_90d9ee5bdc1ee446fff0,2026-08-10,,2026-08-16T13:48:42+00:00,BaoStock query_stock_industry,observation,medium
MEMBERSHIP_ce5f182a027c93595e9a,CNINFO_ORG_9900041876,INDUSTRY_af522b5025b7206d78cb,2026-08-10,,2026-08-16T13:48:42+00:00,BaoStock query_stock_industry,observation,medium
MEMBERSHIP_f2d4953da48d2c8937e3,CNINFO_ORG_9900030636,INDUSTRY_ee9bbaf36a819df8934d,2026-08-10,,2026-08-16T13:48:42+00:00,BaoStock query_stock_industry,observation,medium
MEMBERSHIP_2dd0f7eedf9c2eeefdcf,CNINFO_ORG_9900041603,INDUSTRY_fcb657f75803ca816490,2026-08-10,,2026-08-16T13:48:42+00:00,BaoStock query_stock_industry,observation,medium
MEMBERSHIP_2105fd13556a2c14422e,CNINFO_ORG_gfbj0835873,INDUSTRY_ad86b4a2a3856ba2d571,2026-08-10,,2026-08-16T13:48:42+00:00,BaoStock query_stock_industry,observation,medium
MEMBERSHIP_fcad08d45564436539d2,CNINFO_ORG_fzqy1027857,INDUSTRY_ee9bbaf36a819df8934d,2026-08-10,,2026-08-16T13:48:42+00:00,BaoStock query_stock_industry,observation,medium
MEMBERSHIP_fa2534b8a55d075f9473,CNINFO_ORG_GD025337,INDUSTRY_6dac68c9cedde793b110,2026-08-10,,2026-08-16T13:48:42+00:00,BaoStock query_stock_industry,observation,medium
MEMBERSHIP_138c4b2786ab467aef6c,CNINFO_ORG_9900031831,INDUSTRY_fc163d1647ca522ec4cd,2026-08-10,,2026-08-16T13:48:42+00:00,BaoStock query_stock_industry,observation,medium
MEMBERSHIP_e381b3fb9f9829b8d34a,CNINFO_ORG_gfbj0839243,INDUSTRY_90d9ee5bdc1ee446fff0,2026-08-10,,2026-08-16T13:48:42+00:00,BaoStock query_stock_industry,observation,medium
MEMBERSHIP_62a30614715779022fa6,CNINFO_ORG_9900043039,INDUSTRY_90d9ee5bdc1ee446fff0,2026-08-10,,2026-08-16T13:48:42+00:00,BaoStock query_stock_industry,observation,medium
MEMBERSHIP_62a991f92a630d2ab4f9,CNINFO_ORG_9900041564,INDUSTRY_eb1bb5863556657a5ed0,2026-08-10,,2026-08-16T13:48:42+00:00,BaoStock query_stock_industry,observation,medium
MEMBERSHIP_593abf932933e800c493,CNINFO_ORG_gfbj0831243,INDUSTRY_9b846d32ce44d8ac60c7,2026-08-10,,2026-08-16T13:48:42+00:00,BaoStock query_stock_industry,observation,medium
MEMBERSHIP_21a8dc3152a0fcfb0b67,CNINFO_ORG_9900034644,INDUSTRY_90d9ee5bdc1ee446fff0,2026-08-10,,2026-08-16T13:48:42+00:00,BaoStock query_stock_industry,observation,medium
MEMBERSHIP_42472d384578f0d65a9b,CNINFO_ORG_nssc1000136,INDUSTRY_e7fb954d2ab5bf5bc733,2026-08-10,,2026-08-16T13:48:42+00:00,BaoStock query_stock_industry,observation,medium
MEMBERSHIP_fe01fc03cfcd0c4e90c7,CNINFO_ORG_gfbj0832838,INDUSTRY_f8cb7f30edbaa3a4825a,2026-08-10,,2026-08-16T13:48:42+00:00,BaoStock query_stock_industry,observation,medium
MEMBERSHIP_9aa7e953b2e5928fece1,CNINFO_ORG_9900023718,INDUSTRY_35fe091671cdb8d5f5e0,2026-08-10,,2026-08-16T13:48:42+00:00,BaoStock query_stock_industry,observation,medium
MEMBERSHIP_20e492f6e23e9e440329,CNINFO_ORG_gfbj0833260,INDUSTRY_4fb51c32200208ed64a8,2026-08-10,,2026-08-16T13:48:42+00:00,BaoStock query_stock_industry,observation,medium
MEMBERSHIP_672ceff9db3f6bfe55e4,CNINFO_ORG_9900041484,INDUSTRY_34765f16a5c28d382e0e,2026-08-10,,2026-08-16T13:48:42+00:00,BaoStock query_stock_industry,observation,medium
MEMBERSHIP_f43176158649078b51d3,CNINFO_ORG_gfbj0835125,INDUSTRY_8c865bedc2ef9574d2e5,2026-08-10,,2026-08-16T13:48:42+00:00,BaoStock query_stock_industry,observation,medium
MEMBERSHIP_502ae3cf08757338b5da,CNINFO_ORG_gfbj0836633,INDUSTRY_90d9ee5bdc1ee446fff0,2026-08-10,,2026-08-16T13:48:42+00:00,BaoStock query_stock_industry,observation,medium
MEMBERSHIP_5eaa7253a433f2149381,CNINFO_ORG_9900041783,INDUSTRY_731992a46c7dd8525c17,2026-08-10,,2026-08-16T13:48:42+00:00,BaoStock query_stock_industry,observation,medium
MEMBERSHIP_b0a674d74f7c21e9e78b,CNINFO_ORG_9900039792,INDUSTRY_e7fb954d2ab5bf5bc733,2026-08-10,,2026-08-16T13:48:42+00:00,BaoStock query_stock_industry,observation,medium
MEMBERSHIP_a33bad96a58e973748d6,CNINFO_ORG_nssc1000601,INDUSTRY_3e41c6b832b570c4f5d1,2026-08-10,,2026-08-16T13:48:42+00:00,BaoStock query_stock_industry,observation,medium
MEMBERSHIP_fe2ec5d4c5149de82610,CNINFO_ORG_gfbj0833942,INDUSTRY_b62fae243f391f69617b,2026-08-10,,2026-08-16T13:48:42+00:00,BaoStock query_stock_industry,observation,medium
MEMBERSHIP_35ecfc4fc99183fc94b1,CNINFO_ORG_gfbj0833133,INDUSTRY_b62fae243f391f69617b,2026-08-10,,2026-08-16T13:48:42+00:00,BaoStock query_stock_industry,observation,medium
MEMBERSHIP_5f2f5a4d36d298927662,CNINFO_ORG_9900039847,INDUSTRY_17cf2674a1f785e3272e,2026-08-10,,2026-08-16T13:48:42+00:00,BaoStock query_stock_industry,observation,medium
MEMBERSHIP_4755defc0f319ac76132,CNINFO_ORG_gfbj0839040,INDUSTRY_731992a46c7dd8525c17,2026-08-10,,2026-08-16T13:48:42+00:00,BaoStock query_stock_industry,observation,medium
MEMBERSHIP_fcc6b5d8681cfb93b19c,CNINFO_ORG_9900044779,INDUSTRY_35fe091671cdb8d5f5e0,2026-08-10,,2026-08-16T13:48:42+00:00,BaoStock query_stock_industry,observation,medium
MEMBERSHIP_afb01f41368e3f0e0d71,CNINFO_ORG_nssc1000526,INDUSTRY_be6d1ff74018fda3a9a4,2026-08-10,,2026-08-16T13:48:42+00:00,BaoStock query_stock_industry,observation,medium
MEMBERSHIP_a5914552e3fadd449103,CNINFO_ORG_gfbj0839065,INDUSTRY_be6d1ff74018fda3a9a4,2026-08-10,,2026-08-16T13:48:42+00:00,BaoStock query_stock_industry,observation,medium
MEMBERSHIP_4706d149c64fc624d1f7,CNINFO_ORG_9900030084,INDUSTRY_9f7679f9ad900c7a65d2,2026-08-10,,2026-08-16T13:48:42+00:00,BaoStock query_stock_industry,observation,medium
MEMBERSHIP_ead3a230f127eb7e1576,CNINFO_ORG_gfbj0836980,INDUSTRY_be6d1ff74018fda3a9a4,2026-08-10,,2026-08-16T13:48:42+00:00,BaoStock query_stock_industry,observation,medium
MEMBERSHIP_9309cf2ecfa7b861ac53,CNINFO_ORG_gfbj0871061,INDUSTRY_731992a46c7dd8525c17,2026-08-10,,2026-08-16T13:48:42+00:00,BaoStock query_stock_industry,observation,medium
MEMBERSHIP_5ca74443527f9565f160,CNINFO_ORG_9900041512,INDUSTRY_35fe091671cdb8d5f5e0,2026-08-10,,2026-08-16T13:48:42+00:00,BaoStock query_stock_industry,observation,medium
MEMBERSHIP_b01f16119632711f091a,CNINFO_ORG_gfbj0835741,INDUSTRY_90d9ee5bdc1ee446fff0,2026-08-10,,2026-08-16T13:48:42+00:00,BaoStock query_stock_industry,observation,medium
MEMBERSHIP_2e9ddfd8f848a9032701,CNINFO_ORG_9900041948,INDUSTRY_35fe091671cdb8d5f5e0,2026-08-10,,2026-08-16T13:48:42+00:00,BaoStock query_stock_industry,observation,medium
MEMBERSHIP_4bcc4888bae42f0f7471,CNINFO_ORG_nssc1000018,INDUSTRY_a971ce8c4913016d33d1,2026-08-10,,2026-08-16T13:48:42+00:00,BaoStock query_stock_industry,observation,medium
MEMBERSHIP_7fa6231bfda858fb100f,CNINFO_ORG_nssc1000518,INDUSTRY_ad86b4a2a3856ba2d571,2026-08-10,,2026-08-16T13:48:42+00:00,BaoStock query_stock_industry,observation,medium
MEMBERSHIP_7b128ce11e009f5a3b47,CNINFO_ORG_nssc1000230,INDUSTRY_b62fae243f391f69617b,2026-08-10,,2026-08-16T13:48:42+00:00,BaoStock query_stock_industry,observation,medium
MEMBERSHIP_0cdfcad5d046c0a6f074,CNINFO_ORG_9900030872,INDUSTRY_fcb657f75803ca816490,2026-08-10,,2026-08-16T13:48:42+00:00,BaoStock query_stock_industry,observation,medium
MEMBERSHIP_e435b69bae5237ffba9d,CNINFO_ORG_nssc1000249,INDUSTRY_c8598f31bb2607e3007b,2026-08-10,,2026-08-16T13:48:42+00:00,BaoStock query_stock_industry,observation,medium
MEMBERSHIP_cc5456bc86276f9abc5f,CNINFO_ORG_9900041658,INDUSTRY_3875d79da62b4dff67e8,2026-08-10,,2026-08-16T13:48:42+00:00,BaoStock query_stock_industry,observation,medium
MEMBERSHIP_60491756406a843308db,CNINFO_ORG_9900039967,INDUSTRY_06f2dd83830b4e6e7446,2026-08-10,,2026-08-16T13:48:42+00:00,BaoStock query_stock_industry,observation,medium
MEMBERSHIP_89c5cace7fdf12a97a87,CNINFO_ORG_nssc1000306,INDUSTRY_b62fae243f391f69617b,2026-08-10,,2026-08-16T13:48:42+00:00,BaoStock query_stock_industry,observation,medium
MEMBERSHIP_14893ba54104ff85f4a7,CNINFO_ORG_gfbj0871628,INDUSTRY_4fb51c32200208ed64a8,2026-08-10,,2026-08-16T13:48:42+00:00,BaoStock query_stock_industry,observation,medium
MEMBERSHIP_ec44f4f9c16d30fd9da8,CNINFO_ORG_gfbj0871785,INDUSTRY_90d9ee5bdc1ee446fff0,2026-08-10,,2026-08-16T13:48:42+00:00,BaoStock query_stock_industry,observation,medium
MEMBERSHIP_5cd7636777279b37e128,CNINFO_ORG_9900041596,INDUSTRY_b62fae243f391f69617b,2026-08-10,,2026-08-16T13:48:42+00:00,BaoStock query_stock_industry,observation,medium
MEMBERSHIP_7a979fc45e79df3d2fd8,CNINFO_ORG_9900041916,INDUSTRY_be6d1ff74018fda3a9a4,2026-08-10,,2026-08-16T13:48:42+00:00,BaoStock query_stock_industry,observation,medium
MEMBERSHIP_ed0b256959d2a75c4ac4,CNINFO_ORG_nssc1000561,INDUSTRY_e7fb954d2ab5bf5bc733,2026-08-10,,2026-08-16T13:48:42+00:00,BaoStock query_stock_industry,observation,medium
MEMBERSHIP_34160a1d3260f4a47499,CNINFO_ORG_9900039830,INDUSTRY_735889820fa0518be404,2026-08-10,,2026-08-16T13:48:42+00:00,BaoStock query_stock_industry,observation,medium
MEMBERSHIP_4e691e9cae86900f11c5,CNINFO_ORG_gfbj0838724,INDUSTRY_e7fb954d2ab5bf5bc733,2026-08-10,,2026-08-16T13:48:42+00:00,BaoStock query_stock_industry,observation,medium
MEMBERSHIP_212a46a2453013367c14,CNINFO_ORG_nssc1000177,INDUSTRY_b90e93f47f56746b9938,2026-08-10,,2026-08-16T13:48:42+00:00,BaoStock query_stock_industry,observation,medium
MEMBERSHIP_9a22c17b32a0239e5ee3,CNINFO_ORG_9900023748,INDUSTRY_ee7eb75e38ebcde947a9,2026-08-10,,2026-08-16T13:48:42+00:00,BaoStock query_stock_industry,observation,medium
MEMBERSHIP_3bef21d7cd33bfe6cc1d,CNINFO_ORG_9900039811,INDUSTRY_7063d42ae24daea94a9c,2026-08-10,,2026-08-16T13:48:42+00:00,BaoStock query_stock_industry,observation,medium
MEMBERSHIP_894c085454352e6d2c4b,CNINFO_ORG_gfbj0835276,INDUSTRY_4b6bcfe2a650f11508e5,2026-08-10,,2026-08-16T13:48:42+00:00,BaoStock query_stock_industry,observation,medium
MEMBERSHIP_5f5e42e95d07409ce4d6,CNINFO_ORG_nssc1000094,INDUSTRY_b90e93f47f56746b9938,2026-08-10,,2026-08-16T13:48:42+00:00,BaoStock query_stock_industry,observation,medium
MEMBERSHIP_b8d844217d097a872e4e,CNINFO_ORG_gfbj0834013,INDUSTRY_3875d79da62b4dff67e8,2026-08-10,,2026-08-16T13:48:42+00:00,BaoStock query_stock_industry,observation,medium
MEMBERSHIP_6e67a9cb4fb21e75a1f9,CNINFO_ORG_9900036922,INDUSTRY_8c865bedc2ef9574d2e5,2026-08-10,,2026-08-16T13:48:42+00:00,BaoStock query_stock_industry,observation,medium
MEMBERSHIP_d30bd3cf1e45f042270c,CNINFO_ORG_9900044778,INDUSTRY_ad86b4a2a3856ba2d571,2026-08-10,,2026-08-16T13:48:42+00:00,BaoStock query_stock_industry,observation,medium
MEMBERSHIP_edc9e92af8bc36365986,CNINFO_ORG_9900034413,INDUSTRY_4fb51c32200208ed64a8,2026-08-10,,2026-08-16T13:48:42+00:00,BaoStock query_stock_industry,observation,medium
MEMBERSHIP_be5e4e890f4824f97e27,CNINFO_ORG_9900035574,INDUSTRY_3875d79da62b4dff67e8,2026-08-10,,2026-08-16T13:48:42+00:00,BaoStock query_stock_industry,observation,medium
MEMBERSHIP_065efbab43b151a1fb6b,CNINFO_ORG_nssc1000339,INDUSTRY_b62fae243f391f69617b,2026-08-10,,2026-08-16T13:48:42+00:00,BaoStock query_stock_industry,observation,medium
MEMBERSHIP_7d1d5fc7f5f5f17d668b,CNINFO_ORG_gfbj0837048,INDUSTRY_35fe091671cdb8d5f5e0,2026-08-10,,2026-08-16T13:48:42+00:00,BaoStock query_stock_industry,observation,medium
MEMBERSHIP_ed8b719ab810275317b7,CNINFO_ORG_9900039770,INDUSTRY_90d9ee5bdc1ee446fff0,2026-08-10,,2026-08-16T13:48:42+00:00,BaoStock query_stock_industry,observation,medium
MEMBERSHIP_3ed39cc2c01e59b5d2a4,CNINFO_ORG_nssc1000307,INDUSTRY_3875d79da62b4dff67e8,2026-08-10,,2026-08-16T13:48:42+00:00,BaoStock query_stock_industry,observation,medium
MEMBERSHIP_6cf00eeb97d5d898673d,CNINFO_ORG_nssc1000381,INDUSTRY_35fe091671cdb8d5f5e0,2026-08-10,,2026-08-16T13:48:42+00:00,BaoStock query_stock_industry,observation,medium
MEMBERSHIP_88983078dfd3c9ffd5aa,CNINFO_ORG_gfbj0833328,INDUSTRY_731992a46c7dd8525c17,2026-08-10,,2026-08-16T13:48:42+00:00,BaoStock query_stock_industry,observation,medium
MEMBERSHIP_f307040feb1336dc0f30,CNINFO_ORG_9900039832,INDUSTRY_979f61913dc6006fe56d,2026-08-10,,2026-08-16T13:48:42+00:00,BaoStock query_stock_industry,observation,medium
MEMBERSHIP_4e93badb6241e3f4df68,CNINFO_ORG_9900033224,INDUSTRY_2c3b8b7969b736730fe1,2026-08-10,,2026-08-16T13:48:42+00:00,BaoStock query_stock_industry,observation,medium
MEMBERSHIP_4bf0aaec9fc312fc6f61,CNINFO_ORG_9900044795,INDUSTRY_731992a46c7dd8525c17,2026-08-10,,2026-08-16T13:48:42+00:00,BaoStock query_stock_industry,observation,medium
MEMBERSHIP_41e84b26614254c21b54,CNINFO_ORG_9900034447,INDUSTRY_35fe091671cdb8d5f5e0,2026-08-10,,2026-08-16T13:48:42+00:00,BaoStock query_stock_industry,observation,medium
MEMBERSHIP_276e76a6d221784c0f89,CNINFO_ORG_9900041453,INDUSTRY_35fe091671cdb8d5f5e0,2026-08-10,,2026-08-16T13:48:42+00:00,BaoStock query_stock_industry,observation,medium
MEMBERSHIP_72661b67a4ae798cfb3b,CNINFO_ORG_gfbj0835710,INDUSTRY_3875d79da62b4dff67e8,2026-08-10,,2026-08-16T13:48:42+00:00,BaoStock query_stock_industry,observation,medium
MEMBERSHIP_77cad7a6e9e67a7fc47a,CNINFO_ORG_gfbj0839450,INDUSTRY_b90e93f47f56746b9938,2026-08-10,,2026-08-16T13:48:42+00:00,BaoStock query_stock_industry,observation,medium
MEMBERSHIP_f55549bd9c03c2c85d96,CNINFO_ORG_nssc1000546,INDUSTRY_35fe091671cdb8d5f5e0,2026-08-10,,2026-08-16T13:48:42+00:00,BaoStock query_stock_industry,observation,medium
MEMBERSHIP_e6ade33eb94aad4d983c,CNINFO_ORG_9900041497,INDUSTRY_3875d79da62b4dff67e8,2026-08-10,,2026-08-16T13:48:42+00:00,BaoStock query_stock_industry,observation,medium
MEMBERSHIP_d01e4df3b462386bd180,CNINFO_ORG_gfbj0837380,INDUSTRY_af522b5025b7206d78cb,2026-08-10,,2026-08-16T13:48:42+00:00,BaoStock query_stock_industry,observation,medium
MEMBERSHIP_cb549f8c7c33d34a468a,CNINFO_ORG_9900043696,INDUSTRY_af522b5025b7206d78cb,2026-08-10,,2026-08-16T13:48:42+00:00,BaoStock query_stock_industry,observation,medium
MEMBERSHIP_7ee1b9cac56228db1514,CNINFO_ORG_nssc1000255,INDUSTRY_af522b5025b7206d78cb,2026-08-10,,2026-08-16T13:48:42+00:00,BaoStock query_stock_industry,observation,medium
MEMBERSHIP_b3ed18c5fd366b0d6aa0,CNINFO_ORG_nssc1000648,INDUSTRY_731992a46c7dd8525c17,2026-08-10,,2026-08-16T13:48:42+00:00,BaoStock query_stock_industry,observation,medium
MEMBERSHIP_c1cd10bf65cc57f2655f,CNINFO_ORG_9900039661,INDUSTRY_e7fb954d2ab5bf5bc733,2026-08-10,,2026-08-16T13:48:42+00:00,BaoStock query_stock_industry,observation,medium
MEMBERSHIP_b3afdf815eaff09d032d,CNINFO_ORG_gfbj0833879,INDUSTRY_be6d1ff74018fda3a9a4,2026-08-10,,2026-08-16T13:48:42+00:00,BaoStock query_stock_industry,observation,medium
MEMBERSHIP_2060d619e317a085d3ef,CNINFO_ORG_DR0000034,INDUSTRY_90d9ee5bdc1ee446fff0,2026-08-10,,2026-08-16T13:48:42+00:00,BaoStock query_stock_industry,observation,medium
MEMBERSHIP_43bd08d55fbfa1bba534,CNINFO_ORG_9900023025,INDUSTRY_90d9ee5bdc1ee446fff0,2026-08-10,,2026-08-16T13:48:42+00:00,BaoStock query_stock_industry,observation,medium
MEMBERSHIP_2f8527bc642a87b3c533,CNINFO_ORG_9900041433,INDUSTRY_35fe091671cdb8d5f5e0,2026-08-10,,2026-08-16T13:48:42+00:00,BaoStock query_stock_industry,observation,medium
MEMBERSHIP_f32e41d972e39b3a21c0,CNINFO_ORG_9900045996,INDUSTRY_90d9ee5bdc1ee446fff0,2026-08-10,,2026-08-16T13:48:42+00:00,BaoStock query_stock_industry,observation,medium
MEMBERSHIP_84f6567bd9757fe8702d,CNINFO_ORG_9900036554,INDUSTRY_17cf2674a1f785e3272e,2026-08-10,,2026-08-16T13:48:42+00:00,BaoStock query_stock_industry,observation,medium
MEMBERSHIP_413c50d56911bec8d389,CNINFO_ORG_nssc1000736,INDUSTRY_f07066d9ed35c8253165,2026-08-10,,2026-08-16T13:48:42+00:00,BaoStock query_stock_industry,observation,medium
MEMBERSHIP_0c44fb374e4dc7c4b739,CNINFO_ORG_nssc1000821,INDUSTRY_ad86b4a2a3856ba2d571,2026-08-10,,2026-08-16T13:48:42+00:00,BaoStock query_stock_industry,observation,medium
MEMBERSHIP_6fda3f0993b1e7b1d44d,CNINFO_ORG_nssc1000541,INDUSTRY_ee9bbaf36a819df8934d,2026-08-10,,2026-08-16T13:48:42+00:00,BaoStock query_stock_industry,observation,medium
MEMBERSHIP_a5ea53bc314b0bdfb48a,CNINFO_ORG_9900045155,INDUSTRY_90d9ee5bdc1ee446fff0,2026-08-10,,2026-08-16T13:48:42+00:00,BaoStock query_stock_industry,observation,medium
MEMBERSHIP_f22c0e543ce716e4d74a,CNINFO_ORG_9900039779,INDUSTRY_90d9ee5bdc1ee446fff0,2026-08-10,,2026-08-16T13:48:42+00:00,BaoStock query_stock_industry,observation,medium
MEMBERSHIP_3a491df07a7dee95702e,CNINFO_ORG_9900041880,INDUSTRY_979f61913dc6006fe56d,2026-08-10,,2026-08-16T13:48:42+00:00,BaoStock query_stock_industry,observation,medium
MEMBERSHIP_62197db90dd35c5c778f,CNINFO_ORG_9900041890,INDUSTRY_3875d79da62b4dff67e8,2026-08-10,,2026-08-16T13:48:42+00:00,BaoStock query_stock_industry,observation,medium
MEMBERSHIP_de2dc46da9f1ecee6466,CNINFO_ORG_9900041902,INDUSTRY_be6d1ff74018fda3a9a4,2026-08-10,,2026-08-16T13:48:42+00:00,BaoStock query_stock_industry,observation,medium
MEMBERSHIP_2eed21307f79ac349594,CNINFO_ORG_9900041886,INDUSTRY_35fe091671cdb8d5f5e0,2026-08-10,,2026-08-16T13:48:42+00:00,BaoStock query_stock_industry,observation,medium
MEMBERSHIP_16ea2d53ef13637e3a55,CNINFO_ORG_gfbj0831444,INDUSTRY_c6634e4fb00885448aae,2026-08-10,,2026-08-16T13:48:42+00:00,BaoStock query_stock_industry,observation,medium
MEMBERSHIP_80b20777f384033fc408,CNINFO_ORG_nssc1000622,INDUSTRY_731992a46c7dd8525c17,2026-08-10,,2026-08-16T13:48:42+00:00,BaoStock query_stock_industry,observation,medium
MEMBERSHIP_42f0566134699786655d,CNINFO_ORG_nssc1000589,INDUSTRY_af522b5025b7206d78cb,2026-08-10,,2026-08-16T13:48:42+00:00,BaoStock query_stock_industry,observation,medium
MEMBERSHIP_3c7f19964f0541731b3b,CNINFO_ORG_gfbj0834753,INDUSTRY_8c865bedc2ef9574d2e5,2026-08-10,,2026-08-16T13:48:42+00:00,BaoStock query_stock_industry,observation,medium
MEMBERSHIP_9a35110ca3536cfd2fb6,CNINFO_ORG_9900044815,INDUSTRY_1ed3dfcfe2bd74cd71b3,2026-08-10,,2026-08-16T13:48:42+00:00,BaoStock query_stock_industry,observation,medium
MEMBERSHIP_6927e7bbff1221d054f8,CNINFO_ORG_gfbj0830970,INDUSTRY_ee7eb75e38ebcde947a9,2026-08-10,,2026-08-16T13:48:42+00:00,BaoStock query_stock_industry,observation,medium
MEMBERSHIP_a063d29994c331b4e07b,CNINFO_ORG_nssc1000542,INDUSTRY_be6d1ff74018fda3a9a4,2026-08-10,,2026-08-16T13:48:42+00:00,BaoStock query_stock_industry,observation,medium
MEMBERSHIP_6ba29a393889c3059c7d,CNINFO_ORG_9900041918,INDUSTRY_af522b5025b7206d78cb,2026-08-10,,2026-08-16T13:48:42+00:00,BaoStock query_stock_industry,observation,medium
MEMBERSHIP_2dc2a707e32ab49c0c0c,CNINFO_ORG_9900041879,INDUSTRY_857cc70f4407799bbfbc,2026-08-10,,2026-08-16T13:48:42+00:00,BaoStock query_stock_industry,observation,medium
MEMBERSHIP_18ced4456f4e87368a75,CNINFO_ORG_gfbj0870903,INDUSTRY_90d9ee5bdc1ee446fff0,2026-08-10,,2026-08-16T13:48:42+00:00,BaoStock query_stock_industry,observation,medium
MEMBERSHIP_462b87e4c0819396d78f,CNINFO_ORG_9900039846,INDUSTRY_2c3b8b7969b736730fe1,2026-08-10,,2026-08-16T13:48:42+00:00,BaoStock query_stock_industry,observation,medium
MEMBERSHIP_a1cd7d10502181795260,CNINFO_ORG_gfbj0839711,INDUSTRY_af522b5025b7206d78cb,2026-08-10,,2026-08-16T13:48:42+00:00,BaoStock query_stock_industry,observation,medium
MEMBERSHIP_972c76467e7b4b7043ea,CNINFO_ORG_gfbj0832365,INDUSTRY_35fe091671cdb8d5f5e0,2026-08-10,,2026-08-16T13:48:42+00:00,BaoStock query_stock_industry,observation,medium
MEMBERSHIP_73ae83b9ee053ee6588d,CNINFO_ORG_fzqy1028970,INDUSTRY_7063d42ae24daea94a9c,2026-08-10,,2026-08-16T13:48:42+00:00,BaoStock query_stock_industry,observation,medium
MEMBERSHIP_7b0c3dc9d0ec30d24296,CNINFO_ORG_nssc1000565,INDUSTRY_e7fb954d2ab5bf5bc733,2026-08-10,,2026-08-16T13:48:42+00:00,BaoStock query_stock_industry,observation,medium
MEMBERSHIP_94d61959730e613df2a0,CNINFO_ORG_gfbj0835939,INDUSTRY_1d3ab83e303b9057212b,2026-08-10,,2026-08-16T13:48:42+00:00,BaoStock query_stock_industry,observation,medium
MEMBERSHIP_e828d6cdd830f98629ae,CNINFO_ORG_nssc1000735,INDUSTRY_eb1bb5863556657a5ed0,2026-08-10,,2026-08-16T13:48:42+00:00,BaoStock query_stock_industry,observation,medium
MEMBERSHIP_27f94a56344f5f1f7ea3,CNINFO_ORG_gfbj0834991,INDUSTRY_af522b5025b7206d78cb,2026-08-10,,2026-08-16T13:48:42+00:00,BaoStock query_stock_industry,observation,medium
MEMBERSHIP_28e354ed69fb4654b155,CNINFO_ORG_gfbj0837102,INDUSTRY_af522b5025b7206d78cb,2026-08-10,,2026-08-16T13:48:42+00:00,BaoStock query_stock_industry,observation,medium
MEMBERSHIP_4d0f56478bc8dd4b5b7d,CNINFO_ORG_gfbj0839843,INDUSTRY_4fb51c32200208ed64a8,2026-08-10,,2026-08-16T13:48:42+00:00,BaoStock query_stock_industry,observation,medium
MEMBERSHIP_389fc7f5fe623ddc5c79,CNINFO_ORG_9900023822,INDUSTRY_35fe091671cdb8d5f5e0,2026-08-10,,2026-08-16T13:48:42+00:00,BaoStock query_stock_industry,observation,medium
MEMBERSHIP_77c5be21901ed8937f8b,CNINFO_ORG_nssc1000848,INDUSTRY_f07066d9ed35c8253165,2026-08-10,,2026-08-16T13:48:42+00:00,BaoStock query_stock_industry,observation,medium
MEMBERSHIP_2a1b9a02c8720edeeb3d,CNINFO_ORG_9900041947,INDUSTRY_3875d79da62b4dff67e8,2026-08-10,,2026-08-16T13:48:42+00:00,BaoStock query_stock_industry,observation,medium
MEMBERSHIP_ebdec17c137822a60f81,CNINFO_ORG_gfbj0833131,INDUSTRY_b90e93f47f56746b9938,2026-08-10,,2026-08-16T13:48:42+00:00,BaoStock query_stock_industry,observation,medium
MEMBERSHIP_5c331553a5549cc8b82f,CNINFO_ORG_gfbj0836282,INDUSTRY_3875d79da62b4dff67e8,2026-08-10,,2026-08-16T13:48:42+00:00,BaoStock query_stock_industry,observation,medium
MEMBERSHIP_7e5192d33e17929e1656,CNINFO_ORG_nssc1000370,INDUSTRY_fcb657f75803ca816490,2026-08-10,,2026-08-16T13:48:42+00:00,BaoStock query_stock_industry,observation,medium
MEMBERSHIP_d3ac5084ac356cbab162,CNINFO_ORG_9900046519,INDUSTRY_90d9ee5bdc1ee446fff0,2026-08-10,,2026-08-16T13:48:42+00:00,BaoStock query_stock_industry,observation,medium
MEMBERSHIP_1aada8ef0272109f1d9f,CNINFO_ORG_nssc1000611,INDUSTRY_3875d79da62b4dff67e8,2026-08-10,,2026-08-16T13:48:42+00:00,BaoStock query_stock_industry,observation,medium
MEMBERSHIP_ef7fc1dc4f7cb0c18082,CNINFO_ORG_nssc1000523,INDUSTRY_4fb51c32200208ed64a8,2026-08-10,,2026-08-16T13:48:42+00:00,BaoStock query_stock_industry,observation,medium
MEMBERSHIP_a7153d101420df00c75d,CNINFO_ORG_gfbj0831508,INDUSTRY_eb1bb5863556657a5ed0,2026-08-10,,2026-08-16T13:48:42+00:00,BaoStock query_stock_industry,observation,medium
MEMBERSHIP_95ab407feda12f359371,CNINFO_ORG_nssc1000624,INDUSTRY_af522b5025b7206d78cb,2026-08-10,,2026-08-16T13:48:42+00:00,BaoStock query_stock_industry,observation,medium
MEMBERSHIP_0fd2d8a7ae6c5ee13a46,CNINFO_ORG_nssc1000642,INDUSTRY_731992a46c7dd8525c17,2026-08-10,,2026-08-16T13:48:42+00:00,BaoStock query_stock_industry,observation,medium
MEMBERSHIP_9b845f2aa8af89e93d34,CNINFO_ORG_gfbj0837767,INDUSTRY_af522b5025b7206d78cb,2026-08-10,,2026-08-16T13:48:42+00:00,BaoStock query_stock_industry,observation,medium
MEMBERSHIP_3b08580f03f9ffecf092,CNINFO_ORG_fzqy1030336,INDUSTRY_eb1bb5863556657a5ed0,2026-08-10,,2026-08-16T13:48:42+00:00,BaoStock query_stock_industry,observation,medium
MEMBERSHIP_95a6fa4a9b47585592ba,CNINFO_ORG_9900052544,INDUSTRY_fcb657f75803ca816490,2026-08-10,,2026-08-16T13:48:42+00:00,BaoStock query_stock_industry,observation,medium
MEMBERSHIP_0854b5eae428a8a4c55d,CNINFO_ORG_gfbj0837332,INDUSTRY_f07066d9ed35c8253165,2026-08-10,,2026-08-16T13:48:42+00:00,BaoStock query_stock_industry,observation,medium
MEMBERSHIP_19a66f90b1f0b0355285,CNINFO_ORG_9900035164,INDUSTRY_3875d79da62b4dff67e8,2026-08-10,,2026-08-16T13:48:42+00:00,BaoStock query_stock_industry,observation,medium
MEMBERSHIP_6e61bde2e44fa1c074b7,CNINFO_ORG_9900039827,INDUSTRY_17cf2674a1f785e3272e,2026-08-10,,2026-08-16T13:48:42+00:00,BaoStock query_stock_industry,observation,medium
MEMBERSHIP_06a4e7e18a3d332358f0,CNINFO_ORG_nssc1000560,INDUSTRY_8c865bedc2ef9574d2e5,2026-08-10,,2026-08-16T13:48:42+00:00,BaoStock query_stock_industry,observation,medium
MEMBERSHIP_72bb1f4e506d0089bbb1,CNINFO_ORG_9900041644,INDUSTRY_af522b5025b7206d78cb,2026-08-10,,2026-08-16T13:48:42+00:00,BaoStock query_stock_industry,observation,medium
MEMBERSHIP_56470f640206c250c710,CNINFO_ORG_nssc1000579,INDUSTRY_3875d79da62b4dff67e8,2026-08-10,,2026-08-16T13:48:42+00:00,BaoStock query_stock_industry,observation,medium
MEMBERSHIP_60390e2f079f851744a2,CNINFO_ORG_9900023678,INDUSTRY_91e10380fe1770769bdb,2026-08-10,,2026-08-16T13:48:42+00:00,BaoStock query_stock_industry,observation,medium
MEMBERSHIP_836230e931deccb65cf6,CNINFO_ORG_9900041641,INDUSTRY_dfb3dd085310dba8a2e0,2026-08-10,,2026-08-16T13:48:42+00:00,BaoStock query_stock_industry,observation,medium
MEMBERSHIP_5410f38649b1a5dc613e,CNINFO_ORG_9900041460,INDUSTRY_35fe091671cdb8d5f5e0,2026-08-10,,2026-08-16T13:48:42+00:00,BaoStock query_stock_industry,observation,medium
MEMBERSHIP_ffd43f60858a6a6d665b,CNINFO_ORG_9900032634,INDUSTRY_90d9ee5bdc1ee446fff0,2026-08-10,,2026-08-16T13:48:42+00:00,BaoStock query_stock_industry,observation,medium
MEMBERSHIP_762dc7deb70722b479a4,CNINFO_ORG_gfbj0870156,INDUSTRY_35fe091671cdb8d5f5e0,2026-08-10,,2026-08-16T13:48:42+00:00,BaoStock query_stock_industry,observation,medium
MEMBERSHIP_6ff950a3c8d507298e21,CNINFO_ORG_9900041541,INDUSTRY_af522b5025b7206d78cb,2026-08-10,,2026-08-16T13:48:42+00:00,BaoStock query_stock_industry,observation,medium
MEMBERSHIP_71049863c8f6f61c9773,CNINFO_ORG_gfbj0872664,INDUSTRY_ee9bbaf36a819df8934d,2026-08-10,,2026-08-16T13:48:42+00:00,BaoStock query_stock_industry,observation,medium
MEMBERSHIP_0760954f03e41c21528a,CNINFO_ORG_9900041485,INDUSTRY_9f7679f9ad900c7a65d2,2026-08-10,,2026-08-16T13:48:42+00:00,BaoStock query_stock_industry,observation,medium
MEMBERSHIP_3a49d680c9dbdff6afaa,CNINFO_ORG_9900041428,INDUSTRY_eb1bb5863556657a5ed0,2026-08-10,,2026-08-16T13:48:42+00:00,BaoStock query_stock_industry,observation,medium
MEMBERSHIP_e995c967d6c8814f119a,CNINFO_ORG_9900041495,INDUSTRY_3875d79da62b4dff67e8,2026-08-10,,2026-08-16T13:48:42+00:00,BaoStock query_stock_industry,observation,medium
MEMBERSHIP_f6ba677eaa206c3d565e,CNINFO_ORG_gfbj0836227,INDUSTRY_1ed3dfcfe2bd74cd71b3,2026-08-10,,2026-08-16T13:48:42+00:00,BaoStock query_stock_industry,observation,medium
MEMBERSHIP_f97380243b2a7e978eef,CNINFO_ORG_gfbj0834049,INDUSTRY_731992a46c7dd8525c17,2026-08-10,,2026-08-16T13:48:42+00:00,BaoStock query_stock_industry,observation,medium
MEMBERSHIP_133568ddca5eae2dab77,CNINFO_ORG_9900028946,INDUSTRY_06f2dd83830b4e6e7446,2026-08-10,,2026-08-16T13:48:42+00:00,BaoStock query_stock_industry,observation,medium
MEMBERSHIP_e76ecbb04b1b0dec2d42,CNINFO_ORG_gfbj0837884,INDUSTRY_fcb657f75803ca816490,2026-08-10,,2026-08-16T13:48:42+00:00,BaoStock query_stock_industry,observation,medium
MEMBERSHIP_6b17ad97d7486a7142da,CNINFO_ORG_gfbj0831359,INDUSTRY_af522b5025b7206d78cb,2026-08-10,,2026-08-16T13:48:42+00:00,BaoStock query_stock_industry,observation,medium
MEMBERSHIP_22db65b6cc20ef23fd30,CNINFO_ORG_nssc1000101,INDUSTRY_e7fb954d2ab5bf5bc733,2026-08-10,,2026-08-16T13:48:42+00:00,BaoStock query_stock_industry,observation,medium
MEMBERSHIP_b0d929095d549354de58,CNINFO_ORG_9900023806,INDUSTRY_b90e93f47f56746b9938,2026-08-10,,2026-08-16T13:48:42+00:00,BaoStock query_stock_industry,observation,medium
MEMBERSHIP_1e2ae949daa8acb15ed1,CNINFO_ORG_9900046816,INDUSTRY_b90e93f47f56746b9938,2026-08-10,,2026-08-16T13:48:42+00:00,BaoStock query_stock_industry,observation,medium
MEMBERSHIP_3e66d04f2e3515b3801f,CNINFO_ORG_9900046618,INDUSTRY_3875d79da62b4dff67e8,2026-08-10,,2026-08-16T13:48:42+00:00,BaoStock query_stock_industry,observation,medium
MEMBERSHIP_c799fe279e1edcbf7fe0,CNINFO_ORG_nssc1000522,INDUSTRY_90d9ee5bdc1ee446fff0,2026-08-10,,2026-08-16T13:48:42+00:00,BaoStock query_stock_industry,observation,medium
MEMBERSHIP_59fe5a4bd03c882ae8aa,CNINFO_ORG_9900047975,INDUSTRY_35fe091671cdb8d5f5e0,2026-08-10,,2026-08-16T13:48:42+00:00,BaoStock query_stock_industry,observation,medium
MEMBERSHIP_10c83e25765b5ac7ded2,CNINFO_ORG_gfbj0832098,INDUSTRY_4fb51c32200208ed64a8,2026-08-10,,2026-08-16T13:48:42+00:00,BaoStock query_stock_industry,observation,medium
MEMBERSHIP_c9f6b48e5745455316cf,CNINFO_ORG_gfbj0831713,INDUSTRY_7f6973b5c1a2122e9e27,2026-08-10,,2026-08-16T13:48:42+00:00,BaoStock query_stock_industry,observation,medium
MEMBERSHIP_f4ed0b002460c1335433,CNINFO_ORG_nssc1000397,INDUSTRY_3875d79da62b4dff67e8,2026-08-10,,2026-08-16T13:48:42+00:00,BaoStock query_stock_industry,observation,medium
MEMBERSHIP_fbed0af96f83a19e93b8,CNINFO_ORG_9900041357,INDUSTRY_735889820fa0518be404,2026-08-10,,2026-08-16T13:48:42+00:00,BaoStock query_stock_industry,observation,medium
MEMBERSHIP_48da40e9720a3ce7aeed,CNINFO_ORG_9900024936,INDUSTRY_eb1bb5863556657a5ed0,2026-08-10,,2026-08-16T13:48:42+00:00,BaoStock query_stock_industry,observation,medium
MEMBERSHIP_d006eaacf4d8419f8299,CNINFO_ORG_gfbj0839141,INDUSTRY_b62fae243f391f69617b,2026-08-10,,2026-08-16T13:48:42+00:00,BaoStock query_stock_industry,observation,medium
MEMBERSHIP_3515e4275ad5c8263b5c,CNINFO_ORG_nssc1000267,INDUSTRY_90d9ee5bdc1ee446fff0,2026-08-10,,2026-08-16T13:48:42+00:00,BaoStock query_stock_industry,observation,medium
MEMBERSHIP_1b71022487ba2888a554,CNINFO_ORG_9900041500,INDUSTRY_e7fb954d2ab5bf5bc733,2026-08-10,,2026-08-16T13:48:42+00:00,BaoStock query_stock_industry,observation,medium
MEMBERSHIP_58030ba484fe98fc44d8,CNINFO_ORG_gfbj0833635,INDUSTRY_90d9ee5bdc1ee446fff0,2026-08-10,,2026-08-16T13:48:42+00:00,BaoStock query_stock_industry,observation,medium
MEMBERSHIP_404f8a2c1537320f0325,CNINFO_ORG_nssc1000631,INDUSTRY_731992a46c7dd8525c17,2026-08-10,,2026-08-16T13:48:42+00:00,BaoStock query_stock_industry,observation,medium
MEMBERSHIP_ecb48df2f758aba88890,CNINFO_ORG_nssc1000582,INDUSTRY_be6d1ff74018fda3a9a4,2026-08-10,,2026-08-16T13:48:42+00:00,BaoStock query_stock_industry,observation,medium
MEMBERSHIP_5608c954a17464128b24,CNINFO_ORG_9900045995,INDUSTRY_3875d79da62b4dff67e8,2026-08-10,,2026-08-16T13:48:42+00:00,BaoStock query_stock_industry,observation,medium
MEMBERSHIP_b4f1aeef77b6a36aac8b,CNINFO_ORG_gfbj0834034,INDUSTRY_fcb657f75803ca816490,2026-08-10,,2026-08-16T13:48:42+00:00,BaoStock query_stock_industry,observation,medium
MEMBERSHIP_da810f25c28616ac2d6f,CNINFO_ORG_9900052540,INDUSTRY_90d9ee5bdc1ee446fff0,2026-08-10,,2026-08-16T13:48:42+00:00,BaoStock query_stock_industry,observation,medium
MEMBERSHIP_518144e8f98d20185287,CNINFO_ORG_gfbj0837722,INDUSTRY_ee9bbaf36a819df8934d,2026-08-10,,2026-08-16T13:48:42+00:00,BaoStock query_stock_industry,observation,medium
MEMBERSHIP_696254b04711eb293186,CNINFO_ORG_gfbj0839122,INDUSTRY_af522b5025b7206d78cb,2026-08-10,,2026-08-16T13:48:42+00:00,BaoStock query_stock_industry,observation,medium
MEMBERSHIP_2c4880b072afaaa31aef,CNINFO_ORG_gfbj0870206,INDUSTRY_90d9ee5bdc1ee446fff0,2026-08-10,,2026-08-16T13:48:42+00:00,BaoStock query_stock_industry,observation,medium
MEMBERSHIP_c0d0ec113defeb6e6044,CNINFO_ORG_9900047375,INDUSTRY_35fe091671cdb8d5f5e0,2026-08-10,,2026-08-16T13:48:42+00:00,BaoStock query_stock_industry,observation,medium
MEMBERSHIP_6502cf25f4c18e4ce09e,CNINFO_ORG_gfbj0833757,INDUSTRY_90d9ee5bdc1ee446fff0,2026-08-10,,2026-08-16T13:48:42+00:00,BaoStock query_stock_industry,observation,medium
MEMBERSHIP_c8bb4083cac4d953a3e4,CNINFO_ORG_9900031709,INDUSTRY_fcb657f75803ca816490,2026-08-10,,2026-08-16T13:48:42+00:00,BaoStock query_stock_industry,observation,medium
MEMBERSHIP_2b694568abe0e298fb62,CNINFO_ORG_9900047535,INDUSTRY_b90e93f47f56746b9938,2026-08-10,,2026-08-16T13:48:42+00:00,BaoStock query_stock_industry,observation,medium
MEMBERSHIP_52c49a5ec4125af471ee,CNINFO_ORG_gfbj0873489,INDUSTRY_34765f16a5c28d382e0e,2026-08-10,,2026-08-16T13:48:42+00:00,BaoStock query_stock_industry,observation,medium
MEMBERSHIP_2c45d89ad2a7d08b337f,CNINFO_ORG_9900048367,INDUSTRY_90d9ee5bdc1ee446fff0,2026-08-10,,2026-08-16T13:48:42+00:00,BaoStock query_stock_industry,observation,medium
MEMBERSHIP_79344f02035e9f9257bc,CNINFO_ORG_gfbj0872731,INDUSTRY_3875d79da62b4dff67e8,2026-08-10,,2026-08-16T13:48:42+00:00,BaoStock query_stock_industry,observation,medium
MEMBERSHIP_560366c2d3f64aa18dd8,CNINFO_ORG_nssc1000525,INDUSTRY_fcb657f75803ca816490,2026-08-10,,2026-08-16T13:48:42+00:00,BaoStock query_stock_industry,observation,medium
MEMBERSHIP_06be171fdc23227bb4c0,CNINFO_ORG_gfbj0838455,INDUSTRY_be6d1ff74018fda3a9a4,2026-08-10,,2026-08-16T13:48:42+00:00,BaoStock query_stock_industry,observation,medium
MEMBERSHIP_28423d569c8ed481adca,CNINFO_ORG_nssc1000828,INDUSTRY_b62fae243f391f69617b,2026-08-10,,2026-08-16T13:48:42+00:00,BaoStock query_stock_industry,observation,medium
MEMBERSHIP_83353661bb3f0a68c94b,CNINFO_ORG_9900041377,INDUSTRY_fcb657f75803ca816490,2026-08-10,,2026-08-16T13:48:42+00:00,BaoStock query_stock_industry,observation,medium
MEMBERSHIP_2fac418f06b7d483e13b,CNINFO_ORG_nssc1000373,INDUSTRY_be6d1ff74018fda3a9a4,2026-08-10,,2026-08-16T13:48:42+00:00,BaoStock query_stock_industry,observation,medium
MEMBERSHIP_4986bb79191495a6f44e,CNINFO_ORG_nssc1000760,INDUSTRY_90d9ee5bdc1ee446fff0,2026-08-10,,2026-08-16T13:48:42+00:00,BaoStock query_stock_industry,observation,medium
MEMBERSHIP_05e1cffb8dd1fbaa2a2a,CNINFO_ORG_gfbj0837209,INDUSTRY_8c865bedc2ef9574d2e5,2026-08-10,,2026-08-16T13:48:42+00:00,BaoStock query_stock_industry,observation,medium
MEMBERSHIP_af3feeff1d5fd5fbf9bb,CNINFO_ORG_9900041544,INDUSTRY_731992a46c7dd8525c17,2026-08-10,,2026-08-16T13:48:42+00:00,BaoStock query_stock_industry,observation,medium
MEMBERSHIP_145cfc393653bbd47b78,CNINFO_ORG_gfbj0833666,INDUSTRY_b90e93f47f56746b9938,2026-08-10,,2026-08-16T13:48:42+00:00,BaoStock query_stock_industry,observation,medium
MEMBERSHIP_0ee4a0298c5939f500db,CNINFO_ORG_gfbj0870941,INDUSTRY_91e10380fe1770769bdb,2026-08-10,,2026-08-16T13:48:42+00:00,BaoStock query_stock_industry,observation,medium
MEMBERSHIP_6284f9196e0ae5f8db2c,CNINFO_ORG_9900048055,INDUSTRY_e7fb954d2ab5bf5bc733,2026-08-10,,2026-08-16T13:48:42+00:00,BaoStock query_stock_industry,observation,medium
MEMBERSHIP_246e84db72b12594c4e1,CNINFO_ORG_9900026920,INDUSTRY_9f7679f9ad900c7a65d2,2026-08-10,,2026-08-16T13:48:42+00:00,BaoStock query_stock_industry,observation,medium
MEMBERSHIP_d4d576336e3681714c01,CNINFO_ORG_gfbj0836106,INDUSTRY_fcb657f75803ca816490,2026-08-10,,2026-08-16T13:48:42+00:00,BaoStock query_stock_industry,observation,medium
MEMBERSHIP_96aef9ec78e1027d2d31,CNINFO_ORG_9900059157,INDUSTRY_e7fb954d2ab5bf5bc733,2026-08-10,,2026-08-16T13:48:42+00:00,BaoStock query_stock_industry,observation,medium
MEMBERSHIP_ed2e8452a70203352ad2,CNINFO_ORG_nssc1000852,INDUSTRY_1233924bed568c1b168b,2026-08-10,,2026-08-16T13:48:42+00:00,BaoStock query_stock_industry,observation,medium
MEMBERSHIP_a607e06f46ec5dbdb30d,CNINFO_ORG_9900041624,INDUSTRY_90d9ee5bdc1ee446fff0,2026-08-10,,2026-08-16T13:48:42+00:00,BaoStock query_stock_industry,observation,medium
MEMBERSHIP_911677239db1f979a91d,CNINFO_ORG_nssc1000413,INDUSTRY_4fb51c32200208ed64a8,2026-08-10,,2026-08-16T13:48:42+00:00,BaoStock query_stock_industry,observation,medium
MEMBERSHIP_bcf89d4253c7e77d401d,CNINFO_ORG_gfbj0835666,INDUSTRY_fcb657f75803ca816490,2026-08-10,,2026-08-16T13:48:42+00:00,BaoStock query_stock_industry,observation,medium
MEMBERSHIP_9adf4ad8fa2b92571231,CNINFO_ORG_nssc1000374,INDUSTRY_fcb657f75803ca816490,2026-08-10,,2026-08-16T13:48:42+00:00,BaoStock query_stock_industry,observation,medium
MEMBERSHIP_1a69764593cfeb9968d0,CNINFO_ORG_nssc1000562,INDUSTRY_90d9ee5bdc1ee446fff0,2026-08-10,,2026-08-16T13:48:42+00:00,BaoStock query_stock_industry,observation,medium
MEMBERSHIP_6fbe800a8e5aca559b02,CNINFO_ORG_nssc1000192,INDUSTRY_e7fb954d2ab5bf5bc733,2026-08-10,,2026-08-16T13:48:42+00:00,BaoStock query_stock_industry,observation,medium
MEMBERSHIP_fc6a11b93e8297a52cd2,CNINFO_ORG_9900041529,INDUSTRY_90d9ee5bdc1ee446fff0,2026-08-10,,2026-08-16T13:48:42+00:00,BaoStock query_stock_industry,observation,medium
MEMBERSHIP_7b7cb78faa50e71d8251,CNINFO_ORG_9900039374,INDUSTRY_90d9ee5bdc1ee446fff0,2026-08-10,,2026-08-16T13:48:42+00:00,BaoStock query_stock_industry,observation,medium
MEMBERSHIP_5de8df5a230546de7ec3,CNINFO_ORG_gfbj0839737,INDUSTRY_fcb657f75803ca816490,2026-08-10,,2026-08-16T13:48:42+00:00,BaoStock query_stock_industry,observation,medium
MEMBERSHIP_470b8feed3b660b6ef5f,CNINFO_ORG_9900036363,INDUSTRY_3875d79da62b4dff67e8,2026-08-10,,2026-08-16T13:48:42+00:00,BaoStock query_stock_industry,observation,medium
MEMBERSHIP_b0586e1b410d8faa663f,CNINFO_ORG_nssc1000463,INDUSTRY_b90e93f47f56746b9938,2026-08-10,,2026-08-16T13:48:42+00:00,BaoStock query_stock_industry,observation,medium
MEMBERSHIP_4069b93f876cb5e19f8d,CNINFO_ORG_gfbj0833017,INDUSTRY_7063d42ae24daea94a9c,2026-08-10,,2026-08-16T13:48:42+00:00,BaoStock query_stock_industry,observation,medium
MEMBERSHIP_05e754cbc7f968861992,CNINFO_ORG_gfbj0870575,INDUSTRY_90d9ee5bdc1ee446fff0,2026-08-10,,2026-08-16T13:48:42+00:00,BaoStock query_stock_industry,observation,medium
MEMBERSHIP_ba66f497ee81769bd038,CNINFO_ORG_gfbj0871838,INDUSTRY_af522b5025b7206d78cb,2026-08-10,,2026-08-16T13:48:42+00:00,BaoStock query_stock_industry,observation,medium
MEMBERSHIP_60ed82dcd0bdf6f76a75,CNINFO_ORG_9900036056,INDUSTRY_90d9ee5bdc1ee446fff0,2026-08-10,,2026-08-16T13:48:42+00:00,BaoStock query_stock_industry,observation,medium
MEMBERSHIP_da972eff142b1a795233,CNINFO_ORG_gfbj0833874,INDUSTRY_e7fb954d2ab5bf5bc733,2026-08-10,,2026-08-16T13:48:42+00:00,BaoStock query_stock_industry,observation,medium
MEMBERSHIP_7e05b4d1f716ded724d3,CNINFO_ORG_nssc1000147,INDUSTRY_b62fae243f391f69617b,2026-08-10,,2026-08-16T13:48:42+00:00,BaoStock query_stock_industry,observation,medium
MEMBERSHIP_670989500a454b1aaa89,CNINFO_ORG_9900047322,INDUSTRY_fcb657f75803ca816490,2026-08-10,,2026-08-16T13:48:42+00:00,BaoStock query_stock_industry,observation,medium
MEMBERSHIP_0ad99b08c22f3a4a56b9,CNINFO_ORG_nssc1000723,INDUSTRY_b62fae243f391f69617b,2026-08-10,,2026-08-16T13:48:42+00:00,BaoStock query_stock_industry,observation,medium
MEMBERSHIP_b6b3c0d7b20f6e2d8b5a,CNINFO_ORG_gfbj0836391,INDUSTRY_fcb657f75803ca816490,2026-08-10,,2026-08-16T13:48:42+00:00,BaoStock query_stock_industry,observation,medium
MEMBERSHIP_ba78d5d1dfc2356df9e7,CNINFO_ORG_gfbj0870910,INDUSTRY_b62fae243f391f69617b,2026-08-10,,2026-08-16T13:48:42+00:00,BaoStock query_stock_industry,observation,medium
MEMBERSHIP_1da03ea89a0de89221bc,CNINFO_ORG_9900039834,INDUSTRY_3875d79da62b4dff67e8,2026-08-10,,2026-08-16T13:48:42+00:00,BaoStock query_stock_industry,observation,medium
MEMBERSHIP_65f8a7083b13bc233163,CNINFO_ORG_9900048802,INDUSTRY_3875d79da62b4dff67e8,2026-08-10,,2026-08-16T13:48:42+00:00,BaoStock query_stock_industry,observation,medium
MEMBERSHIP_9b2e75636472609a0633,CNINFO_ORG_9900023683,INDUSTRY_eb1bb5863556657a5ed0,2026-08-10,,2026-08-16T13:48:42+00:00,BaoStock query_stock_industry,observation,medium
MEMBERSHIP_951250730603bcf3e2ef,CNINFO_ORG_gfbj0835569,INDUSTRY_be6d1ff74018fda3a9a4,2026-08-10,,2026-08-16T13:48:42+00:00,BaoStock query_stock_industry,observation,medium
MEMBERSHIP_beceffc3b2c2d2a9f272,CNINFO_ORG_9900046512,INDUSTRY_ee9bbaf36a819df8934d,2026-08-10,,2026-08-16T13:48:42+00:00,BaoStock query_stock_industry,observation,medium
MEMBERSHIP_4d581ce8c4243136dd75,CNINFO_ORG_9900052495,INDUSTRY_90d9ee5bdc1ee446fff0,2026-08-10,,2026-08-16T13:48:42+00:00,BaoStock query_stock_industry,observation,medium
MEMBERSHIP_42111b67ba67fc6c6232,CNINFO_ORG_gqtg0100131,INDUSTRY_34765f16a5c28d382e0e,2026-08-10,,2026-08-16T13:48:42+00:00,BaoStock query_stock_industry,observation,medium
MEMBERSHIP_95461cb1e434f626e440,CNINFO_ORG_nssc1000791,INDUSTRY_eb1bb5863556657a5ed0,2026-08-10,,2026-08-16T13:48:42+00:00,BaoStock query_stock_industry,observation,medium
MEMBERSHIP_046951579463dd9de64b,CNINFO_ORG_9900031436,INDUSTRY_fcb657f75803ca816490,2026-08-10,,2026-08-16T13:48:42+00:00,BaoStock query_stock_industry,observation,medium
MEMBERSHIP_c3423ecebe5addb1489e,CNINFO_ORG_9900047625,INDUSTRY_af522b5025b7206d78cb,2026-08-10,,2026-08-16T13:48:42+00:00,BaoStock query_stock_industry,observation,medium
MEMBERSHIP_837b4d5f380896117c55,CNINFO_ORG_9900047329,INDUSTRY_b90e93f47f56746b9938,2026-08-10,,2026-08-16T13:48:42+00:00,BaoStock query_stock_industry,observation,medium
MEMBERSHIP_06abf9813d9a557b1960,CNINFO_ORG_9900046623,INDUSTRY_eb1bb5863556657a5ed0,2026-08-10,,2026-08-16T13:48:42+00:00,BaoStock query_stock_industry,observation,medium
MEMBERSHIP_d53eaafbb59f853dc8e6,CNINFO_ORG_gfbj0839063,INDUSTRY_af522b5025b7206d78cb,2026-08-10,,2026-08-16T13:48:42+00:00,BaoStock query_stock_industry,observation,medium
MEMBERSHIP_9997e21c991e20311f05,CNINFO_ORG_gfbj0832584,INDUSTRY_fcb657f75803ca816490,2026-08-10,,2026-08-16T13:48:42+00:00,BaoStock query_stock_industry,observation,medium
MEMBERSHIP_ff712834777878695915,CNINFO_ORG_9900046650,INDUSTRY_731992a46c7dd8525c17,2026-08-10,,2026-08-16T13:48:42+00:00,BaoStock query_stock_industry,observation,medium
MEMBERSHIP_54a5bad4cf29eb014227,CNINFO_ORG_9900046480,INDUSTRY_af522b5025b7206d78cb,2026-08-10,,2026-08-16T13:48:42+00:00,BaoStock query_stock_industry,observation,medium
MEMBERSHIP_0264247517020292e261,CNINFO_ORG_9900047575,INDUSTRY_90d9ee5bdc1ee446fff0,2026-08-10,,2026-08-16T13:48:42+00:00,BaoStock query_stock_industry,observation,medium
MEMBERSHIP_03192f1822105211de70,CNINFO_ORG_gfbj0838119,INDUSTRY_fcb657f75803ca816490,2026-08-10,,2026-08-16T13:48:42+00:00,BaoStock query_stock_industry,observation,medium
MEMBERSHIP_b8e33c32888e50b58d91,CNINFO_ORG_9900035080,INDUSTRY_fc163d1647ca522ec4cd,2026-08-10,,2026-08-16T13:48:42+00:00,BaoStock query_stock_industry,observation,medium
MEMBERSHIP_a82004c210df6851d17a,CNINFO_ORG_9900039773,INDUSTRY_af522b5025b7206d78cb,2026-08-10,,2026-08-16T13:48:42+00:00,BaoStock query_stock_industry,observation,medium
MEMBERSHIP_4e4ef4b9a1066e6ba60a,CNINFO_ORG_gfbj0834708,INDUSTRY_fcb657f75803ca816490,2026-08-10,,2026-08-16T13:48:42+00:00,BaoStock query_stock_industry,observation,medium
MEMBERSHIP_37e6f9d07466f1243417,CNINFO_ORG_9900036488,INDUSTRY_b90e93f47f56746b9938,2026-08-10,,2026-08-16T13:48:42+00:00,BaoStock query_stock_industry,observation,medium
MEMBERSHIP_bfe217c7f773b019d801,CNINFO_ORG_9900037237,INDUSTRY_d4840241b65679c56046,2026-08-10,,2026-08-16T13:48:42+00:00,BaoStock query_stock_industry,observation,medium
MEMBERSHIP_d3cc455b4a7a06cf5e30,CNINFO_ORG_gfbj0834165,INDUSTRY_e7fb954d2ab5bf5bc733,2026-08-10,,2026-08-16T13:48:42+00:00,BaoStock query_stock_industry,observation,medium
MEMBERSHIP_45c958706775903a6c30,CNINFO_ORG_9900035553,INDUSTRY_b90e93f47f56746b9938,2026-08-10,,2026-08-16T13:48:42+00:00,BaoStock query_stock_industry,observation,medium
MEMBERSHIP_df62b706268a146281d8,CNINFO_ORG_GD007563,INDUSTRY_c49db8c55c2b36c315c6,2026-08-10,,2026-08-16T13:48:42+00:00,BaoStock query_stock_industry,observation,medium
MEMBERSHIP_1efa3a1eab1c41c37c1e,CNINFO_ORG_nssc1000304,INDUSTRY_731992a46c7dd8525c17,2026-08-10,,2026-08-16T13:48:42+00:00,BaoStock query_stock_industry,observation,medium
MEMBERSHIP_c1f9f91f7d6b60431509,CNINFO_ORG_fzqy1029423,INDUSTRY_e7fb954d2ab5bf5bc733,2026-08-10,,2026-08-16T13:48:42+00:00,BaoStock query_stock_industry,observation,medium
MEMBERSHIP_33380e54d0eafb653342,CNINFO_ORG_gfbj0837359,INDUSTRY_f07066d9ed35c8253165,2026-08-10,,2026-08-16T13:48:42+00:00,BaoStock query_stock_industry,observation,medium
MEMBERSHIP_310e4cd1e305831a9993,CNINFO_ORG_gfbj0833632,INDUSTRY_979f61913dc6006fe56d,2026-08-10,,2026-08-16T13:48:42+00:00,BaoStock query_stock_industry,observation,medium
MEMBERSHIP_f285efcf0e2caf21aba1,CNINFO_ORG_gfbj0839826,INDUSTRY_35fe091671cdb8d5f5e0,2026-08-10,,2026-08-16T13:48:42+00:00,BaoStock query_stock_industry,observation,medium
MEMBERSHIP_e087cc715fe69c10534f,CNINFO_ORG_gfbj0831247,INDUSTRY_b62fae243f391f69617b,2026-08-10,,2026-08-16T13:48:42+00:00,BaoStock query_stock_industry,observation,medium
MEMBERSHIP_b517e75ba455693d5fd2,CNINFO_ORG_9900041554,INDUSTRY_3875d79da62b4dff67e8,2026-08-10,,2026-08-16T13:48:42+00:00,BaoStock query_stock_industry,observation,medium
MEMBERSHIP_8aea0ded11f9825c5bb6,CNINFO_ORG_nssc1000712,INDUSTRY_7f01ad7e3c5948bb7c6b,2026-08-10,,2026-08-16T13:48:42+00:00,BaoStock query_stock_industry,observation,medium
MEMBERSHIP_d8009f4ff7ae52f14e10,CNINFO_ORG_9900046983,INDUSTRY_fcb657f75803ca816490,2026-08-10,,2026-08-16T13:48:42+00:00,BaoStock query_stock_industry,observation,medium
MEMBERSHIP_f4316e30c71973bcca10,CNINFO_ORG_gfbj0833566,INDUSTRY_b62fae243f391f69617b,2026-08-10,,2026-08-16T13:48:42+00:00,BaoStock query_stock_industry,observation,medium
MEMBERSHIP_de31890cfe937078e973,CNINFO_ORG_9900046654,INDUSTRY_af522b5025b7206d78cb,2026-08-10,,2026-08-16T13:48:42+00:00,BaoStock query_stock_industry,observation,medium
MEMBERSHIP_1e867f19609ee40d50dd,CNINFO_ORG_9900041829,INDUSTRY_dfb3dd085310dba8a2e0,2026-08-10,,2026-08-16T13:48:42+00:00,BaoStock query_stock_industry,observation,medium
MEMBERSHIP_a9981c4c39886a5ef67a,CNINFO_ORG_gfbj0831265,INDUSTRY_eb1bb5863556657a5ed0,2026-08-10,,2026-08-16T13:48:42+00:00,BaoStock query_stock_industry,observation,medium
MEMBERSHIP_2f55f6d96025de0862a6,CNINFO_ORG_gfbj0832995,INDUSTRY_fcb657f75803ca816490,2026-08-10,,2026-08-16T13:48:42+00:00,BaoStock query_stock_industry,observation,medium
MEMBERSHIP_75b09c9c0567f1100a36,CNINFO_ORG_9900053345,INDUSTRY_90d9ee5bdc1ee446fff0,2026-08-10,,2026-08-16T13:48:42+00:00,BaoStock query_stock_industry,observation,medium
MEMBERSHIP_b76f8576cf1366a88510,CNINFO_ORG_9900046499,INDUSTRY_35fe091671cdb8d5f5e0,2026-08-10,,2026-08-16T13:48:42+00:00,BaoStock query_stock_industry,observation,medium
MEMBERSHIP_d6b8d52a371ac26dd991,CNINFO_ORG_9900052559,INDUSTRY_35fe091671cdb8d5f5e0,2026-08-10,,2026-08-16T13:48:42+00:00,BaoStock query_stock_industry,observation,medium
MEMBERSHIP_2dc99b93492a8e68f265,CNINFO_ORG_nssc1000758,INDUSTRY_af522b5025b7206d78cb,2026-08-10,,2026-08-16T13:48:42+00:00,BaoStock query_stock_industry,observation,medium
MEMBERSHIP_ace9200e48dcb1a573a7,CNINFO_ORG_gfbj0871269,INDUSTRY_f07066d9ed35c8253165,2026-08-10,,2026-08-16T13:48:42+00:00,BaoStock query_stock_industry,observation,medium
MEMBERSHIP_7fb3f27c91516fe1ae50,CNINFO_ORG_gfbj0833695,INDUSTRY_eb1bb5863556657a5ed0,2026-08-10,,2026-08-16T13:48:42+00:00,BaoStock query_stock_industry,observation,medium
MEMBERSHIP_382457a542385436594d,CNINFO_ORG_9900041584,INDUSTRY_ee9bbaf36a819df8934d,2026-08-10,,2026-08-16T13:48:42+00:00,BaoStock query_stock_industry,observation,medium
MEMBERSHIP_8d8fbd276f8b5e0c8ec0,CNINFO_ORG_9900047302,INDUSTRY_3875d79da62b4dff67e8,2026-08-10,,2026-08-16T13:48:42+00:00,BaoStock query_stock_industry,observation,medium
MEMBERSHIP_d17dc5b1e27dfb640fa2,CNINFO_ORG_9900050361,INDUSTRY_35fe091671cdb8d5f5e0,2026-08-10,,2026-08-16T13:48:42+00:00,BaoStock query_stock_industry,observation,medium
MEMBERSHIP_a9e15e3018c9fe0d358d,CNINFO_ORG_nssc1000214,INDUSTRY_a1191d63decae1d34c73,2026-08-10,,2026-08-16T13:48:42+00:00,BaoStock query_stock_industry,observation,medium
MEMBERSHIP_d44fa6abeda8401e45b9,CNINFO_ORG_gfbj0831173,INDUSTRY_8c865bedc2ef9574d2e5,2026-08-10,,2026-08-16T13:48:42+00:00,BaoStock query_stock_industry,observation,medium
MEMBERSHIP_8831184481b252e00975,CNINFO_ORG_gfbj0837117,INDUSTRY_2c3b8b7969b736730fe1,2026-08-10,,2026-08-16T13:48:42+00:00,BaoStock query_stock_industry,observation,medium
MEMBERSHIP_f62e5d485aee3929aa3c,CNINFO_ORG_gfbj0832681,INDUSTRY_b90e93f47f56746b9938,2026-08-10,,2026-08-16T13:48:42+00:00,BaoStock query_stock_industry,observation,medium
MEMBERSHIP_7e6ecd57e27b6b577861,CNINFO_ORG_9900041858,INDUSTRY_dfb3dd085310dba8a2e0,2026-08-10,,2026-08-16T13:48:42+00:00,BaoStock query_stock_industry,observation,medium
MEMBERSHIP_1a939f6e90a6eba4b4d8,CNINFO_ORG_nssc1000550,INDUSTRY_be6d1ff74018fda3a9a4,2026-08-10,,2026-08-16T13:48:42+00:00,BaoStock query_stock_industry,observation,medium
MEMBERSHIP_3c69d49389bfb808596c,CNINFO_ORG_9900048778,INDUSTRY_fcb657f75803ca816490,2026-08-10,,2026-08-16T13:48:42+00:00,BaoStock query_stock_industry,observation,medium
MEMBERSHIP_a10d50a97ea99e1c9815,CNINFO_ORG_nssc1000026,INDUSTRY_fcb657f75803ca816490,2026-08-10,,2026-08-16T13:48:42+00:00,BaoStock query_stock_industry,observation,medium
MEMBERSHIP_49b1cc038ac7a10db53a,CNINFO_ORG_9900047655,INDUSTRY_35fe091671cdb8d5f5e0,2026-08-10,,2026-08-16T13:48:42+00:00,BaoStock query_stock_industry,observation,medium
MEMBERSHIP_ff46874f08d72bf3d850,CNINFO_ORG_9900047325,INDUSTRY_35fe091671cdb8d5f5e0,2026-08-10,,2026-08-16T13:48:42+00:00,BaoStock query_stock_industry,observation,medium
MEMBERSHIP_32204679fb312f75caa2,CNINFO_ORG_9900048578,INDUSTRY_90d9ee5bdc1ee446fff0,2026-08-10,,2026-08-16T13:48:42+00:00,BaoStock query_stock_industry,observation,medium
MEMBERSHIP_a483f82153252d9c2443,CNINFO_ORG_9900036857,INDUSTRY_857cc70f4407799bbfbc,2026-08-10,,2026-08-16T13:48:42+00:00,BaoStock query_stock_industry,observation,medium
MEMBERSHIP_5a2cba88b9afacfb48b7,CNINFO_ORG_nssc1000651,INDUSTRY_eb1bb5863556657a5ed0,2026-08-10,,2026-08-16T13:48:42+00:00,BaoStock query_stock_industry,observation,medium
MEMBERSHIP_637c8ad45cf38f2f59f3,CNINFO_ORG_9900022934,INDUSTRY_b90e93f47f56746b9938,2026-08-10,,2026-08-16T13:48:42+00:00,BaoStock query_stock_industry,observation,medium
MEMBERSHIP_b63a340758ab769b47a5,CNINFO_ORG_9900046495,INDUSTRY_35fe091671cdb8d5f5e0,2026-08-10,,2026-08-16T13:48:42+00:00,BaoStock query_stock_industry,observation,medium
MEMBERSHIP_3f5545a2b354e22f7e2e,CNINFO_ORG_gfbj0835150,INDUSTRY_90d9ee5bdc1ee446fff0,2026-08-10,,2026-08-16T13:48:42+00:00,BaoStock query_stock_industry,observation,medium
MEMBERSHIP_93e9bee7ed58ff2a2595,CNINFO_ORG_gfbj0836262,INDUSTRY_eb1bb5863556657a5ed0,2026-08-10,,2026-08-16T13:48:42+00:00,BaoStock query_stock_industry,observation,medium
MEMBERSHIP_420b845bafaecb8726ee,CNINFO_ORG_9900046625,INDUSTRY_90d9ee5bdc1ee446fff0,2026-08-10,,2026-08-16T13:48:42+00:00,BaoStock query_stock_industry,observation,medium
MEMBERSHIP_ccee372474e6da908b72,CNINFO_ORG_9900047620,INDUSTRY_af522b5025b7206d78cb,2026-08-10,,2026-08-16T13:48:42+00:00,BaoStock query_stock_industry,observation,medium
MEMBERSHIP_fbb61ad02454d343f2dd,CNINFO_ORG_9900047299,INDUSTRY_90d9ee5bdc1ee446fff0,2026-08-10,,2026-08-16T13:48:42+00:00,BaoStock query_stock_industry,observation,medium
MEMBERSHIP_b6dec1a6f62bd72458f9,CNINFO_ORG_9900031477,INDUSTRY_af522b5025b7206d78cb,2026-08-10,,2026-08-16T13:48:42+00:00,BaoStock query_stock_industry,observation,medium
MEMBERSHIP_8b2c23fc895ad85be6a6,CNINFO_ORG_9900048100,INDUSTRY_4b6bcfe2a650f11508e5,2026-08-10,,2026-08-16T13:48:42+00:00,BaoStock query_stock_industry,observation,medium
MEMBERSHIP_8822a05064aae2ad4352,CNINFO_ORG_9900048763,INDUSTRY_3875d79da62b4dff67e8,2026-08-10,,2026-08-16T13:48:42+00:00,BaoStock query_stock_industry,observation,medium
MEMBERSHIP_f2f7e0ebfc75a4057ca1,CNINFO_ORG_9900048167,INDUSTRY_731992a46c7dd8525c17,2026-08-10,,2026-08-16T13:48:42+00:00,BaoStock query_stock_industry,observation,medium
MEMBERSHIP_729b1a3e285c861ca4f4,CNINFO_ORG_gfbj0834478,INDUSTRY_3875d79da62b4dff67e8,2026-08-10,,2026-08-16T13:48:42+00:00,BaoStock query_stock_industry,observation,medium
MEMBERSHIP_2ea9d43462e9b249a315,CNINFO_ORG_9900046621,INDUSTRY_b90e93f47f56746b9938,2026-08-10,,2026-08-16T13:48:42+00:00,BaoStock query_stock_industry,observation,medium
MEMBERSHIP_8de1eb23b7483e7919ba,CNINFO_ORG_9900046662,INDUSTRY_af522b5025b7206d78cb,2026-08-10,,2026-08-16T13:48:42+00:00,BaoStock query_stock_industry,observation,medium
MEMBERSHIP_c184880040115eef4bdb,CNINFO_ORG_9900041364,INDUSTRY_dfb3dd085310dba8a2e0,2026-08-10,,2026-08-16T13:48:42+00:00,BaoStock query_stock_industry,observation,medium
MEMBERSHIP_93630489ec57356bc859,CNINFO_ORG_gfbj0839715,INDUSTRY_b90e93f47f56746b9938,2026-08-10,,2026-08-16T13:48:42+00:00,BaoStock query_stock_industry,observation,medium
MEMBERSHIP_fd6afbb24acc45a8dc2c,CNINFO_ORG_9900035511,INDUSTRY_ee7eb75e38ebcde947a9,2026-08-10,,2026-08-16T13:48:42+00:00,BaoStock query_stock_industry,observation,medium
MEMBERSHIP_0c73733b613e4b6bf93d,CNINFO_ORG_9900052697,INDUSTRY_731992a46c7dd8525c17,2026-08-10,,2026-08-16T13:48:42+00:00,BaoStock query_stock_industry,observation,medium
MEMBERSHIP_2b5ad293ee9a4f90b546,CNINFO_ORG_gfbj0832305,INDUSTRY_e7fb954d2ab5bf5bc733,2026-08-10,,2026-08-16T13:48:42+00:00,BaoStock query_stock_industry,observation,medium
MEMBERSHIP_630023f20233a1999af4,CNINFO_ORG_9900041695,INDUSTRY_9f7679f9ad900c7a65d2,2026-08-10,,2026-08-16T13:48:42+00:00,BaoStock query_stock_industry,observation,medium
MEMBERSHIP_3c35a4d8030b27fa03f5,CNINFO_ORG_gfbj0836763,INDUSTRY_af522b5025b7206d78cb,2026-08-10,,2026-08-16T13:48:42+00:00,BaoStock query_stock_industry,observation,medium
MEMBERSHIP_2b7cb24eb65d777defb8,CNINFO_ORG_nssc1000835,INDUSTRY_eb1bb5863556657a5ed0,2026-08-10,,2026-08-16T13:48:42+00:00,BaoStock query_stock_industry,observation,medium
MEMBERSHIP_b993298fc883d7b0e10f,CNINFO_ORG_gfbj0837069,INDUSTRY_fcb657f75803ca816490,2026-08-10,,2026-08-16T13:48:42+00:00,BaoStock query_stock_industry,observation,medium
MEMBERSHIP_01ad910f4059f60c19bd,CNINFO_ORG_9900047777,INDUSTRY_735889820fa0518be404,2026-08-10,,2026-08-16T13:48:42+00:00,BaoStock query_stock_industry,observation,medium
MEMBERSHIP_f91fbac5aa0d3b677e09,CNINFO_ORG_gfbj0838520,INDUSTRY_ee9bbaf36a819df8934d,2026-08-10,,2026-08-16T13:48:42+00:00,BaoStock query_stock_industry,observation,medium
MEMBERSHIP_d44e6a38f208aee10595,CNINFO_ORG_9900052404,INDUSTRY_731992a46c7dd8525c17,2026-08-10,,2026-08-16T13:48:42+00:00,BaoStock query_stock_industry,observation,medium
MEMBERSHIP_645e4a80ef5f8f710012,CNINFO_ORG_9900052775,INDUSTRY_be6d1ff74018fda3a9a4,2026-08-10,,2026-08-16T13:48:42+00:00,BaoStock query_stock_industry,observation,medium
MEMBERSHIP_960f1ac7bfffcda41909,CNINFO_ORG_9900048787,INDUSTRY_90d9ee5bdc1ee446fff0,2026-08-10,,2026-08-16T13:48:42+00:00,BaoStock query_stock_industry,observation,medium
MEMBERSHIP_c799d2f21ab969a4f792,CNINFO_ORG_9900052567,INDUSTRY_35fe091671cdb8d5f5e0,2026-08-10,,2026-08-16T13:48:42+00:00,BaoStock query_stock_industry,observation,medium
MEMBERSHIP_6c21e150f9d7a35093e7,CNINFO_ORG_9900051411,INDUSTRY_e7fb954d2ab5bf5bc733,2026-08-10,,2026-08-16T13:48:42+00:00,BaoStock query_stock_industry,observation,medium
MEMBERSHIP_9dc391211db1cbbffdbc,CNINFO_ORG_9900047306,INDUSTRY_35fe091671cdb8d5f5e0,2026-08-10,,2026-08-16T13:48:42+00:00,BaoStock query_stock_industry,observation,medium
MEMBERSHIP_ed0d68ae502f278de786,CNINFO_ORG_9900047342,INDUSTRY_3875d79da62b4dff67e8,2026-08-10,,2026-08-16T13:48:42+00:00,BaoStock query_stock_industry,observation,medium
MEMBERSHIP_76bcab0a93d15fa2dd78,CNINFO_ORG_gfbj0833414,INDUSTRY_fcb657f75803ca816490,2026-08-10,,2026-08-16T13:48:42+00:00,BaoStock query_stock_industry,observation,medium
MEMBERSHIP_4b6c6fd1388331d424d9,CNINFO_ORG_9900048072,INDUSTRY_90d9ee5bdc1ee446fff0,2026-08-10,,2026-08-16T13:48:42+00:00,BaoStock query_stock_industry,observation,medium
MEMBERSHIP_4774168a18337c56f8ff,CNINFO_ORG_9900031770,INDUSTRY_fcb657f75803ca816490,2026-08-10,,2026-08-16T13:48:42+00:00,BaoStock query_stock_industry,observation,medium
MEMBERSHIP_7f66cbb34f44127deda7,CNINFO_ORG_gfbj0836320,INDUSTRY_fcb657f75803ca816490,2026-08-10,,2026-08-16T13:48:42+00:00,BaoStock query_stock_industry,observation,medium
MEMBERSHIP_9f0e6a531bc4907d0bcb,CNINFO_ORG_9900041906,INDUSTRY_35fe091671cdb8d5f5e0,2026-08-10,,2026-08-16T13:48:42+00:00,BaoStock query_stock_industry,observation,medium
MEMBERSHIP_90320e21fe0d624c5339,CNINFO_ORG_gfbj0871053,INDUSTRY_90d9ee5bdc1ee446fff0,2026-08-10,,2026-08-16T13:48:42+00:00,BaoStock query_stock_industry,observation,medium
MEMBERSHIP_7c74dc5e6b86db86331a,CNINFO_ORG_nssc1000556,INDUSTRY_90d9ee5bdc1ee446fff0,2026-08-10,,2026-08-16T13:48:42+00:00,BaoStock query_stock_industry,observation,medium
MEMBERSHIP_eff2cb7013637bc3b062,CNINFO_ORG_9900046843,INDUSTRY_b90e93f47f56746b9938,2026-08-10,,2026-08-16T13:48:42+00:00,BaoStock query_stock_industry,observation,medium
MEMBERSHIP_0500753213e2f159bb0d,CNINFO_ORG_gfbj0833994,INDUSTRY_90d9ee5bdc1ee446fff0,2026-08-10,,2026-08-16T13:48:42+00:00,BaoStock query_stock_industry,observation,medium
MEMBERSHIP_4d99272f2a5d90343f61,CNINFO_ORG_gfbj0838733,INDUSTRY_ad86b4a2a3856ba2d571,2026-08-10,,2026-08-16T13:48:42+00:00,BaoStock query_stock_industry,observation,medium
MEMBERSHIP_7fa16efc8be675c38de0,CNINFO_ORG_9900048181,INDUSTRY_b62fae243f391f69617b,2026-08-10,,2026-08-16T13:48:42+00:00,BaoStock query_stock_industry,observation,medium
MEMBERSHIP_1ec897d0b860e579e083,CNINFO_ORG_9900049004,INDUSTRY_3875d79da62b4dff67e8,2026-08-10,,2026-08-16T13:48:42+00:00,BaoStock query_stock_industry,observation,medium
MEMBERSHIP_83e59971d005fa98f0c6,CNINFO_ORG_9900047623,INDUSTRY_90d9ee5bdc1ee446fff0,2026-08-10,,2026-08-16T13:48:42+00:00,BaoStock query_stock_industry,observation,medium
MEMBERSHIP_7bd6f38121995f745770,CNINFO_ORG_gfbj0870907,INDUSTRY_b90e93f47f56746b9938,2026-08-10,,2026-08-16T13:48:42+00:00,BaoStock query_stock_industry,observation,medium
MEMBERSHIP_1a4a89023ec51e92a754,CNINFO_ORG_9900047313,INDUSTRY_90d9ee5bdc1ee446fff0,2026-08-10,,2026-08-16T13:48:42+00:00,BaoStock query_stock_industry,observation,medium
MEMBERSHIP_3f33332f1ab874bf8613,CNINFO_ORG_9900023216,INDUSTRY_90d9ee5bdc1ee446fff0,2026-08-10,,2026-08-16T13:48:42+00:00,BaoStock query_stock_industry,observation,medium
MEMBERSHIP_b7e490456a4276dff984,CNINFO_ORG_9900046633,INDUSTRY_90d9ee5bdc1ee446fff0,2026-08-10,,2026-08-16T13:48:42+00:00,BaoStock query_stock_industry,observation,medium
MEMBERSHIP_350c3954776157f13c11,CNINFO_ORG_nssc1000125,INDUSTRY_eb1bb5863556657a5ed0,2026-08-10,,2026-08-16T13:48:42+00:00,BaoStock query_stock_industry,observation,medium
MEMBERSHIP_2a9c853e0cf51600f40a,CNINFO_ORG_9900047227,INDUSTRY_b90e93f47f56746b9938,2026-08-10,,2026-08-16T13:48:42+00:00,BaoStock query_stock_industry,observation,medium
MEMBERSHIP_bda8d4e23b7551acfe7b,CNINFO_ORG_9900033210,INDUSTRY_f07066d9ed35c8253165,2026-08-10,,2026-08-16T13:48:42+00:00,BaoStock query_stock_industry,observation,medium
MEMBERSHIP_72d10ffb0d06aef7b9d0,CNINFO_ORG_gfbj0838193,INDUSTRY_6dac68c9cedde793b110,2026-08-10,,2026-08-16T13:48:42+00:00,BaoStock query_stock_industry,observation,medium
MEMBERSHIP_49ec29feba3c897390e7,CNINFO_ORG_nssc1000189,INDUSTRY_1ed3dfcfe2bd74cd71b3,2026-08-10,,2026-08-16T13:48:42+00:00,BaoStock query_stock_industry,observation,medium
MEMBERSHIP_3d139ae67b11b00df58e,CNINFO_ORG_gfbj0838234,INDUSTRY_fcb657f75803ca816490,2026-08-10,,2026-08-16T13:48:42+00:00,BaoStock query_stock_industry,observation,medium
MEMBERSHIP_f001b0305b9fda169ed2,CNINFO_ORG_9900046637,INDUSTRY_3875d79da62b4dff67e8,2026-08-10,,2026-08-16T13:48:42+00:00,BaoStock query_stock_industry,observation,medium
MEMBERSHIP_e44e5df81037adf5f646,CNINFO_ORG_nssc1000578,INDUSTRY_fcb657f75803ca816490,2026-08-10,,2026-08-16T13:48:42+00:00,BaoStock query_stock_industry,observation,medium
MEMBERSHIP_c79a802c6ab4d45dd9c0,CNINFO_ORG_nssc1000277,INDUSTRY_ad86b4a2a3856ba2d571,2026-08-10,,2026-08-16T13:48:42+00:00,BaoStock query_stock_industry,observation,medium
MEMBERSHIP_13d1e93286f50a571725,CNINFO_ORG_9900041457,INDUSTRY_90d9ee5bdc1ee446fff0,2026-08-10,,2026-08-16T13:48:42+00:00,BaoStock query_stock_industry,observation,medium
MEMBERSHIP_fffd3b2d3be2296ace72,CNINFO_ORG_9900046772,INDUSTRY_af522b5025b7206d78cb,2026-08-10,,2026-08-16T13:48:42+00:00,BaoStock query_stock_industry,observation,medium
MEMBERSHIP_f36d9bbbaf877c95a2d7,CNINFO_ORG_9900052546,INDUSTRY_35fe091671cdb8d5f5e0,2026-08-10,,2026-08-16T13:48:42+00:00,BaoStock query_stock_industry,observation,medium
MEMBERSHIP_bf0d349bebb113e97cbd,CNINFO_ORG_gfbj0839276,INDUSTRY_ee7eb75e38ebcde947a9,2026-08-10,,2026-08-16T13:48:42+00:00,BaoStock query_stock_industry,observation,medium
MEMBERSHIP_e786382e7162a450b2e4,CNINFO_ORG_9900052537,INDUSTRY_b62fae243f391f69617b,2026-08-10,,2026-08-16T13:48:42+00:00,BaoStock query_stock_industry,observation,medium
MEMBERSHIP_da74107c8ccc28a70efd,CNINFO_ORG_9900046528,INDUSTRY_6dac68c9cedde793b110,2026-08-10,,2026-08-16T13:48:42+00:00,BaoStock query_stock_industry,observation,medium
MEMBERSHIP_622c35e7f7d7899375ba,CNINFO_ORG_9900048816,INDUSTRY_90d9ee5bdc1ee446fff0,2026-08-10,,2026-08-16T13:48:42+00:00,BaoStock query_stock_industry,observation,medium
MEMBERSHIP_0ba790dce03ca711e514,CNINFO_ORG_gfbj0839543,INDUSTRY_b90e93f47f56746b9938,2026-08-10,,2026-08-16T13:48:42+00:00,BaoStock query_stock_industry,observation,medium
MEMBERSHIP_f33a883efced64049227,CNINFO_ORG_9900051409,INDUSTRY_3875d79da62b4dff67e8,2026-08-10,,2026-08-16T13:48:42+00:00,BaoStock query_stock_industry,observation,medium
MEMBERSHIP_1486937a0bc73be1ac61,CNINFO_ORG_gfbj0430504,INDUSTRY_b90e93f47f56746b9938,2026-08-10,,2026-08-16T13:48:42+00:00,BaoStock query_stock_industry,observation,medium
MEMBERSHIP_a9900d1a0bf358a4bc26,CNINFO_ORG_nssc1000312,INDUSTRY_b90e93f47f56746b9938,2026-08-10,,2026-08-16T13:48:42+00:00,BaoStock query_stock_industry,observation,medium
MEMBERSHIP_2180e7c5a6a9f61998e5,CNINFO_ORG_nssc1000054,INDUSTRY_3875d79da62b4dff67e8,2026-08-10,,2026-08-16T13:48:42+00:00,BaoStock query_stock_industry,observation,medium
MEMBERSHIP_541c0dc2f59c2f405857,CNINFO_ORG_9900048762,INDUSTRY_731992a46c7dd8525c17,2026-08-10,,2026-08-16T13:48:42+00:00,BaoStock query_stock_industry,observation,medium
MEMBERSHIP_a14667989c74ddbcb0e4,CNINFO_ORG_9900046504,INDUSTRY_90d9ee5bdc1ee446fff0,2026-08-10,,2026-08-16T13:48:42+00:00,BaoStock query_stock_industry,observation,medium
MEMBERSHIP_3e076318c89d387c43a2,CNINFO_ORG_nssc1000853,INDUSTRY_3875d79da62b4dff67e8,2026-08-10,,2026-08-16T13:48:42+00:00,BaoStock query_stock_industry,observation,medium
MEMBERSHIP_9c8a299c0bf1d0e3547f,CNINFO_ORG_nssc1000528,INDUSTRY_35fe091671cdb8d5f5e0,2026-08-10,,2026-08-16T13:48:42+00:00,BaoStock query_stock_industry,observation,medium
MEMBERSHIP_7ff99159235d0d43735c,CNINFO_ORG_nssc1000616,INDUSTRY_3875d79da62b4dff67e8,2026-08-10,,2026-08-16T13:48:42+00:00,BaoStock query_stock_industry,observation,medium
MEMBERSHIP_efdb4e54258af8095d31,CNINFO_ORG_9900035522,INDUSTRY_8c865bedc2ef9574d2e5,2026-08-10,,2026-08-16T13:48:42+00:00,BaoStock query_stock_industry,observation,medium
MEMBERSHIP_a2abeba54b8af9465ecd,CNINFO_ORG_9900051394,INDUSTRY_af522b5025b7206d78cb,2026-08-10,,2026-08-16T13:48:42+00:00,BaoStock query_stock_industry,observation,medium
MEMBERSHIP_6ef71601e6ce6b177072,CNINFO_ORG_9900009408,INDUSTRY_ee9bbaf36a819df8934d,2026-08-10,,2026-08-16T13:48:42+00:00,BaoStock query_stock_industry,observation,medium
MEMBERSHIP_5fcd8d6704749e30e06b,CNINFO_ORG_gfbj0838929,INDUSTRY_af522b5025b7206d78cb,2026-08-10,,2026-08-16T13:48:42+00:00,BaoStock query_stock_industry,observation,medium
MEMBERSHIP_67459a56a8d9b40fcc4b,CNINFO_ORG_9900047632,INDUSTRY_4fb51c32200208ed64a8,2026-08-10,,2026-08-16T13:48:42+00:00,BaoStock query_stock_industry,observation,medium
MEMBERSHIP_1c07bbb07cc1bbd8debb,CNINFO_ORG_9900047405,INDUSTRY_be6d1ff74018fda3a9a4,2026-08-10,,2026-08-16T13:48:42+00:00,BaoStock query_stock_industry,observation,medium
MEMBERSHIP_b75ffa5a2115f69ca333,CNINFO_ORG_9900051391,INDUSTRY_fcb657f75803ca816490,2026-08-10,,2026-08-16T13:48:42+00:00,BaoStock query_stock_industry,observation,medium
MEMBERSHIP_274dddf9455e971edbbc,CNINFO_ORG_9900041502,INDUSTRY_90d9ee5bdc1ee446fff0,2026-08-10,,2026-08-16T13:48:42+00:00,BaoStock query_stock_industry,observation,medium
MEMBERSHIP_5abbcbeb8ec33ddc0d02,CNINFO_ORG_gfbj0834003,INDUSTRY_fcb657f75803ca816490,2026-08-10,,2026-08-16T13:48:42+00:00,BaoStock query_stock_industry,observation,medium
MEMBERSHIP_90c1a257ddff67727391,CNINFO_ORG_gfbj0839586,INDUSTRY_4fb51c32200208ed64a8,2026-08-10,,2026-08-16T13:48:42+00:00,BaoStock query_stock_industry,observation,medium
MEMBERSHIP_c0a40976d54da0d01767,CNINFO_ORG_gfbj0838789,INDUSTRY_9f7679f9ad900c7a65d2,2026-08-10,,2026-08-16T13:48:42+00:00,BaoStock query_stock_industry,observation,medium
MEMBERSHIP_84cef432f05d7c399caa,CNINFO_ORG_nssc1000724,INDUSTRY_90d9ee5bdc1ee446fff0,2026-08-10,,2026-08-16T13:48:42+00:00,BaoStock query_stock_industry,observation,medium
MEMBERSHIP_57bcf8a8e13ccd806082,CNINFO_ORG_gfbj0833054,INDUSTRY_b90e93f47f56746b9938,2026-08-10,,2026-08-16T13:48:42+00:00,BaoStock query_stock_industry,observation,medium
MEMBERSHIP_b5fd9b415d25b76c3494,CNINFO_ORG_9900048801,INDUSTRY_90d9ee5bdc1ee446fff0,2026-08-10,,2026-08-16T13:48:42+00:00,BaoStock query_stock_industry,observation,medium
MEMBERSHIP_d0c3f0246931dbc1801e,CNINFO_ORG_9900047117,INDUSTRY_b90e93f47f56746b9938,2026-08-10,,2026-08-16T13:48:42+00:00,BaoStock query_stock_industry,observation,medium
MEMBERSHIP_fb810c65a301af4cb1ef,CNINFO_ORG_9900048381,INDUSTRY_90d9ee5bdc1ee446fff0,2026-08-10,,2026-08-16T13:48:42+00:00,BaoStock query_stock_industry,observation,medium
MEMBERSHIP_addb4b30aa6c8ea49b8f,CNINFO_ORG_gfbj0837811,INDUSTRY_731992a46c7dd8525c17,2026-08-10,,2026-08-16T13:48:42+00:00,BaoStock query_stock_industry,observation,medium
MEMBERSHIP_d9f39050622a03424859,CNINFO_ORG_9900051537,INDUSTRY_90d9ee5bdc1ee446fff0,2026-08-10,,2026-08-16T13:48:42+00:00,BaoStock query_stock_industry,observation,medium
MEMBERSHIP_09777728af12b8e199db,CNINFO_ORG_nssc1000612,INDUSTRY_35fe091671cdb8d5f5e0,2026-08-10,,2026-08-16T13:48:42+00:00,BaoStock query_stock_industry,observation,medium
MEMBERSHIP_d5da3d74ebf6aa8a7f86,CNINFO_ORG_gfbj0837632,INDUSTRY_af522b5025b7206d78cb,2026-08-10,,2026-08-16T13:48:42+00:00,BaoStock query_stock_industry,observation,medium
MEMBERSHIP_214df796955dfee4c6f4,CNINFO_ORG_9900039761,INDUSTRY_af522b5025b7206d78cb,2026-08-10,,2026-08-16T13:48:42+00:00,BaoStock query_stock_industry,observation,medium
MEMBERSHIP_aaf4a0ccef3954bf53f3,CNINFO_ORG_9900033433,INDUSTRY_fcb657f75803ca816490,2026-08-10,,2026-08-16T13:48:42+00:00,BaoStock query_stock_industry,observation,medium
MEMBERSHIP_77464c25d417636d6b67,CNINFO_ORG_nssc1000380,INDUSTRY_e7fb954d2ab5bf5bc733,2026-08-10,,2026-08-16T13:48:42+00:00,BaoStock query_stock_industry,observation,medium
MEMBERSHIP_9e30004a6d6ffd21afbc,CNINFO_ORG_9900041661,INDUSTRY_be6d1ff74018fda3a9a4,2026-08-10,,2026-08-16T13:48:42+00:00,BaoStock query_stock_industry,observation,medium
MEMBERSHIP_a1b80c48e87a3b7c3bf5,CNINFO_ORG_9900052195,INDUSTRY_35fe091671cdb8d5f5e0,2026-08-10,,2026-08-16T13:48:42+00:00,BaoStock query_stock_industry,observation,medium
MEMBERSHIP_e217925d5d360e83fc3b,CNINFO_ORG_9900041348,INDUSTRY_4fb51c32200208ed64a8,2026-08-10,,2026-08-16T13:48:42+00:00,BaoStock query_stock_industry,observation,medium
MEMBERSHIP_ac6b0193e174743e7b5c,CNINFO_ORG_9900047312,INDUSTRY_90d9ee5bdc1ee446fff0,2026-08-10,,2026-08-16T13:48:42+00:00,BaoStock query_stock_industry,observation,medium
MEMBERSHIP_7dcf122f15d059e5cb9d,CNINFO_ORG_gfbj0831954,INDUSTRY_b90e93f47f56746b9938,2026-08-10,,2026-08-16T13:48:42+00:00,BaoStock query_stock_industry,observation,medium
MEMBERSHIP_de255930b9aa8155e266,CNINFO_ORG_9900036316,INDUSTRY_90d9ee5bdc1ee446fff0,2026-08-10,,2026-08-16T13:48:42+00:00,BaoStock query_stock_industry,observation,medium
MEMBERSHIP_19cfae2ddb03c5955d8e,CNINFO_ORG_gfbj0831518,INDUSTRY_735889820fa0518be404,2026-08-10,,2026-08-16T13:48:42+00:00,BaoStock query_stock_industry,observation,medium
MEMBERSHIP_b43a893bf61491426af2,CNINFO_ORG_9900033059,INDUSTRY_9f7679f9ad900c7a65d2,2026-08-10,,2026-08-16T13:48:42+00:00,BaoStock query_stock_industry,observation,medium
MEMBERSHIP_136a9dc94f3cf1532fc3,CNINFO_ORG_nssc1000182,INDUSTRY_af522b5025b7206d78cb,2026-08-10,,2026-08-16T13:48:42+00:00,BaoStock query_stock_industry,observation,medium
MEMBERSHIP_acff53f4bc4ecbb52eb6,CNINFO_ORG_nssc1000175,INDUSTRY_b90e93f47f56746b9938,2026-08-10,,2026-08-16T13:48:42+00:00,BaoStock query_stock_industry,observation,medium
MEMBERSHIP_176f6ae4fd06d9b4eacf,CNINFO_ORG_9900054175,INDUSTRY_35fe091671cdb8d5f5e0,2026-08-10,,2026-08-16T13:48:42+00:00,BaoStock query_stock_industry,observation,medium
MEMBERSHIP_b11ced7c4934f634144f,CNINFO_ORG_9900046496,INDUSTRY_35fe091671cdb8d5f5e0,2026-08-10,,2026-08-16T13:48:42+00:00,BaoStock query_stock_industry,observation,medium
MEMBERSHIP_c99a110c15be33677195,CNINFO_ORG_gfbj0833812,INDUSTRY_731992a46c7dd8525c17,2026-08-10,,2026-08-16T13:48:42+00:00,BaoStock query_stock_industry,observation,medium
MEMBERSHIP_68e1ebfdc4631f236ee3,CNINFO_ORG_9900047323,INDUSTRY_3875d79da62b4dff67e8,2026-08-10,,2026-08-16T13:48:42+00:00,BaoStock query_stock_industry,observation,medium
MEMBERSHIP_9df41a5c48d80ee4f610,CNINFO_ORG_9900056859,INDUSTRY_90d9ee5bdc1ee446fff0,2026-08-10,,2026-08-16T13:48:42+00:00,BaoStock query_stock_industry,observation,medium
MEMBERSHIP_09b699450a25bd5b25ac,CNINFO_ORG_9900048173,INDUSTRY_b62fae243f391f69617b,2026-08-10,,2026-08-16T13:48:42+00:00,BaoStock query_stock_industry,observation,medium
MEMBERSHIP_ec31223abd24da1f47ce,CNINFO_ORG_9900047230,INDUSTRY_3875d79da62b4dff67e8,2026-08-10,,2026-08-16T13:48:42+00:00,BaoStock query_stock_industry,observation,medium
MEMBERSHIP_b017c1d7a94e3b71d8ca,CNINFO_ORG_gfbj0835147,INDUSTRY_ee7eb75e38ebcde947a9,2026-08-10,,2026-08-16T13:48:42+00:00,BaoStock query_stock_industry,observation,medium
MEMBERSHIP_17f0d760b82ff8f27f87,CNINFO_ORG_gfbj0870900,INDUSTRY_90d9ee5bdc1ee446fff0,2026-08-10,,2026-08-16T13:48:42+00:00,BaoStock query_stock_industry,observation,medium
MEMBERSHIP_0480d9966a1664daffbf,CNINFO_ORG_gqtg0660771,INDUSTRY_90d9ee5bdc1ee446fff0,2026-08-10,,2026-08-16T13:48:42+00:00,BaoStock query_stock_industry,observation,medium
MEMBERSHIP_58a256eeb76363ca00ee,CNINFO_ORG_9900051422,INDUSTRY_af522b5025b7206d78cb,2026-08-10,,2026-08-16T13:48:42+00:00,BaoStock query_stock_industry,observation,medium
MEMBERSHIP_b3f7438cb0b5dd75d579,CNINFO_ORG_9900041807,INDUSTRY_90d9ee5bdc1ee446fff0,2026-08-10,,2026-08-16T13:48:42+00:00,BaoStock query_stock_industry,observation,medium
MEMBERSHIP_8552c768b850239387dd,CNINFO_ORG_gfbj0839556,INDUSTRY_90d9ee5bdc1ee446fff0,2026-08-10,,2026-08-16T13:48:42+00:00,BaoStock query_stock_industry,observation,medium
MEMBERSHIP_1535045950b15c3f71b3,CNINFO_ORG_9900059231,INDUSTRY_90d9ee5bdc1ee446fff0,2026-08-10,,2026-08-16T13:48:42+00:00,BaoStock query_stock_industry,observation,medium
MEMBERSHIP_d1622935ef02bcbb51fd,CNINFO_ORG_9900046969,INDUSTRY_06f2dd83830b4e6e7446,2026-08-10,,2026-08-16T13:48:42+00:00,BaoStock query_stock_industry,observation,medium
MEMBERSHIP_3cac1e40001881a5a688,CNINFO_ORG_9900052217,INDUSTRY_e7fb954d2ab5bf5bc733,2026-08-10,,2026-08-16T13:48:42+00:00,BaoStock query_stock_industry,observation,medium
MEMBERSHIP_f90f34b172b6c855d299,CNINFO_ORG_9900041459,INDUSTRY_2c3b8b7969b736730fe1,2026-08-10,,2026-08-16T13:48:42+00:00,BaoStock query_stock_industry,observation,medium
MEMBERSHIP_5e4f080201fefc73172b,CNINFO_ORG_9900055635,INDUSTRY_ee7eb75e38ebcde947a9,2026-08-10,,2026-08-16T13:48:42+00:00,BaoStock query_stock_industry,observation,medium
MEMBERSHIP_2a190776f990db5e4f4e,CNINFO_ORG_9900048390,INDUSTRY_b90e93f47f56746b9938,2026-08-10,,2026-08-16T13:48:42+00:00,BaoStock query_stock_industry,observation,medium
MEMBERSHIP_a75375a3655283cdd997,CNINFO_ORG_9900032801,INDUSTRY_90d9ee5bdc1ee446fff0,2026-08-10,,2026-08-16T13:48:42+00:00,BaoStock query_stock_industry,observation,medium
MEMBERSHIP_9c7a342af40fda1e5ae8,CNINFO_ORG_9900035567,INDUSTRY_731992a46c7dd8525c17,2026-08-10,,2026-08-16T13:48:42+00:00,BaoStock query_stock_industry,observation,medium
MEMBERSHIP_4256e4d5d82fba0b7eb2,CNINFO_ORG_9900052710,INDUSTRY_eb1bb5863556657a5ed0,2026-08-10,,2026-08-16T13:48:42+00:00,BaoStock query_stock_industry,observation,medium
MEMBERSHIP_a8bae71bb4591c845ac6,CNINFO_ORG_9900054181,INDUSTRY_731992a46c7dd8525c17,2026-08-10,,2026-08-16T13:48:42+00:00,BaoStock query_stock_industry,observation,medium
MEMBERSHIP_1be0dff67c448c44f4c8,CNINFO_ORG_9900048798,INDUSTRY_eb1bb5863556657a5ed0,2026-08-10,,2026-08-16T13:48:42+00:00,BaoStock query_stock_industry,observation,medium
MEMBERSHIP_fa53804a0e9b1719bc30,CNINFO_ORG_9900053178,INDUSTRY_735889820fa0518be404,2026-08-10,,2026-08-16T13:48:42+00:00,BaoStock query_stock_industry,observation,medium
MEMBERSHIP_1aa153e387a4cdda2a77,CNINFO_ORG_9900041613,INDUSTRY_90d9ee5bdc1ee446fff0,2026-08-10,,2026-08-16T13:48:42+00:00,BaoStock query_stock_industry,observation,medium
MEMBERSHIP_18f245d7d1ea2d955ed5,CNINFO_ORG_9900048805,INDUSTRY_3875d79da62b4dff67e8,2026-08-10,,2026-08-16T13:48:42+00:00,BaoStock query_stock_industry,observation,medium
MEMBERSHIP_e7acc55e52a184086c18,CNINFO_ORG_9900059205,INDUSTRY_3875d79da62b4dff67e8,2026-08-10,,2026-08-16T13:48:42+00:00,BaoStock query_stock_industry,observation,medium
MEMBERSHIP_796110b8f3fdf1ee2031,CNINFO_ORG_9900030829,INDUSTRY_3875d79da62b4dff67e8,2026-08-10,,2026-08-16T13:48:42+00:00,BaoStock query_stock_industry,observation,medium
MEMBERSHIP_7e693adeb646b11a143b,CNINFO_ORG_9900046543,INDUSTRY_90d9ee5bdc1ee446fff0,2026-08-10,,2026-08-16T13:48:42+00:00,BaoStock query_stock_industry,observation,medium
MEMBERSHIP_30008619765566af53a6,CNINFO_ORG_9900023075,INDUSTRY_90d9ee5bdc1ee446fff0,2026-08-10,,2026-08-16T13:48:42+00:00,BaoStock query_stock_industry,observation,medium
MEMBERSHIP_5a28f825bf646e686c9c,CNINFO_ORG_9900036550,INDUSTRY_af522b5025b7206d78cb,2026-08-10,,2026-08-16T13:48:42+00:00,BaoStock query_stock_industry,observation,medium
MEMBERSHIP_c5bcce132e1e69850ba5,CNINFO_ORG_gfbj0837004,INDUSTRY_ee9bbaf36a819df8934d,2026-08-10,,2026-08-16T13:48:42+00:00,BaoStock query_stock_industry,observation,medium
MEMBERSHIP_6d303efa6d98b16e492f,CNINFO_ORG_9900053910,INDUSTRY_f07066d9ed35c8253165,2026-08-10,,2026-08-16T13:48:42+00:00,BaoStock query_stock_industry,observation,medium
MEMBERSHIP_539f50c8baadf5b33967,CNINFO_ORG_9900056251,INDUSTRY_be6d1ff74018fda3a9a4,2026-08-10,,2026-08-16T13:48:42+00:00,BaoStock query_stock_industry,observation,medium
MEMBERSHIP_24e9d7e925b8da6bde67,CNINFO_ORG_9900048766,INDUSTRY_b90e93f47f56746b9938,2026-08-10,,2026-08-16T13:48:42+00:00,BaoStock query_stock_industry,observation,medium
MEMBERSHIP_d19b0049df955b86c3ab,CNINFO_ORG_9900047332,INDUSTRY_7063d42ae24daea94a9c,2026-08-10,,2026-08-16T13:48:42+00:00,BaoStock query_stock_industry,observation,medium
MEMBERSHIP_5f1ab2a433124698cddb,CNINFO_ORG_9900046977,INDUSTRY_735889820fa0518be404,2026-08-10,,2026-08-16T13:48:42+00:00,BaoStock query_stock_industry,observation,medium
MEMBERSHIP_9ea91d56c7d0a99a464c,CNINFO_ORG_9900048056,INDUSTRY_e7fb954d2ab5bf5bc733,2026-08-10,,2026-08-16T13:48:42+00:00,BaoStock query_stock_industry,observation,medium
MEMBERSHIP_496af4f2c10fc55aff37,CNINFO_ORG_gfbj0874286,INDUSTRY_90d9ee5bdc1ee446fff0,2026-08-10,,2026-08-16T13:48:42+00:00,BaoStock query_stock_industry,observation,medium
MEMBERSHIP_224241729cf03476ac2f,CNINFO_ORG_9900047756,INDUSTRY_3875d79da62b4dff67e8,2026-08-10,,2026-08-16T13:48:42+00:00,BaoStock query_stock_industry,observation,medium
MEMBERSHIP_2198aadef490b3d339d5,CNINFO_ORG_9900052553,INDUSTRY_e7fb954d2ab5bf5bc733,2026-08-10,,2026-08-16T13:48:42+00:00,BaoStock query_stock_industry,observation,medium
MEMBERSHIP_3bc2bdebc44071a1b638,CNINFO_ORG_9900053755,INDUSTRY_90d9ee5bdc1ee446fff0,2026-08-10,,2026-08-16T13:48:42+00:00,BaoStock query_stock_industry,observation,medium
MEMBERSHIP_b9f2632487ee42cc4a1a,CNINFO_ORG_gfbj0837635,INDUSTRY_b62fae243f391f69617b,2026-08-10,,2026-08-16T13:48:42+00:00,BaoStock query_stock_industry,observation,medium
MEMBERSHIP_48225f3fac89f0029dd0,CNINFO_ORG_9900047120,INDUSTRY_e7fb954d2ab5bf5bc733,2026-08-10,,2026-08-16T13:48:42+00:00,BaoStock query_stock_industry,observation,medium
MEMBERSHIP_6227f24076289ac1ef32,CNINFO_ORG_9900047303,INDUSTRY_35fe091671cdb8d5f5e0,2026-08-10,,2026-08-16T13:48:42+00:00,BaoStock query_stock_industry,observation,medium
MEMBERSHIP_93cada66a4c7ff9538ce,CNINFO_ORG_gfbj0832147,INDUSTRY_e7fb954d2ab5bf5bc733,2026-08-10,,2026-08-16T13:48:42+00:00,BaoStock query_stock_industry,observation,medium
MEMBERSHIP_905c91d400e1321a6120,CNINFO_ORG_9900046842,INDUSTRY_a1191d63decae1d34c73,2026-08-10,,2026-08-16T13:48:42+00:00,BaoStock query_stock_industry,observation,medium
MEMBERSHIP_97c1e54f8c8fa6f5531a,CNINFO_ORG_9900055711,INDUSTRY_e7fb954d2ab5bf5bc733,2026-08-10,,2026-08-16T13:48:42+00:00,BaoStock query_stock_industry,observation,medium
MEMBERSHIP_ee95bf1b3c115382e60a,CNINFO_ORG_gfbj0832862,INDUSTRY_af522b5025b7206d78cb,2026-08-10,,2026-08-16T13:48:42+00:00,BaoStock query_stock_industry,observation,medium
MEMBERSHIP_53caa956ba8926708565,CNINFO_ORG_gfbj0833692,INDUSTRY_fcb657f75803ca816490,2026-08-10,,2026-08-16T13:48:42+00:00,BaoStock query_stock_industry,observation,medium
MEMBERSHIP_9c090124b2a929dc0e82,CNINFO_ORG_9900051395,INDUSTRY_7063d42ae24daea94a9c,2026-08-10,,2026-08-16T13:48:42+00:00,BaoStock query_stock_industry,observation,medium
MEMBERSHIP_5494b46edde76de8e05c,CNINFO_ORG_gfbj0430754,INDUSTRY_4fb51c32200208ed64a8,2026-08-10,,2026-08-16T13:48:42+00:00,BaoStock query_stock_industry,observation,medium
MEMBERSHIP_8cf0a0a8fb86fa8dbada,CNINFO_ORG_9900048898,INDUSTRY_35fe091671cdb8d5f5e0,2026-08-10,,2026-08-16T13:48:42+00:00,BaoStock query_stock_industry,observation,medium
MEMBERSHIP_af9cbfd06e04b105e433,CNINFO_ORG_nssc1000584,INDUSTRY_e7fb954d2ab5bf5bc733,2026-08-10,,2026-08-16T13:48:42+00:00,BaoStock query_stock_industry,observation,medium
MEMBERSHIP_b4c23eb0ff2a51e4b73d,CNINFO_ORG_9900048908,INDUSTRY_8c865bedc2ef9574d2e5,2026-08-10,,2026-08-16T13:48:42+00:00,BaoStock query_stock_industry,observation,medium
MEMBERSHIP_aebc05f2f3cbd912644b,CNINFO_ORG_9900053182,INDUSTRY_b62fae243f391f69617b,2026-08-10,,2026-08-16T13:48:42+00:00,BaoStock query_stock_industry,observation,medium
MEMBERSHIP_2fec55614b6b97d85174,CNINFO_ORG_9900047759,INDUSTRY_90d9ee5bdc1ee446fff0,2026-08-10,,2026-08-16T13:48:42+00:00,BaoStock query_stock_industry,observation,medium
MEMBERSHIP_c6be92103dc58c46b1ef,CNINFO_ORG_9900046960,INDUSTRY_90d9ee5bdc1ee446fff0,2026-08-10,,2026-08-16T13:48:42+00:00,BaoStock query_stock_industry,observation,medium
MEMBERSHIP_9392446556487fbfa774,CNINFO_ORG_9900033932,INDUSTRY_3875d79da62b4dff67e8,2026-08-10,,2026-08-16T13:48:42+00:00,BaoStock query_stock_industry,observation,medium
MEMBERSHIP_80b1c8d8e0aace03f177,CNINFO_ORG_9900048364,INDUSTRY_90d9ee5bdc1ee446fff0,2026-08-10,,2026-08-16T13:48:42+00:00,BaoStock query_stock_industry,observation,medium
MEMBERSHIP_1384f360d9d976a0869d,CNINFO_ORG_gfbj0832958,INDUSTRY_be6d1ff74018fda3a9a4,2026-08-10,,2026-08-16T13:48:42+00:00,BaoStock query_stock_industry,observation,medium
MEMBERSHIP_08630a30cdf4f11da587,CNINFO_ORG_gfbj0839002,INDUSTRY_90d9ee5bdc1ee446fff0,2026-08-10,,2026-08-16T13:48:42+00:00,BaoStock query_stock_industry,observation,medium
MEMBERSHIP_79422d140b9e0ffa5c58,CNINFO_ORG_gfbj0870932,INDUSTRY_90d9ee5bdc1ee446fff0,2026-08-10,,2026-08-16T13:48:42+00:00,BaoStock query_stock_industry,observation,medium
MEMBERSHIP_d29dd8e14f061b4ca43f,CNINFO_ORG_gfbj0870132,INDUSTRY_3875d79da62b4dff67e8,2026-08-10,,2026-08-16T13:48:42+00:00,BaoStock query_stock_industry,observation,medium
MEMBERSHIP_e8c3ca0d659599fff7b9,CNINFO_ORG_9900058642,INDUSTRY_e7fb954d2ab5bf5bc733,2026-08-10,,2026-08-16T13:48:42+00:00,BaoStock query_stock_industry,observation,medium
MEMBERSHIP_0df2ceece1a9c1c547d1,CNINFO_ORG_9900063685,INDUSTRY_35fe091671cdb8d5f5e0,2026-08-10,,2026-08-16T13:48:42+00:00,BaoStock query_stock_industry,observation,medium
MEMBERSHIP_2cee327cd4ad542ea650,CNINFO_ORG_9900056249,INDUSTRY_8c865bedc2ef9574d2e5,2026-08-10,,2026-08-16T13:48:42+00:00,BaoStock query_stock_industry,observation,medium
MEMBERSHIP_b0bf4c98e5cfe7b7a897,CNINFO_ORG_gfbj0836764,INDUSTRY_af522b5025b7206d78cb,2026-08-10,,2026-08-16T13:48:42+00:00,BaoStock query_stock_industry,observation,medium
MEMBERSHIP_eb3b035c24b8163b74ad,CNINFO_ORG_9900034748,INDUSTRY_ad86b4a2a3856ba2d571,2026-08-10,,2026-08-16T13:48:42+00:00,BaoStock query_stock_industry,observation,medium
MEMBERSHIP_edff7364e59cbe052c9b,CNINFO_ORG_9900039729,INDUSTRY_be6d1ff74018fda3a9a4,2026-08-10,,2026-08-16T13:48:42+00:00,BaoStock query_stock_industry,observation,medium
MEMBERSHIP_a57e5adbbe3833499372,CNINFO_ORG_9900052298,INDUSTRY_b62fae243f391f69617b,2026-08-10,,2026-08-16T13:48:42+00:00,BaoStock query_stock_industry,observation,medium
MEMBERSHIP_4b1e101cce1252c7c902,CNINFO_ORG_9900053191,INDUSTRY_90d9ee5bdc1ee446fff0,2026-08-10,,2026-08-16T13:48:42+00:00,BaoStock query_stock_industry,observation,medium
MEMBERSHIP_714c91fb4d867e9ed9f7,CNINFO_ORG_9900057296,INDUSTRY_b90e93f47f56746b9938,2026-08-10,,2026-08-16T13:48:42+00:00,BaoStock query_stock_industry,observation,medium
MEMBERSHIP_ad4665137d60546d3430,CNINFO_ORG_9900036066,INDUSTRY_b62fae243f391f69617b,2026-08-10,,2026-08-16T13:48:42+00:00,BaoStock query_stock_industry,observation,medium
MEMBERSHIP_7de294d93b409ab3aa92,CNINFO_ORG_9900056232,INDUSTRY_fcb657f75803ca816490,2026-08-10,,2026-08-16T13:48:42+00:00,BaoStock query_stock_industry,observation,medium
MEMBERSHIP_5d9d24da6884f921ad23,CNINFO_ORG_9900053761,INDUSTRY_b62fae243f391f69617b,2026-08-10,,2026-08-16T13:48:42+00:00,BaoStock query_stock_industry,observation,medium
MEMBERSHIP_0ff2313e0c5b3bdc6046,CNINFO_ORG_9900051624,INDUSTRY_35fe091671cdb8d5f5e0,2026-08-10,,2026-08-16T13:48:42+00:00,BaoStock query_stock_industry,observation,medium
MEMBERSHIP_40839e820608db6634fc,CNINFO_ORG_gfbj0838652,INDUSTRY_3875d79da62b4dff67e8,2026-08-10,,2026-08-16T13:48:42+00:00,BaoStock query_stock_industry,observation,medium
MEMBERSHIP_93cc3798f7d2099f0f47,CNINFO_ORG_9900063198,INDUSTRY_3875d79da62b4dff67e8,2026-08-10,,2026-08-16T13:48:42+00:00,BaoStock query_stock_industry,observation,medium
MEMBERSHIP_3d9d6e4e5a7c7e79b362,CNINFO_ORG_9900030451,INDUSTRY_90d9ee5bdc1ee446fff0,2026-08-10,,2026-08-16T13:48:42+00:00,BaoStock query_stock_industry,observation,medium
MEMBERSHIP_0ff095bc94945f9bda88,CNINFO_ORG_fzqy1030025,INDUSTRY_731992a46c7dd8525c17,2026-08-10,,2026-08-16T13:48:42+00:00,BaoStock query_stock_industry,observation,medium
MEMBERSHIP_565ebe4625934bec6dad,CNINFO_ORG_9900046981,INDUSTRY_3875d79da62b4dff67e8,2026-08-10,,2026-08-16T13:48:42+00:00,BaoStock query_stock_industry,observation,medium
MEMBERSHIP_cd6c57868a068ebbc113,CNINFO_ORG_9900056053,INDUSTRY_35fe091671cdb8d5f5e0,2026-08-10,,2026-08-16T13:48:42+00:00,BaoStock query_stock_industry,observation,medium
MEMBERSHIP_dce5fb51c1c927c77e68,CNINFO_ORG_9900055793,INDUSTRY_90d9ee5bdc1ee446fff0,2026-08-10,,2026-08-16T13:48:42+00:00,BaoStock query_stock_industry,observation,medium
MEMBERSHIP_76d7f4ebb727d201de77,CNINFO_ORG_9900055972,INDUSTRY_e7fb954d2ab5bf5bc733,2026-08-10,,2026-08-16T13:48:42+00:00,BaoStock query_stock_industry,observation,medium
MEMBERSHIP_e53f193d80178862b715,CNINFO_ORG_9900055634,INDUSTRY_90d9ee5bdc1ee446fff0,2026-08-10,,2026-08-16T13:48:42+00:00,BaoStock query_stock_industry,observation,medium
MEMBERSHIP_028d6cbd35342106534f,CNINFO_ORG_gfbj0872972,INDUSTRY_b90e93f47f56746b9938,2026-08-10,,2026-08-16T13:48:42+00:00,BaoStock query_stock_industry,observation,medium
MEMBERSHIP_b82021996ca3cb1943a2,CNINFO_ORG_9900056250,INDUSTRY_90d9ee5bdc1ee446fff0,2026-08-10,,2026-08-16T13:48:42+00:00,BaoStock query_stock_industry,observation,medium
MEMBERSHIP_d99449704d7bd667772a,CNINFO_ORG_nssc1000838,INDUSTRY_e7fb954d2ab5bf5bc733,2026-08-10,,2026-08-16T13:48:42+00:00,BaoStock query_stock_industry,observation,medium
MEMBERSHIP_bc11a354c61431eebacd,CNINFO_ORG_9900055732,INDUSTRY_35fe091671cdb8d5f5e0,2026-08-10,,2026-08-16T13:48:42+00:00,BaoStock query_stock_industry,observation,medium
MEMBERSHIP_267a5d2cc48fbcff3b65,CNINFO_ORG_9900047409,INDUSTRY_af522b5025b7206d78cb,2026-08-10,,2026-08-16T13:48:42+00:00,BaoStock query_stock_industry,observation,medium
MEMBERSHIP_63eb4b7c3b88d41388f5,CNINFO_ORG_gfbj0833667,INDUSTRY_af522b5025b7206d78cb,2026-08-10,,2026-08-16T13:48:42+00:00,BaoStock query_stock_industry,observation,medium
MEMBERSHIP_085587a86cdab9de5bb1,CNINFO_ORG_gfbj0839708,INDUSTRY_90d9ee5bdc1ee446fff0,2026-08-10,,2026-08-16T13:48:42+00:00,BaoStock query_stock_industry,observation,medium
MEMBERSHIP_6184eefb261ee8c7c59a,CNINFO_ORG_nssc1000571,INDUSTRY_90d9ee5bdc1ee446fff0,2026-08-10,,2026-08-16T13:48:42+00:00,BaoStock query_stock_industry,observation,medium
MEMBERSHIP_eb2b77038b042f6dbdab,CNINFO_ORG_9900056054,INDUSTRY_90d9ee5bdc1ee446fff0,2026-08-10,,2026-08-16T13:48:42+00:00,BaoStock query_stock_industry,observation,medium
MEMBERSHIP_9b40b5050f39fb334160,CNINFO_ORG_nssc1000553,INDUSTRY_3875d79da62b4dff67e8,2026-08-10,,2026-08-16T13:48:42+00:00,BaoStock query_stock_industry,observation,medium
MEMBERSHIP_b6a01b9bc600dbe9e088,CNINFO_ORG_9900056233,INDUSTRY_90d9ee5bdc1ee446fff0,2026-08-10,,2026-08-16T13:48:42+00:00,BaoStock query_stock_industry,observation,medium
MEMBERSHIP_02033b8fd8f258ddbdd0,CNINFO_ORG_9900053341,INDUSTRY_90d9ee5bdc1ee446fff0,2026-08-10,,2026-08-16T13:48:42+00:00,BaoStock query_stock_industry,observation,medium
MEMBERSHIP_378c847298fa9cf0b2e7,CNINFO_ORG_GD007198,INDUSTRY_731992a46c7dd8525c17,2026-08-10,,2026-08-16T13:48:42+00:00,BaoStock query_stock_industry,observation,medium
MEMBERSHIP_f3faa8cd585f0b8b2ef5,CNINFO_ORG_9900059124,INDUSTRY_fcb657f75803ca816490,2026-08-10,,2026-08-16T13:48:42+00:00,BaoStock query_stock_industry,observation,medium
MEMBERSHIP_fbd08f7b29abb95417be,CNINFO_ORG_9900059008,INDUSTRY_b90e93f47f56746b9938,2026-08-10,,2026-08-16T13:48:42+00:00,BaoStock query_stock_industry,observation,medium
MEMBERSHIP_95508b3538484fb09a9a,CNINFO_ORG_GD204282,INDUSTRY_fcb657f75803ca816490,2026-08-10,,2026-08-16T13:48:42+00:00,BaoStock query_stock_industry,observation,medium
MEMBERSHIP_aaa9d0c4fe50c029a3b0,CNINFO_ORG_9900062008,INDUSTRY_e7fb954d2ab5bf5bc733,2026-08-10,,2026-08-16T13:48:42+00:00,BaoStock query_stock_industry,observation,medium
MEMBERSHIP_6e4b7fd8e6e004e67d69,CNINFO_ORG_9900055971,INDUSTRY_b90e93f47f56746b9938,2026-08-10,,2026-08-16T13:48:42+00:00,BaoStock query_stock_industry,observation,medium
MEMBERSHIP_8691d51e84ebec68fd44,CNINFO_ORG_9900056074,INDUSTRY_3875d79da62b4dff67e8,2026-08-10,,2026-08-16T13:48:42+00:00,BaoStock query_stock_industry,observation,medium
MEMBERSHIP_39e5a9d37c4852fc5ddf,CNINFO_ORG_fzqy1026321,INDUSTRY_af522b5025b7206d78cb,2026-08-10,,2026-08-16T13:48:42+00:00,BaoStock query_stock_industry,observation,medium
MEMBERSHIP_1f3b51cf19b51c70d04e,CNINFO_ORG_9900063201,INDUSTRY_90d9ee5bdc1ee446fff0,2026-08-10,,2026-08-16T13:48:42+00:00,BaoStock query_stock_industry,observation,medium
MEMBERSHIP_631c3ca3e07a779b7984,CNINFO_ORG_9900059714,INDUSTRY_e7fb954d2ab5bf5bc733,2026-08-10,,2026-08-16T13:48:42+00:00,BaoStock query_stock_industry,observation,medium
MEMBERSHIP_4079ec84b38ee7c6384a,CNINFO_ORG_9900059160,INDUSTRY_b90e93f47f56746b9938,2026-08-10,,2026-08-16T13:48:42+00:00,BaoStock query_stock_industry,observation,medium
MEMBERSHIP_57875bbc6eaa09a257dc,CNINFO_ORG_9900063185,INDUSTRY_b90e93f47f56746b9938,2026-08-10,,2026-08-16T13:48:42+00:00,BaoStock query_stock_industry,observation,medium
MEMBERSHIP_174c5e079fddc12b1be1,CNINFO_ORG_9900059214,INDUSTRY_be6d1ff74018fda3a9a4,2026-08-10,,2026-08-16T13:48:42+00:00,BaoStock query_stock_industry,observation,medium
MEMBERSHIP_c7270c0588083a239258,CNINFO_ORG_9900048758,INDUSTRY_90d9ee5bdc1ee446fff0,2026-08-10,,2026-08-16T13:48:42+00:00,BaoStock query_stock_industry,observation,medium
MEMBERSHIP_e53cd62aa987a7071b36,CNINFO_ORG_gfbj0834711,INDUSTRY_e7fb954d2ab5bf5bc733,2026-08-10,,2026-08-16T13:48:42+00:00,BaoStock query_stock_industry,observation,medium
MEMBERSHIP_b142d45a1b067e6b5b3d,CNINFO_ORG_nssc1000429,INDUSTRY_90d9ee5bdc1ee446fff0,2026-08-10,,2026-08-16T13:48:42+00:00,BaoStock query_stock_industry,observation,medium
MEMBERSHIP_d3be109cd313b6431d3a,CNINFO_ORG_GD083926,INDUSTRY_af522b5025b7206d78cb,2026-08-10,,2026-08-16T13:48:42+00:00,BaoStock query_stock_industry,observation,medium
MEMBERSHIP_ea0d86f3b52550859988,CNINFO_ORG_9900059195,INDUSTRY_90d9ee5bdc1ee446fff0,2026-08-10,,2026-08-16T13:48:42+00:00,BaoStock query_stock_industry,observation,medium
MEMBERSHIP_c7a144205d82f0084a52,CNINFO_ORG_9900063047,INDUSTRY_b90e93f47f56746b9938,2026-08-10,,2026-08-16T13:48:42+00:00,BaoStock query_stock_industry,observation,medium
MEMBERSHIP_7cfebe963c9c8ed1ae91,CNINFO_ORG_9900063675,INDUSTRY_90d9ee5bdc1ee446fff0,2026-08-10,,2026-08-16T13:48:42+00:00,BaoStock query_stock_industry,observation,medium
MEMBERSHIP_db65ac5a31eba558e2ba,CNINFO_ORG_9900013408,INDUSTRY_90d9ee5bdc1ee446fff0,2026-08-10,,2026-08-16T13:48:42+00:00,BaoStock query_stock_industry,observation,medium
